{
    "codigo_universidade": "1519",
    "nome_universidade": "1519 - Universidade de Lisboa - Instituto Superior Técnico (Tagus Park)",
    "cursos": [
        {
            "codigo_curso": "9098",
            "nome_curso": "9098 - Engenharia de Telecomunicações e Informática",
            "colocados": [
                {
                    "codigo_aluno": "152(...)07",
                    "nome_aluno": "AFONSO HERCULANO OLIM MAROTE REBELO DE FREITAS"
                },
                {
                    "codigo_aluno": "151(...)91",
                    "nome_aluno": "AFONSO LÚCIO E COSTA"
                },
                {
                    "codigo_aluno": "152(...)00",
                    "nome_aluno": "ANDRÉ DA CUNHA SILVEIRA RIBEIRO"
                },
                {
                    "codigo_aluno": "303(...)86",
                    "nome_aluno": "ANDRÉ MIGUEL CRISTINO DE CALDEIRA"
                },
                {
                    "codigo_aluno": "305(...)79",
                    "nome_aluno": "ANDRÉ MIGUEL JACINTO GRILO"
                },
                {
                    "codigo_aluno": "152(...)03",
                    "nome_aluno": "CAROLINA RONCON CHAVES MONGET-SARRAIL"
                },
                {
                    "codigo_aluno": "156(...)02",
                    "nome_aluno": "DAVID ALEXANDRE DUARTE GUERRINHA"
                },
                {
                    "codigo_aluno": "310(...)61",
                    "nome_aluno": "DAVID DE OLIVEIRA MAIO E ALVES GINGADO"
                },
                {
                    "codigo_aluno": "308(...)13",
                    "nome_aluno": "DAVID MANUEL LEAL DE NAZARETH"
                },
                {
                    "codigo_aluno": "159(...)88",
                    "nome_aluno": "DAVID PATRÍCIO LOBÃO"
                },
                {
                    "codigo_aluno": "304(...)19",
                    "nome_aluno": "DIOGO FRAGOSO BONACHO"
                },
                {
                    "codigo_aluno": "151(...)08",
                    "nome_aluno": "DIOGO REPRESAS LOUREIRO"
                },
                {
                    "codigo_aluno": "244(...)01",
                    "nome_aluno": "ENEIAS INDALECIO GONCALVES ANTUNES"
                },
                {
                    "codigo_aluno": "159(...)97",
                    "nome_aluno": "FILIPE DA SILVA SALGUEIRO ALVES"
                },
                {
                    "codigo_aluno": "151(...)82",
                    "nome_aluno": "FRANCISCO ALMEIDA RODRIGUES MIGUENS"
                },
                {
                    "codigo_aluno": "152(...)06",
                    "nome_aluno": "FRANCISCO JARDIM FERNANDES VILHENA DE CARVALHO"
                },
                {
                    "codigo_aluno": "153(...)15",
                    "nome_aluno": "GABRIEL BARROS SPENCER"
                },
                {
                    "codigo_aluno": "154(...)34",
                    "nome_aluno": "GONÇALO MARIA HENRIQUES FERNANDES"
                },
                {
                    "codigo_aluno": "159(...)82",
                    "nome_aluno": "GONÇALO PIMENTAO DE OLIVEIRA"
                },
                {
                    "codigo_aluno": "154(...)62",
                    "nome_aluno": "HENRIQUE PINTO PERES"
                },
                {
                    "codigo_aluno": "153(...)13",
                    "nome_aluno": "INÊS ÁVILA DE ALMEIDA ROMANEIRO PIMENTEL"
                },
                {
                    "codigo_aluno": "305(...)23",
                    "nome_aluno": "JOANA FILIPA POMBINHO DOS SANTOS"
                },
                {
                    "codigo_aluno": "309(...)98",
                    "nome_aluno": "JOÃO ALEIXO SANTANA DE BRITO"
                },
                {
                    "codigo_aluno": "151(...)93",
                    "nome_aluno": "JOÃO PEDRO ROLÃO COSTA"
                },
                {
                    "codigo_aluno": "148(...)00",
                    "nome_aluno": "JOAQUIM LOPES FERREIRA ROCHA MONTEIRO"
                },
                {
                    "codigo_aluno": "152(...)16",
                    "nome_aluno": "JOSÉ DIOGO FARIA DE SOUSA BRANDÃO"
                },
                {
                    "codigo_aluno": "309(...)86",
                    "nome_aluno": "JOSIAS DA SILVA CARVALHEIRO"
                },
                {
                    "codigo_aluno": "309(...)96",
                    "nome_aluno": "LAURA MARIA BARREIRAS MIRA"
                },
                {
                    "codigo_aluno": "152(...)30",
                    "nome_aluno": "LOURENÇO DE HERÉDIA DE LANCASTRE FREITAS DE AMARAL COLAÇO"
                },
                {
                    "codigo_aluno": "154(...)55",
                    "nome_aluno": "LOURENÇO GUERREIRO TAVARES"
                },
                {
                    "codigo_aluno": "154(...)55",
                    "nome_aluno": "LUCAS GEPERIDZE PEREIRA"
                },
                {
                    "codigo_aluno": "317(...)96",
                    "nome_aluno": "MANUEL PASSOS MENDES MACHADO MONTEIRO"
                },
                {
                    "codigo_aluno": "314(...)05",
                    "nome_aluno": "MANUEL POMBO E COSTA MANAIA CORREIA"
                },
                {
                    "codigo_aluno": "156(...)30",
                    "nome_aluno": "MARIANA CORREIA RODRIGUES"
                },
                {
                    "codigo_aluno": "317(...)39",
                    "nome_aluno": "MATILDE SANTOS SILVA"
                },
                {
                    "codigo_aluno": "307(...)44",
                    "nome_aluno": "MIGUEL NUNES DÓRIA"
                },
                {
                    "codigo_aluno": "300(...)45",
                    "nome_aluno": "NICHITA MISAC"
                },
                {
                    "codigo_aluno": "152(...)46",
                    "nome_aluno": "PEDRO MANUEL AVIZ DE BRITO GASPAR JOÃO"
                },
                {
                    "codigo_aluno": "153(...)42",
                    "nome_aluno": "RAFAEL PEREIRA LOURENÇO"
                },
                {
                    "codigo_aluno": "314(...)03",
                    "nome_aluno": "RODRIGO CRUZ GONÇALVES"
                },
                {
                    "codigo_aluno": "309(...)03",
                    "nome_aluno": "TIAGO NARCISO RAMALHO"
                },
                {
                    "codigo_aluno": "152(...)33",
                    "nome_aluno": "TIAGO RUFINO ARAÚJO"
                },
                {
                    "codigo_aluno": "148(...)74",
                    "nome_aluno": "TOMÁS CAÇÃO DE MATOS"
                },
                {
                    "codigo_aluno": "305(...)51",
                    "nome_aluno": "VASCO DE CALHEIROS E MENEZES HUBERT"
                }
            ]
        },
        {
            "codigo_curso": "9104",
            "nome_curso": "9104 - Engenharia e Gestão Industrial",
            "colocados": [
                {
                    "codigo_aluno": "154(...)16",
                    "nome_aluno": "AFONSO ALAMBRE SALVADOR BENTO"
                },
                {
                    "codigo_aluno": "156(...)47",
                    "nome_aluno": "AFONSO JOSÉ COIMBRA DA ROCHA"
                },
                {
                    "codigo_aluno": "306(...)89",
                    "nome_aluno": "AFONSO MARIA PEREIRA DE SOUSA ANDRÉ SALEIRO"
                },
                {
                    "codigo_aluno": "154(...)11",
                    "nome_aluno": "AFONSO MASCARENHAS DE MENEZES REIS PAULO"
                },
                {
                    "codigo_aluno": "153(...)81",
                    "nome_aluno": "AFONSO PIRES DE ARAUJO"
                },
                {
                    "codigo_aluno": "307(...)45",
                    "nome_aluno": "ALICE FERREIRA FLÓRIDO"
                },
                {
                    "codigo_aluno": "154(...)73",
                    "nome_aluno": "ANA FRANCISCA FERNANDES ALVES ROSADO"
                },
                {
                    "codigo_aluno": "154(...)36",
                    "nome_aluno": "ANTÓNIO ARAÚJO BAGULHO ALBINO"
                },
                {
                    "codigo_aluno": "242(...)04",
                    "nome_aluno": "ARTHUR JANSEN SAMPOL"
                },
                {
                    "codigo_aluno": "154(...)19",
                    "nome_aluno": "ARTUR FERNANDES ELIAS DE SOUSA"
                },
                {
                    "codigo_aluno": "154(...)64",
                    "nome_aluno": "AYRTON ALFREDO PESTANA DE OLIVEIRA"
                },
                {
                    "codigo_aluno": "156(...)74",
                    "nome_aluno": "BERNARDO MARIA DE AVILLEZ CALDEIRA DE SARÁVIA"
                },
                {
                    "codigo_aluno": "153(...)55",
                    "nome_aluno": "CARLOS ANDRÉ GOUVEIA BATISTA"
                },
                {
                    "codigo_aluno": "152(...)51",
                    "nome_aluno": "CAROLINA FERNANDES DA COSTA CABRAL"
                },
                {
                    "codigo_aluno": "157(...)80",
                    "nome_aluno": "CONSTANÇA ARINTO GODINHO VAZÃO TRINDADE"
                },
                {
                    "codigo_aluno": "159(...)04",
                    "nome_aluno": "DIOGO COSTA SIMÕES RUAS DA SILVA"
                },
                {
                    "codigo_aluno": "151(...)42",
                    "nome_aluno": "DIOGO MEDEIROS CARREIRA"
                },
                {
                    "codigo_aluno": "156(...)55",
                    "nome_aluno": "DIOGO RODRIGUES SIMÕES TOMÁS DE CARVALHO"
                },
                {
                    "codigo_aluno": "159(...)92",
                    "nome_aluno": "DUARTE NUNO FÉLIX DE SÁ CHANÇA"
                },
                {
                    "codigo_aluno": "307(...)32",
                    "nome_aluno": "EVA SOARES TRINDADE"
                },
                {
                    "codigo_aluno": "301(...)93",
                    "nome_aluno": "FRANCISCO ASCENSÃO DESLANDES HEITOR"
                },
                {
                    "codigo_aluno": "152(...)63",
                    "nome_aluno": "FRANCISCO DOS SANTOS DA COSTA SALDANHA"
                },
                {
                    "codigo_aluno": "303(...)24",
                    "nome_aluno": "FRANCISCO DOS SANTOS SILVA MORAIS PEREIRA"
                },
                {
                    "codigo_aluno": "152(...)79",
                    "nome_aluno": "FRANCISCO MANUEL COLAÇO RODRIGUES"
                },
                {
                    "codigo_aluno": "151(...)36",
                    "nome_aluno": "FRANCISCO PEDRO COELHO CALDEIRA MARQUES"
                },
                {
                    "codigo_aluno": "310(...)38",
                    "nome_aluno": "FRANCISCO PERÚ FRANCO"
                },
                {
                    "codigo_aluno": "240(...)15",
                    "nome_aluno": "GABRIELA YADA NEGRONI"
                },
                {
                    "codigo_aluno": "318(...)76",
                    "nome_aluno": "GIOVANA PLASTINA ARRUDA DE ALMEIDA"
                },
                {
                    "codigo_aluno": "310(...)61",
                    "nome_aluno": "GONÇALO CONSTANTINO VIEIRA"
                },
                {
                    "codigo_aluno": "159(...)84",
                    "nome_aluno": "GONÇALO LOPES DA COSTA"
                },
                {
                    "codigo_aluno": "310(...)46",
                    "nome_aluno": "GONÇALO MANUEL DE SOUSA MARQUES REBOLEIRA"
                },
                {
                    "codigo_aluno": "304(...)49",
                    "nome_aluno": "GONÇALO OLIVEIRA RAMOS"
                },
                {
                    "codigo_aluno": "152(...)16",
                    "nome_aluno": "GUILHERME LOPO DE CARVALHO BENSAÚDE SPRATLEY"
                },
                {
                    "codigo_aluno": "153(...)46",
                    "nome_aluno": "GUILHERME MANUEL RODRIGUES DOS SANTOS GRANJA DA FONSECA"
                },
                {
                    "codigo_aluno": "153(...)10",
                    "nome_aluno": "GUILHERME NEREU NEVES E SOUSA"
                },
                {
                    "codigo_aluno": "306(...)50",
                    "nome_aluno": "GUILHERME PINTO QUARESMA DE SA LUIS"
                },
                {
                    "codigo_aluno": "152(...)53",
                    "nome_aluno": "INÊS MARIA BERNARDO DA SILVA"
                },
                {
                    "codigo_aluno": "153(...)08",
                    "nome_aluno": "INÊS SARGAÇO MORGADO"
                },
                {
                    "codigo_aluno": "151(...)59",
                    "nome_aluno": "JOANA DOS RAMOS PEIXEIRA"
                },
                {
                    "codigo_aluno": "306(...)73",
                    "nome_aluno": "JOANA MARQUES SILVA"
                },
                {
                    "codigo_aluno": "151(...)24",
                    "nome_aluno": "JOÃO PEDRO FERREIRA BERNARDINO"
                },
                {
                    "codigo_aluno": "153(...)87",
                    "nome_aluno": "LEONOR FERNANDES DE CARVALHO DE MESQUITA DAVID"
                },
                {
                    "codigo_aluno": "154(...)50",
                    "nome_aluno": "LOURENÇO DUARTE MADEIRA DA SILVA"
                },
                {
                    "codigo_aluno": "159(...)47",
                    "nome_aluno": "LOURENÇO NEVES CHAMBEL"
                },
                {
                    "codigo_aluno": "152(...)27",
                    "nome_aluno": "LOURENÇO SHOEMAKER SIMÃO GONÇALVES"
                },
                {
                    "codigo_aluno": "154(...)53",
                    "nome_aluno": "MANUEL CHAVES PINTO"
                },
                {
                    "codigo_aluno": "304(...)97",
                    "nome_aluno": "MANUEL DO COUTO BARROS MARTINS CAMELO"
                },
                {
                    "codigo_aluno": "153(...)98",
                    "nome_aluno": "MANUEL MONTERROSO DA MAIA SOARES DA BERNARDA"
                },
                {
                    "codigo_aluno": "151(...)17",
                    "nome_aluno": "MARGARIDA ANACLETO BENTO"
                },
                {
                    "codigo_aluno": "154(...)52",
                    "nome_aluno": "MARGARIDA ISABEL SANTANA SIMÕES"
                },
                {
                    "codigo_aluno": "308(...)03",
                    "nome_aluno": "MARGARIDA RITO FIGUEIREDO DE QUEIRÓS AZINHAIS"
                },
                {
                    "codigo_aluno": "308(...)34",
                    "nome_aluno": "MARIA FILIPE DO ROSÁRIO"
                },
                {
                    "codigo_aluno": "151(...)06",
                    "nome_aluno": "MARIA LUISA RANHADA URCEIRA SANTOS PERES"
                },
                {
                    "codigo_aluno": "153(...)64",
                    "nome_aluno": "MARIA PIRES MARQUES CABRAL PEDRO"
                },
                {
                    "codigo_aluno": "148(...)44",
                    "nome_aluno": "MARIA SALVADOR MELLO DO REGO SALEMA GUILHERME"
                },
                {
                    "codigo_aluno": "153(...)84",
                    "nome_aluno": "MARIANA MORAIS CASTRO BENTES MEXEDO"
                },
                {
                    "codigo_aluno": "154(...)02",
                    "nome_aluno": "MARTA ALEXANDRA FERREIRA ANTÓNIO"
                },
                {
                    "codigo_aluno": "155(...)86",
                    "nome_aluno": "MARTIM LAGOA RAMALHO CONTRERAS GARCIA"
                },
                {
                    "codigo_aluno": "151(...)25",
                    "nome_aluno": "MARTIM PAIS GONÇALVES FLORES RIBEIRO"
                },
                {
                    "codigo_aluno": "153(...)63",
                    "nome_aluno": "MATILDE COELHO DA SILVA PITTA SOARES"
                },
                {
                    "codigo_aluno": "300(...)86",
                    "nome_aluno": "MIGUEL MARIA RODRIGUES MOREIRA"
                },
                {
                    "codigo_aluno": "150(...)88",
                    "nome_aluno": "MIGUEL SILVA SOARES CARVALHO PEREIRA"
                },
                {
                    "codigo_aluno": "155(...)78",
                    "nome_aluno": "NUNO DA PAZ VILARIGUES RODRIGUES DOS SANTOS"
                },
                {
                    "codigo_aluno": "314(...)58",
                    "nome_aluno": "RAFAEL DE SOUSA LOPES"
                },
                {
                    "codigo_aluno": "314(...)58",
                    "nome_aluno": "RAFAEL MENDES AFONSO"
                },
                {
                    "codigo_aluno": "308(...)81",
                    "nome_aluno": "RICARDO HORTA VALENTE FORMIGO"
                },
                {
                    "codigo_aluno": "310(...)03",
                    "nome_aluno": "RITA CARTAXO CARDEIRA"
                },
                {
                    "codigo_aluno": "305(...)87",
                    "nome_aluno": "RODRIGO SÁ MACHADO BRAZ FURTADO"
                },
                {
                    "codigo_aluno": "307(...)41",
                    "nome_aluno": "SAMUEL ALEXANDRE RODRIGUES SIMÕES"
                },
                {
                    "codigo_aluno": "154(...)30",
                    "nome_aluno": "SARA RODRIGUES CAPELO"
                },
                {
                    "codigo_aluno": "312(...)16",
                    "nome_aluno": "SOFIA PESSOA BRANDÃO SARDINHA"
                },
                {
                    "codigo_aluno": "309(...)13",
                    "nome_aluno": "TIAGO MANUEL DUARTE SILVA"
                },
                {
                    "codigo_aluno": "158(...)84",
                    "nome_aluno": "TOMÁS BEATO ANTÃO"
                },
                {
                    "codigo_aluno": "304(...)41",
                    "nome_aluno": "TOMÁS MARTINS FELIZOL VALENTE PEREIRA"
                },
                {
                    "codigo_aluno": "303(...)89",
                    "nome_aluno": "TOMÁS RAFAEL LANÇA"
                },
                {
                    "codigo_aluno": "151(...)93",
                    "nome_aluno": "VASCO MARTINS GUERRA"
                },
                {
                    "codigo_aluno": "156(...)49",
                    "nome_aluno": "VERA DE MELO E CASTRO NOGUEIRA"
                },
                {
                    "codigo_aluno": "156(...)14",
                    "nome_aluno": "VERA MAGALHÃES DE VALLÊRA"
                },
                {
                    "codigo_aluno": "157(...)44",
                    "nome_aluno": "VICENTE FERNANDES COSTA BELEZA DE VASCONCELOS"
                },
                {
                    "codigo_aluno": "159(...)67",
                    "nome_aluno": "XAVIER MALHADAS DA SILVA"
                },
                {
                    "codigo_aluno": "149(...)68",
                    "nome_aluno": "ZARA CHOKAT HASSANALI"
                }
            ]
        },
        {
            "codigo_curso": "9912",
            "nome_curso": "9912 - Engenharia Eletrónica",
            "colocados": [
                {
                    "codigo_aluno": "157(...)28",
                    "nome_aluno": "AFONSO GONÇALVES DA SILVA LINCE DE FARIA"
                },
                {
                    "codigo_aluno": "152(...)95",
                    "nome_aluno": "DANIELA ALEXANDRA FERNANDEZ MATEUS"
                },
                {
                    "codigo_aluno": "307(...)36",
                    "nome_aluno": "DIOGO ALEXANDRE COELHO GASPAR"
                },
                {
                    "codigo_aluno": "310(...)70",
                    "nome_aluno": "DIOGO DE OLIVEIRA VALENTE"
                },
                {
                    "codigo_aluno": "300(...)83",
                    "nome_aluno": "DIOGO ESTEVES NUNES DE CARVALHO ARAÚJO"
                },
                {
                    "codigo_aluno": "152(...)48",
                    "nome_aluno": "FREDERICO AROUCA PINTO DE CASTELO BRANCO"
                },
                {
                    "codigo_aluno": "306(...)54",
                    "nome_aluno": "GABRIEL DE SOUSA GARCIA ESTEVES"
                },
                {
                    "codigo_aluno": "306(...)59",
                    "nome_aluno": "JOÃO MIGUEL ALVITO PALMA"
                },
                {
                    "codigo_aluno": "301(...)54",
                    "nome_aluno": "JOÃO PEDRO SIMÃO MATIAS DE ARAÚJO PEREIRA"
                },
                {
                    "codigo_aluno": "156(...)71",
                    "nome_aluno": "JOSE MARIA LOPES MOREIRA MARCOS RITA"
                },
                {
                    "codigo_aluno": "152(...)79",
                    "nome_aluno": "LEONOR PESTANA COCCO LENZ MARCOS"
                },
                {
                    "codigo_aluno": "156(...)78",
                    "nome_aluno": "LOURENÇO ALVES BARATA FREITAS DOS SANTOS"
                },
                {
                    "codigo_aluno": "153(...)87",
                    "nome_aluno": "LOURENÇO SANDINHA SEQUEIRA"
                },
                {
                    "codigo_aluno": "307(...)13",
                    "nome_aluno": "LUIS MIGUEL REBELO CRAVO DA SILVA"
                },
                {
                    "codigo_aluno": "309(...)90",
                    "nome_aluno": "MADALENA VILAN MONROY DE MENDONÇA BELO"
                },
                {
                    "codigo_aluno": "156(...)84",
                    "nome_aluno": "MARTA DE BRITO VIEGAS VIEIRA LOPES"
                },
                {
                    "codigo_aluno": "153(...)71",
                    "nome_aluno": "MARTIM DA SILVA E FREITAS JESUS"
                },
                {
                    "codigo_aluno": "240(...)44",
                    "nome_aluno": "MATTHEUS CASSAS MARTINS"
                },
                {
                    "codigo_aluno": "155(...)55",
                    "nome_aluno": "RICARDO PEDRO ANTUNES FERREIRA LOPES CHAVES"
                },
                {
                    "codigo_aluno": "302(...)18",
                    "nome_aluno": "RUBEN MIGUEL LOPES PEREIRA"
                },
                {
                    "codigo_aluno": "310(...)65",
                    "nome_aluno": "RUI MIGUEL NABAIS FRADIQUE DE SOUSA FREITAS"
                },
                {
                    "codigo_aluno": "300(...)44",
                    "nome_aluno": "TIAGO MIGUEL MONTEIRO ALMEIDA"
                },
                {
                    "codigo_aluno": "311(...)48",
                    "nome_aluno": "TOMÁS ROCHA FERREIRA"
                },
                {
                    "codigo_aluno": "157(...)67",
                    "nome_aluno": "VICENTE ROCHA PERES DA COSTA"
                }
            ]
        },
        {
            "codigo_curso": "9121",
            "nome_curso": "9121 - Engenharia Informática e de Computadores",
            "colocados": [
                {
                    "codigo_aluno": "309(...)21",
                    "nome_aluno": "ANA SOFIA FERRAZ RODRIGUES"
                },
                {
                    "codigo_aluno": "301(...)40",
                    "nome_aluno": "ANDRE SANTOS COSTA"
                },
                {
                    "codigo_aluno": "153(...)81",
                    "nome_aluno": "ANTÓNIO LUÍS FERREIRA CARDOSO TELES FORTES"
                },
                {
                    "codigo_aluno": "316(...)94",
                    "nome_aluno": "BEATRIZ MEDVEDYUK"
                },
                {
                    "codigo_aluno": "304(...)44",
                    "nome_aluno": "BEATRIZ MONIZ BARROS FERREIRA ALVES"
                },
                {
                    "codigo_aluno": "302(...)92",
                    "nome_aluno": "BERNARDO GONÇALVES LIMA"
                },
                {
                    "codigo_aluno": "240(...)10",
                    "nome_aluno": "BRUNO MATOS SALDANHA FONTENELE"
                },
                {
                    "codigo_aluno": "306(...)28",
                    "nome_aluno": "CARLOS MIGUEL MOURA RODRIGUES"
                },
                {
                    "codigo_aluno": "154(...)63",
                    "nome_aluno": "CÉSAR DANIEL DIANOV"
                },
                {
                    "codigo_aluno": "156(...)59",
                    "nome_aluno": "CONSTANÇA QUEIROZ VAZ CARDOSO DE LEMOS"
                },
                {
                    "codigo_aluno": "155(...)67",
                    "nome_aluno": "DANIEL COSTA MONTEIRO"
                },
                {
                    "codigo_aluno": "310(...)80",
                    "nome_aluno": "DANIEL DA SILVA ELOY"
                },
                {
                    "codigo_aluno": "307(...)87",
                    "nome_aluno": "DAVID BATTAGLIA DE OCHÔA BARRETO"
                },
                {
                    "codigo_aluno": "153(...)71",
                    "nome_aluno": "DAVID ESTEVES VASQUES"
                },
                {
                    "codigo_aluno": "152(...)05",
                    "nome_aluno": "DAVID ZAINESCU RODRIGUES DOS SANTOS"
                },
                {
                    "codigo_aluno": "301(...)80",
                    "nome_aluno": "DIOGO FILIPE BERNARDES AZINHEIRA"
                },
                {
                    "codigo_aluno": "303(...)59",
                    "nome_aluno": "DIOGO PIRES LEITÃO"
                },
                {
                    "codigo_aluno": "309(...)78",
                    "nome_aluno": "DUARTE DRUMOND MONTEIRO E PEDREIRA DOS SANTOS"
                },
                {
                    "codigo_aluno": "154(...)36",
                    "nome_aluno": "DUARTE FERREIRA SIMÕES BAIÃO"
                },
                {
                    "codigo_aluno": "153(...)67",
                    "nome_aluno": "FELIPE LÔBO BARROS SANTANA"
                },
                {
                    "codigo_aluno": "154(...)64",
                    "nome_aluno": "FILIPE FEZAS VITAL CHUNG"
                },
                {
                    "codigo_aluno": "157(...)09",
                    "nome_aluno": "FRANCISCO JORGE ROQUE SIMÕES"
                },
                {
                    "codigo_aluno": "153(...)27",
                    "nome_aluno": "FRANCISCO MARIA MATOSO DA ROCHA CARDOSO"
                },
                {
                    "codigo_aluno": "303(...)63",
                    "nome_aluno": "FRANCISCO PIMENTEL FERREIRA DE MORAIS FERNANDES"
                },
                {
                    "codigo_aluno": "154(...)81",
                    "nome_aluno": "GABRIEL BENNETT BICUDO CARVALHO"
                },
                {
                    "codigo_aluno": "312(...)20",
                    "nome_aluno": "GABRIEL MAGRO DO MONTE"
                },
                {
                    "codigo_aluno": "240(...)12",
                    "nome_aluno": "GABRIEL NUNES DE BARROS SOARES"
                },
                {
                    "codigo_aluno": "159(...)61",
                    "nome_aluno": "GRAÇA MARIA FERNANDES FIDALGO DE MADEIRA GONÇALVES"
                },
                {
                    "codigo_aluno": "309(...)03",
                    "nome_aluno": "GUILHERME FELICIANO MARQUES"
                },
                {
                    "codigo_aluno": "309(...)87",
                    "nome_aluno": "GUILHERME LEAL MIGUÉNS"
                },
                {
                    "codigo_aluno": "316(...)57",
                    "nome_aluno": "GUILHERME RIJO PÁSCOA DOS SANTOS LOURENÇO"
                },
                {
                    "codigo_aluno": "300(...)68",
                    "nome_aluno": "GUSTAVO CARVALHAIS RIBEIRO"
                },
                {
                    "codigo_aluno": "309(...)65",
                    "nome_aluno": "GUSTAVO FILIPE NUNES CORDEIRO"
                },
                {
                    "codigo_aluno": "331(...)49",
                    "nome_aluno": "GUSTAVO ROCHA LACERDA"
                },
                {
                    "codigo_aluno": "152(...)14",
                    "nome_aluno": "HENRIQUE JOÃO PEREIRA SANTOS"
                },
                {
                    "codigo_aluno": "153(...)34",
                    "nome_aluno": "ÍRIS GASPAR EVARISTO"
                },
                {
                    "codigo_aluno": "240(...)01",
                    "nome_aluno": "JOANA DU"
                },
                {
                    "codigo_aluno": "151(...)88",
                    "nome_aluno": "JOÃO AFONSO MENESES DE ALMEIDA MATOS"
                },
                {
                    "codigo_aluno": "309(...)78",
                    "nome_aluno": "JOÃO FILIPE SILVA GOMES"
                },
                {
                    "codigo_aluno": "304(...)96",
                    "nome_aluno": "JOÃO HENRIQUE GOMES DE CARVALHO"
                },
                {
                    "codigo_aluno": "159(...)24",
                    "nome_aluno": "JOÃO MARIA FELGUEIRAS TAMAGNINI"
                },
                {
                    "codigo_aluno": "303(...)66",
                    "nome_aluno": "JOÃO MARIA LOPES VEIGA ANJOS"
                },
                {
                    "codigo_aluno": "240(...)20",
                    "nome_aluno": "JOÃO VITOR PANSANI RELVAS"
                },
                {
                    "codigo_aluno": "151(...)82",
                    "nome_aluno": "JOAQUIM MIGUEL MARTINS BARROSO"
                },
                {
                    "codigo_aluno": "156(...)24",
                    "nome_aluno": "JOSÉ LUÍS DOS SANTOS DOURADO"
                },
                {
                    "codigo_aluno": "151(...)28",
                    "nome_aluno": "JOSE PEDRO RODRIGUES LOURENÇO"
                },
                {
                    "codigo_aluno": "240(...)07",
                    "nome_aluno": "KAMILLY PEREIRA GARBELOTTO"
                },
                {
                    "codigo_aluno": "306(...)79",
                    "nome_aluno": "LAURA DE SOUSA COUTINHO RIBEIRO"
                },
                {
                    "codigo_aluno": "306(...)43",
                    "nome_aluno": "LEONOR MOURA MACHADO"
                },
                {
                    "codigo_aluno": "155(...)74",
                    "nome_aluno": "LOURENÇO DE CARVALHO SILVA E MOURA BORGES"
                },
                {
                    "codigo_aluno": "153(...)00",
                    "nome_aluno": "LOURENCO MARÇAL PUJOL CALHEIROS"
                },
                {
                    "codigo_aluno": "240(...)05",
                    "nome_aluno": "LUCAS YING CHEN"
                },
                {
                    "codigo_aluno": "156(...)28",
                    "nome_aluno": "MANUEL FERREIRA GAMA"
                },
                {
                    "codigo_aluno": "305(...)16",
                    "nome_aluno": "MANUEL MARIA RAMOS ESCARDUÇA PEREIRA DE ANDRADE"
                },
                {
                    "codigo_aluno": "303(...)10",
                    "nome_aluno": "MANUEL SILVEIRA TRIGO"
                },
                {
                    "codigo_aluno": "306(...)52",
                    "nome_aluno": "MARGARIDA DA SILVA RODRIGUES"
                },
                {
                    "codigo_aluno": "309(...)22",
                    "nome_aluno": "MÁRIO CALADO FERREIRA"
                },
                {
                    "codigo_aluno": "304(...)78",
                    "nome_aluno": "MARTIM DA CUNHA AFONSO DE OLIVEIRA"
                },
                {
                    "codigo_aluno": "306(...)60",
                    "nome_aluno": "MIGUEL ALEXANDRE ROLO"
                },
                {
                    "codigo_aluno": "155(...)08",
                    "nome_aluno": "MIGUEL DA FONSECA DE JESUS"
                },
                {
                    "codigo_aluno": "156(...)71",
                    "nome_aluno": "MIGUEL DE BRITO PIRES MOTA OLIVEIRA"
                },
                {
                    "codigo_aluno": "306(...)20",
                    "nome_aluno": "MIGUEL LOUÇÃO DOS SANTOS VIEIRA NEVES"
                },
                {
                    "codigo_aluno": "154(...)39",
                    "nome_aluno": "MIGUEL MACHADO DA GRAÇA PINTO BAPTISTA"
                },
                {
                    "codigo_aluno": "309(...)67",
                    "nome_aluno": "MIGUEL NARCISO RAMALHO"
                },
                {
                    "codigo_aluno": "242(...)03",
                    "nome_aluno": "NOAH JULIO GOOR"
                },
                {
                    "codigo_aluno": "309(...)86",
                    "nome_aluno": "NUNO MARIA DE FIGUEIREDO E MELLO SAMPAYO ABRANTES"
                },
                {
                    "codigo_aluno": "240(...)12",
                    "nome_aluno": "PAULO SÉRGIO BRAGA DE BRITO"
                },
                {
                    "codigo_aluno": "158(...)92",
                    "nome_aluno": "PEDRO CRUZ DE ARAUJO GONCALVES"
                },
                {
                    "codigo_aluno": "154(...)76",
                    "nome_aluno": "PEDRO DOS SANTOS PRÓSPERO LOURENÇO"
                },
                {
                    "codigo_aluno": "302(...)44",
                    "nome_aluno": "PEDRO DUARTE BRITO PALMA VALÉRIO"
                },
                {
                    "codigo_aluno": "310(...)70",
                    "nome_aluno": "PEDRO FÉLIX BOTELHO DIAS"
                },
                {
                    "codigo_aluno": "153(...)80",
                    "nome_aluno": "PEDRO MARIA CORREIA RAMOS FREIRE DE OLIVEIRA"
                },
                {
                    "codigo_aluno": "305(...)87",
                    "nome_aluno": "PEDRO PRIOR SANTOS ESTRELA DE OLIVEIRA"
                },
                {
                    "codigo_aluno": "156(...)19",
                    "nome_aluno": "PEDRO RAFAEL SANTOS PAREDES"
                },
                {
                    "codigo_aluno": "322(...)14",
                    "nome_aluno": "RAFAEL CORDEIRO ANGELO"
                },
                {
                    "codigo_aluno": "153(...)23",
                    "nome_aluno": "RODRIGO ANTUNES ALVES DOS SANTOS"
                },
                {
                    "codigo_aluno": "159(...)00",
                    "nome_aluno": "RODRIGO DA SILVA PIRES LOPES"
                },
                {
                    "codigo_aluno": "159(...)14",
                    "nome_aluno": "SALVADOR DE ALMEIDA COUTINHO"
                },
                {
                    "codigo_aluno": "302(...)24",
                    "nome_aluno": "SALVADOR MAGALHÃES DE SOUSA CASTRO VENTURA"
                },
                {
                    "codigo_aluno": "152(...)17",
                    "nome_aluno": "SANTIAGO INACIO COELHO DE ALMEIDA"
                },
                {
                    "codigo_aluno": "307(...)63",
                    "nome_aluno": "TIAGO CANDEIAS NOGUEIRA"
                },
                {
                    "codigo_aluno": "304(...)02",
                    "nome_aluno": "TIAGO FILIPE REBELO CRUZ DE CAMPOS"
                },
                {
                    "codigo_aluno": "309(...)18",
                    "nome_aluno": "TIAGO MIGUEL DOS SANTOS FREIRE"
                },
                {
                    "codigo_aluno": "308(...)40",
                    "nome_aluno": "TOMÁS FRANCISCO RODRIGUES MATEUS"
                },
                {
                    "codigo_aluno": "157(...)65",
                    "nome_aluno": "TOMÁS GONÇALVES PEREIRA GARCIA"
                },
                {
                    "codigo_aluno": "306(...)27",
                    "nome_aluno": "VASCO BARGE MIRANDA"
                },
                {
                    "codigo_aluno": "155(...)67",
                    "nome_aluno": "VASCO DAMIÃO LAGARTO FERREIRA PETINGA"
                },
                {
                    "codigo_aluno": "240(...)02",
                    "nome_aluno": "WEI ZHANG"
                },
                {
                    "codigo_aluno": "240(...)04",
                    "nome_aluno": "XINGYU ZHU"
                },
                {
                    "codigo_aluno": "313(...)10",
                    "nome_aluno": "YEHOR ROMANYUK"
                }
            ]
        }
    ]
}