{
    "codigo_universidade": "6810",
    "nome_universidade": "6810 - ISCTE - Instituto Universitário de Lisboa (Sintra)",
    "cursos": [
        {
            "codigo_curso": "L278",
            "nome_curso": "L278 - Desenvolvimento de Software e Aplicações",
            "colocados": [
                {
                    "codigo_aluno": "154(...)13",
                    "nome_aluno": "AFONSO MANUEL PEREIRA DE AGUILAR"
                },
                {
                    "codigo_aluno": "152(...)81",
                    "nome_aluno": "ALEXANDRE FERNANDES PEREIRA"
                },
                {
                    "codigo_aluno": "306(...)68",
                    "nome_aluno": "FRANCISCO CORTEZ VARELA DIAS"
                },
                {
                    "codigo_aluno": "152(...)66",
                    "nome_aluno": "FRANCISCO PEREIRA DE MOURA BRAZ"
                },
                {
                    "codigo_aluno": "306(...)59",
                    "nome_aluno": "GONÇALO CARREIRA NOBRE"
                },
                {
                    "codigo_aluno": "300(...)54",
                    "nome_aluno": "GONÇALO FILIPE CARAMBA SARAIVA"
                },
                {
                    "codigo_aluno": "240(...)04",
                    "nome_aluno": "HENRIQUE XAVIER ALVES OLIVEIRA"
                },
                {
                    "codigo_aluno": "549(...)10",
                    "nome_aluno": "IHSANE EDDAOU"
                },
                {
                    "codigo_aluno": "240(...)45",
                    "nome_aluno": "ISABELLA PEDROSA RODRIGUES DE OLIVEIRA"
                },
                {
                    "codigo_aluno": "151(...)38",
                    "nome_aluno": "JAIME ROQUE SILVEIRA MONJARDINO"
                },
                {
                    "codigo_aluno": "314(...)53",
                    "nome_aluno": "JOÃO MANUEL PIRES NEVES"
                },
                {
                    "codigo_aluno": "308(...)95",
                    "nome_aluno": "JOÃO RODRIGUES MACHADO"
                },
                {
                    "codigo_aluno": "307(...)52",
                    "nome_aluno": "JOÃO TEIXEIRA SERÔDIO GOMES"
                },
                {
                    "codigo_aluno": "307(...)60",
                    "nome_aluno": "JONAS VAN HARTEN DIAS"
                },
                {
                    "codigo_aluno": "307(...)45",
                    "nome_aluno": "LEONOR MARIA PINHEIRO BENTO"
                },
                {
                    "codigo_aluno": "150(...)87",
                    "nome_aluno": "LUIS FERREIRA FIGUEIREDO"
                },
                {
                    "codigo_aluno": "159(...)14",
                    "nome_aluno": "MARTIM CORREIA PRATA"
                },
                {
                    "codigo_aluno": "302(...)12",
                    "nome_aluno": "MIGUEL PEREIRA PINTO LOPES"
                },
                {
                    "codigo_aluno": "305(...)76",
                    "nome_aluno": "NADINE ALEXANDRA PIRES"
                },
                {
                    "codigo_aluno": "159(...)05",
                    "nome_aluno": "PEDRO CARVALHO MENDES DE MATOS"
                },
                {
                    "codigo_aluno": "152(...)38",
                    "nome_aluno": "PEDRO DOS SANTOS LANÇA BATISTA MENDONÇA"
                },
                {
                    "codigo_aluno": "304(...)58",
                    "nome_aluno": "PEDRO GONÇALVES DIAS PEREIRA DA SILVA"
                },
                {
                    "codigo_aluno": "314(...)75",
                    "nome_aluno": "PEDRO MIGUEL OLIVEIRA BANDARRA"
                },
                {
                    "codigo_aluno": "306(...)43",
                    "nome_aluno": "RITA GONÇALVES NUNES"
                },
                {
                    "codigo_aluno": "307(...)30",
                    "nome_aluno": "RODRIGO ALEXANDRE LORETO LOPES"
                },
                {
                    "codigo_aluno": "154(...)12",
                    "nome_aluno": "RODRIGO FERNANDES DE OLIVEIRA COSTA"
                },
                {
                    "codigo_aluno": "152(...)68",
                    "nome_aluno": "SIMÃO OLIVEIRA SOUSA"
                },
                {
                    "codigo_aluno": "304(...)92",
                    "nome_aluno": "SOFIA MARIA DOS SANTOS MARTINHO FERREIRA PÓ"
                },
                {
                    "codigo_aluno": "157(...)36",
                    "nome_aluno": "TIAGO CHAVES GUERRA ALVES"
                },
                {
                    "codigo_aluno": "240(...)04",
                    "nome_aluno": "TINGJIA GUO"
                },
                {
                    "codigo_aluno": "309(...)16",
                    "nome_aluno": "VITÓRIA SOFIA HENRIQUES PINTO"
                },
                {
                    "codigo_aluno": "240(...)01",
                    "nome_aluno": "YURII NOVYTSKYI"
                }
            ]
        },
        {
            "codigo_curso": "L321",
            "nome_curso": "L321 - Matemática Aplicada e Tecnologias Digitais",
            "colocados": [
                {
                    "codigo_aluno": "154(...)98",
                    "nome_aluno": "AFONSO NELSON FERREIRA"
                },
                {
                    "codigo_aluno": "304(...)63",
                    "nome_aluno": "ANA RITA LOPES FERREIRA"
                },
                {
                    "codigo_aluno": "301(...)21",
                    "nome_aluno": "BEATRIZ ANTUNES CORREIA"
                },
                {
                    "codigo_aluno": "153(...)17",
                    "nome_aluno": "CAROLINA GUERREIRO GONÇALVES NOBRE"
                },
                {
                    "codigo_aluno": "153(...)93",
                    "nome_aluno": "CATARINA MARIA PINTO VAZ PEREIRA"
                },
                {
                    "codigo_aluno": "152(...)42",
                    "nome_aluno": "DANIEL TIAGO FARIA FREITAS"
                },
                {
                    "codigo_aluno": "310(...)33",
                    "nome_aluno": "DAVID MIGUEL DUARTE SERAFIM"
                },
                {
                    "codigo_aluno": "302(...)12",
                    "nome_aluno": "DINIS MARIA COSTA MARQUES E CARMO FERREIRA"
                },
                {
                    "codigo_aluno": "306(...)04",
                    "nome_aluno": "FÁBIO MIGUEL CLARA ALVES"
                },
                {
                    "codigo_aluno": "157(...)63",
                    "nome_aluno": "GONÇALO RAFAEL KUNFUNDA PIRES TIMAS"
                },
                {
                    "codigo_aluno": "150(...)89",
                    "nome_aluno": "GUSTAVO MIGUEL PINTO DA COSTA"
                },
                {
                    "codigo_aluno": "150(...)91",
                    "nome_aluno": "INÊS PEREIRA DOS SANTOS FERREIRA"
                },
                {
                    "codigo_aluno": "240(...)70",
                    "nome_aluno": "JIALI GUO"
                },
                {
                    "codigo_aluno": "149(...)60",
                    "nome_aluno": "JOÃO ANTÓNIO FERREIRA DA SILVA MAGALHÃES"
                },
                {
                    "codigo_aluno": "307(...)90",
                    "nome_aluno": "LAURA AFONSO DIAS"
                },
                {
                    "codigo_aluno": "304(...)67",
                    "nome_aluno": "LAURA DUARTE SANTOS"
                },
                {
                    "codigo_aluno": "306(...)82",
                    "nome_aluno": "LEONARDO DE CAIRES SARGENTO"
                },
                {
                    "codigo_aluno": "152(...)87",
                    "nome_aluno": "LEONOR BERNARDES DO CARMO"
                },
                {
                    "codigo_aluno": "154(...)78",
                    "nome_aluno": "LUANA SEABRA GONÇALVES OLIVEIRA DA GLÓRIA"
                },
                {
                    "codigo_aluno": "310(...)06",
                    "nome_aluno": "MADALENA CAVACA SARAIVA DE ALMEIDA"
                },
                {
                    "codigo_aluno": "156(...)45",
                    "nome_aluno": "MARIA BEATRIZ RODRIGUES FARRÔPO"
                },
                {
                    "codigo_aluno": "307(...)91",
                    "nome_aluno": "MARIA LEONOR YGLESIAS DE OLIVEIRA BARBOSA MARINHO"
                },
                {
                    "codigo_aluno": "157(...)67",
                    "nome_aluno": "MARIA MADALENA GARCIA BRÁS"
                },
                {
                    "codigo_aluno": "309(...)03",
                    "nome_aluno": "MARIANA MARCELINO MAIA"
                },
                {
                    "codigo_aluno": "155(...)41",
                    "nome_aluno": "MATILDE ALEXANDRA MONTEIRO SANCHO MARQUES"
                },
                {
                    "codigo_aluno": "159(...)54",
                    "nome_aluno": "MIGUEL ABREU E SILVA SIMÕES FERREIRA"
                },
                {
                    "codigo_aluno": "307(...)44",
                    "nome_aluno": "MIGUEL DUARTE SIMÃO CUNHA"
                },
                {
                    "codigo_aluno": "154(...)70",
                    "nome_aluno": "RAFAEL DE MELO GUERREIRO"
                },
                {
                    "codigo_aluno": "312(...)80",
                    "nome_aluno": "RODRIGO GONÇALVES SANTOS"
                },
                {
                    "codigo_aluno": "318(...)24",
                    "nome_aluno": "RUI JORGE RODRIGUES COSTA"
                },
                {
                    "codigo_aluno": "314(...)89",
                    "nome_aluno": "SARA CRISTIANA AXANEI"
                },
                {
                    "codigo_aluno": "301(...)32",
                    "nome_aluno": "SARA PINTO DA CRUZ ANTÃO"
                },
                {
                    "codigo_aluno": "310(...)61",
                    "nome_aluno": "SOFIA FERREIRA DA COSTA"
                },
                {
                    "codigo_aluno": "240(...)45",
                    "nome_aluno": "VICTORIA MARCHITAN"
                }
            ]
        },
        {
            "codigo_curso": "L274",
            "nome_curso": "L274 - Política, Economia e Sociedade",
            "colocados": [
                {
                    "codigo_aluno": "157(...)38",
                    "nome_aluno": "AFONSO FONSECA CATARINO"
                },
                {
                    "codigo_aluno": "151(...)30",
                    "nome_aluno": "AFONSO MANUEL ANTUNES HENRIQUES"
                },
                {
                    "codigo_aluno": "300(...)39",
                    "nome_aluno": "ANA SOFIA E PINHO DE CASTRO"
                },
                {
                    "codigo_aluno": "300(...)76",
                    "nome_aluno": "BEATRIZ FILIPE ALEIXO"
                },
                {
                    "codigo_aluno": "153(...)81",
                    "nome_aluno": "BENEDITA VOLKER CÔRTE-REAL MORAIS TRINDADE"
                },
                {
                    "codigo_aluno": "154(...)40",
                    "nome_aluno": "BERNARDO GARÇÃO DE SOUSA CASADO"
                },
                {
                    "codigo_aluno": "156(...)27",
                    "nome_aluno": "CAMILA ALEXANDRA MARTINS LUÍS SIOPA"
                },
                {
                    "codigo_aluno": "304(...)77",
                    "nome_aluno": "CARLOTA VIANA SERRA"
                },
                {
                    "codigo_aluno": "156(...)20",
                    "nome_aluno": "CATARINA LIMA MEIRELES DA GRAÇA ANTUNES"
                },
                {
                    "codigo_aluno": "301(...)81",
                    "nome_aluno": "EMA DO MAR NUNES MARQUES CAETANO GONÇALVES"
                },
                {
                    "codigo_aluno": "156(...)74",
                    "nome_aluno": "ÉRICA DA SILVA PEREIRA DE SOUSA"
                },
                {
                    "codigo_aluno": "315(...)24",
                    "nome_aluno": "FILIPA MARIA LOURO ALVES"
                },
                {
                    "codigo_aluno": "154(...)52",
                    "nome_aluno": "FRANCISCA DE SANTA MARIA NÓBREGA LOPES FRANCO COELHO"
                },
                {
                    "codigo_aluno": "309(...)72",
                    "nome_aluno": "INÊS MADEIRA BALTAZAR"
                },
                {
                    "codigo_aluno": "302(...)44",
                    "nome_aluno": "JOÃO MIGUEL GUERRA FRANCO"
                },
                {
                    "codigo_aluno": "155(...)15",
                    "nome_aluno": "LARA FILIPA CORDEIRO MACHADO"
                },
                {
                    "codigo_aluno": "152(...)33",
                    "nome_aluno": "MANUEL MARIA DIOGO RIBEIRO"
                },
                {
                    "codigo_aluno": "300(...)69",
                    "nome_aluno": "MANUEL RODRIGUES RIBEIRO LEÃO DA SILVA"
                },
                {
                    "codigo_aluno": "154(...)33",
                    "nome_aluno": "MARA FILIPA ROMÃO FREITAS"
                },
                {
                    "codigo_aluno": "304(...)39",
                    "nome_aluno": "MARIA JOÃO NOGUEIRA DE ALMEIDA TITO MARTINS"
                },
                {
                    "codigo_aluno": "305(...)89",
                    "nome_aluno": "MARIA RITA PAROLA DE ALMEIDA"
                },
                {
                    "codigo_aluno": "310(...)71",
                    "nome_aluno": "MARIANA SOFIA SIMÕES FERNANDES"
                },
                {
                    "codigo_aluno": "300(...)22",
                    "nome_aluno": "MARTIM GONÇALVES MARQUES"
                },
                {
                    "codigo_aluno": "157(...)96",
                    "nome_aluno": "MARTINA LOPES MARREIROS"
                },
                {
                    "codigo_aluno": "307(...)39",
                    "nome_aluno": "PATRÍCIA SOUSA PINTO EMILIANO"
                },
                {
                    "codigo_aluno": "153(...)52",
                    "nome_aluno": "PEDRO OLIVEIRA RODOLFO GOMES DA COSTA"
                },
                {
                    "codigo_aluno": "152(...)35",
                    "nome_aluno": "PEDRO TIAGO SETAS FERRO NADAIS"
                },
                {
                    "codigo_aluno": "304(...)16",
                    "nome_aluno": "RODRIGO DA SILVA PEREIRA"
                },
                {
                    "codigo_aluno": "155(...)40",
                    "nome_aluno": "TERESA VIEIRA BRANCO NICHOLSON LAVRADOR"
                },
                {
                    "codigo_aluno": "306(...)19",
                    "nome_aluno": "TIAGO DA SILVA PAIVA MENDES VINAGRE"
                },
                {
                    "codigo_aluno": "306(...)79",
                    "nome_aluno": "VASCO CRUZ CHAMBEL"
                },
                {
                    "codigo_aluno": "159(...)41",
                    "nome_aluno": "VASCO MIGUÉIS ANJINHO LOUREIRO"
                },
                {
                    "codigo_aluno": "310(...)45",
                    "nome_aluno": "VASCO TAVARES DE OLIVEIRA FONTES"
                },
                {
                    "codigo_aluno": "300(...)23",
                    "nome_aluno": "VICENTE GONÇALVES LOUREIRO SOARES DE CARVALHO"
                }
            ]
        },
        {
            "codigo_curso": "L273",
            "nome_curso": "L273 - Tecnologias Digitais e Automação",
            "colocados": [
                {
                    "codigo_aluno": "154(...)29",
                    "nome_aluno": "AFONSO DE JESUS MARQUES MOREIRA"
                },
                {
                    "codigo_aluno": "153(...)53",
                    "nome_aluno": "AFONSO ESTEVEZ DA MATA"
                },
                {
                    "codigo_aluno": "304(...)85",
                    "nome_aluno": "AFONSO JOSÉ FONSECA ESTEVES"
                },
                {
                    "codigo_aluno": "301(...)70",
                    "nome_aluno": "AFONSO MIGUEL CARVALHO PEDRO"
                },
                {
                    "codigo_aluno": "303(...)29",
                    "nome_aluno": "AFONSO RODRIGUES PRAZERES"
                },
                {
                    "codigo_aluno": "310(...)57",
                    "nome_aluno": "ANA CLARA CALDEIRINHA DE ABREU"
                },
                {
                    "codigo_aluno": "153(...)70",
                    "nome_aluno": "ANTÓNIO MARIA CONDESSO PEREIRA FERRINHO"
                },
                {
                    "codigo_aluno": "313(...)15",
                    "nome_aluno": "ANTÓNIO MIGUEL ZHYLIN"
                },
                {
                    "codigo_aluno": "149(...)83",
                    "nome_aluno": "BEATRIZ DE VELOZA COELHO GOMES"
                },
                {
                    "codigo_aluno": "308(...)56",
                    "nome_aluno": "BERNARDO FERREIRA GUERREIRO"
                },
                {
                    "codigo_aluno": "325(...)80",
                    "nome_aluno": "BRUNO ROCHA DOS REIS FONSECA AZEVEDO"
                },
                {
                    "codigo_aluno": "152(...)91",
                    "nome_aluno": "DANIEL BARROSO DA CONCEIÇÃO"
                },
                {
                    "codigo_aluno": "153(...)47",
                    "nome_aluno": "DANIEL PARREIRAS BALSEIRO"
                },
                {
                    "codigo_aluno": "157(...)43",
                    "nome_aluno": "DIOGO HENRIQUES GUERRA DE MOURA ROCHA"
                },
                {
                    "codigo_aluno": "154(...)44",
                    "nome_aluno": "DIOGO JOSÉ DA SILVA FERREIRA"
                },
                {
                    "codigo_aluno": "150(...)22",
                    "nome_aluno": "FRANCISCO SANTOS FARIA"
                },
                {
                    "codigo_aluno": "155(...)72",
                    "nome_aluno": "GONÇALO D'ANDRADE RUGEIRO CRUZ DE MELO"
                },
                {
                    "codigo_aluno": "309(...)56",
                    "nome_aluno": "GUILHERME DUARTE REBELO DA SILVA"
                },
                {
                    "codigo_aluno": "312(...)11",
                    "nome_aluno": "JOÃO DIOGO ABEGÃO DE CARVALHO RIBEIRO"
                },
                {
                    "codigo_aluno": "307(...)97",
                    "nome_aluno": "LETICIA ELISABETE PEDRO FORTES"
                },
                {
                    "codigo_aluno": "310(...)63",
                    "nome_aluno": "LUÍS BELÉM JORDÃO FREIRE"
                },
                {
                    "codigo_aluno": "302(...)21",
                    "nome_aluno": "MANUEL DIAS MARTINS DE AGUIAR MENDONÇA"
                },
                {
                    "codigo_aluno": "303(...)41",
                    "nome_aluno": "MANUEL DINIS DA FONSECA PEDRAS RIBEIRO"
                },
                {
                    "codigo_aluno": "307(...)95",
                    "nome_aluno": "MIGUEL GUERREIRO DE OLIVEIRA"
                },
                {
                    "codigo_aluno": "154(...)82",
                    "nome_aluno": "MIGUEL VIEIRA DE SOUSA HENRIQUES RAPOSO"
                },
                {
                    "codigo_aluno": "152(...)23",
                    "nome_aluno": "MOHAMMAD RISHAD RAUF"
                },
                {
                    "codigo_aluno": "300(...)72",
                    "nome_aluno": "RAFAEL ALEGRIA SILVA"
                },
                {
                    "codigo_aluno": "150(...)61",
                    "nome_aluno": "RAQUEL ALEXANDRA MENDES DA SILVA SANTOS GAMBOA"
                },
                {
                    "codigo_aluno": "150(...)87",
                    "nome_aluno": "RICARDO COSTA SANTOS"
                },
                {
                    "codigo_aluno": "159(...)56",
                    "nome_aluno": "RODRIGO MARTINS ALEXANDRE"
                },
                {
                    "codigo_aluno": "309(...)37",
                    "nome_aluno": "RODRIGO MELO MENESES"
                },
                {
                    "codigo_aluno": "311(...)03",
                    "nome_aluno": "RODRIGO PIRES PEREIRA"
                }
            ]
        },
        {
            "codigo_curso": "L280",
            "nome_curso": "L280 - Tecnologias Digitais e Gestão",
            "colocados": [
                {
                    "codigo_aluno": "156(...)56",
                    "nome_aluno": "AFONSO MORÃO DE ABREU"
                },
                {
                    "codigo_aluno": "307(...)00",
                    "nome_aluno": "AFONSO TOMÁS SURIYA RIBEIRO"
                },
                {
                    "codigo_aluno": "153(...)95",
                    "nome_aluno": "ALICE MARQUES"
                },
                {
                    "codigo_aluno": "303(...)76",
                    "nome_aluno": "ANDRÉ AFONSO LOPES DE CARVALHO FERREIRA"
                },
                {
                    "codigo_aluno": "159(...)97",
                    "nome_aluno": "BERNARDO CARVALHO SIMPLICIO"
                },
                {
                    "codigo_aluno": "305(...)61",
                    "nome_aluno": "BERNARDO MARQUES ARSENIO LINO DA ROCHA"
                },
                {
                    "codigo_aluno": "156(...)68",
                    "nome_aluno": "CARLOTA SIMÕES FERREIRA"
                },
                {
                    "codigo_aluno": "152(...)48",
                    "nome_aluno": "CARMEN CARDOSO MADILE"
                },
                {
                    "codigo_aluno": "158(...)22",
                    "nome_aluno": "CATARINA MIGUENS TREMOCEIRO DA COSTA SANTOS"
                },
                {
                    "codigo_aluno": "303(...)06",
                    "nome_aluno": "CATARINA NASCIMENTO SANTOS"
                },
                {
                    "codigo_aluno": "154(...)26",
                    "nome_aluno": "DANIELA BETTENCOURT DE FREITAS OLIVEIRA"
                },
                {
                    "codigo_aluno": "309(...)76",
                    "nome_aluno": "DINIS JOSÉ GALEGO DE SOUSA"
                },
                {
                    "codigo_aluno": "159(...)38",
                    "nome_aluno": "DIOGO BENTO DOS SANTOS"
                },
                {
                    "codigo_aluno": "153(...)28",
                    "nome_aluno": "DIOGO MIGUEL LIMA GOUVEIA BAPTISTA SILVA"
                },
                {
                    "codigo_aluno": "158(...)73",
                    "nome_aluno": "FILIPE MIGUEL BARRETO FERNANDES"
                },
                {
                    "codigo_aluno": "156(...)22",
                    "nome_aluno": "GUILHERME DE MORAIS SARMENTO GOMES"
                },
                {
                    "codigo_aluno": "157(...)39",
                    "nome_aluno": "HUGO ALEXANDRE SALES GOMES"
                },
                {
                    "codigo_aluno": "307(...)36",
                    "nome_aluno": "LUCAS PATRICIO SOARES"
                },
                {
                    "codigo_aluno": "301(...)37",
                    "nome_aluno": "LUÍS MIGUEL TOMÉ PEIXINHO"
                },
                {
                    "codigo_aluno": "309(...)61",
                    "nome_aluno": "MADALENA BRITO ROSA"
                },
                {
                    "codigo_aluno": "159(...)50",
                    "nome_aluno": "MARIA DA SILVA LAGARTINHO"
                },
                {
                    "codigo_aluno": "314(...)74",
                    "nome_aluno": "MATILDE RODRIGUES DA SILVA FERREIRA PEDRO"
                },
                {
                    "codigo_aluno": "301(...)92",
                    "nome_aluno": "MIGUEL CHRISTIAN CORREIA RICHTER"
                },
                {
                    "codigo_aluno": "154(...)65",
                    "nome_aluno": "MIGUEL OLIVEIRA LOPES"
                },
                {
                    "codigo_aluno": "154(...)83",
                    "nome_aluno": "NICOLE SVITLANA CHERNOBAY"
                },
                {
                    "codigo_aluno": "159(...)80",
                    "nome_aluno": "PEDRO AFONSO PALHAS TOMAZ"
                },
                {
                    "codigo_aluno": "311(...)63",
                    "nome_aluno": "RICARDO WONG HENRIQUES"
                },
                {
                    "codigo_aluno": "152(...)07",
                    "nome_aluno": "RODRIGO ALEXANDRE DA LUZ RODRIGUES"
                },
                {
                    "codigo_aluno": "309(...)57",
                    "nome_aluno": "RODRIGO FERNANDES EPIFÂNIO"
                },
                {
                    "codigo_aluno": "153(...)79",
                    "nome_aluno": "RODRIGO MACHADO CLARA DE OLIVEIRA"
                },
                {
                    "codigo_aluno": "303(...)43",
                    "nome_aluno": "RODRIGO MANUEL DE SOUSA SIMÕES"
                },
                {
                    "codigo_aluno": "302(...)52",
                    "nome_aluno": "RODRIGO MARQUES CASTRO"
                },
                {
                    "codigo_aluno": "154(...)56",
                    "nome_aluno": "RODRIGO MARTIM PADRE CAVALEIRO"
                }
            ]
        },
        {
            "codigo_curso": "L277",
            "nome_curso": "L277 - Tecnologias Digitais e Inteligência Artificial",
            "colocados": [
                {
                    "codigo_aluno": "156(...)74",
                    "nome_aluno": "AFONSO DUARTE RODRIGUES GRANCHO"
                },
                {
                    "codigo_aluno": "306(...)57",
                    "nome_aluno": "ANA FERREIRA GOMES"
                },
                {
                    "codigo_aluno": "306(...)30",
                    "nome_aluno": "ANDRÉ FILIPE DOS SANTOS CORREIA MOREIRA"
                },
                {
                    "codigo_aluno": "152(...)23",
                    "nome_aluno": "BEATRIZ ELIAS CAROCINHO"
                },
                {
                    "codigo_aluno": "159(...)40",
                    "nome_aluno": "BERNARDO GUTERRES VALENTE HENRIQUES"
                },
                {
                    "codigo_aluno": "306(...)91",
                    "nome_aluno": "DANIELA CHAMBEL PINA"
                },
                {
                    "codigo_aluno": "303(...)07",
                    "nome_aluno": "GONÇALO MARTINS BRITO"
                },
                {
                    "codigo_aluno": "301(...)28",
                    "nome_aluno": "GUILHERME CARVALHOSA DE ANDRADE"
                },
                {
                    "codigo_aluno": "158(...)55",
                    "nome_aluno": "GUSTAVO FIGUEIREDO CASTELINHO"
                },
                {
                    "codigo_aluno": "549(...)13",
                    "nome_aluno": "IASON FITROS"
                },
                {
                    "codigo_aluno": "151(...)69",
                    "nome_aluno": "INÊS RITO FIDALGO"
                },
                {
                    "codigo_aluno": "156(...)00",
                    "nome_aluno": "JOÃO RICARDO LUZ HOPFFER PEREIRA DE OLIVEIRA"
                },
                {
                    "codigo_aluno": "302(...)04",
                    "nome_aluno": "JOSÉ MARIA DE ORNELAS CUSTÓDIO"
                },
                {
                    "codigo_aluno": "153(...)39",
                    "nome_aluno": "LEONOR FREIRE DOS SANTOS FERREIRA"
                },
                {
                    "codigo_aluno": "305(...)65",
                    "nome_aluno": "MARIA FRANCISCA FERNANDES SOARES DA COSTA"
                },
                {
                    "codigo_aluno": "156(...)11",
                    "nome_aluno": "MARIA LEONOR CABRAL DE ALMEIDA LOURENÇO DA FONSECA"
                },
                {
                    "codigo_aluno": "152(...)66",
                    "nome_aluno": "MARIA LEONOR SIMOES MATOS PINHEIRO E VALADARES"
                },
                {
                    "codigo_aluno": "156(...)19",
                    "nome_aluno": "MARIA MAR DIAS ANTUNES"
                },
                {
                    "codigo_aluno": "152(...)37",
                    "nome_aluno": "MARTIM DE BERNARDO PALMA"
                },
                {
                    "codigo_aluno": "152(...)71",
                    "nome_aluno": "MIGUEL ROCHA PALHOTO"
                },
                {
                    "codigo_aluno": "240(...)11",
                    "nome_aluno": "NICOLAS ZATTAR FERRAZ"
                },
                {
                    "codigo_aluno": "302(...)74",
                    "nome_aluno": "RAFAEL PIRES FERREIRA ISSA HACAMO"
                },
                {
                    "codigo_aluno": "309(...)76",
                    "nome_aluno": "RAFAEL ROLO PAIS"
                },
                {
                    "codigo_aluno": "303(...)99",
                    "nome_aluno": "RAFAELA MARGARIDA BATISTA GUEDES MAIA FERREIRA"
                },
                {
                    "codigo_aluno": "305(...)74",
                    "nome_aluno": "RODRIGO COSTA SIMÕES"
                },
                {
                    "codigo_aluno": "306(...)36",
                    "nome_aluno": "RODRIGO TORRES PINTO"
                },
                {
                    "codigo_aluno": "303(...)32",
                    "nome_aluno": "RUI MIGUEL REDONDO ALVES"
                },
                {
                    "codigo_aluno": "157(...)52",
                    "nome_aluno": "SIMÃO FILIPE TAVARES FÉLIX"
                },
                {
                    "codigo_aluno": "155(...)58",
                    "nome_aluno": "TIAGO BELCHIOR DOS REIS"
                },
                {
                    "codigo_aluno": "153(...)13",
                    "nome_aluno": "TOMÁS SABINO LOPES"
                },
                {
                    "codigo_aluno": "154(...)98",
                    "nome_aluno": "VICENTE DA CUNHA FERREIRA LOPES"
                },
                {
                    "codigo_aluno": "159(...)14",
                    "nome_aluno": "VICENTE LOPO CARREIRAS DA COSTA"
                }
            ]
        },
        {
            "codigo_curso": "L282",
            "nome_curso": "L282 - Tecnologias Digitais e Saúde",
            "colocados": [
                {
                    "codigo_aluno": "154(...)70",
                    "nome_aluno": "AFONSO ANTUNES LEITÃO"
                },
                {
                    "codigo_aluno": "315(...)78",
                    "nome_aluno": "AFONSO CARVALHO ROSA"
                },
                {
                    "codigo_aluno": "154(...)10",
                    "nome_aluno": "AFONSO DA SILVA FONTE PIRES SOARES"
                },
                {
                    "codigo_aluno": "305(...)62",
                    "nome_aluno": "AFONSO DE MENDONÇA CORREIA MATOS SILVA"
                },
                {
                    "codigo_aluno": "305(...)43",
                    "nome_aluno": "ALEXANDRE DINIS TÁVORA DA SILVA"
                },
                {
                    "codigo_aluno": "156(...)87",
                    "nome_aluno": "ANDRÉ NUNES LOURENÇO LOPES"
                },
                {
                    "codigo_aluno": "309(...)67",
                    "nome_aluno": "BEATRIZ EMÍDIO NEVES"
                },
                {
                    "codigo_aluno": "157(...)78",
                    "nome_aluno": "BEATRIZ PINTO AGOSTINHO"
                },
                {
                    "codigo_aluno": "151(...)38",
                    "nome_aluno": "CAMILA CASIMIRO CÂNDIDO"
                },
                {
                    "codigo_aluno": "304(...)67",
                    "nome_aluno": "DIANA ANUAR NUNES"
                },
                {
                    "codigo_aluno": "308(...)88",
                    "nome_aluno": "DINIS GUERREIRO OLIVEIRA"
                },
                {
                    "codigo_aluno": "308(...)06",
                    "nome_aluno": "DIOGO MIGUEL ALVES BERNARDES"
                },
                {
                    "codigo_aluno": "159(...)08",
                    "nome_aluno": "DULCINEIA DE CARVALHO DIAS GRAÇA LIMA"
                },
                {
                    "codigo_aluno": "151(...)62",
                    "nome_aluno": "EDMUNDO JORGE HAMAKASSA MATEUS"
                },
                {
                    "codigo_aluno": "304(...)56",
                    "nome_aluno": "EMA ISABEL DE ARAÚJO PINTO GALEGO CANDEIAS"
                },
                {
                    "codigo_aluno": "148(...)55",
                    "nome_aluno": "FILIPE MORAIS PASCOAL MOREIRA CARVALHO"
                },
                {
                    "codigo_aluno": "301(...)03",
                    "nome_aluno": "FRANCISCA VAZ RODRIGUES"
                },
                {
                    "codigo_aluno": "309(...)87",
                    "nome_aluno": "GUILHERME MANUEL ANAIA FERREIRA FERNANDES"
                },
                {
                    "codigo_aluno": "310(...)07",
                    "nome_aluno": "GUSTAVO ANDRÉ FERREIRA ALVES"
                },
                {
                    "codigo_aluno": "303(...)19",
                    "nome_aluno": "IARA MARIA RIBEIRO BORGES"
                },
                {
                    "codigo_aluno": "242(...)18",
                    "nome_aluno": "ISABELE MAMEDE GOMES"
                },
                {
                    "codigo_aluno": "307(...)76",
                    "nome_aluno": "JOÃO ALEXANDRE DOS SANTOS RAMOS"
                },
                {
                    "codigo_aluno": "305(...)82",
                    "nome_aluno": "LARA CORREIA SINCERIDADES"
                },
                {
                    "codigo_aluno": "157(...)08",
                    "nome_aluno": "LEONOR COSTA MARQUES"
                },
                {
                    "codigo_aluno": "154(...)59",
                    "nome_aluno": "LOURENÇO PINHO VIOTTY"
                },
                {
                    "codigo_aluno": "306(...)72",
                    "nome_aluno": "MARGARIDA ZACARIAS SANTOS"
                },
                {
                    "codigo_aluno": "151(...)09",
                    "nome_aluno": "MARIA TERESA MARQUES DOS SANTOS"
                },
                {
                    "codigo_aluno": "157(...)58",
                    "nome_aluno": "MARIANA LUÍS BARATA"
                },
                {
                    "codigo_aluno": "309(...)83",
                    "nome_aluno": "MATILDE JOAO SILVA VIEIRA"
                },
                {
                    "codigo_aluno": "307(...)73",
                    "nome_aluno": "MELISSA LEMOS PESTANA"
                },
                {
                    "codigo_aluno": "153(...)41",
                    "nome_aluno": "RODRIGO BALTAZAR LOURENÇO"
                },
                {
                    "codigo_aluno": "323(...)31",
                    "nome_aluno": "RODRIGO CORREIA SUAREZ"
                },
                {
                    "codigo_aluno": "310(...)11",
                    "nome_aluno": "RODRIGO MARIA MOREIRA FILIPE"
                },
                {
                    "codigo_aluno": "313(...)74",
                    "nome_aluno": "TOMÁS NASCIMENTO DE BARROS"
                },
                {
                    "codigo_aluno": "156(...)84",
                    "nome_aluno": "YASMIN CHARIS DA SILVA FERREIRA SALES DE SOUZA"
                }
            ]
        },
        {
            "codigo_curso": "L329",
            "nome_curso": "L329 - Tecnologias Digitais e Segurança de Informação",
            "colocados": [
                {
                    "codigo_aluno": "159(...)33",
                    "nome_aluno": "AFONSO DE AMORIM MARQUES PEREIRA ROSA"
                },
                {
                    "codigo_aluno": "302(...)92",
                    "nome_aluno": "AFONSO JOSÉ FURTADO PEREIRA"
                },
                {
                    "codigo_aluno": "152(...)85",
                    "nome_aluno": "AFONSO RODRIGUES MIL-HOMENS"
                },
                {
                    "codigo_aluno": "314(...)53",
                    "nome_aluno": "ANDRÉ FERREIRA SOARES DA SILVA"
                },
                {
                    "codigo_aluno": "301(...)12",
                    "nome_aluno": "ANDRÉ GUEDES VAZ SOUSA"
                },
                {
                    "codigo_aluno": "314(...)61",
                    "nome_aluno": "CAMILA PEREIRA VARELA"
                },
                {
                    "codigo_aluno": "312(...)74",
                    "nome_aluno": "CIRO ALEXANDRE GOMES LIGEIRO"
                },
                {
                    "codigo_aluno": "300(...)70",
                    "nome_aluno": "DIOGO NASCIMENTO LAMEIRAS"
                },
                {
                    "codigo_aluno": "310(...)38",
                    "nome_aluno": "FRANCISCO DUARTE AFONSO"
                },
                {
                    "codigo_aluno": "151(...)47",
                    "nome_aluno": "GABRIEL MOTA GAMBOA DA CUNHA MARTINS"
                },
                {
                    "codigo_aluno": "304(...)72",
                    "nome_aluno": "GONÇALO FERREIRA RODRIGUES"
                },
                {
                    "codigo_aluno": "154(...)83",
                    "nome_aluno": "GONÇALO LOBATO RODRIGUES"
                },
                {
                    "codigo_aluno": "307(...)16",
                    "nome_aluno": "HENRIQUE ALEXANDRE CRUZ DUARTE"
                },
                {
                    "codigo_aluno": "315(...)65",
                    "nome_aluno": "ISAURA CARRILHO VICENTE"
                },
                {
                    "codigo_aluno": "153(...)84",
                    "nome_aluno": "IVAN DOS SANTOS LOUREIRO"
                },
                {
                    "codigo_aluno": "304(...)45",
                    "nome_aluno": "JOANA MARIA VASSALO PIRES"
                },
                {
                    "codigo_aluno": "308(...)78",
                    "nome_aluno": "LARA ISABEL CALADO RAMOS"
                },
                {
                    "codigo_aluno": "153(...)03",
                    "nome_aluno": "LUÍS JOSÉ DE BRITO FAHR DE ABREU"
                },
                {
                    "codigo_aluno": "303(...)74",
                    "nome_aluno": "MAFALDA CUCO BATANETE SEQUEIRA BAIÃO"
                },
                {
                    "codigo_aluno": "305(...)12",
                    "nome_aluno": "MARTIM ALEXANDRE GARRINHAS FERREIRA"
                },
                {
                    "codigo_aluno": "306(...)71",
                    "nome_aluno": "MARTIM LEAL RODRIGUES DE COIMBRA COSTA"
                },
                {
                    "codigo_aluno": "157(...)32",
                    "nome_aluno": "MIGUEL LEVI MALPIQUE DA SILVA"
                },
                {
                    "codigo_aluno": "316(...)95",
                    "nome_aluno": "PEDRO DIOGO FERNANDES MATOS"
                },
                {
                    "codigo_aluno": "303(...)45",
                    "nome_aluno": "PEDRO FILIPE AZINHEIRO DE CARVALHO"
                },
                {
                    "codigo_aluno": "318(...)64",
                    "nome_aluno": "RAQUEL SOARES GUEDES"
                },
                {
                    "codigo_aluno": "314(...)21",
                    "nome_aluno": "RICARDO MIGUEL CABRITA PAIS"
                },
                {
                    "codigo_aluno": "240(...)78",
                    "nome_aluno": "ROGERIO EVANDRO ADRIGO FILHO"
                },
                {
                    "codigo_aluno": "307(...)14",
                    "nome_aluno": "SANTIAGO CASTANHO NEVES PIRES CARDOSO"
                },
                {
                    "codigo_aluno": "154(...)51",
                    "nome_aluno": "SANTIAGO FILIPE DE GODINHO COELHO DOS SANTOS"
                },
                {
                    "codigo_aluno": "307(...)35",
                    "nome_aluno": "SIMÃO PERALTA DUARTE"
                },
                {
                    "codigo_aluno": "314(...)11",
                    "nome_aluno": "TIAGO FILIPE DA SILVA SOUSA"
                },
                {
                    "codigo_aluno": "156(...)56",
                    "nome_aluno": "TOMÁS MAGALHÃES JANEIRO MENDES RIBEIRO"
                }
            ]
        },
        {
            "codigo_curso": "L281",
            "nome_curso": "L281 - Tecnologias Digitais Educativas",
            "colocados": [
                {
                    "codigo_aluno": "302(...)07",
                    "nome_aluno": "ANA DE OLIVEIRA FIGUEIREDO TORRES CERCA"
                },
                {
                    "codigo_aluno": "159(...)26",
                    "nome_aluno": "ANA FILIPA DOS SANTOS MARREIROS"
                },
                {
                    "codigo_aluno": "305(...)11",
                    "nome_aluno": "BEATRIZ BARROSO MARTINHO"
                },
                {
                    "codigo_aluno": "153(...)78",
                    "nome_aluno": "BEATRIZ CARDOSO PINTASSILGO"
                },
                {
                    "codigo_aluno": "155(...)36",
                    "nome_aluno": "BEATRIZ LEANDRO LOURENÇO"
                },
                {
                    "codigo_aluno": "313(...)28",
                    "nome_aluno": "BRUNO LUCINA DA CRUZ CARDOSO FERNANDES"
                },
                {
                    "codigo_aluno": "159(...)91",
                    "nome_aluno": "CAMILA GIL TODO BOM"
                },
                {
                    "codigo_aluno": "157(...)16",
                    "nome_aluno": "CAROLINA MARTINS DE OLIVEIRA CORREIA"
                },
                {
                    "codigo_aluno": "306(...)27",
                    "nome_aluno": "CATARINA FILIPA OLIVEIRA DUARTE"
                },
                {
                    "codigo_aluno": "304(...)43",
                    "nome_aluno": "DAVID MATIAS PINTO"
                },
                {
                    "codigo_aluno": "310(...)58",
                    "nome_aluno": "DINIS MARQUES MATOS DOS SANTOS BARROSO"
                },
                {
                    "codigo_aluno": "304(...)39",
                    "nome_aluno": "DIOGO MARTINS GONÇALVES"
                },
                {
                    "codigo_aluno": "301(...)01",
                    "nome_aluno": "ERICA ROQUE LAMY MARQUES"
                },
                {
                    "codigo_aluno": "310(...)49",
                    "nome_aluno": "GUILHERME LOURO CORREIA"
                },
                {
                    "codigo_aluno": "154(...)18",
                    "nome_aluno": "HENRIQUE ALEXANDRE COSTA DE AZEVEDO"
                },
                {
                    "codigo_aluno": "311(...)81",
                    "nome_aluno": "INES DE SOUSA REBELO"
                },
                {
                    "codigo_aluno": "154(...)48",
                    "nome_aluno": "IRIS GONÇALVES MONTEIRO ANTUNES"
                },
                {
                    "codigo_aluno": "153(...)59",
                    "nome_aluno": "JOANA DE CARVALHO OURELO"
                },
                {
                    "codigo_aluno": "305(...)21",
                    "nome_aluno": "JOANA FILIPA FERREIRA GOUVEIA"
                },
                {
                    "codigo_aluno": "154(...)19",
                    "nome_aluno": "JOANA VIEIRA DA CRUZ MAGALHÃES OLIVEIRA"
                },
                {
                    "codigo_aluno": "308(...)09",
                    "nome_aluno": "LARA ALEXANDRA PISCO DOS SANTOS"
                },
                {
                    "codigo_aluno": "154(...)86",
                    "nome_aluno": "MADALENA DE SOUSA E FARO ANTUNES PINA"
                },
                {
                    "codigo_aluno": "154(...)00",
                    "nome_aluno": "MADALENA TRINDADE INÁCIO MARTINHO RODRIGUES"
                },
                {
                    "codigo_aluno": "158(...)67",
                    "nome_aluno": "MARIANE DIAS GONÇALVES"
                },
                {
                    "codigo_aluno": "303(...)22",
                    "nome_aluno": "MÁRIO RUI PINTO RIBEIRO DE CARVALHO"
                },
                {
                    "codigo_aluno": "306(...)66",
                    "nome_aluno": "MARTA GOMES CRISTÓVÃO"
                },
                {
                    "codigo_aluno": "308(...)88",
                    "nome_aluno": "MARTA SOFIA CARRASCO MENDES"
                },
                {
                    "codigo_aluno": "300(...)54",
                    "nome_aluno": "MARTA VIEIRA GOMES"
                },
                {
                    "codigo_aluno": "159(...)02",
                    "nome_aluno": "PRISCILA FILIPA MARTINS DOS REIS"
                },
                {
                    "codigo_aluno": "157(...)69",
                    "nome_aluno": "RAFAEL CADETE AMARO COSTA NUNES"
                },
                {
                    "codigo_aluno": "300(...)82",
                    "nome_aluno": "RICARDO ALEXANDRE MENDES CABRITA MOUTHS DE MAGALHÃES"
                },
                {
                    "codigo_aluno": "307(...)74",
                    "nome_aluno": "RODRIGO MIGUEL LUCAS DE MELO CAMPOS E ARAGÃO"
                },
                {
                    "codigo_aluno": "240(...)07",
                    "nome_aluno": "TIAGO FELIX DE LIMA"
                },
                {
                    "codigo_aluno": "152(...)57",
                    "nome_aluno": "TOMÁS ALEXANDRE GOMES PEREIRA"
                },
                {
                    "codigo_aluno": "306(...)76",
                    "nome_aluno": "TOMÁS DE SOUSA RIBEIRO"
                }
            ]
        },
        {
            "codigo_curso": "L311",
            "nome_curso": "L311 - Tecnologias Digitais, Edifícios e Construção Sustentável",
            "colocados": [
                {
                    "codigo_aluno": "300(...)89",
                    "nome_aluno": "ALFONSO SANTIAGO VILLAGRA BAUDOIN"
                },
                {
                    "codigo_aluno": "154(...)51",
                    "nome_aluno": "ALICE SANTANA BIZARRO FERNANDES SERRANO"
                },
                {
                    "codigo_aluno": "242(...)02",
                    "nome_aluno": "CATARINA JI"
                },
                {
                    "codigo_aluno": "300(...)91",
                    "nome_aluno": "CRISTIANA IBRAGIMOVA PALMA CALADO PIRES"
                },
                {
                    "codigo_aluno": "154(...)74",
                    "nome_aluno": "CRISTOVÃO BARBOSA FERNANDES"
                },
                {
                    "codigo_aluno": "313(...)25",
                    "nome_aluno": "DANIEL FILIPE DE OLIVEIRA COSMA"
                },
                {
                    "codigo_aluno": "158(...)21",
                    "nome_aluno": "DINIS AUGUSTO FIGUEIREDO RAFAEL"
                },
                {
                    "codigo_aluno": "320(...)10",
                    "nome_aluno": "DINIS DASKALYUK"
                },
                {
                    "codigo_aluno": "309(...)15",
                    "nome_aluno": "DUARTE VIDIGAL FILIPE COELHO"
                },
                {
                    "codigo_aluno": "306(...)67",
                    "nome_aluno": "FILIPA ASSEICEIRO HENRIQUES"
                },
                {
                    "codigo_aluno": "157(...)90",
                    "nome_aluno": "FILIPA CORREIA MENDONÇA"
                },
                {
                    "codigo_aluno": "151(...)16",
                    "nome_aluno": "GUSTAVO CRUZ DE LEMOS E SOUSA"
                },
                {
                    "codigo_aluno": "306(...)62",
                    "nome_aluno": "IARA PEREIRA DA COSTA MACHADO"
                },
                {
                    "codigo_aluno": "151(...)29",
                    "nome_aluno": "JOANA FILIPA NUNES LOURENÇO PEREIRA"
                },
                {
                    "codigo_aluno": "153(...)19",
                    "nome_aluno": "JOÃO DIOGO MARTINS FERNANDES FERREIRA"
                },
                {
                    "codigo_aluno": "312(...)43",
                    "nome_aluno": "JOAQUIM MARIA BRÁS MONTEIRO LOPES DE CARVALHO"
                },
                {
                    "codigo_aluno": "159(...)75",
                    "nome_aluno": "MAFALDA LOPES SALGADO MORENO"
                },
                {
                    "codigo_aluno": "154(...)42",
                    "nome_aluno": "MARIA DE SANTIAGO PAIS CARDOSO ABECASIS"
                },
                {
                    "codigo_aluno": "309(...)65",
                    "nome_aluno": "MARIA DO CARMO CÂNDIDO SEQUEIRA MUÑOZ"
                },
                {
                    "codigo_aluno": "154(...)99",
                    "nome_aluno": "MARIA JULIA DE MICO FERRARINI"
                },
                {
                    "codigo_aluno": "311(...)76",
                    "nome_aluno": "MARTA ALEIXO FOLGADO"
                },
                {
                    "codigo_aluno": "153(...)39",
                    "nome_aluno": "MARTIM ROCHA RODRIGUES DA SILVA"
                },
                {
                    "codigo_aluno": "152(...)27",
                    "nome_aluno": "MATILDE ROCHA GALVÃO"
                },
                {
                    "codigo_aluno": "151(...)56",
                    "nome_aluno": "MIGUEL DINIS CASINHAS PERES"
                },
                {
                    "codigo_aluno": "304(...)55",
                    "nome_aluno": "RICARDO ANTUNES DE CARVALHO"
                },
                {
                    "codigo_aluno": "153(...)54",
                    "nome_aluno": "RITA PIMENTEL BRANCO"
                },
                {
                    "codigo_aluno": "307(...)27",
                    "nome_aluno": "RODRIGO MIGUEL VALBORDO ROLO"
                },
                {
                    "codigo_aluno": "154(...)74",
                    "nome_aluno": "RODRIGO SANTOS SILVA CARDOSO FERREIRA"
                },
                {
                    "codigo_aluno": "304(...)41",
                    "nome_aluno": "SARA RAMOS PEREIRA"
                },
                {
                    "codigo_aluno": "303(...)15",
                    "nome_aluno": "SOFIA DE SOUSA MENDES PINTO BASTO"
                },
                {
                    "codigo_aluno": "306(...)08",
                    "nome_aluno": "SOFIA MARIA VIEIRA ASSIS"
                },
                {
                    "codigo_aluno": "240(...)26",
                    "nome_aluno": "YUETONG LIU"
                }
            ]
        }
    ]
}