{
    "codigo_universidade": "0520",
    "nome_universidade": "0520 - Universidade de Coimbra (Campus Figueira da Foz)",
    "cursos": [
        {
            "codigo_curso": "9013",
            "nome_curso": "9013 - Biologia Marinha",
            "colocados": [
                {
                    "codigo_aluno": "302(...)04",
                    "nome_aluno": "ANDREA DE SOUSA ÁLVAREZ"
                },
                {
                    "codigo_aluno": "309(...)70",
                    "nome_aluno": "CAROLINA ANSELMO COELHO"
                },
                {
                    "codigo_aluno": "305(...)31",
                    "nome_aluno": "FRANCISCA MARIA RIBEIRO MANGERONA"
                },
                {
                    "codigo_aluno": "154(...)90",
                    "nome_aluno": "GABRIEL MOREIRA VEIGA DOS REIS"
                },
                {
                    "codigo_aluno": "301(...)01",
                    "nome_aluno": "GONÇALO DINIS DOS SANTOS COSTA"
                },
                {
                    "codigo_aluno": "303(...)34",
                    "nome_aluno": "LAURA MATANÇO ESTEVES"
                },
                {
                    "codigo_aluno": "313(...)54",
                    "nome_aluno": "MANUEL SENTIEIRO PESTANA PRESTES MARQUES"
                },
                {
                    "codigo_aluno": "306(...)47",
                    "nome_aluno": "MARIANA BASTOS RAMA"
                },
                {
                    "codigo_aluno": "159(...)82",
                    "nome_aluno": "MIGUEL MARIA AZEVEDO NEVES PROVIDÊNCIA ANACORETA"
                },
                {
                    "codigo_aluno": "154(...)34",
                    "nome_aluno": "RICARDO DUARTE GONÇALVES"
                },
                {
                    "codigo_aluno": "306(...)29",
                    "nome_aluno": "RODRIGO NUNES DA PONTE GIL MATA"
                },
                {
                    "codigo_aluno": "309(...)06",
                    "nome_aluno": "SERENA IARA FERREIRA SANTOS"
                }
            ]
        }
    ]
}