{
    "codigo_universidade": "0906",
    "nome_universidade": "0906 - Universidade Nova de Lisboa - Instituto Superior de Estatística e Gestão de Informação",
    "cursos": [
        {
            "codigo_curso": "L188",
            "nome_curso": "L188 - Ciência de Dados",
            "colocados": [
                {
                    "codigo_aluno": "153(...)37",
                    "nome_aluno": "AFONSO PERIQUITO DA FONSECA"
                },
                {
                    "codigo_aluno": "152(...)93",
                    "nome_aluno": "AFONSO RODRIGUES DOROANA LINCE FERNANDES"
                },
                {
                    "codigo_aluno": "300(...)36",
                    "nome_aluno": "ANA CAROLINA MESQUITA BORDA D' ÁGUA"
                },
                {
                    "codigo_aluno": "301(...)05",
                    "nome_aluno": "ANA MARTA DIAS BASTO DA SILVA"
                },
                {
                    "codigo_aluno": "310(...)88",
                    "nome_aluno": "ANDREIA FILIPA COTRIM LOPES"
                },
                {
                    "codigo_aluno": "159(...)68",
                    "nome_aluno": "ANTÓNIO SANTOS PAÚL"
                },
                {
                    "codigo_aluno": "159(...)82",
                    "nome_aluno": "BEATRIZ CAETANO CALISTO"
                },
                {
                    "codigo_aluno": "315(...)85",
                    "nome_aluno": "BEATRIZ PISSARRA ALVES"
                },
                {
                    "codigo_aluno": "151(...)37",
                    "nome_aluno": "CARLOTA COSTA ANTA VALENTE MARTO"
                },
                {
                    "codigo_aluno": "152(...)56",
                    "nome_aluno": "CAROLINA BRITO DE AREZ"
                },
                {
                    "codigo_aluno": "152(...)88",
                    "nome_aluno": "CONSTANÇA SOFIA JOÃO ROCHA"
                },
                {
                    "codigo_aluno": "549(...)35",
                    "nome_aluno": "DANIYAL AHMAD"
                },
                {
                    "codigo_aluno": "159(...)12",
                    "nome_aluno": "DAVID MIGUEL PRAÇA MORAIS"
                },
                {
                    "codigo_aluno": "302(...)73",
                    "nome_aluno": "DIOGO MIGUEL CAPELA MARGARIDO GONÇALVES"
                },
                {
                    "codigo_aluno": "304(...)09",
                    "nome_aluno": "FRANCISCA JOÃO VEIGA TEIXEIRA"
                },
                {
                    "codigo_aluno": "301(...)83",
                    "nome_aluno": "FRANCISCO MANUEL RICARDO PIMENTA"
                },
                {
                    "codigo_aluno": "156(...)36",
                    "nome_aluno": "GABRIEL BOSTAN MUNTEANU"
                },
                {
                    "codigo_aluno": "152(...)47",
                    "nome_aluno": "GUSTAVO FRANCISCO FRANCO"
                },
                {
                    "codigo_aluno": "309(...)60",
                    "nome_aluno": "HENRIQUE FERNANDES DOS SANTOS"
                },
                {
                    "codigo_aluno": "305(...)07",
                    "nome_aluno": "HENRIQUE JORGE RODRIGUES CUSTÓDIO DE MAGALHÃES MADUREIRA"
                },
                {
                    "codigo_aluno": "309(...)79",
                    "nome_aluno": "INÊS DOS SANTOS CASEIRO"
                },
                {
                    "codigo_aluno": "151(...)87",
                    "nome_aluno": "INÊS DOS SANTOS GRAÇA"
                },
                {
                    "codigo_aluno": "314(...)87",
                    "nome_aluno": "INÊS MARIA LOPES CLARO"
                },
                {
                    "codigo_aluno": "304(...)44",
                    "nome_aluno": "JAIME BRAZ DE ABREU"
                },
                {
                    "codigo_aluno": "310(...)70",
                    "nome_aluno": "JOÃO PAULO DE SOUSA MARQUES"
                },
                {
                    "codigo_aluno": "319(...)41",
                    "nome_aluno": "JUAN DIEGO DA SILVA MENDES"
                },
                {
                    "codigo_aluno": "308(...)66",
                    "nome_aluno": "LAURA CABRAL COSTA ASCENSÃO TIAGO"
                },
                {
                    "codigo_aluno": "310(...)25",
                    "nome_aluno": "LAURA SOFIA FERREIRA LISBOA"
                },
                {
                    "codigo_aluno": "153(...)19",
                    "nome_aluno": "LOURENÇO VARELA DOS REIS LAMPREIA LIMA"
                },
                {
                    "codigo_aluno": "155(...)46",
                    "nome_aluno": "LUCAS BAPTISTA CHRISTOL"
                },
                {
                    "codigo_aluno": "155(...)11",
                    "nome_aluno": "LUCAS VILAÇA CASIMIRO"
                },
                {
                    "codigo_aluno": "157(...)97",
                    "nome_aluno": "MAIARA BEATRIZ SILVA ALMADA"
                },
                {
                    "codigo_aluno": "308(...)97",
                    "nome_aluno": "MARGARIDA SANTOS PEREIRA"
                },
                {
                    "codigo_aluno": "152(...)75",
                    "nome_aluno": "MARIANA SOFIA FARIA MARTINS"
                },
                {
                    "codigo_aluno": "300(...)57",
                    "nome_aluno": "MARTINHO ABREU PINTO ESTÊVÃO"
                },
                {
                    "codigo_aluno": "156(...)73",
                    "nome_aluno": "MIGUEL SERRAS GOMES PARENTE MELO"
                },
                {
                    "codigo_aluno": "155(...)02",
                    "nome_aluno": "MIGUEL SERRAZINA MARQUÊS GOMES"
                },
                {
                    "codigo_aluno": "307(...)32",
                    "nome_aluno": "MIRIAM SOARES VITOR"
                },
                {
                    "codigo_aluno": "156(...)44",
                    "nome_aluno": "NOA MORAIS REIS CASTANHEIRA PENAS"
                },
                {
                    "codigo_aluno": "304(...)73",
                    "nome_aluno": "PEDRO AFONSO SIMÕES JORGE"
                },
                {
                    "codigo_aluno": "302(...)83",
                    "nome_aluno": "PEDRO MARIA MALTA DE ABREU NETO FERREIRA"
                },
                {
                    "codigo_aluno": "306(...)65",
                    "nome_aluno": "RODRIGO PEREIRA GONÇALVES DE SOUTA"
                },
                {
                    "codigo_aluno": "300(...)80",
                    "nome_aluno": "SIMÃO VICENTE COSTA"
                },
                {
                    "codigo_aluno": "303(...)39",
                    "nome_aluno": "TIAGO LEIRIA AMARO SIMÕES DA SILVEIRA"
                },
                {
                    "codigo_aluno": "314(...)58",
                    "nome_aluno": "ZAKAEL JOSHUA VAN ZWEEL"
                }
            ]
        },
        {
            "codigo_curso": "9155",
            "nome_curso": "9155 - Gestão de Informação",
            "colocados": [
                {
                    "codigo_aluno": "154(...)42",
                    "nome_aluno": "AFONSO AMORIM MACEDO DOS SANTOS"
                },
                {
                    "codigo_aluno": "300(...)45",
                    "nome_aluno": "AFONSO FERREIRA ALVES DA PIEDADE GUERREIRO"
                },
                {
                    "codigo_aluno": "154(...)86",
                    "nome_aluno": "AFONSO LOPES RODRIGUES"
                },
                {
                    "codigo_aluno": "154(...)44",
                    "nome_aluno": "AFONSO MARIA JACINTO MARQUES"
                },
                {
                    "codigo_aluno": "304(...)54",
                    "nome_aluno": "ANA CATARINA CANHÃO MENDANHA PÁSCOA E TAVARES"
                },
                {
                    "codigo_aluno": "153(...)48",
                    "nome_aluno": "ANDRÉ DELGADO AFONSO"
                },
                {
                    "codigo_aluno": "312(...)28",
                    "nome_aluno": "ANDRÉ PEREIRA FIÚZA"
                },
                {
                    "codigo_aluno": "302(...)70",
                    "nome_aluno": "ANTÓNIO WALDEMAR SERUYA DE ALBUQUERQUE D OREY"
                },
                {
                    "codigo_aluno": "311(...)06",
                    "nome_aluno": "CATARINA FILIPA DE CARVALHO APARÍCIO"
                },
                {
                    "codigo_aluno": "326(...)95",
                    "nome_aluno": "DARYNA REMEZ"
                },
                {
                    "codigo_aluno": "310(...)82",
                    "nome_aluno": "DAVID ALEXANDRE ELIAS AFONSO"
                },
                {
                    "codigo_aluno": "304(...)74",
                    "nome_aluno": "DIOGO DA CUNHA FERREIRA MONTEIRO RODRIGUES"
                },
                {
                    "codigo_aluno": "309(...)48",
                    "nome_aluno": "DIOGO FILIPE CARRICHE PIRES"
                },
                {
                    "codigo_aluno": "151(...)14",
                    "nome_aluno": "EDUARDO PEREIRA NUNES"
                },
                {
                    "codigo_aluno": "300(...)44",
                    "nome_aluno": "EVA SANTIAGO ANTUNES FURTADO"
                },
                {
                    "codigo_aluno": "300(...)78",
                    "nome_aluno": "FILIPA COELHO ESPIGA CARNEIRO"
                },
                {
                    "codigo_aluno": "309(...)31",
                    "nome_aluno": "FRANCISCO BARBOSA DA SILVA PAIVA"
                },
                {
                    "codigo_aluno": "309(...)26",
                    "nome_aluno": "FRANCISCO MIGUEL MARTINS RODRIGUES DE JESUS"
                },
                {
                    "codigo_aluno": "240(...)06",
                    "nome_aluno": "GABRIEL MARDARI"
                },
                {
                    "codigo_aluno": "307(...)29",
                    "nome_aluno": "GONÇALO JACQUES PENA AFONSO"
                },
                {
                    "codigo_aluno": "310(...)21",
                    "nome_aluno": "GONÇALO SOARES NEVES"
                },
                {
                    "codigo_aluno": "302(...)90",
                    "nome_aluno": "GUI DE ABREU CANELAS DE CASTRO"
                },
                {
                    "codigo_aluno": "311(...)97",
                    "nome_aluno": "GUILHERME ALMEIDA VALIDO"
                },
                {
                    "codigo_aluno": "152(...)09",
                    "nome_aluno": "GUILHERME BECO DE LOBO BRAZ MIMOSO"
                },
                {
                    "codigo_aluno": "312(...)95",
                    "nome_aluno": "GUILHERME DOS REIS CASTRO"
                },
                {
                    "codigo_aluno": "305(...)17",
                    "nome_aluno": "INÊS RIBEIRO TAVARES"
                },
                {
                    "codigo_aluno": "154(...)08",
                    "nome_aluno": "JOANA VERDASCA DOS REIS"
                },
                {
                    "codigo_aluno": "156(...)22",
                    "nome_aluno": "JOÃO MIGUEL GERALDES VINTÉM DE OLIVEIRA BARROSO"
                },
                {
                    "codigo_aluno": "159(...)29",
                    "nome_aluno": "JOAQUIM ANTÓNIO MADALENO INÁCIO"
                },
                {
                    "codigo_aluno": "308(...)84",
                    "nome_aluno": "JOSÉ MIGUEL CORDEIRO HENRIQUES MENDES"
                },
                {
                    "codigo_aluno": "154(...)73",
                    "nome_aluno": "LAURA BORGES VEIGA"
                },
                {
                    "codigo_aluno": "159(...)63",
                    "nome_aluno": "LEONOR DE BASTO MATOS"
                },
                {
                    "codigo_aluno": "307(...)79",
                    "nome_aluno": "LÍDIA SOFIA GUEDES TAVARES"
                },
                {
                    "codigo_aluno": "549(...)03",
                    "nome_aluno": "LORENZO BARTOLINI"
                },
                {
                    "codigo_aluno": "155(...)31",
                    "nome_aluno": "LUANA ARLENE CARVALHO DE SOUSA"
                },
                {
                    "codigo_aluno": "153(...)80",
                    "nome_aluno": "LUÍS ALEXANDRE GONÇALVES SOUSA"
                },
                {
                    "codigo_aluno": "153(...)00",
                    "nome_aluno": "MADALENA HELBLING BERNARDES RIBEIRO GRAÇA"
                },
                {
                    "codigo_aluno": "304(...)65",
                    "nome_aluno": "MADALENA MARTINS DA PALMA FRANCISCO"
                },
                {
                    "codigo_aluno": "153(...)61",
                    "nome_aluno": "MAFALDA VASCONCELOS CYMBRON"
                },
                {
                    "codigo_aluno": "307(...)37",
                    "nome_aluno": "MARGARIDA BARREIRA PINTO"
                },
                {
                    "codigo_aluno": "308(...)56",
                    "nome_aluno": "MARGARIDA CARVALHO DOS SANTOS"
                },
                {
                    "codigo_aluno": "310(...)67",
                    "nome_aluno": "MARIA INÊS PRIOR DOS SANTOS BRUNHETA"
                },
                {
                    "codigo_aluno": "549(...)15",
                    "nome_aluno": "MARIA OLAYA TAMAYO"
                },
                {
                    "codigo_aluno": "159(...)73",
                    "nome_aluno": "MARIANA CAROLINA ALVES CALDEIRA"
                },
                {
                    "codigo_aluno": "303(...)09",
                    "nome_aluno": "MARIANA SILVA LOPES"
                },
                {
                    "codigo_aluno": "152(...)80",
                    "nome_aluno": "MARTIM AFONSO PAIVA"
                },
                {
                    "codigo_aluno": "156(...)85",
                    "nome_aluno": "MARTIM ALVES COELHO"
                },
                {
                    "codigo_aluno": "301(...)19",
                    "nome_aluno": "MATILDE DE CASTRO E SILVA"
                },
                {
                    "codigo_aluno": "153(...)67",
                    "nome_aluno": "MATILDE DOS SANTOS BARROSO CORREIA BORGES"
                },
                {
                    "codigo_aluno": "158(...)43",
                    "nome_aluno": "MATILDE TINOCO PEDRO GRANATE VARANDA"
                },
                {
                    "codigo_aluno": "159(...)13",
                    "nome_aluno": "MIGUEL DE OLIVEIRA HOMEM"
                },
                {
                    "codigo_aluno": "309(...)54",
                    "nome_aluno": "MIGUEL DIOGO COSTA DA FONSECA"
                },
                {
                    "codigo_aluno": "157(...)36",
                    "nome_aluno": "MIGUEL SIMÕES PIMENTEL MARTO"
                },
                {
                    "codigo_aluno": "304(...)63",
                    "nome_aluno": "PEDRO BRUNO LOPES SALGADO"
                },
                {
                    "codigo_aluno": "303(...)00",
                    "nome_aluno": "PEDRO DIOGO PEREIRA ALVEIRINHO CARREGA"
                },
                {
                    "codigo_aluno": "306(...)08",
                    "nome_aluno": "RICARDO LOPES DE OLIVEIRA"
                },
                {
                    "codigo_aluno": "304(...)23",
                    "nome_aluno": "RITA MENDES FRAGOSO"
                },
                {
                    "codigo_aluno": "305(...)87",
                    "nome_aluno": "RODRIGO MIGUEL CORREIA GUERREIRO"
                },
                {
                    "codigo_aluno": "158(...)59",
                    "nome_aluno": "SARA CURADO ANDRADE JONET DE CARVALHO"
                },
                {
                    "codigo_aluno": "303(...)17",
                    "nome_aluno": "TERESA AMADO SILVA ANTUNES BICA"
                },
                {
                    "codigo_aluno": "153(...)87",
                    "nome_aluno": "TIAGO CALDAS SANTOS"
                },
                {
                    "codigo_aluno": "306(...)33",
                    "nome_aluno": "TIAGO DA SILVA PEREIRA"
                },
                {
                    "codigo_aluno": "303(...)79",
                    "nome_aluno": "TIAGO FILIPE GODINHO BENODIZ"
                },
                {
                    "codigo_aluno": "305(...)90",
                    "nome_aluno": "VASCO RAFAEL BARRIGA GUERREIRO"
                },
                {
                    "codigo_aluno": "334(...)67",
                    "nome_aluno": "VITÓRIA KUSHNIRUK"
                },
                {
                    "codigo_aluno": "150(...)31",
                    "nome_aluno": "WILLIAM PATRICK LOPES ROCHA"
                }
            ]
        },
        {
            "codigo_curso": "8259",
            "nome_curso": "8259 - Sistemas e Tecnologias de Informação",
            "colocados": [
                {
                    "codigo_aluno": "155(...)68",
                    "nome_aluno": "AFONSO DA PAZ VILARIGUES RODRIGUES DOS SANTOS"
                },
                {
                    "codigo_aluno": "309(...)91",
                    "nome_aluno": "AFONSO PAULOS COELHO"
                },
                {
                    "codigo_aluno": "300(...)90",
                    "nome_aluno": "AFONSO VARINO MOURA DA COSTA"
                },
                {
                    "codigo_aluno": "156(...)53",
                    "nome_aluno": "ANASTÁCIA BEATRIZ CIULEACU"
                },
                {
                    "codigo_aluno": "309(...)33",
                    "nome_aluno": "ANDRÉ AFONSO NUNES FREITAS"
                },
                {
                    "codigo_aluno": "320(...)80",
                    "nome_aluno": "ANDRÉ DRAGOS MOLDOVAN"
                },
                {
                    "codigo_aluno": "159(...)72",
                    "nome_aluno": "ANDRÉ MELNIC"
                },
                {
                    "codigo_aluno": "303(...)11",
                    "nome_aluno": "ANDRÉ MIGUEL LOUÇÃO PEREIRA DA SILVA"
                },
                {
                    "codigo_aluno": "300(...)32",
                    "nome_aluno": "ÂNIA DIAS PINTO DA CUNHA MENDES"
                },
                {
                    "codigo_aluno": "154(...)46",
                    "nome_aluno": "BÁRBARA ROQUE LINO VITÓRIA"
                },
                {
                    "codigo_aluno": "310(...)31",
                    "nome_aluno": "BEATRIZ RIO BRAZ LUCAS"
                },
                {
                    "codigo_aluno": "154(...)94",
                    "nome_aluno": "CATARINA SOFIA FIALHO DA ROCHA"
                },
                {
                    "codigo_aluno": "311(...)64",
                    "nome_aluno": "DUARTE DE ALMEIDA TIELAS"
                },
                {
                    "codigo_aluno": "309(...)53",
                    "nome_aluno": "DUARTE MARIA GRAÇA MORAIS MENDES DE ALMEIDA"
                },
                {
                    "codigo_aluno": "319(...)48",
                    "nome_aluno": "FILIP LEONARDO NISTOR"
                },
                {
                    "codigo_aluno": "154(...)27",
                    "nome_aluno": "FRANCISCO TAVARES COUTO"
                },
                {
                    "codigo_aluno": "304(...)84",
                    "nome_aluno": "GONÇALO FILIPE TEIXEIRA BRITO"
                },
                {
                    "codigo_aluno": "307(...)54",
                    "nome_aluno": "GUILHERME JOSÉ BAPTISTA RESENDE VIEGAS"
                },
                {
                    "codigo_aluno": "159(...)74",
                    "nome_aluno": "HENRIQUE FERREIRA BANGUESES"
                },
                {
                    "codigo_aluno": "155(...)28",
                    "nome_aluno": "ÍRIS RIBEIRO SOARES"
                },
                {
                    "codigo_aluno": "151(...)33",
                    "nome_aluno": "JAIME MANUEL CHITONHO VERA CRUZ"
                },
                {
                    "codigo_aluno": "152(...)69",
                    "nome_aluno": "JOANA MEDEIROS CARICHAS"
                },
                {
                    "codigo_aluno": "152(...)05",
                    "nome_aluno": "JOÃO MARIA DUARTE CASTANHEIRA"
                },
                {
                    "codigo_aluno": "304(...)89",
                    "nome_aluno": "MARCO JOSÉ BREMER DE SÁ"
                },
                {
                    "codigo_aluno": "154(...)09",
                    "nome_aluno": "MARGARIDA DA COSTA LIMA RODRIGUES"
                },
                {
                    "codigo_aluno": "303(...)81",
                    "nome_aluno": "MARIA EDUARDA CEGONHO FLAMINIO"
                },
                {
                    "codigo_aluno": "310(...)17",
                    "nome_aluno": "MARIANA MENDONÇA MARQUES"
                },
                {
                    "codigo_aluno": "302(...)65",
                    "nome_aluno": "MARIANA VAZ VEIGA"
                },
                {
                    "codigo_aluno": "303(...)53",
                    "nome_aluno": "MARTIM VAZ CAPELAS CORREIA XAVIER"
                },
                {
                    "codigo_aluno": "309(...)51",
                    "nome_aluno": "MATILDE ALEXANDRA DE ASCENÇÃO DOS SANTOS"
                },
                {
                    "codigo_aluno": "309(...)38",
                    "nome_aluno": "MATILDE MADEIRA MARTINS"
                },
                {
                    "codigo_aluno": "309(...)76",
                    "nome_aluno": "MIGUEL DOS SANTOS TAVARES"
                },
                {
                    "codigo_aluno": "153(...)82",
                    "nome_aluno": "NUBIA ELISA DE MELO VEIGA"
                },
                {
                    "codigo_aluno": "154(...)69",
                    "nome_aluno": "RICARDO VIEGAS DE MEDEIROS DE AZEVEDO LIMA"
                },
                {
                    "codigo_aluno": "154(...)35",
                    "nome_aluno": "RITA ALHO BARROSO"
                },
                {
                    "codigo_aluno": "154(...)08",
                    "nome_aluno": "RODRIGO ALFREDO FERNANDES RODRIGUES PIRES"
                },
                {
                    "codigo_aluno": "154(...)07",
                    "nome_aluno": "SANTIAGO CONDE E SILVA ALVES DE OLIVEIRA"
                },
                {
                    "codigo_aluno": "153(...)24",
                    "nome_aluno": "SIMÃO AMADO RODRIGUES"
                },
                {
                    "codigo_aluno": "300(...)92",
                    "nome_aluno": "SIMÃO LUÍS RAIMUNDO GERARDO"
                },
                {
                    "codigo_aluno": "153(...)93",
                    "nome_aluno": "SIMÃO PEDRO RODRIGUES MOREIRA"
                },
                {
                    "codigo_aluno": "310(...)37",
                    "nome_aluno": "TIAGO HENRIQUE JOSÉ DE CARVALHO"
                },
                {
                    "codigo_aluno": "154(...)19",
                    "nome_aluno": "TOMÁS SILVA FERREIRA"
                },
                {
                    "codigo_aluno": "154(...)82",
                    "nome_aluno": "VASCO MIGUEL MALHÓ MINISTRO"
                }
            ]
        }
    ]
}