{
    "codigo_universidade": "1508",
    "nome_universidade": "1508 - Universidade de Lisboa - Faculdade de Medicina Dentária",
    "cursos": [
        {
            "codigo_curso": "9556",
            "nome_curso": "9556 - Higiene Oral",
            "colocados": [
                {
                    "codigo_aluno": "155(...)70",
                    "nome_aluno": "ANA DO CARMO MARIA SERRANO"
                },
                {
                    "codigo_aluno": "150(...)38",
                    "nome_aluno": "ANA RAQUEL FONSECA MAGALHÃES RIBEIRO"
                },
                {
                    "codigo_aluno": "309(...)74",
                    "nome_aluno": "ANA RITA VIEIRA CARVALHO"
                },
                {
                    "codigo_aluno": "305(...)73",
                    "nome_aluno": "BEATRIZ LOPES GEADA"
                },
                {
                    "codigo_aluno": "308(...)36",
                    "nome_aluno": "BEATRIZ SARUGA ROQUE"
                },
                {
                    "codigo_aluno": "153(...)43",
                    "nome_aluno": "BRIGITE DE ALMEIDA VIEGAS LEOPOLDINO BOA MORTE"
                },
                {
                    "codigo_aluno": "302(...)82",
                    "nome_aluno": "BRUNA MARTINS MENDONÇA"
                },
                {
                    "codigo_aluno": "154(...)07",
                    "nome_aluno": "CAROLINA BEATRIZ MADEIRA PEREIRA"
                },
                {
                    "codigo_aluno": "304(...)34",
                    "nome_aluno": "CAROLINA CAIADO TEIXEIRA"
                },
                {
                    "codigo_aluno": "305(...)98",
                    "nome_aluno": "CAROLINA PRATAS KRISTENSEN"
                },
                {
                    "codigo_aluno": "309(...)67",
                    "nome_aluno": "CAROLINA TEIXEIRA OLIVEIRA"
                },
                {
                    "codigo_aluno": "242(...)01",
                    "nome_aluno": "CHENGXIANG XU"
                },
                {
                    "codigo_aluno": "307(...)15",
                    "nome_aluno": "CONSTANÇA VITORINO DE SOUSA"
                },
                {
                    "codigo_aluno": "154(...)98",
                    "nome_aluno": "ELEONORA KLIKÓ"
                },
                {
                    "codigo_aluno": "310(...)08",
                    "nome_aluno": "EMA SOFIA GHERMAN"
                },
                {
                    "codigo_aluno": "151(...)60",
                    "nome_aluno": "ERICA PIMENTA SANTOS"
                },
                {
                    "codigo_aluno": "305(...)08",
                    "nome_aluno": "FILIPA EVANGELISTA DE MAGALHAES PALMA MIGUEL"
                },
                {
                    "codigo_aluno": "155(...)84",
                    "nome_aluno": "FILIPA FERNANDES RODRIGUES"
                },
                {
                    "codigo_aluno": "152(...)60",
                    "nome_aluno": "FRANCISCA DE MORAIS ESTEVES"
                },
                {
                    "codigo_aluno": "311(...)76",
                    "nome_aluno": "INES ANDREIA DA COSTA AGULHAS"
                },
                {
                    "codigo_aluno": "152(...)88",
                    "nome_aluno": "INES EVARISTO GONCALVES"
                },
                {
                    "codigo_aluno": "159(...)25",
                    "nome_aluno": "JOÃO PINTO CHAGAS"
                },
                {
                    "codigo_aluno": "303(...)87",
                    "nome_aluno": "JOSÉ MARIA PARREIRA FERNANDES CORTES CAVACO"
                },
                {
                    "codigo_aluno": "153(...)11",
                    "nome_aluno": "LEONOR ANDRADE CARREIRA"
                },
                {
                    "codigo_aluno": "154(...)19",
                    "nome_aluno": "LEONOR DA SILVA BATISTA REIS FERREIRA"
                },
                {
                    "codigo_aluno": "300(...)64",
                    "nome_aluno": "LEONOR LEITE PINHEIRO GONÇALVES"
                },
                {
                    "codigo_aluno": "309(...)10",
                    "nome_aluno": "LEONOR MARQUES VIEGAS"
                },
                {
                    "codigo_aluno": "300(...)33",
                    "nome_aluno": "LUA DARGENT BRAZ DE OLIVEIRA"
                },
                {
                    "codigo_aluno": "304(...)65",
                    "nome_aluno": "MAFALDA ABREU CUNHA"
                },
                {
                    "codigo_aluno": "300(...)68",
                    "nome_aluno": "MARGARIDA COSTA MARANTE GONÇALVES"
                },
                {
                    "codigo_aluno": "305(...)72",
                    "nome_aluno": "MARGARIDA RICARDO FURTADO REIS"
                },
                {
                    "codigo_aluno": "154(...)65",
                    "nome_aluno": "MARIA BEATRIZ FERREIRA DA SILVA"
                },
                {
                    "codigo_aluno": "159(...)31",
                    "nome_aluno": "MARIA DA PIEDADE DE ARROCHELA ALEGRIA NIGRA"
                },
                {
                    "codigo_aluno": "152(...)75",
                    "nome_aluno": "MARIA LEONOR FIRMINO PICA"
                },
                {
                    "codigo_aluno": "154(...)78",
                    "nome_aluno": "MARIA LUÍSA DINIS HENRIQUES"
                },
                {
                    "codigo_aluno": "303(...)92",
                    "nome_aluno": "MARIA MADALENA CARTAXO BRANQUINHO DE BRITO"
                },
                {
                    "codigo_aluno": "156(...)42",
                    "nome_aluno": "MARTA MIGUEL CABECINHA GUERREIRO"
                },
                {
                    "codigo_aluno": "311(...)93",
                    "nome_aluno": "NATACHA PERES LOPES"
                },
                {
                    "codigo_aluno": "309(...)01",
                    "nome_aluno": "RITA PEREIRA SILVESTRE CABRAL E SOUSA"
                },
                {
                    "codigo_aluno": "157(...)49",
                    "nome_aluno": "RODRIGO MANUEL NUNES SERRA"
                },
                {
                    "codigo_aluno": "304(...)32",
                    "nome_aluno": "SARA DOS SANTOS SILVA TORPES"
                },
                {
                    "codigo_aluno": "300(...)96",
                    "nome_aluno": "SARA PINTO SILVA"
                },
                {
                    "codigo_aluno": "152(...)30",
                    "nome_aluno": "SOFIA GOUVEIA SANCHO SOUSA PAULO"
                },
                {
                    "codigo_aluno": "240(...)29",
                    "nome_aluno": "SOFIA PIMENTA VITÓRIO"
                }
            ]
        },
        {
            "codigo_curso": "9548",
            "nome_curso": "9548 - Medicina Dentária",
            "colocados": [
                {
                    "codigo_aluno": "311(...)08",
                    "nome_aluno": "AFONSO DE AGUIAR DOMINGOS"
                },
                {
                    "codigo_aluno": "149(...)97",
                    "nome_aluno": "ALEXANDRA ISABEL SERETO MURTEIRA"
                },
                {
                    "codigo_aluno": "305(...)96",
                    "nome_aluno": "ANA CAROLINA FERREIRA LOPES"
                },
                {
                    "codigo_aluno": "158(...)15",
                    "nome_aluno": "ANA MARGARIDA MARQUES BRANCO"
                },
                {
                    "codigo_aluno": "306(...)09",
                    "nome_aluno": "ANA MARGARIDA SANTOS MENDES"
                },
                {
                    "codigo_aluno": "152(...)33",
                    "nome_aluno": "ANA MARIA DOS SANTOS FONSECA GONÇALVES"
                },
                {
                    "codigo_aluno": "151(...)86",
                    "nome_aluno": "ANA MARTÍN ALEXANDRE"
                },
                {
                    "codigo_aluno": "300(...)20",
                    "nome_aluno": "BÁRBARA MARQUES DOS SANTOS CALDEIRA CORDOVIL"
                },
                {
                    "codigo_aluno": "152(...)36",
                    "nome_aluno": "CARLOTA DE OLIVEIRA FRANCO FIGUEROLA"
                },
                {
                    "codigo_aluno": "152(...)31",
                    "nome_aluno": "CAROLINA ALEXANDRE DOS SANTOS FERNANDES"
                },
                {
                    "codigo_aluno": "305(...)82",
                    "nome_aluno": "CAROLINA COSTA LOPES DOS LÓIOS FIGUEIREDO"
                },
                {
                    "codigo_aluno": "158(...)88",
                    "nome_aluno": "CAROLINA MACHADO DA MATTA"
                },
                {
                    "codigo_aluno": "306(...)24",
                    "nome_aluno": "DINIS DE DEUS FOLGADO PEREIRA"
                },
                {
                    "codigo_aluno": "150(...)75",
                    "nome_aluno": "DINIS MANUEL MARTINS SANTOS"
                },
                {
                    "codigo_aluno": "154(...)69",
                    "nome_aluno": "DUARTE FIGUEIREDO ROSA"
                },
                {
                    "codigo_aluno": "549(...)24",
                    "nome_aluno": "EESHA AHMAD"
                },
                {
                    "codigo_aluno": "549(...)04",
                    "nome_aluno": "FERNANDO CARVALHO MARCONDES DE OLIVEIRA"
                },
                {
                    "codigo_aluno": "304(...)35",
                    "nome_aluno": "FLÁVIO TORRES AZEVEDO"
                },
                {
                    "codigo_aluno": "300(...)75",
                    "nome_aluno": "GABRIEL CORAGEM DE SOUSA"
                },
                {
                    "codigo_aluno": "308(...)10",
                    "nome_aluno": "GABRIELA BERGHII"
                },
                {
                    "codigo_aluno": "309(...)33",
                    "nome_aluno": "INÊS ASCENSO JOÃO"
                },
                {
                    "codigo_aluno": "151(...)72",
                    "nome_aluno": "INÊS MARIA TAVARES DE FRIAS E DE QUENTAL"
                },
                {
                    "codigo_aluno": "307(...)42",
                    "nome_aluno": "INÊS VICENTE COELHO"
                },
                {
                    "codigo_aluno": "303(...)91",
                    "nome_aluno": "JÉSSICA LETÍCIA FERNANDES COSTA"
                },
                {
                    "codigo_aluno": "308(...)98",
                    "nome_aluno": "JOANA CADIMAS RODRIGUES"
                },
                {
                    "codigo_aluno": "150(...)02",
                    "nome_aluno": "JOANA DOMINGOS GRILO"
                },
                {
                    "codigo_aluno": "159(...)58",
                    "nome_aluno": "JOÃO FILIPE GONÇALVES"
                },
                {
                    "codigo_aluno": "308(...)12",
                    "nome_aluno": "JOÃO TIAGO DO ROSÁRIO GOMES DA COSTA"
                },
                {
                    "codigo_aluno": "306(...)82",
                    "nome_aluno": "LARA ISABEL SIMÕES DOS SANTOS"
                },
                {
                    "codigo_aluno": "151(...)32",
                    "nome_aluno": "LEONOR DA CUNHA BARROS PEREIRA CARRASCOZINHO"
                },
                {
                    "codigo_aluno": "154(...)91",
                    "nome_aluno": "LEONOR VILARES CABRITA MATEUS DE CARVALHO"
                },
                {
                    "codigo_aluno": "321(...)08",
                    "nome_aluno": "LUCAS LÉÔ DE LIMA PORTUGAL"
                },
                {
                    "codigo_aluno": "152(...)91",
                    "nome_aluno": "MADALENA MESSIAS DA SILVA BRUSCHY"
                },
                {
                    "codigo_aluno": "309(...)23",
                    "nome_aluno": "MAFALDA MESTRE VAZ"
                },
                {
                    "codigo_aluno": "306(...)41",
                    "nome_aluno": "MARGARIDA DA GRAÇA RODRIGUES"
                },
                {
                    "codigo_aluno": "153(...)74",
                    "nome_aluno": "MARIA FRANCISCA LUCAS APARICIO"
                },
                {
                    "codigo_aluno": "153(...)15",
                    "nome_aluno": "MARIA GOMES PEREIRA BALEIRAS"
                },
                {
                    "codigo_aluno": "304(...)49",
                    "nome_aluno": "MARIA GONÇALVES AREDE"
                },
                {
                    "codigo_aluno": "304(...)13",
                    "nome_aluno": "MARIA INÊS BAPTISTA LOPES"
                },
                {
                    "codigo_aluno": "305(...)37",
                    "nome_aluno": "MARIA INES CARDOSO FONSECA"
                },
                {
                    "codigo_aluno": "303(...)63",
                    "nome_aluno": "MARIA MADALENA DE PAIVA E PONA CÔRTE-REAL GONÇALVES"
                },
                {
                    "codigo_aluno": "151(...)18",
                    "nome_aluno": "MARIA MANUEL MARQUES PEREIRA"
                },
                {
                    "codigo_aluno": "303(...)55",
                    "nome_aluno": "MARIA MIGUEL VARELA"
                },
                {
                    "codigo_aluno": "301(...)77",
                    "nome_aluno": "MARIA SOFIA DO ESPÍRITO SANTO PATRÍCIO"
                },
                {
                    "codigo_aluno": "306(...)59",
                    "nome_aluno": "MARIA TERESA TROPA MINAS"
                },
                {
                    "codigo_aluno": "310(...)83",
                    "nome_aluno": "MARIANA COELHO SOARES"
                },
                {
                    "codigo_aluno": "306(...)96",
                    "nome_aluno": "MARIANA MIGUEL ALEXANDRE CHAVES"
                },
                {
                    "codigo_aluno": "157(...)56",
                    "nome_aluno": "MARIANA RITA ROSA ENCARNAÇÃO"
                },
                {
                    "codigo_aluno": "306(...)88",
                    "nome_aluno": "MARIANA VARELA LEAL GONÇALVES"
                },
                {
                    "codigo_aluno": "159(...)93",
                    "nome_aluno": "MARTA FILIPA INÁCIO BUCHA"
                },
                {
                    "codigo_aluno": "151(...)48",
                    "nome_aluno": "MARTINHA MIGUEL FERREIRA BENTO"
                },
                {
                    "codigo_aluno": "159(...)90",
                    "nome_aluno": "MATILDE CINTRA DO VALE TAVARES"
                },
                {
                    "codigo_aluno": "303(...)26",
                    "nome_aluno": "MATILDE SILVA REVÉS"
                },
                {
                    "codigo_aluno": "310(...)47",
                    "nome_aluno": "MIRIAM SOFIA GONÇALVES BARÃO"
                },
                {
                    "codigo_aluno": "240(...)01",
                    "nome_aluno": "NICOLE CORREIA VAZ"
                },
                {
                    "codigo_aluno": "310(...)44",
                    "nome_aluno": "PEDRO FARINHA BAPTISTA"
                },
                {
                    "codigo_aluno": "303(...)54",
                    "nome_aluno": "PEDRO MIGUEL MONTEIRO ANDRADE"
                },
                {
                    "codigo_aluno": "304(...)48",
                    "nome_aluno": "RAFAEL PIRES MACHADO"
                },
                {
                    "codigo_aluno": "153(...)20",
                    "nome_aluno": "RAQUEL ALEXANDRA COIMBRA TELES"
                },
                {
                    "codigo_aluno": "153(...)43",
                    "nome_aluno": "RITA FERREIRA TINOCO"
                },
                {
                    "codigo_aluno": "309(...)68",
                    "nome_aluno": "RITA ISABEL BORREGO CRUZ"
                },
                {
                    "codigo_aluno": "159(...)71",
                    "nome_aluno": "SARA BAPTISTA BRÁS"
                },
                {
                    "codigo_aluno": "300(...)60",
                    "nome_aluno": "SARA SILVESTRE ISIDRO DA COSTA GONÇALVES"
                },
                {
                    "codigo_aluno": "152(...)19",
                    "nome_aluno": "SIMÃO ALEXANDRE PACHECO CONCEIÇÃO"
                },
                {
                    "codigo_aluno": "306(...)22",
                    "nome_aluno": "SIMONE ADRIANA BORGES TAVARES"
                },
                {
                    "codigo_aluno": "242(...)05",
                    "nome_aluno": "SOFIA CHEN"
                },
                {
                    "codigo_aluno": "319(...)52",
                    "nome_aluno": "SUSANA PAVEL"
                },
                {
                    "codigo_aluno": "240(...)02",
                    "nome_aluno": "TANEIM AHRARI"
                },
                {
                    "codigo_aluno": "155(...)44",
                    "nome_aluno": "TIAGO ALEXANDRE ROQUE LIMA RIBEIRO"
                },
                {
                    "codigo_aluno": "240(...)22",
                    "nome_aluno": "VALERIA CIOBANU"
                }
            ]
        },
        {
            "codigo_curso": "9791",
            "nome_curso": "9791 - Prótese Dentária",
            "colocados": [
                {
                    "codigo_aluno": "158(...)97",
                    "nome_aluno": "BÁRBARA INÊS DE ABREU LOPES DUARTE MATEUS"
                },
                {
                    "codigo_aluno": "301(...)14",
                    "nome_aluno": "CAROLINA SOFIA DA SILVA REIZINHO"
                },
                {
                    "codigo_aluno": "309(...)94",
                    "nome_aluno": "CATARINA FERNANDES LOPES"
                },
                {
                    "codigo_aluno": "327(...)26",
                    "nome_aluno": "CRISTIANA LUO"
                },
                {
                    "codigo_aluno": "240(...)08",
                    "nome_aluno": "CRISTINA CHEN YE"
                },
                {
                    "codigo_aluno": "314(...)32",
                    "nome_aluno": "DANIELA ANACLETO TEIXEIRA"
                },
                {
                    "codigo_aluno": "155(...)38",
                    "nome_aluno": "DORA FIGUEIRA FONSECA"
                },
                {
                    "codigo_aluno": "155(...)15",
                    "nome_aluno": "ÉRICA FERNANDES OLIVEIRA"
                },
                {
                    "codigo_aluno": "154(...)77",
                    "nome_aluno": "INÊS ALEXANDRA CARVALHO PEREIRA"
                },
                {
                    "codigo_aluno": "305(...)80",
                    "nome_aluno": "INÊS BEATRIZ PEREIRA ARSÉNIO"
                },
                {
                    "codigo_aluno": "309(...)99",
                    "nome_aluno": "JOANA FONSECA CARLOS"
                },
                {
                    "codigo_aluno": "312(...)99",
                    "nome_aluno": "JOANA MARIA MARTINS GUERREIRO"
                },
                {
                    "codigo_aluno": "157(...)30",
                    "nome_aluno": "LEONOR BARREIRA DELGADINHO"
                },
                {
                    "codigo_aluno": "152(...)56",
                    "nome_aluno": "MADALENA COELHO BERNARDES"
                },
                {
                    "codigo_aluno": "305(...)19",
                    "nome_aluno": "MARIA DO ROSÁRIO DE CASTRO SPRANGER E QUIRINO DE HORTA"
                },
                {
                    "codigo_aluno": "158(...)91",
                    "nome_aluno": "MARIANA SANTOS ALMEIDA SOUSA DIAS"
                },
                {
                    "codigo_aluno": "309(...)54",
                    "nome_aluno": "MARTA SOFIA MARTINS CASTELO"
                },
                {
                    "codigo_aluno": "303(...)45",
                    "nome_aluno": "MATILDE DE JESUS DUARTE"
                },
                {
                    "codigo_aluno": "316(...)19",
                    "nome_aluno": "RITA DUQUE DE MORAIS PAIXAO"
                },
                {
                    "codigo_aluno": "153(...)02",
                    "nome_aluno": "RITA LEONOR PASCOAL DIAS DA SILVA RAFAEL"
                },
                {
                    "codigo_aluno": "156(...)88",
                    "nome_aluno": "SARA ALEXANDRA LISBOA DA SILVA"
                },
                {
                    "codigo_aluno": "301(...)57",
                    "nome_aluno": "SARA PARADELA DE OLIVEIRA AZEVEDO"
                },
                {
                    "codigo_aluno": "307(...)67",
                    "nome_aluno": "SUSANA FILIPA DO NASCIMENTO CARREIRA"
                },
                {
                    "codigo_aluno": "306(...)61",
                    "nome_aluno": "TÂNIA RAFAELA AREIAS MARQUES"
                },
                {
                    "codigo_aluno": "300(...)74",
                    "nome_aluno": "VASCO RAFAEL RODRIGUES DOS SANTOS"
                },
                {
                    "codigo_aluno": "152(...)52",
                    "nome_aluno": "VERA BORGES DA SILVA"
                },
                {
                    "codigo_aluno": "240(...)32",
                    "nome_aluno": "VIKTORIA GEORGIEVA MANDRADZHIEVA"
                }
            ]
        }
    ]
}