{
    "codigo_universidade": "1517",
    "nome_universidade": "1517 - Universidade de Lisboa - Instituto Superior de Economia e Gestão",
    "cursos": [
        {
            "codigo_curso": "9081",
            "nome_curso": "9081 - Economia",
            "colocados": [
                {
                    "codigo_aluno": "308(...)69",
                    "nome_aluno": "AFONSO DE FREITAS FILIPE"
                },
                {
                    "codigo_aluno": "304(...)86",
                    "nome_aluno": "AFONSO SILVESTRE DE ALMEIDA"
                },
                {
                    "codigo_aluno": "152(...)07",
                    "nome_aluno": "ALEXANDRE MANUEL RODRIGUES BORDALO REINO BARRETO"
                },
                {
                    "codigo_aluno": "158(...)11",
                    "nome_aluno": "ALEXANDRINA MELNIC"
                },
                {
                    "codigo_aluno": "309(...)63",
                    "nome_aluno": "ALICE SOARES FERREIRA"
                },
                {
                    "codigo_aluno": "152(...)63",
                    "nome_aluno": "ANA LEONOR LOURICEIRA TAVARES"
                },
                {
                    "codigo_aluno": "155(...)77",
                    "nome_aluno": "ANA MARIA GOMES SOARES"
                },
                {
                    "codigo_aluno": "303(...)48",
                    "nome_aluno": "ANA RITA REIS DA COSTA"
                },
                {
                    "codigo_aluno": "305(...)34",
                    "nome_aluno": "ANA SOFIA ARRIMAR PASCOAL RIBEIRO"
                },
                {
                    "codigo_aluno": "156(...)06",
                    "nome_aluno": "ANA SOFIA CHINAK"
                },
                {
                    "codigo_aluno": "306(...)73",
                    "nome_aluno": "ANTÓNIO MARIA RAMOS DA LUZ"
                },
                {
                    "codigo_aluno": "307(...)35",
                    "nome_aluno": "BÁRBARA TOMÁS FLORINDO"
                },
                {
                    "codigo_aluno": "152(...)10",
                    "nome_aluno": "BEATRIZ DE OLIVEIRA CARDOSO"
                },
                {
                    "codigo_aluno": "151(...)91",
                    "nome_aluno": "BEATRIZ DIAS FERREIRA MENESES DE SEQUEIRA"
                },
                {
                    "codigo_aluno": "300(...)83",
                    "nome_aluno": "BEATRIZ MARIA SANTOS BASTO"
                },
                {
                    "codigo_aluno": "310(...)81",
                    "nome_aluno": "BEATRIZ SOFIA AZEVEDO FIGUEIRA"
                },
                {
                    "codigo_aluno": "309(...)57",
                    "nome_aluno": "BRUNA RODRIGUES SOARES"
                },
                {
                    "codigo_aluno": "154(...)56",
                    "nome_aluno": "CAMILA MENÉRES BARBOSA PEREIRA"
                },
                {
                    "codigo_aluno": "309(...)10",
                    "nome_aluno": "CAROLINA DE OLIVEIRA GOMES"
                },
                {
                    "codigo_aluno": "306(...)42",
                    "nome_aluno": "CAROLINA SOARES FERNANDES"
                },
                {
                    "codigo_aluno": "307(...)08",
                    "nome_aluno": "DINIS MANUEL DO ROSÁRIO VIEGAS PEREIRA MESTRE"
                },
                {
                    "codigo_aluno": "304(...)76",
                    "nome_aluno": "DINIS MASCARENHAS MATIAS"
                },
                {
                    "codigo_aluno": "152(...)48",
                    "nome_aluno": "DIOGO OOM ORTIZ DE MONTELLANO"
                },
                {
                    "codigo_aluno": "307(...)52",
                    "nome_aluno": "DIOGO PEREIRA BOTICA RODRIGUES DA SILVA"
                },
                {
                    "codigo_aluno": "151(...)50",
                    "nome_aluno": "DIOGO TRINDADE BORGES DE FREITAS"
                },
                {
                    "codigo_aluno": "155(...)07",
                    "nome_aluno": "DUARTE MARTINS ANTUNES"
                },
                {
                    "codigo_aluno": "153(...)11",
                    "nome_aluno": "DUARTE MIGUEL CARRISOSA CASTRO LOPES DE CARVALHO"
                },
                {
                    "codigo_aluno": "156(...)56",
                    "nome_aluno": "EDUARDO LUÍS PINTO HORTÊNSIO"
                },
                {
                    "codigo_aluno": "155(...)90",
                    "nome_aluno": "FILIPA CAPUCHO VIEIRA DE JESUS"
                },
                {
                    "codigo_aluno": "307(...)63",
                    "nome_aluno": "FILIPA GUILHERME LOURENÇO"
                },
                {
                    "codigo_aluno": "306(...)55",
                    "nome_aluno": "FILIPE ANDREZ LIBÓRIO"
                },
                {
                    "codigo_aluno": "151(...)34",
                    "nome_aluno": "FRANCISCA BORGES DE MACEDO ABREU FAGUNDES"
                },
                {
                    "codigo_aluno": "303(...)99",
                    "nome_aluno": "FRANCISCO DE CASTRO NASCIMENTO RODRIGUES"
                },
                {
                    "codigo_aluno": "155(...)65",
                    "nome_aluno": "FRANCISCO NEVES TOMÁS ALBUQUERQUE DE CARVALHO"
                },
                {
                    "codigo_aluno": "305(...)13",
                    "nome_aluno": "FRANCISCO RAPOSO DE BARROS"
                },
                {
                    "codigo_aluno": "156(...)61",
                    "nome_aluno": "FRANCISCO SEQUEIRA PEREIRA SOBRAL COSTA"
                },
                {
                    "codigo_aluno": "304(...)50",
                    "nome_aluno": "GONÇALO BRUNO MADEIRA MANZONI DE SEQUEIRA"
                },
                {
                    "codigo_aluno": "307(...)98",
                    "nome_aluno": "GONÇALO PORTAS DE MENDONÇA CARVALHO"
                },
                {
                    "codigo_aluno": "159(...)93",
                    "nome_aluno": "GUILHERME DOS SANTOS PINTO"
                },
                {
                    "codigo_aluno": "150(...)34",
                    "nome_aluno": "GUILHERME GONÇALVES FONTELAS ALBINO"
                },
                {
                    "codigo_aluno": "309(...)43",
                    "nome_aluno": "GUILHERME MEIRELES NOGUEIRA"
                },
                {
                    "codigo_aluno": "300(...)68",
                    "nome_aluno": "GUILHERME RAÚL VIEIRA FERREIRA"
                },
                {
                    "codigo_aluno": "302(...)77",
                    "nome_aluno": "GUSTAVO CONSTANÇO LOPES SOUSA BRAGA"
                },
                {
                    "codigo_aluno": "154(...)08",
                    "nome_aluno": "GUSTAVO CRUZ DE ALMEIDA"
                },
                {
                    "codigo_aluno": "151(...)67",
                    "nome_aluno": "HENRIQUE ALEXANDRE RAPOSO SIMAO"
                },
                {
                    "codigo_aluno": "242(...)11",
                    "nome_aluno": "HUGO CHEN CHEN"
                },
                {
                    "codigo_aluno": "300(...)91",
                    "nome_aluno": "INÊS BRANDÃO MALAFAYA GALARZA FONTE"
                },
                {
                    "codigo_aluno": "240(...)01",
                    "nome_aluno": "JESSICA JIN LIN"
                },
                {
                    "codigo_aluno": "156(...)29",
                    "nome_aluno": "JOANA FERREIRA AVELANS COELHO"
                },
                {
                    "codigo_aluno": "152(...)53",
                    "nome_aluno": "JOANA GASPAR DE BARROS LEITÃO"
                },
                {
                    "codigo_aluno": "152(...)28",
                    "nome_aluno": "JOANA PEREIRA GOMES"
                },
                {
                    "codigo_aluno": "151(...)46",
                    "nome_aluno": "JOÃO ANTÓNIO NOGUEIRA BARBOSA"
                },
                {
                    "codigo_aluno": "307(...)72",
                    "nome_aluno": "JOÃO FRANCISCO ALMEIDA CORREIA CASTRO BARBOSA"
                },
                {
                    "codigo_aluno": "302(...)00",
                    "nome_aluno": "JOÃO FRANCISCO DE OLIM GUIMARAES PEIXOTO"
                },
                {
                    "codigo_aluno": "154(...)98",
                    "nome_aluno": "JOÃO NUNO MOUTINHO LOPES MARTINS"
                },
                {
                    "codigo_aluno": "311(...)73",
                    "nome_aluno": "JOÃO PEDRO DA SILVA BARROS"
                },
                {
                    "codigo_aluno": "153(...)08",
                    "nome_aluno": "JOSÉ ANTÓNIO REDONDO ROSADO GONÇALVES"
                },
                {
                    "codigo_aluno": "152(...)83",
                    "nome_aluno": "JOSÉ PEDRO MOURA PROÊNÇA HONRADO AMARAL"
                },
                {
                    "codigo_aluno": "311(...)08",
                    "nome_aluno": "JOSÉ SILVA BRANCO"
                },
                {
                    "codigo_aluno": "306(...)57",
                    "nome_aluno": "KONSTANTIN IANOVICH MIKIRTUMOV"
                },
                {
                    "codigo_aluno": "159(...)58",
                    "nome_aluno": "LARA CAPELO ROSADO"
                },
                {
                    "codigo_aluno": "151(...)14",
                    "nome_aluno": "LAURA COUTINHO PRATAS DE BARROS MACHADO"
                },
                {
                    "codigo_aluno": "310(...)46",
                    "nome_aluno": "LAURA DE SOUSA CAROLA"
                },
                {
                    "codigo_aluno": "154(...)38",
                    "nome_aluno": "LAURA SIMÕES LOPES"
                },
                {
                    "codigo_aluno": "156(...)16",
                    "nome_aluno": "LEONOR ALVES TIGELEIRO DE SOUSA ROSA"
                },
                {
                    "codigo_aluno": "313(...)10",
                    "nome_aluno": "LEONOR INÁCIO AFONSO"
                },
                {
                    "codigo_aluno": "154(...)64",
                    "nome_aluno": "LEONOR MARQUES PEREIRA ALCOBIA FRANCISCO"
                },
                {
                    "codigo_aluno": "156(...)26",
                    "nome_aluno": "LEONOR PAULOS SIMÕES DA ROSA"
                },
                {
                    "codigo_aluno": "309(...)19",
                    "nome_aluno": "LEONOR RAPOSO GAMITO"
                },
                {
                    "codigo_aluno": "305(...)96",
                    "nome_aluno": "LOURENÇO AYUSO ROGADO MOCICA BRILHA"
                },
                {
                    "codigo_aluno": "300(...)06",
                    "nome_aluno": "LOURENÇO MOURA PERES MACHADO"
                },
                {
                    "codigo_aluno": "151(...)44",
                    "nome_aluno": "LUÍS MARIA DUARTE SILVA DE SOUSA DE MACEDO"
                },
                {
                    "codigo_aluno": "154(...)20",
                    "nome_aluno": "MADALENA CASTANHEIRA DO AMARAL GÓIS"
                },
                {
                    "codigo_aluno": "151(...)22",
                    "nome_aluno": "MADALENA DE PALMA PARENTE PINTO DA COSTA"
                },
                {
                    "codigo_aluno": "155(...)62",
                    "nome_aluno": "MAFALDA VIRIATO DA ROCHA TABORDA PESSANHA"
                },
                {
                    "codigo_aluno": "300(...)17",
                    "nome_aluno": "MANUEL AFONSO PITA MARTINS"
                },
                {
                    "codigo_aluno": "158(...)63",
                    "nome_aluno": "MANUEL ALMEIDA MOTA DA FRANCA GONÇALVES"
                },
                {
                    "codigo_aluno": "152(...)84",
                    "nome_aluno": "MANUEL CORREIA SOARES"
                },
                {
                    "codigo_aluno": "159(...)63",
                    "nome_aluno": "MARGARIDA DE JESUS CAETANO"
                },
                {
                    "codigo_aluno": "311(...)55",
                    "nome_aluno": "MARGARIDA DOS SANTOS COSTA"
                },
                {
                    "codigo_aluno": "156(...)45",
                    "nome_aluno": "MARGARIDA FERREIRA PACHECO LOPES SOARES"
                },
                {
                    "codigo_aluno": "300(...)53",
                    "nome_aluno": "MARIA BATISTA MARTINHO"
                },
                {
                    "codigo_aluno": "310(...)71",
                    "nome_aluno": "MARIA BEATRIZ ÁGUA DUARTE LINCE MEDINAS"
                },
                {
                    "codigo_aluno": "311(...)10",
                    "nome_aluno": "MARIA BEATRIZ GONÇALVES MARQUES GUERRA DA FONSECA"
                },
                {
                    "codigo_aluno": "303(...)55",
                    "nome_aluno": "MARIA CARVALHO VICENTE"
                },
                {
                    "codigo_aluno": "154(...)63",
                    "nome_aluno": "MARIA CONSTANÇA RIBEIRO PEREIRA LAMEIRO"
                },
                {
                    "codigo_aluno": "314(...)37",
                    "nome_aluno": "MARIA DA CUNHA MARQUES VIDAL"
                },
                {
                    "codigo_aluno": "159(...)84",
                    "nome_aluno": "MARIA LEONOR CAVACO GUERREIRO VALÉRIO"
                },
                {
                    "codigo_aluno": "300(...)36",
                    "nome_aluno": "MARIA MADALENA ABREU DIAS"
                },
                {
                    "codigo_aluno": "306(...)48",
                    "nome_aluno": "MARIA MADALENA SARAMAGO CARVALHO DO CARMO GARCIA"
                },
                {
                    "codigo_aluno": "300(...)98",
                    "nome_aluno": "MARIA RITA PONCES CAMANHO ROMANO MARTINEZ"
                },
                {
                    "codigo_aluno": "306(...)02",
                    "nome_aluno": "MARIA TERESA LOBO PIMENTEL DE ALMEIDA GARRETT"
                },
                {
                    "codigo_aluno": "159(...)96",
                    "nome_aluno": "MARIA TORGAL FERREIRA FARDILHA"
                },
                {
                    "codigo_aluno": "151(...)02",
                    "nome_aluno": "MARIA VALÉRIO DA SEVERINA"
                },
                {
                    "codigo_aluno": "311(...)99",
                    "nome_aluno": "MARIA VITÓRIA LOUZA VIANA DE CHARTERS VARDASCA"
                },
                {
                    "codigo_aluno": "306(...)22",
                    "nome_aluno": "MARIANA DINIS RAMOS"
                },
                {
                    "codigo_aluno": "155(...)72",
                    "nome_aluno": "MARIANA FIGUEIREDO AUGUSTO"
                },
                {
                    "codigo_aluno": "154(...)69",
                    "nome_aluno": "MARIANA MOURA PEREIRA"
                },
                {
                    "codigo_aluno": "309(...)73",
                    "nome_aluno": "MARIANA VIANA DOS SANTOS"
                },
                {
                    "codigo_aluno": "153(...)90",
                    "nome_aluno": "MARTA LENA RAMINHOS PINHEIRO"
                },
                {
                    "codigo_aluno": "155(...)55",
                    "nome_aluno": "MARTIM DOS SANTOS RODRIGUES"
                },
                {
                    "codigo_aluno": "153(...)76",
                    "nome_aluno": "MARTIM ROCHA RODRIGUES"
                },
                {
                    "codigo_aluno": "156(...)50",
                    "nome_aluno": "MATILDE CALIÇA PRATES"
                },
                {
                    "codigo_aluno": "156(...)02",
                    "nome_aluno": "MATILDE LEAL SANTOS"
                },
                {
                    "codigo_aluno": "314(...)13",
                    "nome_aluno": "MIGUEL COSTA PEREIRA"
                },
                {
                    "codigo_aluno": "156(...)92",
                    "nome_aluno": "MIGUEL JOAO PAULA FIALHO MONTEIRO"
                },
                {
                    "codigo_aluno": "147(...)59",
                    "nome_aluno": "MIGUEL LORGA CROCA CAEIRO"
                },
                {
                    "codigo_aluno": "310(...)63",
                    "nome_aluno": "MÓNICA MARTINS SERRA"
                },
                {
                    "codigo_aluno": "152(...)99",
                    "nome_aluno": "NÉLSON LARANJEIRA MORGADO"
                },
                {
                    "codigo_aluno": "305(...)44",
                    "nome_aluno": "PEDRO MIGUEL LUCAS RUIVO"
                },
                {
                    "codigo_aluno": "306(...)55",
                    "nome_aluno": "RAFAEL PINTO CORREIA"
                },
                {
                    "codigo_aluno": "159(...)58",
                    "nome_aluno": "RICARDO DAVID MENDES NUNES DA COSTA"
                },
                {
                    "codigo_aluno": "154(...)37",
                    "nome_aluno": "RITA LAGOA DA SILVA DE CHABY VAZ"
                },
                {
                    "codigo_aluno": "151(...)54",
                    "nome_aluno": "RITA MAÇORANO LEMOS"
                },
                {
                    "codigo_aluno": "304(...)63",
                    "nome_aluno": "RITA TIMÓTEO DA SILVA MARCELINO MADEIRA"
                },
                {
                    "codigo_aluno": "304(...)83",
                    "nome_aluno": "RITA TRINDADE E SILVA MARQUES VERDADE"
                },
                {
                    "codigo_aluno": "300(...)91",
                    "nome_aluno": "RODRIGO MIGUEL SILVA BOAL"
                },
                {
                    "codigo_aluno": "156(...)71",
                    "nome_aluno": "SALVADOR MARIA DE MATOS NUNES ELIAS DUARTE"
                },
                {
                    "codigo_aluno": "303(...)83",
                    "nome_aluno": "SOFIA CRAVINO LANZINHA"
                },
                {
                    "codigo_aluno": "155(...)97",
                    "nome_aluno": "SOFIA MANSOS AROEIRA GONÇALVES"
                },
                {
                    "codigo_aluno": "152(...)97",
                    "nome_aluno": "SOFIA SILVEIRA FIGUEIRA DE SOUSA"
                },
                {
                    "codigo_aluno": "153(...)20",
                    "nome_aluno": "TERESA REIS GARCIA SANTOS JORGE"
                },
                {
                    "codigo_aluno": "307(...)31",
                    "nome_aluno": "TERESA SALVADO DIAS"
                },
                {
                    "codigo_aluno": "157(...)38",
                    "nome_aluno": "TIAGO GONÇALVES ARAÚJO"
                },
                {
                    "codigo_aluno": "301(...)29",
                    "nome_aluno": "TIAGO LOPES NUNES"
                },
                {
                    "codigo_aluno": "306(...)72",
                    "nome_aluno": "TOMÁS MATEUS GARCIA"
                },
                {
                    "codigo_aluno": "152(...)93",
                    "nome_aluno": "VALENTIM BLANCO VELOSA GOMES LOPES"
                },
                {
                    "codigo_aluno": "302(...)98",
                    "nome_aluno": "VASCO PEDRO CORREIA DE LIMA BARRADAS"
                },
                {
                    "codigo_aluno": "304(...)52",
                    "nome_aluno": "VERA CRUZ CALDEIRA DE SOUSA COUTINHO"
                },
                {
                    "codigo_aluno": "303(...)51",
                    "nome_aluno": "VICENTE ALMENDRA CASTRO"
                },
                {
                    "codigo_aluno": "305(...)85",
                    "nome_aluno": "VICENTE MARIA DOS SANTOS DIAS FERREIRA"
                },
                {
                    "codigo_aluno": "300(...)58",
                    "nome_aluno": "VICENTE POMBAL MOREIRA DA COSTA"
                }
            ]
        },
        {
            "codigo_curso": "A006",
            "nome_curso": "A006 - Economia (ensino em Inglês)",
            "colocados": [
                {
                    "codigo_aluno": "305(...)03",
                    "nome_aluno": "AFONSO PASCOAL RATINHO"
                },
                {
                    "codigo_aluno": "151(...)28",
                    "nome_aluno": "ALICE GASPAR GUERREIRO"
                },
                {
                    "codigo_aluno": "318(...)95",
                    "nome_aluno": "ALICE NUNES CORDEIRO LOURENÇO ROSA"
                },
                {
                    "codigo_aluno": "310(...)95",
                    "nome_aluno": "ANA MARIA SANTOS DE ALMEIDA FERNANDES"
                },
                {
                    "codigo_aluno": "304(...)98",
                    "nome_aluno": "ANDRÉ FERNANDES MINA LOPES DIAS"
                },
                {
                    "codigo_aluno": "240(...)27",
                    "nome_aluno": "ARTHUR TEIXEIRA RIBEIRO ROSA CANELLAS"
                },
                {
                    "codigo_aluno": "156(...)95",
                    "nome_aluno": "CAROLINA DANTAS SOUSA"
                },
                {
                    "codigo_aluno": "154(...)00",
                    "nome_aluno": "CONSTANÇA DE ALBUQUERQUE GOUVEIA MARQUES ALEIXO"
                },
                {
                    "codigo_aluno": "159(...)50",
                    "nome_aluno": "DUARTE MIGUEL PAIS ANDRÉ"
                },
                {
                    "codigo_aluno": "152(...)24",
                    "nome_aluno": "EVA FILIPE AFONSO"
                },
                {
                    "codigo_aluno": "549(...)22",
                    "nome_aluno": "FEDOR SHEVELEV"
                },
                {
                    "codigo_aluno": "154(...)88",
                    "nome_aluno": "FRANCISCO FRAGOSO BRAZ DE ATAÍDE MARQUES"
                },
                {
                    "codigo_aluno": "154(...)86",
                    "nome_aluno": "GUILHERME CORREIA BARÃO ESPADINHA CHAVES"
                },
                {
                    "codigo_aluno": "153(...)30",
                    "nome_aluno": "KAYDEN OSCAR BARREIROS"
                },
                {
                    "codigo_aluno": "240(...)10",
                    "nome_aluno": "LUCAS CONY ALBANESE"
                },
                {
                    "codigo_aluno": "304(...)46",
                    "nome_aluno": "MARIA DO MAR LIMA SALDANHA BARATA FEIO"
                },
                {
                    "codigo_aluno": "240(...)68",
                    "nome_aluno": "MARINA ROSA PAMPLONA"
                },
                {
                    "codigo_aluno": "303(...)35",
                    "nome_aluno": "MARTIM CANELAS SIMÕES RUA GONÇALVES"
                },
                {
                    "codigo_aluno": "303(...)27",
                    "nome_aluno": "MATILDE MARIA MENDES BORGES"
                },
                {
                    "codigo_aluno": "320(...)89",
                    "nome_aluno": "MAXIMILIAN GABRIEL CALVERT BARRY"
                },
                {
                    "codigo_aluno": "310(...)60",
                    "nome_aluno": "MIGUEL MARIA TRIGOSO SANCHEZ ROSA"
                },
                {
                    "codigo_aluno": "306(...)72",
                    "nome_aluno": "PEDRO FILIPE DE BAPTISTA COELHO DE LUCENA CASTRO"
                },
                {
                    "codigo_aluno": "300(...)32",
                    "nome_aluno": "RAFAEL FERREIRA TAVARES"
                },
                {
                    "codigo_aluno": "159(...)23",
                    "nome_aluno": "RITA MENDES LOPES JORGE"
                },
                {
                    "codigo_aluno": "240(...)10",
                    "nome_aluno": "RODRIGO JI"
                },
                {
                    "codigo_aluno": "156(...)63",
                    "nome_aluno": "SOFIA DAUZHENKA"
                },
                {
                    "codigo_aluno": "152(...)12",
                    "nome_aluno": "SOFIA SERRA APOLONIA"
                },
                {
                    "codigo_aluno": "151(...)48",
                    "nome_aluno": "TIAGO LUZIO CASTELO"
                },
                {
                    "codigo_aluno": "151(...)05",
                    "nome_aluno": "TOMÁS MARIA EHRHARDT PINHEIRO NUNES DA SILVA"
                },
                {
                    "codigo_aluno": "157(...)59",
                    "nome_aluno": "VERA ALEXANDRE PESTANA"
                }
            ]
        },
        {
            "codigo_curso": "A013",
            "nome_curso": "A013 - Finanças (ensino em inglês)",
            "colocados": [
                {
                    "codigo_aluno": "303(...)19",
                    "nome_aluno": "AFONSO DUARTE LAMEIRAS"
                },
                {
                    "codigo_aluno": "156(...)62",
                    "nome_aluno": "AFONSO MARIA PEIXOTO ALVES SIMÃO DOMINGUES"
                },
                {
                    "codigo_aluno": "301(...)40",
                    "nome_aluno": "ANNA CAROLINA MACÊDO AGOSTINHO DA SILVA ANTUNES"
                },
                {
                    "codigo_aluno": "306(...)49",
                    "nome_aluno": "CAROLINA FILIPE BENASULIN TOMÁS"
                },
                {
                    "codigo_aluno": "152(...)11",
                    "nome_aluno": "CAROLINA JANUÁRIO GONÇALVES"
                },
                {
                    "codigo_aluno": "153(...)45",
                    "nome_aluno": "DAVID EDUARDO RIBEIRO RODRIGUES FELÍCIO"
                },
                {
                    "codigo_aluno": "151(...)29",
                    "nome_aluno": "DELFINA TAVEIRA OLIVEIRA"
                },
                {
                    "codigo_aluno": "304(...)67",
                    "nome_aluno": "DIOGO JOSÉ FONTES LOPES DOS SANTOS BERNARDO"
                },
                {
                    "codigo_aluno": "302(...)93",
                    "nome_aluno": "FRANCISCA SENA LOPES TIAGO DE MATOS"
                },
                {
                    "codigo_aluno": "151(...)83",
                    "nome_aluno": "FRANCISCO MARIA FERREIRA DINIS GAMBOA"
                },
                {
                    "codigo_aluno": "152(...)94",
                    "nome_aluno": "FRANCISCO XAVIER MORAES CARDOSO GOMES DA CONCEIÇÃO"
                },
                {
                    "codigo_aluno": "305(...)97",
                    "nome_aluno": "GABRIEL JOSÉ ROSA FELICÍSSIMO"
                },
                {
                    "codigo_aluno": "154(...)69",
                    "nome_aluno": "GUILHERME OLIVEIRA REI"
                },
                {
                    "codigo_aluno": "242(...)02",
                    "nome_aluno": "LAURA ZHU"
                },
                {
                    "codigo_aluno": "304(...)93",
                    "nome_aluno": "LEONOR BEAUVALET PACHECO BORJA"
                },
                {
                    "codigo_aluno": "331(...)59",
                    "nome_aluno": "LILYAM KELMY PEREIRA MARTINS ROCHA"
                },
                {
                    "codigo_aluno": "314(...)81",
                    "nome_aluno": "LUÍS MARIA PINTO BASTOS CONTREIRAS"
                },
                {
                    "codigo_aluno": "300(...)65",
                    "nome_aluno": "LUISA DA GRAÇA ANJOS BOTELHEIRO MORENO"
                },
                {
                    "codigo_aluno": "155(...)33",
                    "nome_aluno": "MAFALDA DIAS LIMA"
                },
                {
                    "codigo_aluno": "305(...)74",
                    "nome_aluno": "MANUEL TEIXEIRA TAVEIRA"
                },
                {
                    "codigo_aluno": "145(...)92",
                    "nome_aluno": "MARGARIDA NORO SAMPAIO"
                },
                {
                    "codigo_aluno": "308(...)96",
                    "nome_aluno": "MARIA INÊS MACHADO DA SILVA"
                },
                {
                    "codigo_aluno": "314(...)56",
                    "nome_aluno": "MARIA JOÃO TRIGUEIROS REIS CARDOSO"
                },
                {
                    "codigo_aluno": "309(...)66",
                    "nome_aluno": "MARIANA MARTINS DA GRAÇA RIBEIRO PRUDÊNCIO"
                },
                {
                    "codigo_aluno": "314(...)19",
                    "nome_aluno": "MARTA LIU"
                },
                {
                    "codigo_aluno": "307(...)64",
                    "nome_aluno": "MIGUEL ALEXANDRE FERNANDES VARGAS"
                },
                {
                    "codigo_aluno": "314(...)69",
                    "nome_aluno": "MIGUEL DOS SANTOS TIAGO"
                },
                {
                    "codigo_aluno": "152(...)42",
                    "nome_aluno": "RODRIGO MARQUES DIOGO"
                },
                {
                    "codigo_aluno": "150(...)62",
                    "nome_aluno": "SARA MARIA FREITAS PEREIRA"
                },
                {
                    "codigo_aluno": "308(...)70",
                    "nome_aluno": "TOMÁS AMADO TORRES"
                },
                {
                    "codigo_aluno": "549(...)05",
                    "nome_aluno": "WADI NADIM AWAD AWAD"
                },
                {
                    "codigo_aluno": "242(...)04",
                    "nome_aluno": "WEIYU CHEN"
                }
            ]
        },
        {
            "codigo_curso": "9147",
            "nome_curso": "9147 - Gestão",
            "colocados": [
                {
                    "codigo_aluno": "311(...)45",
                    "nome_aluno": "AFONSO CASTELA ABECASIS PIMENTA FERREIRA"
                },
                {
                    "codigo_aluno": "316(...)34",
                    "nome_aluno": "AFONSO GONÇALVES LOPES"
                },
                {
                    "codigo_aluno": "305(...)79",
                    "nome_aluno": "AFONSO MARIA FERREIRA DIAS GOMES DA SILVA"
                },
                {
                    "codigo_aluno": "309(...)80",
                    "nome_aluno": "AFONSO MARIA LIVREIRO VENTURA"
                },
                {
                    "codigo_aluno": "153(...)12",
                    "nome_aluno": "AFONSO MARIA SERRASQUEIRO ARANHA NALHA CONDEÇO"
                },
                {
                    "codigo_aluno": "155(...)00",
                    "nome_aluno": "AFONSO MARTIM MANEIRAS DA CRUZ SERRA LEAL"
                },
                {
                    "codigo_aluno": "304(...)22",
                    "nome_aluno": "AFONSO MARTIM MORAIS MARTINS JUSTINO JANUÁRIO"
                },
                {
                    "codigo_aluno": "302(...)98",
                    "nome_aluno": "ANA CAROLINA RODRIGUES LIMA"
                },
                {
                    "codigo_aluno": "156(...)43",
                    "nome_aluno": "ANA MARIA CARVALHO ALVES JÚDICE GAMITO"
                },
                {
                    "codigo_aluno": "301(...)97",
                    "nome_aluno": "ANDREIA GABRIELA REGADA RODRIGUES"
                },
                {
                    "codigo_aluno": "311(...)66",
                    "nome_aluno": "ANTÓNIO FERREIRA ESTEVES DA SILVA MENDES"
                },
                {
                    "codigo_aluno": "156(...)55",
                    "nome_aluno": "BEATRIZ SOFIA CASEIRO RODRIGUES"
                },
                {
                    "codigo_aluno": "152(...)93",
                    "nome_aluno": "BEATRIZ SOFIA FERREIRA MARQUES"
                },
                {
                    "codigo_aluno": "302(...)92",
                    "nome_aluno": "BEATRIZ VIEIRA MONTEIRO"
                },
                {
                    "codigo_aluno": "313(...)85",
                    "nome_aluno": "BERNARDO CENTEIO LIMA"
                },
                {
                    "codigo_aluno": "303(...)39",
                    "nome_aluno": "BERNARDO FILIPE BELO GARCIA"
                },
                {
                    "codigo_aluno": "305(...)90",
                    "nome_aluno": "BRUNA RAQUEL SOUSA MENDES"
                },
                {
                    "codigo_aluno": "159(...)39",
                    "nome_aluno": "CAMILA BALTAZAR DE OLIVEIRA"
                },
                {
                    "codigo_aluno": "153(...)07",
                    "nome_aluno": "CARLOTA ISABEL GOMES ROSA PRATA MENDES"
                },
                {
                    "codigo_aluno": "152(...)72",
                    "nome_aluno": "CAROLINA CARVALHO DIAS"
                },
                {
                    "codigo_aluno": "153(...)40",
                    "nome_aluno": "CATARINA AMARO BISPO RODRIGUES FLORINDO"
                },
                {
                    "codigo_aluno": "242(...)01",
                    "nome_aluno": "CATARINA CHEN"
                },
                {
                    "codigo_aluno": "314(...)75",
                    "nome_aluno": "CATARINA LOURENÇO CHORÃO"
                },
                {
                    "codigo_aluno": "305(...)65",
                    "nome_aluno": "CATARINA NEVES DOS SANTOS"
                },
                {
                    "codigo_aluno": "151(...)31",
                    "nome_aluno": "CATARINA PINHO RÉCIO NUNES DE ALMEIDA"
                },
                {
                    "codigo_aluno": "159(...)43",
                    "nome_aluno": "CATARINA RODRIGUES SIMÕES"
                },
                {
                    "codigo_aluno": "152(...)21",
                    "nome_aluno": "CLARISSE AFONSO ALVES"
                },
                {
                    "codigo_aluno": "309(...)90",
                    "nome_aluno": "DAVID RAPOSO ALVES"
                },
                {
                    "codigo_aluno": "309(...)07",
                    "nome_aluno": "DIOGO OLIVEIRA NEVES"
                },
                {
                    "codigo_aluno": "159(...)38",
                    "nome_aluno": "DUARTE INOCÊNCIO JESUS"
                },
                {
                    "codigo_aluno": "151(...)55",
                    "nome_aluno": "DUARTE VICENTE MARTINS"
                },
                {
                    "codigo_aluno": "152(...)33",
                    "nome_aluno": "FRANCISCO MARIA DE SOUSA LIMA INOCÊNCIO"
                },
                {
                    "codigo_aluno": "309(...)36",
                    "nome_aluno": "FREDERICO MANUEL LAGE FERNANDES"
                },
                {
                    "codigo_aluno": "303(...)49",
                    "nome_aluno": "FREDERICO MARIA DA COSTA CASTRO PEREIRA COUTINHO"
                },
                {
                    "codigo_aluno": "306(...)91",
                    "nome_aluno": "GONÇALO DE ALMEIDA E CARIAS"
                },
                {
                    "codigo_aluno": "155(...)43",
                    "nome_aluno": "GONÇALO MATIAS DE FREITAS SALAZAR"
                },
                {
                    "codigo_aluno": "151(...)87",
                    "nome_aluno": "GUILHERME BARRA DUARTE MARQUES ALCOBIA"
                },
                {
                    "codigo_aluno": "154(...)71",
                    "nome_aluno": "GUILHERME LOPES DE CARVALHO"
                },
                {
                    "codigo_aluno": "156(...)24",
                    "nome_aluno": "GUILHERME LOPES RIBEIRO MOUTEIRA GUERREIRO"
                },
                {
                    "codigo_aluno": "154(...)71",
                    "nome_aluno": "GUILHERME PINTO MACEDO LOPES DE CARVALHO"
                },
                {
                    "codigo_aluno": "308(...)09",
                    "nome_aluno": "HENRIQUE TOMÁS CRUZ PEREIRA"
                },
                {
                    "codigo_aluno": "306(...)20",
                    "nome_aluno": "INÊS ALVES RODRIGUES DE OLIVEIRA"
                },
                {
                    "codigo_aluno": "154(...)93",
                    "nome_aluno": "INÊS BRIGADEIRO LÚCIO CALDEIRA PROENÇA"
                },
                {
                    "codigo_aluno": "300(...)73",
                    "nome_aluno": "INÊS COSTA PAIS"
                },
                {
                    "codigo_aluno": "300(...)29",
                    "nome_aluno": "INES LANÇA CARVALHOSA DE JESUS COUCEIRO"
                },
                {
                    "codigo_aluno": "307(...)11",
                    "nome_aluno": "INES PINTO VEIGA VILA MAIOR"
                },
                {
                    "codigo_aluno": "153(...)16",
                    "nome_aluno": "JOANA BEIRÃO ANACLETO DIONISIO MOREIRA"
                },
                {
                    "codigo_aluno": "153(...)97",
                    "nome_aluno": "JOANA FILIPA ESTEVES SALVADO"
                },
                {
                    "codigo_aluno": "153(...)27",
                    "nome_aluno": "JOANA FRAGOSO BEIÇUDO"
                },
                {
                    "codigo_aluno": "155(...)65",
                    "nome_aluno": "JOANA MARIA TANGERINO PINTO"
                },
                {
                    "codigo_aluno": "152(...)86",
                    "nome_aluno": "JOANA SOFIA MOURINHO SILVA"
                },
                {
                    "codigo_aluno": "152(...)70",
                    "nome_aluno": "JOÃO AFONSO VASCONCELOS VITAL"
                },
                {
                    "codigo_aluno": "156(...)52",
                    "nome_aluno": "JOÃO FRANCISCO ALMEIDA SANTOS"
                },
                {
                    "codigo_aluno": "159(...)74",
                    "nome_aluno": "JOÃO MARIA DUARTE DA SILVA SALGUEIRO LOBO"
                },
                {
                    "codigo_aluno": "313(...)80",
                    "nome_aluno": "JOÃO PEDRO CORDEIRO DIAS"
                },
                {
                    "codigo_aluno": "153(...)96",
                    "nome_aluno": "JOÃO PEDRO DIOGO GOUVEIA GOMES DE PINHO"
                },
                {
                    "codigo_aluno": "157(...)01",
                    "nome_aluno": "JOÃO PEDRO PINTO LOPES"
                },
                {
                    "codigo_aluno": "304(...)04",
                    "nome_aluno": "JORGE TOMÁS SOUSA VIEIRA"
                },
                {
                    "codigo_aluno": "306(...)56",
                    "nome_aluno": "JOSÉ MARIA DOS SANTOS MATA NEVES DA COSTA"
                },
                {
                    "codigo_aluno": "300(...)56",
                    "nome_aluno": "JOSÉ PEDRO CARAPINHA PITEIRA"
                },
                {
                    "codigo_aluno": "309(...)76",
                    "nome_aluno": "LARA DA SILVA MARQUES"
                },
                {
                    "codigo_aluno": "157(...)71",
                    "nome_aluno": "LARA MONTEIRO DOS SANTOS"
                },
                {
                    "codigo_aluno": "156(...)76",
                    "nome_aluno": "LEONOR DUARTE GUERREIRO"
                },
                {
                    "codigo_aluno": "305(...)73",
                    "nome_aluno": "LEONOR DUARTE MOURATO HEITOR"
                },
                {
                    "codigo_aluno": "301(...)12",
                    "nome_aluno": "LEONOR NETO COELHO"
                },
                {
                    "codigo_aluno": "305(...)62",
                    "nome_aluno": "LOURENÇO DE PIÑEIRO TEIXEIRA HOMEM DE BREDERODE"
                },
                {
                    "codigo_aluno": "303(...)26",
                    "nome_aluno": "MADALENA PINHEIRO ALEXANDRE"
                },
                {
                    "codigo_aluno": "154(...)44",
                    "nome_aluno": "MADALENA VELUDO PEREIRA"
                },
                {
                    "codigo_aluno": "152(...)02",
                    "nome_aluno": "MAFALDA DE ALMEIDA CARDOSO DE MOSER MACHADO"
                },
                {
                    "codigo_aluno": "309(...)46",
                    "nome_aluno": "MAFALDA VITORINO CAMPOS VENTURA"
                },
                {
                    "codigo_aluno": "154(...)77",
                    "nome_aluno": "MANUEL CRUZ GUERRA"
                },
                {
                    "codigo_aluno": "152(...)09",
                    "nome_aluno": "MANUEL ZAHRAN PORTELA"
                },
                {
                    "codigo_aluno": "310(...)66",
                    "nome_aluno": "MARIA ANTUNES TOMAZ"
                },
                {
                    "codigo_aluno": "157(...)67",
                    "nome_aluno": "MARIA ARAÚJO GONÇALVES"
                },
                {
                    "codigo_aluno": "153(...)09",
                    "nome_aluno": "MARIA BEATRIZ DE ALMEIDA CARDOSO LOPES"
                },
                {
                    "codigo_aluno": "151(...)32",
                    "nome_aluno": "MARIA CÂNDIDO ROMEIRO CARDOSO"
                },
                {
                    "codigo_aluno": "303(...)17",
                    "nome_aluno": "MARIA EDUARDA TEIXEIRA CARVALHO"
                },
                {
                    "codigo_aluno": "158(...)76",
                    "nome_aluno": "MARIA FRANCISCA LEITE CORREIA DE SANTOS SILVA"
                },
                {
                    "codigo_aluno": "303(...)60",
                    "nome_aluno": "MARIA FRANCISCA QUEIROZ COSTA DE SOUTO BERNARDES"
                },
                {
                    "codigo_aluno": "304(...)68",
                    "nome_aluno": "MARIA GONÇALVES ROCHA"
                },
                {
                    "codigo_aluno": "154(...)71",
                    "nome_aluno": "MARIA LEONOR ROQUE CANIÇO"
                },
                {
                    "codigo_aluno": "155(...)94",
                    "nome_aluno": "MARIA RITA CORDEIRO DE ALMADA MASCARENHAS"
                },
                {
                    "codigo_aluno": "157(...)32",
                    "nome_aluno": "MARIA TERESA PICAS DE CARVALHO MAGALHÃES"
                },
                {
                    "codigo_aluno": "308(...)46",
                    "nome_aluno": "MARIANA CURTO SANTO TOMÉ FIDALGO"
                },
                {
                    "codigo_aluno": "152(...)80",
                    "nome_aluno": "MARIANA FILIPA ENTRADAS MERENDÃO"
                },
                {
                    "codigo_aluno": "300(...)69",
                    "nome_aluno": "MARIANA MARQUES CARDOSO"
                },
                {
                    "codigo_aluno": "159(...)27",
                    "nome_aluno": "MARIANA PIRES SENTIEIRO GONÇALVES"
                },
                {
                    "codigo_aluno": "242(...)06",
                    "nome_aluno": "MARINA BARBOSA FERREIRA SANTOS"
                },
                {
                    "codigo_aluno": "303(...)53",
                    "nome_aluno": "MARTA BERNARDES RODRIGUES"
                },
                {
                    "codigo_aluno": "156(...)01",
                    "nome_aluno": "MARTA PARENTE DE OLIVEIRA SILVA"
                },
                {
                    "codigo_aluno": "304(...)90",
                    "nome_aluno": "MARTIM CARVALHO FONSECA"
                },
                {
                    "codigo_aluno": "152(...)77",
                    "nome_aluno": "MATILDE CATARINO CAPELA SUBTIL"
                },
                {
                    "codigo_aluno": "157(...)54",
                    "nome_aluno": "MATILDE COSTA CONDE"
                },
                {
                    "codigo_aluno": "315(...)29",
                    "nome_aluno": "MATILDE DA ROSA SIMÕES"
                },
                {
                    "codigo_aluno": "303(...)10",
                    "nome_aluno": "MATILDE DO CARMO VERÍSSIMO"
                },
                {
                    "codigo_aluno": "152(...)59",
                    "nome_aluno": "MIGUEL CORRÊA DE BARROS FONSECA"
                },
                {
                    "codigo_aluno": "309(...)42",
                    "nome_aluno": "MIGUEL FAUSTINO DA SILVA"
                },
                {
                    "codigo_aluno": "150(...)07",
                    "nome_aluno": "MIGUEL LÓIOS FERNANDES"
                },
                {
                    "codigo_aluno": "307(...)84",
                    "nome_aluno": "MIGUEL MADRUGA BERNARDINO"
                },
                {
                    "codigo_aluno": "153(...)40",
                    "nome_aluno": "MIGUEL PEREIRA CUNHA"
                },
                {
                    "codigo_aluno": "156(...)45",
                    "nome_aluno": "MIGUEL VILIOTIS CAMOÊSAS MARTINS"
                },
                {
                    "codigo_aluno": "152(...)82",
                    "nome_aluno": "NÚRIA JAPÃO GONZÁLEZ"
                },
                {
                    "codigo_aluno": "154(...)40",
                    "nome_aluno": "PEDRO COSTA RODRIGUES"
                },
                {
                    "codigo_aluno": "151(...)02",
                    "nome_aluno": "PEDRO TAVARES REIS GUAPO VIEIRA"
                },
                {
                    "codigo_aluno": "312(...)40",
                    "nome_aluno": "RAFAEL ALEXANDRE CORREIA RODRIGUES"
                },
                {
                    "codigo_aluno": "310(...)87",
                    "nome_aluno": "RAFAEL PISCO VENCES"
                },
                {
                    "codigo_aluno": "301(...)05",
                    "nome_aluno": "RICARDO FERNANDES CORREIA"
                },
                {
                    "codigo_aluno": "314(...)42",
                    "nome_aluno": "RITA ALEXANDRA CARROLA COSTA"
                },
                {
                    "codigo_aluno": "303(...)03",
                    "nome_aluno": "RITA ANDRADE BORGES"
                },
                {
                    "codigo_aluno": "314(...)57",
                    "nome_aluno": "RITA MARTINS MASCATE"
                },
                {
                    "codigo_aluno": "153(...)61",
                    "nome_aluno": "RODRIGO DOS SANTOS PEREIRA CARDOSO DE MENEZES"
                },
                {
                    "codigo_aluno": "155(...)29",
                    "nome_aluno": "RODRIGO SANTOS CHARNECA DIAS NEVES"
                },
                {
                    "codigo_aluno": "305(...)11",
                    "nome_aluno": "SALOMÉ RODRIGUES CAMOCHO"
                },
                {
                    "codigo_aluno": "152(...)71",
                    "nome_aluno": "SAMUEL CAETANO VARELA"
                },
                {
                    "codigo_aluno": "153(...)25",
                    "nome_aluno": "SENHORINHA CABRAL FERREIRA LEITE CARNEIRO"
                },
                {
                    "codigo_aluno": "309(...)88",
                    "nome_aluno": "SIMÃO FIGUEIREDO FRANCISCO"
                },
                {
                    "codigo_aluno": "159(...)64",
                    "nome_aluno": "SIMÃO PEDRO MELEIRO DA SILVA AZEVEDO"
                },
                {
                    "codigo_aluno": "306(...)88",
                    "nome_aluno": "SIMÃO TEIXEIRA SALGUEIRO"
                },
                {
                    "codigo_aluno": "307(...)95",
                    "nome_aluno": "SOFIA GRADES FARIAS"
                },
                {
                    "codigo_aluno": "153(...)43",
                    "nome_aluno": "SOFIA MOREIRA PARDAL"
                },
                {
                    "codigo_aluno": "307(...)84",
                    "nome_aluno": "SOFIA RAMOS CARRUSCA"
                },
                {
                    "codigo_aluno": "152(...)59",
                    "nome_aluno": "SOFIA RODRIGUES LANÇA DE SOUSA PEREIRA"
                },
                {
                    "codigo_aluno": "159(...)66",
                    "nome_aluno": "TIAGO MARQUES PEREIRA"
                },
                {
                    "codigo_aluno": "304(...)78",
                    "nome_aluno": "TIAGO MIGUEL COSTA"
                },
                {
                    "codigo_aluno": "155(...)86",
                    "nome_aluno": "TIAGO VITORINO VIEIRA"
                },
                {
                    "codigo_aluno": "153(...)98",
                    "nome_aluno": "TOMÁS MARIA RAMALHO ROQUE"
                },
                {
                    "codigo_aluno": "156(...)23",
                    "nome_aluno": "TOMÁS PRATES DEUSDADO"
                },
                {
                    "codigo_aluno": "152(...)17",
                    "nome_aluno": "TOMÁS SOARES WENGOROVIUS MENESES"
                },
                {
                    "codigo_aluno": "324(...)90",
                    "nome_aluno": "VALÉRIA SAVCIUC"
                },
                {
                    "codigo_aluno": "301(...)63",
                    "nome_aluno": "VASCO GASPAR SCARPA LEAL DA COSTA"
                },
                {
                    "codigo_aluno": "310(...)50",
                    "nome_aluno": "VASCO MARIA CASIMIRO DE OLIVEIRA RAMIRO"
                },
                {
                    "codigo_aluno": "152(...)75",
                    "nome_aluno": "VASCO MARIA MANGERONA VELEZ DO PESO RELVAS"
                },
                {
                    "codigo_aluno": "326(...)69",
                    "nome_aluno": "VASYL HALABUD"
                },
                {
                    "codigo_aluno": "303(...)04",
                    "nome_aluno": "VERA GAGLIARDINI GRAÇA VEIGA LOPES"
                },
                {
                    "codigo_aluno": "152(...)58",
                    "nome_aluno": "VICENTE DE FREITAS FIALHO"
                },
                {
                    "codigo_aluno": "158(...)68",
                    "nome_aluno": "VICENTE MARTINHO RODRIGUES DA SILVA"
                },
                {
                    "codigo_aluno": "157(...)00",
                    "nome_aluno": "VICENTE NAMORA BORGES"
                }
            ]
        },
        {
            "codigo_curso": "A001",
            "nome_curso": "A001 - Gestão (ensino em Inglês)",
            "colocados": [
                {
                    "codigo_aluno": "156(...)86",
                    "nome_aluno": "ADRIANA ISABEL VALENTE GONÇALVES"
                },
                {
                    "codigo_aluno": "158(...)53",
                    "nome_aluno": "ALEKSANDAR PUHACA"
                },
                {
                    "codigo_aluno": "300(...)22",
                    "nome_aluno": "ALINA KARIM GIVA"
                },
                {
                    "codigo_aluno": "309(...)55",
                    "nome_aluno": "BEATRIZ CARVALHO DOS SANTOS"
                },
                {
                    "codigo_aluno": "318(...)31",
                    "nome_aluno": "BRUNA FERREIRA LEVIN"
                },
                {
                    "codigo_aluno": "315(...)48",
                    "nome_aluno": "CAETANA NUNES LOPES ALEIXO"
                },
                {
                    "codigo_aluno": "153(...)14",
                    "nome_aluno": "CAROLINA PARADINHA PAIM"
                },
                {
                    "codigo_aluno": "154(...)35",
                    "nome_aluno": "DINIS ALBERTO CUNHA MAGALHÃES"
                },
                {
                    "codigo_aluno": "151(...)80",
                    "nome_aluno": "DIOGO MACHADO VENÂNCIO ROCHA"
                },
                {
                    "codigo_aluno": "306(...)19",
                    "nome_aluno": "FRANCISCA DE CARVALHO LOPES OLIVEIRA FARIA"
                },
                {
                    "codigo_aluno": "303(...)15",
                    "nome_aluno": "FRANCISCA GOMES DA SILVA"
                },
                {
                    "codigo_aluno": "153(...)64",
                    "nome_aluno": "FRANCISCA MARIA LEOTE COCCO DE MELLO GUIMARÃES"
                },
                {
                    "codigo_aluno": "301(...)18",
                    "nome_aluno": "FRANCISCA SALEMA GARÇÃO AFONSO CONDADO"
                },
                {
                    "codigo_aluno": "154(...)09",
                    "nome_aluno": "FRANCISCO MARIA ABREU BENTO MARREIROS PATRÍCIO"
                },
                {
                    "codigo_aluno": "158(...)95",
                    "nome_aluno": "FRANCISCO MARIA LEITE DE FARIA DE SAMPAIO NUNES"
                },
                {
                    "codigo_aluno": "307(...)59",
                    "nome_aluno": "FRANCISCO TENREIRO DE ALMEIDA VAZ CARLOS"
                },
                {
                    "codigo_aluno": "151(...)38",
                    "nome_aluno": "GONÇALO LOPES INÁCIO"
                },
                {
                    "codigo_aluno": "303(...)04",
                    "nome_aluno": "GUILHERME TORRES BRANDÃO FERREIRA"
                },
                {
                    "codigo_aluno": "308(...)13",
                    "nome_aluno": "GUSTAVO ALMEIDA VIANA"
                },
                {
                    "codigo_aluno": "151(...)90",
                    "nome_aluno": "HUGO TEIXEIRA TESTA"
                },
                {
                    "codigo_aluno": "154(...)50",
                    "nome_aluno": "JOANA MARQUES CASTANHO"
                },
                {
                    "codigo_aluno": "309(...)38",
                    "nome_aluno": "JOANA SOFIA FERREIRA DA COSTA LOUREIRO"
                },
                {
                    "codigo_aluno": "309(...)70",
                    "nome_aluno": "JOÃO NUNO SILVÉRIO LAGOA"
                },
                {
                    "codigo_aluno": "300(...)25",
                    "nome_aluno": "JORGE MARIA TELES DA CRUZ MARCELINO"
                },
                {
                    "codigo_aluno": "242(...)05",
                    "nome_aluno": "JOSÉ KARA GARSON"
                },
                {
                    "codigo_aluno": "153(...)35",
                    "nome_aluno": "LAURA MIGUEL FRADE DE CARVALHO MOTA"
                },
                {
                    "codigo_aluno": "151(...)65",
                    "nome_aluno": "LAURA NASCIMENTO PIRES"
                },
                {
                    "codigo_aluno": "303(...)91",
                    "nome_aluno": "LEONOR CARREIRA DA SILVA"
                },
                {
                    "codigo_aluno": "304(...)11",
                    "nome_aluno": "LEONOR COELHO DA FONSECA"
                },
                {
                    "codigo_aluno": "316(...)47",
                    "nome_aluno": "LEONOR DE ALMEIDA DA CUNHA"
                },
                {
                    "codigo_aluno": "303(...)39",
                    "nome_aluno": "LEONOR WALTER CASTRO REGO"
                },
                {
                    "codigo_aluno": "240(...)40",
                    "nome_aluno": "LORENZO DE MAGALHÃES PINTO"
                },
                {
                    "codigo_aluno": "326(...)04",
                    "nome_aluno": "MANUELA NASCIMENTO LAMBERTI"
                },
                {
                    "codigo_aluno": "310(...)80",
                    "nome_aluno": "MARGARIDA PATRÍCIO VAZ"
                },
                {
                    "codigo_aluno": "151(...)27",
                    "nome_aluno": "MARGARIDA SILVA PEREIRA DE LACERDA"
                },
                {
                    "codigo_aluno": "155(...)70",
                    "nome_aluno": "MARIA CAROLINA VALADARES FERNANDES"
                },
                {
                    "codigo_aluno": "159(...)13",
                    "nome_aluno": "MARIA DE ALMEIDA PERALTA"
                },
                {
                    "codigo_aluno": "151(...)98",
                    "nome_aluno": "MARIA HELENA NYZHNIKOVA E MELO DE SAMPAIO"
                },
                {
                    "codigo_aluno": "157(...)56",
                    "nome_aluno": "MARIANA FILIPA INACIO SILVA"
                },
                {
                    "codigo_aluno": "305(...)91",
                    "nome_aluno": "MARIANA MENDES FRANCO RODRIGUES DA COSTA"
                },
                {
                    "codigo_aluno": "159(...)90",
                    "nome_aluno": "MARIANA NUNES PEDROSO"
                },
                {
                    "codigo_aluno": "305(...)39",
                    "nome_aluno": "MARISA DA SILVA FERNANDES"
                },
                {
                    "codigo_aluno": "302(...)25",
                    "nome_aluno": "MARTA PEIXOTO LARANJEIRA"
                },
                {
                    "codigo_aluno": "153(...)58",
                    "nome_aluno": "MARTIM COUTINHO MARTINS DA SILVA MADEIRA"
                },
                {
                    "codigo_aluno": "159(...)85",
                    "nome_aluno": "MARTIM DE CARVALHO LOPES"
                },
                {
                    "codigo_aluno": "309(...)18",
                    "nome_aluno": "MARTIM RIBEIRO NARCISO"
                },
                {
                    "codigo_aluno": "300(...)95",
                    "nome_aluno": "MATILDE LEONOR COSTA MENESES"
                },
                {
                    "codigo_aluno": "157(...)74",
                    "nome_aluno": "MATILDE SOFIA PEREIRA MARTINS"
                },
                {
                    "codigo_aluno": "155(...)79",
                    "nome_aluno": "MATILDE ZABELO MARTINS"
                },
                {
                    "codigo_aluno": "155(...)24",
                    "nome_aluno": "MICHAELA TEIXEIRA DE ROSE"
                },
                {
                    "codigo_aluno": "152(...)64",
                    "nome_aluno": "PEDRO JACOB RIBEIRO"
                },
                {
                    "codigo_aluno": "154(...)66",
                    "nome_aluno": "RITA ALEXANDRA QUELHAS TEIXEIRA"
                },
                {
                    "codigo_aluno": "309(...)11",
                    "nome_aluno": "RITA ANDRÉ CASEIRO"
                },
                {
                    "codigo_aluno": "154(...)32",
                    "nome_aluno": "SARA MARIANA JARDIM MENDES"
                },
                {
                    "codigo_aluno": "153(...)33",
                    "nome_aluno": "SEBASTIÃO HENRIQUES CARDEIRA"
                },
                {
                    "codigo_aluno": "302(...)13",
                    "nome_aluno": "TIAGO DA FONSECA NICOLAU COSTA DIAS"
                },
                {
                    "codigo_aluno": "152(...)68",
                    "nome_aluno": "TOMÁS MARIA SEABRA MOTA SOARES"
                },
                {
                    "codigo_aluno": "152(...)06",
                    "nome_aluno": "TOMÁS RIBEIRO TAVARES"
                },
                {
                    "codigo_aluno": "312(...)91",
                    "nome_aluno": "VASCO BRAGA DOS REIS MALTA RAMALHO"
                },
                {
                    "codigo_aluno": "152(...)85",
                    "nome_aluno": "VICTÓRIA FERREIRA BONIFÁCIO LUCAS"
                }
            ]
        },
        {
            "codigo_curso": "9210",
            "nome_curso": "9210 - Matemática Aplicada à Economia e à Gestão",
            "colocados": [
                {
                    "codigo_aluno": "309(...)01",
                    "nome_aluno": "AFONSO FRANCISCO RIBEIRO"
                },
                {
                    "codigo_aluno": "309(...)62",
                    "nome_aluno": "AFONSO JOSÉ DAS NEVES BARROS"
                },
                {
                    "codigo_aluno": "153(...)49",
                    "nome_aluno": "AFONSO VICENTE FRANCISCO"
                },
                {
                    "codigo_aluno": "152(...)26",
                    "nome_aluno": "ANA RITA MARTINS DE NÓBREGA"
                },
                {
                    "codigo_aluno": "152(...)57",
                    "nome_aluno": "ANA RODRIGUES SILVA"
                },
                {
                    "codigo_aluno": "309(...)33",
                    "nome_aluno": "ANA SOFIA IZIDORO FERNANDES"
                },
                {
                    "codigo_aluno": "309(...)88",
                    "nome_aluno": "ANA SOFIA PEREIRA LEITE"
                },
                {
                    "codigo_aluno": "151(...)02",
                    "nome_aluno": "ÂNGELA BEATRIZ MILHO TEIXEIRA"
                },
                {
                    "codigo_aluno": "153(...)57",
                    "nome_aluno": "BÁRBARA MANUEL SALDANHA MARINHO PINTO"
                },
                {
                    "codigo_aluno": "156(...)45",
                    "nome_aluno": "CAROLINA MARQUES DA PIEDADE AZEVEDO SELEIRO"
                },
                {
                    "codigo_aluno": "301(...)84",
                    "nome_aluno": "CATARINA DOS SANTOS DURÃO"
                },
                {
                    "codigo_aluno": "154(...)77",
                    "nome_aluno": "CATARINA FORTES RODRIGUES DIAS FERNANDES"
                },
                {
                    "codigo_aluno": "305(...)23",
                    "nome_aluno": "CATARINA NUNES DAS NEVES"
                },
                {
                    "codigo_aluno": "309(...)38",
                    "nome_aluno": "DANIELA MATIAS MARQUES DA SOLEDADE"
                },
                {
                    "codigo_aluno": "240(...)16",
                    "nome_aluno": "DAVID LI"
                },
                {
                    "codigo_aluno": "157(...)57",
                    "nome_aluno": "DIANA SOFIA PINTO SANTOS"
                },
                {
                    "codigo_aluno": "309(...)40",
                    "nome_aluno": "DUARTE FERNANDES EPIFÂNIO"
                },
                {
                    "codigo_aluno": "151(...)39",
                    "nome_aluno": "DUARTE MARIA NEVES DA COSTA"
                },
                {
                    "codigo_aluno": "310(...)33",
                    "nome_aluno": "EDUARDO RIBEIRO CANÁRIO SEMEDO"
                },
                {
                    "codigo_aluno": "156(...)14",
                    "nome_aluno": "FRANCISCO ALVES GOMES"
                },
                {
                    "codigo_aluno": "154(...)26",
                    "nome_aluno": "GIL FERREIRA DIAS JORGE"
                },
                {
                    "codigo_aluno": "301(...)08",
                    "nome_aluno": "GONÇALO JOSÉ ALEXANDRE DE MATOS"
                },
                {
                    "codigo_aluno": "153(...)65",
                    "nome_aluno": "GUILHERME JESUS TOMÁS"
                },
                {
                    "codigo_aluno": "305(...)81",
                    "nome_aluno": "GUILHERME MENDES PARADELA"
                },
                {
                    "codigo_aluno": "159(...)13",
                    "nome_aluno": "HENRIQUE LOURENÇO GONÇALVES"
                },
                {
                    "codigo_aluno": "309(...)57",
                    "nome_aluno": "INÊS CAEIRO BATISTA"
                },
                {
                    "codigo_aluno": "157(...)55",
                    "nome_aluno": "INES ESTIMA COSTA DIAS LOURENÇO"
                },
                {
                    "codigo_aluno": "306(...)06",
                    "nome_aluno": "INÊS PEDRO DOS SANTOS"
                },
                {
                    "codigo_aluno": "155(...)39",
                    "nome_aluno": "JÉSSICA DE JESUS VIEIRA HENRIQUES"
                },
                {
                    "codigo_aluno": "305(...)48",
                    "nome_aluno": "JOANA FILIPA MORGADO DO VALE"
                },
                {
                    "codigo_aluno": "304(...)33",
                    "nome_aluno": "JOÃO MANUEL ALMEIDA DA ROCHA ESTEVES"
                },
                {
                    "codigo_aluno": "306(...)92",
                    "nome_aluno": "JOÃO MARIA FONTES PORTUGAL GONÇALVES CARDOSO"
                },
                {
                    "codigo_aluno": "310(...)24",
                    "nome_aluno": "JOSÉ PEDRO BENTO VALENTE"
                },
                {
                    "codigo_aluno": "152(...)48",
                    "nome_aluno": "LEONOR SOFIA PEREIRA DA SILVA"
                },
                {
                    "codigo_aluno": "155(...)85",
                    "nome_aluno": "MADALENA OLIVEIRA DA SILVA"
                },
                {
                    "codigo_aluno": "152(...)28",
                    "nome_aluno": "MADALENA WUNDER BAPTISTA"
                },
                {
                    "codigo_aluno": "304(...)19",
                    "nome_aluno": "MANUEL AFONSO AZEVEDO JÁCO"
                },
                {
                    "codigo_aluno": "315(...)40",
                    "nome_aluno": "MARA VALADA COELHO"
                },
                {
                    "codigo_aluno": "159(...)13",
                    "nome_aluno": "MARGARIDA RAMOS DE FIGUEIREDO"
                },
                {
                    "codigo_aluno": "154(...)28",
                    "nome_aluno": "MARIA CARLOTA HENRIQUES BARREIROS JOANAZ DE MELO"
                },
                {
                    "codigo_aluno": "301(...)91",
                    "nome_aluno": "MARIA CONSTANÇA LOURENÇO TAVARES PINTO ELISEU"
                },
                {
                    "codigo_aluno": "301(...)07",
                    "nome_aluno": "MARIA CORREIA GONÇALVES"
                },
                {
                    "codigo_aluno": "303(...)02",
                    "nome_aluno": "MARIA RITA MIGUENS XAVIER DA CUNHA"
                },
                {
                    "codigo_aluno": "308(...)02",
                    "nome_aluno": "MARIA RITA SEBASTIÃO CASIMIRO"
                },
                {
                    "codigo_aluno": "154(...)20",
                    "nome_aluno": "MARIANA JANUÁRIO GOMES"
                },
                {
                    "codigo_aluno": "303(...)37",
                    "nome_aluno": "MIGUEL MARIA NUNES DE MIRANDA"
                },
                {
                    "codigo_aluno": "152(...)32",
                    "nome_aluno": "NALA RAFAELA LOTTER RODRIGUES"
                },
                {
                    "codigo_aluno": "310(...)77",
                    "nome_aluno": "NATÁLIA ELOYNNI FREIRE KIFFEN"
                },
                {
                    "codigo_aluno": "152(...)28",
                    "nome_aluno": "NICOLE VALERIA KOVALEVA SEQUEIRA"
                },
                {
                    "codigo_aluno": "157(...)94",
                    "nome_aluno": "PEDRO JORGE LEITÃO"
                },
                {
                    "codigo_aluno": "153(...)09",
                    "nome_aluno": "PEDRO JOSÉ PARREIRA DÂMASO"
                },
                {
                    "codigo_aluno": "306(...)91",
                    "nome_aluno": "PEDRO MIGUEL DA SILVA CARDOSO"
                },
                {
                    "codigo_aluno": "303(...)90",
                    "nome_aluno": "RAFAEL BASSO REALINHO"
                },
                {
                    "codigo_aluno": "309(...)05",
                    "nome_aluno": "RAFAEL DINIS SALVADOR BASÍLIO"
                },
                {
                    "codigo_aluno": "307(...)93",
                    "nome_aluno": "RITA ANTUNES SÁ PEREIRA"
                },
                {
                    "codigo_aluno": "303(...)70",
                    "nome_aluno": "RITA FERRO VENTURA"
                },
                {
                    "codigo_aluno": "153(...)30",
                    "nome_aluno": "TERESA SALVADOR RIBEIRO"
                },
                {
                    "codigo_aluno": "153(...)99",
                    "nome_aluno": "TIAGO FILIPE SOUSA LEITE"
                },
                {
                    "codigo_aluno": "153(...)77",
                    "nome_aluno": "TOMÁS LOURO DOMINGOS MAÇÃS DUARTE"
                },
                {
                    "codigo_aluno": "306(...)20",
                    "nome_aluno": "VICENTE EUSTACE SENGO DA COSTA"
                }
            ]
        }
    ]
}