{
    "codigo_universidade": "1109",
    "nome_universidade": "1109 - Universidade do Porto - Faculdade de Psicologia e de Ciências da Educação",
    "cursos": [
        {
            "codigo_curso": "9026",
            "nome_curso": "9026 - Ciências da Educação",
            "colocados": [
                {
                    "codigo_aluno": "303(...)00",
                    "nome_aluno": "ANA CAROLINA MOREIRA PINHEIRO"
                },
                {
                    "codigo_aluno": "315(...)43",
                    "nome_aluno": "ANA CATARINA SILVESTRE FIALHO"
                },
                {
                    "codigo_aluno": "314(...)99",
                    "nome_aluno": "ANA SOFIA MAGALHÃES LAGES"
                },
                {
                    "codigo_aluno": "309(...)18",
                    "nome_aluno": "BÁRBARA ELISA OLIVEIRA VELASCO"
                },
                {
                    "codigo_aluno": "317(...)13",
                    "nome_aluno": "BEATRIZ MOUTINHO RIBEIRO"
                },
                {
                    "codigo_aluno": "315(...)03",
                    "nome_aluno": "BEATRIZ OLIVEIRA LEAL ELOI"
                },
                {
                    "codigo_aluno": "151(...)92",
                    "nome_aluno": "BEATRIZ VIEIRA GASPAR"
                },
                {
                    "codigo_aluno": "318(...)74",
                    "nome_aluno": "BRUNO GUILHERME LOPES PIMENTA"
                },
                {
                    "codigo_aluno": "153(...)86",
                    "nome_aluno": "CAROLINA MARQUES RODRIGUES"
                },
                {
                    "codigo_aluno": "308(...)46",
                    "nome_aluno": "CATARINA PORTUGAL GUEDES DA SILVEIRA"
                },
                {
                    "codigo_aluno": "300(...)11",
                    "nome_aluno": "CRISTIANA SOFIA RESENDE SILVA"
                },
                {
                    "codigo_aluno": "300(...)48",
                    "nome_aluno": "DIANA BEATRIZ DA SILVA GOMES"
                },
                {
                    "codigo_aluno": "300(...)94",
                    "nome_aluno": "DIANA FILIPA GOMES LOPES"
                },
                {
                    "codigo_aluno": "153(...)35",
                    "nome_aluno": "EMILIA CORREIA DE JESUS"
                },
                {
                    "codigo_aluno": "313(...)37",
                    "nome_aluno": "FILIPA PEREIRA NEVES"
                },
                {
                    "codigo_aluno": "159(...)52",
                    "nome_aluno": "FRANCISCA GONÇALVES AZEVEDO"
                },
                {
                    "codigo_aluno": "156(...)58",
                    "nome_aluno": "HUGO MIGUEL CLEMENTE FELISBERTO"
                },
                {
                    "codigo_aluno": "312(...)95",
                    "nome_aluno": "IGOR GABRIEL LOUREIRO VALENTE"
                },
                {
                    "codigo_aluno": "312(...)59",
                    "nome_aluno": "INÊS ALEXANDRA SANTOS OSÓRIO"
                },
                {
                    "codigo_aluno": "310(...)65",
                    "nome_aluno": "INÊS ALLEN PILOTO GONÇALVES SILVA"
                },
                {
                    "codigo_aluno": "311(...)72",
                    "nome_aluno": "ISA JORGE GOMES PAULA MARTINS"
                },
                {
                    "codigo_aluno": "307(...)14",
                    "nome_aluno": "JOANA BARBOSA VILAS BOAS"
                },
                {
                    "codigo_aluno": "304(...)84",
                    "nome_aluno": "JOANA FERREIRA DE OLIVEIRA"
                },
                {
                    "codigo_aluno": "154(...)32",
                    "nome_aluno": "JULIANA DE JESUS PINHO"
                },
                {
                    "codigo_aluno": "318(...)60",
                    "nome_aluno": "LETÍCIA CAMPOS ARIAS"
                },
                {
                    "codigo_aluno": "300(...)80",
                    "nome_aluno": "LUANA DA SILVA MARQUES"
                },
                {
                    "codigo_aluno": "155(...)28",
                    "nome_aluno": "LUANA MARIA PEREIRA SANTOS"
                },
                {
                    "codigo_aluno": "154(...)38",
                    "nome_aluno": "LÚCIA LOPES DOS SANTOS"
                },
                {
                    "codigo_aluno": "310(...)33",
                    "nome_aluno": "MAFALDA FERREIRA PIRES"
                },
                {
                    "codigo_aluno": "310(...)21",
                    "nome_aluno": "MAFALDA FILIPE DA FONSECA DOMINGUEZ ALVAREZ"
                },
                {
                    "codigo_aluno": "153(...)46",
                    "nome_aluno": "MARA SANTOS OLIVEIRA"
                },
                {
                    "codigo_aluno": "304(...)90",
                    "nome_aluno": "MARGARIDA GOMES PEREIRA"
                },
                {
                    "codigo_aluno": "302(...)99",
                    "nome_aluno": "MARIA CARVALHO MOTA"
                },
                {
                    "codigo_aluno": "240(...)57",
                    "nome_aluno": "MARIA EDUARDA CORREA ZAMBERLAN"
                },
                {
                    "codigo_aluno": "304(...)82",
                    "nome_aluno": "MARIA EDUARDA LOPES GUIMARÃES"
                },
                {
                    "codigo_aluno": "307(...)95",
                    "nome_aluno": "MARIANA BASTOS DA COSTA"
                },
                {
                    "codigo_aluno": "311(...)77",
                    "nome_aluno": "MARIANA DOMINGUES FERREIRA"
                },
                {
                    "codigo_aluno": "309(...)53",
                    "nome_aluno": "MARIANA MONTEIRO DO COUTO"
                },
                {
                    "codigo_aluno": "303(...)19",
                    "nome_aluno": "MARIANA REIS DOS SANTOS"
                },
                {
                    "codigo_aluno": "306(...)52",
                    "nome_aluno": "MARIANA SOFIA MORAIS DA SILVA PIRES"
                },
                {
                    "codigo_aluno": "312(...)86",
                    "nome_aluno": "MATILDE INÊS PAIVA DOS SANTOS"
                },
                {
                    "codigo_aluno": "240(...)04",
                    "nome_aluno": "MELISSA SANTANA DE FARIAS"
                },
                {
                    "codigo_aluno": "300(...)19",
                    "nome_aluno": "RAQUEL DIAS FANGUEIRO SOARES"
                },
                {
                    "codigo_aluno": "303(...)72",
                    "nome_aluno": "TATIANA FILIPA ARAÚJO MOREIRA"
                },
                {
                    "codigo_aluno": "153(...)10",
                    "nome_aluno": "TOMÁS HENRIQUE COSTA SIMAS DOS RAMOS PEREIRA"
                },
                {
                    "codigo_aluno": "157(...)61",
                    "nome_aluno": "VASCO TOMÉ AMARAL DE MAGALHÃES"
                },
                {
                    "codigo_aluno": "322(...)34",
                    "nome_aluno": "YASMÍN ALEJANDRA AMADO"
                }
            ]
        },
        {
            "codigo_curso": "9219",
            "nome_curso": "9219 - Psicologia",
            "colocados": [
                {
                    "codigo_aluno": "154(...)73",
                    "nome_aluno": "ADRIANA ALVES MONTEIRO"
                },
                {
                    "codigo_aluno": "152(...)12",
                    "nome_aluno": "ADRIANA DE ASSUNÇÃO HARRISON DOMINGOS"
                },
                {
                    "codigo_aluno": "153(...)70",
                    "nome_aluno": "ALEXANDRA YASMIN DE CASTRO MARQUES TEIXEIRA"
                },
                {
                    "codigo_aluno": "316(...)30",
                    "nome_aluno": "ALEXANDRE MIGUEL CRUZ DE SÁ"
                },
                {
                    "codigo_aluno": "332(...)55",
                    "nome_aluno": "ANA CAROLINA FERNANDES PONTES DE CARVALHO"
                },
                {
                    "codigo_aluno": "153(...)17",
                    "nome_aluno": "ANA CATARINA BÁRBARA AGUIAR"
                },
                {
                    "codigo_aluno": "152(...)68",
                    "nome_aluno": "ANA CLARA SOARES MARTINS"
                },
                {
                    "codigo_aluno": "305(...)44",
                    "nome_aluno": "ANA LUÍSA MARTINS RIBEIRO"
                },
                {
                    "codigo_aluno": "304(...)86",
                    "nome_aluno": "ANA MARIA MONTEIRO DE ALMEIDA E SILVA"
                },
                {
                    "codigo_aluno": "240(...)33",
                    "nome_aluno": "ANA RITA COSTA GOMES"
                },
                {
                    "codigo_aluno": "301(...)81",
                    "nome_aluno": "ANDREIA SOFIA GONÇALVES PEREIRA"
                },
                {
                    "codigo_aluno": "312(...)50",
                    "nome_aluno": "BEATRIZ CARVALHO HERMOSA"
                },
                {
                    "codigo_aluno": "309(...)42",
                    "nome_aluno": "BEATRIZ DE SOUSA CARNEIRO"
                },
                {
                    "codigo_aluno": "300(...)30",
                    "nome_aluno": "BEATRIZ FILIPA RAMOS MAIA"
                },
                {
                    "codigo_aluno": "309(...)12",
                    "nome_aluno": "BEATRIZ MOURA RIBEIRO"
                },
                {
                    "codigo_aluno": "306(...)97",
                    "nome_aluno": "BEATRIZ RAPOSO SOUSA"
                },
                {
                    "codigo_aluno": "159(...)19",
                    "nome_aluno": "BEATRIZ SERRA DUQUE"
                },
                {
                    "codigo_aluno": "152(...)95",
                    "nome_aluno": "BIA DE ALMEIDA PINTO"
                },
                {
                    "codigo_aluno": "153(...)97",
                    "nome_aluno": "CAROLINA DIAS MAGALHÃES"
                },
                {
                    "codigo_aluno": "306(...)24",
                    "nome_aluno": "CAROLINA TEIXEIRA DIAS"
                },
                {
                    "codigo_aluno": "300(...)75",
                    "nome_aluno": "CLÁUDIA BEATRIZ FERREIRA BARROS"
                },
                {
                    "codigo_aluno": "304(...)34",
                    "nome_aluno": "DIANA RAFAELA MOREIRA BARBOSA"
                },
                {
                    "codigo_aluno": "155(...)79",
                    "nome_aluno": "EDNA TRIGUEIRO MOREIRA"
                },
                {
                    "codigo_aluno": "153(...)23",
                    "nome_aluno": "EDUARDO MICAEL MOREIRA DA SILVA E CASTRO"
                },
                {
                    "codigo_aluno": "154(...)99",
                    "nome_aluno": "ELECTRA FONSECA COSTA"
                },
                {
                    "codigo_aluno": "305(...)79",
                    "nome_aluno": "ERICA ALEXANDRA NEVES GONÇALVES"
                },
                {
                    "codigo_aluno": "155(...)88",
                    "nome_aluno": "ÉRICA DUARTE FIGUEIREDO PEDROSA"
                },
                {
                    "codigo_aluno": "313(...)11",
                    "nome_aluno": "ÉRICA FILIPA GONÇALVES LAROUCA"
                },
                {
                    "codigo_aluno": "308(...)34",
                    "nome_aluno": "FRANCISCO COELHO DE SOUSA"
                },
                {
                    "codigo_aluno": "149(...)59",
                    "nome_aluno": "FRANCISCO DOS SANTOS DE FREITAS LUÍS"
                },
                {
                    "codigo_aluno": "310(...)73",
                    "nome_aluno": "GABRIEL PEDRO DE MACEDO PINTO E SÁ"
                },
                {
                    "codigo_aluno": "242(...)09",
                    "nome_aluno": "GABRIELA CID RIVERA BARRETO"
                },
                {
                    "codigo_aluno": "309(...)01",
                    "nome_aluno": "GABRIELA DA ROCHA ALVES"
                },
                {
                    "codigo_aluno": "152(...)25",
                    "nome_aluno": "GABRIELA DE OLIVEIRA PIMENTEL"
                },
                {
                    "codigo_aluno": "157(...)72",
                    "nome_aluno": "GUILHERME VIEIRA DE FREITAS"
                },
                {
                    "codigo_aluno": "307(...)01",
                    "nome_aluno": "INÊS DE LIMA E SILVA SANTOS SALGADO"
                },
                {
                    "codigo_aluno": "154(...)90",
                    "nome_aluno": "INÊS DE SOUSA PEREIRA"
                },
                {
                    "codigo_aluno": "301(...)60",
                    "nome_aluno": "INÊS DE SOUSA SOARES"
                },
                {
                    "codigo_aluno": "310(...)71",
                    "nome_aluno": "INÊS DIAS MENDES"
                },
                {
                    "codigo_aluno": "312(...)94",
                    "nome_aluno": "INÊS DOS SANTOS MOREIRA"
                },
                {
                    "codigo_aluno": "153(...)61",
                    "nome_aluno": "INÊS FILIPA MORAIS DE CARVALHO"
                },
                {
                    "codigo_aluno": "154(...)88",
                    "nome_aluno": "INÊS GOUVEIA MIRANDA ALMEIDA DE ARAÚJO"
                },
                {
                    "codigo_aluno": "135(...)67",
                    "nome_aluno": "INÊS ISABEL GERALDES VAZ"
                },
                {
                    "codigo_aluno": "300(...)79",
                    "nome_aluno": "INÊS MARGARIDA CARDOSO DE ANDRADE VON HAFE"
                },
                {
                    "codigo_aluno": "154(...)97",
                    "nome_aluno": "INÊS NETO GUIMARÃES ALMEIDA"
                },
                {
                    "codigo_aluno": "303(...)48",
                    "nome_aluno": "INÊS NEVES ROCHA"
                },
                {
                    "codigo_aluno": "307(...)78",
                    "nome_aluno": "INÊS PEREIRA NETO"
                },
                {
                    "codigo_aluno": "157(...)19",
                    "nome_aluno": "INÊS PINHEIRO CAMPOS"
                },
                {
                    "codigo_aluno": "308(...)84",
                    "nome_aluno": "INÊS PIRES PENEDO"
                },
                {
                    "codigo_aluno": "309(...)79",
                    "nome_aluno": "INÊS SANTOS SILVA"
                },
                {
                    "codigo_aluno": "158(...)34",
                    "nome_aluno": "INÊS SOUSA ALVES"
                },
                {
                    "codigo_aluno": "150(...)94",
                    "nome_aluno": "ÍRIS GABRIELA CORREIA VIEIRA"
                },
                {
                    "codigo_aluno": "316(...)66",
                    "nome_aluno": "ÍRIS GARIZO FREITAS"
                },
                {
                    "codigo_aluno": "151(...)26",
                    "nome_aluno": "JOANA BASTOS AMARAL"
                },
                {
                    "codigo_aluno": "159(...)04",
                    "nome_aluno": "JOANA DANIELA FERREIRA DE SOUSA"
                },
                {
                    "codigo_aluno": "154(...)48",
                    "nome_aluno": "JOANA DE MATOS E SILVA"
                },
                {
                    "codigo_aluno": "157(...)39",
                    "nome_aluno": "JOANA INÊS CARVALHO GONÇALVES"
                },
                {
                    "codigo_aluno": "319(...)55",
                    "nome_aluno": "JOANA TERROSO FANGUEIRO DA SILVA"
                },
                {
                    "codigo_aluno": "300(...)88",
                    "nome_aluno": "JOÃO MARIA MENDES FONSECA"
                },
                {
                    "codigo_aluno": "309(...)76",
                    "nome_aluno": "JOÃO PAULO SALGADO DE ALMEIDA"
                },
                {
                    "codigo_aluno": "317(...)51",
                    "nome_aluno": "JULIANA NETO DE OLIVEIRA"
                },
                {
                    "codigo_aluno": "309(...)95",
                    "nome_aluno": "LARA CANELAS LEITÃO"
                },
                {
                    "codigo_aluno": "308(...)04",
                    "nome_aluno": "LARA MARGARIDA GONÇALVES ALVELOS"
                },
                {
                    "codigo_aluno": "151(...)58",
                    "nome_aluno": "LAURA BEATRIZ RODRIGUES SOUSA"
                },
                {
                    "codigo_aluno": "157(...)44",
                    "nome_aluno": "LAURA SOFIA BRITO DE BARROS"
                },
                {
                    "codigo_aluno": "151(...)74",
                    "nome_aluno": "LEONOR BARREIROS LEAL DE AMORIM RESENDE"
                },
                {
                    "codigo_aluno": "315(...)31",
                    "nome_aluno": "LEONOR MIRANDA CURVÃO"
                },
                {
                    "codigo_aluno": "305(...)80",
                    "nome_aluno": "LEONOR OLIVEIRA MORIM"
                },
                {
                    "codigo_aluno": "154(...)50",
                    "nome_aluno": "LIA NUNES EIRAS"
                },
                {
                    "codigo_aluno": "153(...)33",
                    "nome_aluno": "LUANA MARIA ALVES CRUZ"
                },
                {
                    "codigo_aluno": "309(...)44",
                    "nome_aluno": "LUANA PINTO CRUZ"
                },
                {
                    "codigo_aluno": "306(...)75",
                    "nome_aluno": "LUCA GIL HAYS"
                },
                {
                    "codigo_aluno": "303(...)91",
                    "nome_aluno": "LUÍSA CASTRO MAIA PINTO DA SILVA"
                },
                {
                    "codigo_aluno": "304(...)97",
                    "nome_aluno": "LUÍSA ISABEL GONÇALVES LEAL"
                },
                {
                    "codigo_aluno": "307(...)28",
                    "nome_aluno": "LUNA CRISTINA FERREIRA PIRES"
                },
                {
                    "codigo_aluno": "317(...)34",
                    "nome_aluno": "MAFALDA ALEXANDRA RODRIGUES ALVES"
                },
                {
                    "codigo_aluno": "310(...)59",
                    "nome_aluno": "MANUEL ANTÓNIO CONDE RUFO PEREIRA VALENTE"
                },
                {
                    "codigo_aluno": "143(...)27",
                    "nome_aluno": "MARGARIDA CARVALHO DE ALMEIDA GOMES"
                },
                {
                    "codigo_aluno": "311(...)94",
                    "nome_aluno": "MARIA CAROLINA GONÇALVES FERREIRA"
                },
                {
                    "codigo_aluno": "158(...)38",
                    "nome_aluno": "MARIA CLARA FREIRE SOARES E TAVARES PINHEIRO"
                },
                {
                    "codigo_aluno": "151(...)22",
                    "nome_aluno": "MARIA CLARA INÁCIO DA FONTE"
                },
                {
                    "codigo_aluno": "154(...)72",
                    "nome_aluno": "MARIA DE ALMEIDA HELENA"
                },
                {
                    "codigo_aluno": "240(...)02",
                    "nome_aluno": "MARIA EDUARDA CASTELLO BRANCO DA CUNHA"
                },
                {
                    "codigo_aluno": "157(...)43",
                    "nome_aluno": "MARIA JOÃO MAGALHÃES DA SILVA"
                },
                {
                    "codigo_aluno": "154(...)41",
                    "nome_aluno": "MARIA JOÃO PULIDO NEIVA SANTOS"
                },
                {
                    "codigo_aluno": "305(...)52",
                    "nome_aluno": "MARIA JOÃO VALENTE SIMÕES FINISTERRA PEREIRA"
                },
                {
                    "codigo_aluno": "309(...)61",
                    "nome_aluno": "MARIA LEONOR GONÇALVES MARQUES"
                },
                {
                    "codigo_aluno": "304(...)39",
                    "nome_aluno": "MARIA LOURENÇO DA COSTA"
                },
                {
                    "codigo_aluno": "153(...)74",
                    "nome_aluno": "MARIA MIGUEL DOS SANTOS PACHECO PEREIRA SAMPAIO"
                },
                {
                    "codigo_aluno": "305(...)22",
                    "nome_aluno": "MARIA RITA VAZ BARBOSA DA SILVA"
                },
                {
                    "codigo_aluno": "309(...)71",
                    "nome_aluno": "MARIA TERESA PROENÇA DE ALBUQUERQUE"
                },
                {
                    "codigo_aluno": "157(...)69",
                    "nome_aluno": "MARIANA ALEXANDRA FERNANDES FERREIRA"
                },
                {
                    "codigo_aluno": "303(...)95",
                    "nome_aluno": "MARIANA MEIRELES FAUSTINO"
                },
                {
                    "codigo_aluno": "308(...)37",
                    "nome_aluno": "MARIANA PACHECO CASANOVA"
                },
                {
                    "codigo_aluno": "306(...)08",
                    "nome_aluno": "MARIANA SOEIRO LOPES"
                },
                {
                    "codigo_aluno": "303(...)68",
                    "nome_aluno": "MARTA PINTO CORREIA"
                },
                {
                    "codigo_aluno": "155(...)31",
                    "nome_aluno": "MARTA PINTO PONTES"
                },
                {
                    "codigo_aluno": "309(...)45",
                    "nome_aluno": "MARTA SABINA CARNEIRO VAZ"
                },
                {
                    "codigo_aluno": "152(...)01",
                    "nome_aluno": "MARTA VIEIRA DOS SANTOS KRUG DE NORONHA"
                },
                {
                    "codigo_aluno": "315(...)25",
                    "nome_aluno": "MATILDE AUGUSTO FONTES RAMOS"
                },
                {
                    "codigo_aluno": "303(...)26",
                    "nome_aluno": "MATILDE BARBOSA LAJINHA DO PAÇO VIANA"
                },
                {
                    "codigo_aluno": "154(...)04",
                    "nome_aluno": "MATILDE DAMÁSIO DIAS"
                },
                {
                    "codigo_aluno": "156(...)78",
                    "nome_aluno": "MATILDE DE ALMEIDA LAMEIRAS"
                },
                {
                    "codigo_aluno": "312(...)55",
                    "nome_aluno": "MATILDE OLIVEIRA PINTO"
                },
                {
                    "codigo_aluno": "157(...)78",
                    "nome_aluno": "MATILDE PIMENTEL PEREIRA DIAS PERNECO"
                },
                {
                    "codigo_aluno": "153(...)72",
                    "nome_aluno": "MATILDE PINTO NETO"
                },
                {
                    "codigo_aluno": "153(...)37",
                    "nome_aluno": "MATILDE SARAMAGO MENEZES DE FIGUEIREDO MOITA"
                },
                {
                    "codigo_aluno": "315(...)23",
                    "nome_aluno": "MICAELA DUARTE PINHEIRO"
                },
                {
                    "codigo_aluno": "240(...)20",
                    "nome_aluno": "NINA FRANÇA BARRETO"
                },
                {
                    "codigo_aluno": "151(...)61",
                    "nome_aluno": "NÚRIA BAQUEIRO BRANDÃO"
                },
                {
                    "codigo_aluno": "309(...)72",
                    "nome_aluno": "RAQUEL SOFIA GOMES MOREIRA"
                },
                {
                    "codigo_aluno": "151(...)40",
                    "nome_aluno": "RITA ALEXANDRA NEVES E CONDE"
                },
                {
                    "codigo_aluno": "156(...)27",
                    "nome_aluno": "RITA FARIA ALVES"
                },
                {
                    "codigo_aluno": "154(...)40",
                    "nome_aluno": "RITA RIBEIRO PINTO"
                },
                {
                    "codigo_aluno": "311(...)08",
                    "nome_aluno": "SARA ALEXANDRA BRANDÃO DE PINHO MONTEIRO"
                },
                {
                    "codigo_aluno": "314(...)19",
                    "nome_aluno": "SARA GRAÇA MORIM DA COSTA"
                },
                {
                    "codigo_aluno": "314(...)83",
                    "nome_aluno": "SARA PATRÍCIA ALVES RAJÃO"
                },
                {
                    "codigo_aluno": "306(...)91",
                    "nome_aluno": "SARA TEIXEIRA PEREIRA"
                },
                {
                    "codigo_aluno": "313(...)54",
                    "nome_aluno": "SILVIANA MARIA VASCONCELOS VILAS BOAS"
                },
                {
                    "codigo_aluno": "303(...)92",
                    "nome_aluno": "SIMÃO PEDRO TAVARES VERGUEIRO"
                },
                {
                    "codigo_aluno": "301(...)42",
                    "nome_aluno": "SOFIA FLOR CRUZ PEREIRA"
                },
                {
                    "codigo_aluno": "152(...)72",
                    "nome_aluno": "TERESA PINTO DA FONSECA SANTOS CARVALHO"
                },
                {
                    "codigo_aluno": "308(...)79",
                    "nome_aluno": "TIAGO CANCELA DA SILVA FRANÇA"
                }
            ]
        }
    ]
}