{
    "codigo_universidade": "0605",
    "nome_universidade": "0605 - Universidade de Évora - Escola de Saúde e Desenvolvimento Humano",
    "cursos": [
        {
            "codigo_curso": "L256",
            "nome_curso": "L256 - Ciências Biomédicas e da Saúde",
            "colocados": [
                {
                    "codigo_aluno": "305(...)59",
                    "nome_aluno": "AFONSO JOSÉ FANHA FERREIRA"
                },
                {
                    "codigo_aluno": "154(...)43",
                    "nome_aluno": "ANA MARTA DA SILVA FERREIRA"
                },
                {
                    "codigo_aluno": "302(...)65",
                    "nome_aluno": "CARLOTA ALVES FERNANDES"
                },
                {
                    "codigo_aluno": "306(...)89",
                    "nome_aluno": "DANIELA FREITAS ARAUJO"
                },
                {
                    "codigo_aluno": "303(...)93",
                    "nome_aluno": "DIOGO COURINHA MARTINS LOPES FERNANDES"
                },
                {
                    "codigo_aluno": "302(...)51",
                    "nome_aluno": "FRANCISCO BRAGA DA SILVA"
                },
                {
                    "codigo_aluno": "301(...)42",
                    "nome_aluno": "GONÇALO GODINHO POUPA"
                },
                {
                    "codigo_aluno": "307(...)93",
                    "nome_aluno": "INÊS DAVID DE CASTRO"
                },
                {
                    "codigo_aluno": "309(...)50",
                    "nome_aluno": "INÊS VALVERDE POMBO"
                },
                {
                    "codigo_aluno": "309(...)48",
                    "nome_aluno": "JÉSSICA FILIPA BAPTISTA DIAS COSTA"
                },
                {
                    "codigo_aluno": "309(...)46",
                    "nome_aluno": "JOANA SERRANO SALOMÉ"
                },
                {
                    "codigo_aluno": "303(...)47",
                    "nome_aluno": "JOÃO MIGUEL REIS DA MATA"
                },
                {
                    "codigo_aluno": "324(...)47",
                    "nome_aluno": "KIESSE MUABI NKUTXI DE CARVALHO"
                },
                {
                    "codigo_aluno": "301(...)79",
                    "nome_aluno": "LEONOR CASACA CANHÃO"
                },
                {
                    "codigo_aluno": "309(...)61",
                    "nome_aluno": "MARGARIDA AMARO CORREIA DA SILVA"
                },
                {
                    "codigo_aluno": "306(...)81",
                    "nome_aluno": "MARIA BENEDITA BARÃO CLARO DA SILVA MARIANO"
                },
                {
                    "codigo_aluno": "311(...)46",
                    "nome_aluno": "MARIA BONITA AMARAL"
                },
                {
                    "codigo_aluno": "154(...)60",
                    "nome_aluno": "MARIA EUGÉNIA BRANCO GODINHO DAVID"
                },
                {
                    "codigo_aluno": "306(...)29",
                    "nome_aluno": "MARIANA ANTUNES BOTELHO"
                },
                {
                    "codigo_aluno": "317(...)59",
                    "nome_aluno": "MARITANA DOS SANTOS GABOLEIRO"
                },
                {
                    "codigo_aluno": "300(...)66",
                    "nome_aluno": "MATILDE AFONSO DOMINGOS FRAQUEIRO"
                },
                {
                    "codigo_aluno": "309(...)36",
                    "nome_aluno": "RAQUEL SOFIA ARRANHADO CARAPINHA"
                },
                {
                    "codigo_aluno": "156(...)75",
                    "nome_aluno": "RAQUEL SOFIA REAL PROENÇA"
                },
                {
                    "codigo_aluno": "305(...)73",
                    "nome_aluno": "RITA SEGURADO MARQUES"
                },
                {
                    "codigo_aluno": "314(...)88",
                    "nome_aluno": "RUI TAVARES PITA"
                },
                {
                    "codigo_aluno": "152(...)29",
                    "nome_aluno": "SOFIA DA COSTA BORTOLI"
                },
                {
                    "codigo_aluno": "152(...)44",
                    "nome_aluno": "SORAIA VENTURA MARQUES"
                },
                {
                    "codigo_aluno": "305(...)74",
                    "nome_aluno": "TOMÁS SILVA FERRÃO"
                }
            ]
        },
        {
            "codigo_curso": "9707",
            "nome_curso": "9707 - Ciências do Desporto",
            "colocados": [
                {
                    "codigo_aluno": "150(...)72",
                    "nome_aluno": "ADRIANA CRISTINA DA SILVA MARTINS VALENTIM"
                },
                {
                    "codigo_aluno": "309(...)60",
                    "nome_aluno": "AFONSO CARVALHAIS PIMENTÃO"
                },
                {
                    "codigo_aluno": "302(...)21",
                    "nome_aluno": "AFONSO DUARTE BAPTISTA CAMPOS MINHAVA"
                },
                {
                    "codigo_aluno": "158(...)41",
                    "nome_aluno": "ALEXANDRE MIGUEL AGOSTINHO SILVA"
                },
                {
                    "codigo_aluno": "310(...)51",
                    "nome_aluno": "ANTÓNIO ANDRÉ CALEIRO GEADAS"
                },
                {
                    "codigo_aluno": "159(...)21",
                    "nome_aluno": "CAROLINA LÁZARO AMANTE"
                },
                {
                    "codigo_aluno": "313(...)60",
                    "nome_aluno": "DANIEL FERREIRA SALVADOR"
                },
                {
                    "codigo_aluno": "151(...)31",
                    "nome_aluno": "DIOGO FILIPE RAMALHO MOREIRA LOUÇÃO"
                },
                {
                    "codigo_aluno": "158(...)10",
                    "nome_aluno": "DIOGO MARIA AMARO ELEUTÉRIO"
                },
                {
                    "codigo_aluno": "150(...)44",
                    "nome_aluno": "DUARTE FERREIRA BARÃO"
                },
                {
                    "codigo_aluno": "308(...)36",
                    "nome_aluno": "DUARTE GODINHO ALVES"
                },
                {
                    "codigo_aluno": "300(...)26",
                    "nome_aluno": "DUARTE PEDRO MONTEIRO AMADO"
                },
                {
                    "codigo_aluno": "300(...)64",
                    "nome_aluno": "FERNANDO MIGUEL PIRES BAPTISTA"
                },
                {
                    "codigo_aluno": "307(...)88",
                    "nome_aluno": "FILIPE TROUVÉ CRAVINHO"
                },
                {
                    "codigo_aluno": "313(...)30",
                    "nome_aluno": "FRANCISCO MARIA HORTA CAMBEZES"
                },
                {
                    "codigo_aluno": "306(...)54",
                    "nome_aluno": "GONÇALO FILIPE ANJOS PINTO SILVA MONIZ"
                },
                {
                    "codigo_aluno": "303(...)32",
                    "nome_aluno": "GONÇALO JOSÉ DE SÁ MOTA"
                },
                {
                    "codigo_aluno": "302(...)64",
                    "nome_aluno": "GONÇALO MANUEL RECHENA ROLO"
                },
                {
                    "codigo_aluno": "151(...)70",
                    "nome_aluno": "GONÇALO MIGUEL LOURO NUNES"
                },
                {
                    "codigo_aluno": "310(...)43",
                    "nome_aluno": "GUILHERME ANTÓNIO MAURÍCIO SERRA LOBO"
                },
                {
                    "codigo_aluno": "315(...)29",
                    "nome_aluno": "GUILHERME FILIPE MURTEIRA BARROCAS"
                },
                {
                    "codigo_aluno": "309(...)07",
                    "nome_aluno": "HELENA ISABEL NETO FLORINDO"
                },
                {
                    "codigo_aluno": "300(...)31",
                    "nome_aluno": "INÊS SOFIA DUARTE PINHO"
                },
                {
                    "codigo_aluno": "149(...)38",
                    "nome_aluno": "IVAN HIPÓLITO SANTOS"
                },
                {
                    "codigo_aluno": "319(...)63",
                    "nome_aluno": "JHONATHAN GUILHERME PESSOA PAIM"
                },
                {
                    "codigo_aluno": "150(...)70",
                    "nome_aluno": "JOÃO PEDRO DE SOUSA FAUSTINO"
                },
                {
                    "codigo_aluno": "151(...)65",
                    "nome_aluno": "JOÃO PEDRO SALDANHA EMÍDIO"
                },
                {
                    "codigo_aluno": "301(...)09",
                    "nome_aluno": "JOAO RAFAEL BENGALA SOARES"
                },
                {
                    "codigo_aluno": "310(...)46",
                    "nome_aluno": "JOSÉ PEDRO FERREIRA FIGUEIRAS DE SALDANHA"
                },
                {
                    "codigo_aluno": "313(...)29",
                    "nome_aluno": "LEONOR MURTEIRA RISCADO"
                },
                {
                    "codigo_aluno": "149(...)44",
                    "nome_aluno": "LOURENÇO AFONSO FREITAS GONÇALVES"
                },
                {
                    "codigo_aluno": "307(...)40",
                    "nome_aluno": "LOURENÇO GREGÓRIO FERNANDES"
                },
                {
                    "codigo_aluno": "305(...)21",
                    "nome_aluno": "LUNA PEREIRA FERNANDES"
                },
                {
                    "codigo_aluno": "308(...)15",
                    "nome_aluno": "MANUEL FILIPE ROCHA DE FREITAS"
                },
                {
                    "codigo_aluno": "156(...)02",
                    "nome_aluno": "MANUEL MARIA PEREIRA DE CARVALHO MUÑOZ CARDOSO"
                },
                {
                    "codigo_aluno": "150(...)99",
                    "nome_aluno": "MARTA SALVADOR PITEIRA FÉLIX"
                },
                {
                    "codigo_aluno": "158(...)56",
                    "nome_aluno": "MARTIM MACHADO LEITÃO"
                },
                {
                    "codigo_aluno": "155(...)01",
                    "nome_aluno": "MATILDE GUEDES PESTANA"
                },
                {
                    "codigo_aluno": "156(...)40",
                    "nome_aluno": "PEDRO OLIVEIRA DA SILVA"
                },
                {
                    "codigo_aluno": "305(...)74",
                    "nome_aluno": "RICARDO ALEXANDRE MESTRE CANDEIAS"
                },
                {
                    "codigo_aluno": "304(...)85",
                    "nome_aluno": "RITA LOPES AGUIAR"
                },
                {
                    "codigo_aluno": "309(...)58",
                    "nome_aluno": "RODRIGO FREITAS QUERIDO MATOS"
                },
                {
                    "codigo_aluno": "153(...)11",
                    "nome_aluno": "RODRIGO PRATES CHAMBEL GRENHA"
                },
                {
                    "codigo_aluno": "148(...)90",
                    "nome_aluno": "RUBEN BONITO MARGALHO"
                },
                {
                    "codigo_aluno": "303(...)73",
                    "nome_aluno": "SAMUEL JORGE COELHO DA COSTA"
                },
                {
                    "codigo_aluno": "159(...)65",
                    "nome_aluno": "SOFIA MARTINS VARELA DIAS PEREIRA"
                },
                {
                    "codigo_aluno": "305(...)87",
                    "nome_aluno": "SORAIA CARVALHO ESPADA"
                },
                {
                    "codigo_aluno": "304(...)87",
                    "nome_aluno": "TIAGO MIGUEL ALVES MENDES"
                },
                {
                    "codigo_aluno": "308(...)53",
                    "nome_aluno": "TIAGO MIGUEL SIMÕES DE JESUS CAROLINO"
                },
                {
                    "codigo_aluno": "156(...)55",
                    "nome_aluno": "TOMÁS FURTADO VIEIRA"
                },
                {
                    "codigo_aluno": "301(...)62",
                    "nome_aluno": "TOMÁS MANEIRAS PARREIRA"
                },
                {
                    "codigo_aluno": "304(...)88",
                    "nome_aluno": "TOMÁS MANUEL GOMES CARVALHO"
                },
                {
                    "codigo_aluno": "155(...)49",
                    "nome_aluno": "TOMÁS MARIA MARGALHA ROSADO SANTOS"
                },
                {
                    "codigo_aluno": "159(...)60",
                    "nome_aluno": "VASCO FERREIRA GOIS"
                },
                {
                    "codigo_aluno": "159(...)07",
                    "nome_aluno": "VASCO ROGÉRIO FONTES"
                },
                {
                    "codigo_aluno": "304(...)74",
                    "nome_aluno": "VASCO SALVADO BERNARDINO"
                }
            ]
        },
        {
            "codigo_curso": "9494",
            "nome_curso": "9494 - Ciências Farmacêuticas",
            "colocados": [
                {
                    "codigo_aluno": "309(...)49",
                    "nome_aluno": "ADRIANA TANGANHO GANHÃO"
                },
                {
                    "codigo_aluno": "305(...)81",
                    "nome_aluno": "BEATRIZ ISABEL DA SILVA GODINHO"
                },
                {
                    "codigo_aluno": "307(...)94",
                    "nome_aluno": "CARINA SAMEIRO POMBINHO"
                },
                {
                    "codigo_aluno": "309(...)67",
                    "nome_aluno": "CAROLINA SOARES PALMA"
                },
                {
                    "codigo_aluno": "159(...)71",
                    "nome_aluno": "CÁTIA SOFIA SILVA VELEZ"
                },
                {
                    "codigo_aluno": "156(...)10",
                    "nome_aluno": "CÍNTIA SILVA DE BRITO"
                },
                {
                    "codigo_aluno": "300(...)57",
                    "nome_aluno": "CLARA ALABAÇA FRADE"
                },
                {
                    "codigo_aluno": "152(...)61",
                    "nome_aluno": "EDGAR FABRÍCIO PEREIRA MADEIRA"
                },
                {
                    "codigo_aluno": "159(...)17",
                    "nome_aluno": "GIL TOMÉ QUEIROZ"
                },
                {
                    "codigo_aluno": "305(...)71",
                    "nome_aluno": "GONÇALO JOSÉ DA SILVA PESTANA"
                },
                {
                    "codigo_aluno": "150(...)44",
                    "nome_aluno": "GUSTAVO FIGUEIRA NUNES"
                },
                {
                    "codigo_aluno": "308(...)46",
                    "nome_aluno": "IRIS JARDIM SILVA BROGNA"
                },
                {
                    "codigo_aluno": "155(...)21",
                    "nome_aluno": "LARA E SILVA DIAS"
                },
                {
                    "codigo_aluno": "305(...)00",
                    "nome_aluno": "LUÍSA MARIA DO CARMO ROSA"
                },
                {
                    "codigo_aluno": "154(...)49",
                    "nome_aluno": "MARIA GARCIA RODRIGUES"
                },
                {
                    "codigo_aluno": "151(...)93",
                    "nome_aluno": "MARTIM PINTO DE MAGALHÃES VILAS-BOAS"
                },
                {
                    "codigo_aluno": "306(...)50",
                    "nome_aluno": "RITA SILVA CORREIA"
                },
                {
                    "codigo_aluno": "309(...)27",
                    "nome_aluno": "RODRIGO VALÉRIO DE SOUSA TAVARES"
                },
                {
                    "codigo_aluno": "309(...)23",
                    "nome_aluno": "SOFIA CONCEIÇÃO TOJINHA PEREIRA"
                },
                {
                    "codigo_aluno": "314(...)05",
                    "nome_aluno": "TERESA PAULA PAIVA DUARTE"
                }
            ]
        },
        {
            "codigo_curso": "9841",
            "nome_curso": "9841 - Reabilitação Psicomotora",
            "colocados": [
                {
                    "codigo_aluno": "303(...)20",
                    "nome_aluno": "ANDRE FILIPE GRENHO DIREITINHO"
                },
                {
                    "codigo_aluno": "151(...)92",
                    "nome_aluno": "BIANCA ESPÍNOLA PEREIRA SILVA"
                },
                {
                    "codigo_aluno": "306(...)80",
                    "nome_aluno": "DIANA CAROLINA NUNES ALMEIDA"
                },
                {
                    "codigo_aluno": "307(...)06",
                    "nome_aluno": "DIANA MACHADO VIEIRA"
                },
                {
                    "codigo_aluno": "309(...)29",
                    "nome_aluno": "DIANA RITA JORGE CARVALHO"
                },
                {
                    "codigo_aluno": "157(...)08",
                    "nome_aluno": "DINIS GAMITO MARTINS"
                },
                {
                    "codigo_aluno": "154(...)72",
                    "nome_aluno": "DIOGO MIGUEL GRAÇA E SOUSA"
                },
                {
                    "codigo_aluno": "157(...)03",
                    "nome_aluno": "FRANCISCA ESTANQUEIRO HENRIQUES"
                },
                {
                    "codigo_aluno": "309(...)04",
                    "nome_aluno": "JOANA MARIA TAVARES COSTA"
                },
                {
                    "codigo_aluno": "158(...)48",
                    "nome_aluno": "JOANA MARQUES MACARA"
                },
                {
                    "codigo_aluno": "306(...)04",
                    "nome_aluno": "LEONOR ALEXANDRA DO NASCIMENTO FONTES"
                },
                {
                    "codigo_aluno": "153(...)46",
                    "nome_aluno": "MADALENA ISABEL ALVES RODRIGUES"
                },
                {
                    "codigo_aluno": "332(...)79",
                    "nome_aluno": "RÚBEN GABRIEL CARVALHO DE ANDRADE"
                },
                {
                    "codigo_aluno": "306(...)96",
                    "nome_aluno": "SIMÃO OLIVEIRA DA SILVA"
                },
                {
                    "codigo_aluno": "308(...)78",
                    "nome_aluno": "SIMONE GOMES NOVO"
                },
                {
                    "codigo_aluno": "312(...)91",
                    "nome_aluno": "SIMONE SILVA RODRIGUES"
                },
                {
                    "codigo_aluno": "303(...)32",
                    "nome_aluno": "SORAIA CONSTANÇA VIEIRA PIRES"
                },
                {
                    "codigo_aluno": "317(...)42",
                    "nome_aluno": "VITÓRIA PATRÍCIA FERREIRA DA SILVA"
                },
                {
                    "codigo_aluno": "309(...)14",
                    "nome_aluno": "VITÓRIA PIÇARRO ROCHA"
                }
            ]
        }
    ]
}