{
    "codigo_universidade": "0506",
    "nome_universidade": "0506 - Universidade de Coimbra - Faculdade de Medicina",
    "cursos": [
        {
            "codigo_curso": "9813",
            "nome_curso": "9813 - Medicina",
            "colocados": [
                {
                    "codigo_aluno": "307(...)30",
                    "nome_aluno": "ADRIANA MARGARIDA SILVA SECO"
                },
                {
                    "codigo_aluno": "309(...)72",
                    "nome_aluno": "AFONSO ALEXANDRE SIMÕES MACEDO"
                },
                {
                    "codigo_aluno": "157(...)65",
                    "nome_aluno": "AFONSO FALHAS CHAMBEL"
                },
                {
                    "codigo_aluno": "153(...)36",
                    "nome_aluno": "AFONSO GONÇALVES DO AMARAL"
                },
                {
                    "codigo_aluno": "154(...)91",
                    "nome_aluno": "ALEXANDRA CORREIA DE FIGUEIREDO RIBEIRO"
                },
                {
                    "codigo_aluno": "306(...)65",
                    "nome_aluno": "ALEXANDRA FILIPA DE CARVALHO BOTELHO"
                },
                {
                    "codigo_aluno": "300(...)34",
                    "nome_aluno": "ALICE ALVES ROCHA"
                },
                {
                    "codigo_aluno": "314(...)10",
                    "nome_aluno": "ANA BEATRIZ BRAGA CERQUEIRA"
                },
                {
                    "codigo_aluno": "159(...)06",
                    "nome_aluno": "ANA CAROLINA FREITAS BAPTISTA"
                },
                {
                    "codigo_aluno": "309(...)17",
                    "nome_aluno": "ANA CATARINA MÁXIMO QUEIRÓS"
                },
                {
                    "codigo_aluno": "157(...)84",
                    "nome_aluno": "ANA CLARA CARDOSO OLIVEIRA"
                },
                {
                    "codigo_aluno": "316(...)63",
                    "nome_aluno": "ANA DIAS OLIVEIRA MONTEIRO"
                },
                {
                    "codigo_aluno": "159(...)11",
                    "nome_aluno": "ANA FILIPA MIRANDA PIMENTA"
                },
                {
                    "codigo_aluno": "305(...)32",
                    "nome_aluno": "ANA FILIPA PEREIRA APARÍCIO"
                },
                {
                    "codigo_aluno": "307(...)92",
                    "nome_aluno": "ANA ISABEL LOPES SANTOS"
                },
                {
                    "codigo_aluno": "309(...)85",
                    "nome_aluno": "ANA ISABEL MAEIRO DOS SANTOS"
                },
                {
                    "codigo_aluno": "309(...)96",
                    "nome_aluno": "ANA JÚLIA BRITES SALGADO"
                },
                {
                    "codigo_aluno": "300(...)79",
                    "nome_aluno": "ANA LUÍSA BENTO NEVES"
                },
                {
                    "codigo_aluno": "154(...)78",
                    "nome_aluno": "ANA MARGARIDA DAVID PEREIRA"
                },
                {
                    "codigo_aluno": "300(...)25",
                    "nome_aluno": "ANA MARIA TEIXEIRA DOS SANTOS"
                },
                {
                    "codigo_aluno": "157(...)97",
                    "nome_aluno": "ANA MARTA CALEIRAS GASPAR"
                },
                {
                    "codigo_aluno": "306(...)38",
                    "nome_aluno": "ANA RITA MARTINS GOMES"
                },
                {
                    "codigo_aluno": "155(...)71",
                    "nome_aluno": "ANA RITA PORTELA CONDESSA DA SILVA"
                },
                {
                    "codigo_aluno": "304(...)32",
                    "nome_aluno": "ANA TERESA BARBOSA ALVES"
                },
                {
                    "codigo_aluno": "312(...)86",
                    "nome_aluno": "ANASTÁCIA DIANA STARCHUK"
                },
                {
                    "codigo_aluno": "152(...)89",
                    "nome_aluno": "ANDRÉ DINIS DE SEABRA E SILVA"
                },
                {
                    "codigo_aluno": "305(...)20",
                    "nome_aluno": "ANDRÉ PIÑEIRO DE SANTOS RAMOS"
                },
                {
                    "codigo_aluno": "309(...)93",
                    "nome_aluno": "ANDREIA FILIPA ESTEVES LOPES"
                },
                {
                    "codigo_aluno": "306(...)01",
                    "nome_aluno": "ANDREIA PIMENTA LOPES DOS SANTOS"
                },
                {
                    "codigo_aluno": "152(...)74",
                    "nome_aluno": "ANTON MIGUEL GONÇALVES BARAH"
                },
                {
                    "codigo_aluno": "157(...)61",
                    "nome_aluno": "ANTÓNIA ALEXANDRA ANTÃO MARINHO"
                },
                {
                    "codigo_aluno": "156(...)47",
                    "nome_aluno": "BARBARA ALEXANDRA DIAS CORDEIRO"
                },
                {
                    "codigo_aluno": "312(...)86",
                    "nome_aluno": "BÁRBARA LUÍSA DA COSTA FERREIRA"
                },
                {
                    "codigo_aluno": "309(...)56",
                    "nome_aluno": "BEATRIZ BALSA NEVES"
                },
                {
                    "codigo_aluno": "157(...)17",
                    "nome_aluno": "BEATRIZ BRITO PIRES"
                },
                {
                    "codigo_aluno": "154(...)23",
                    "nome_aluno": "BEATRIZ DA COSTA BICAS MATEUS FERREIRA"
                },
                {
                    "codigo_aluno": "306(...)25",
                    "nome_aluno": "BEATRIZ DE MORAIS FERNANDES"
                },
                {
                    "codigo_aluno": "159(...)65",
                    "nome_aluno": "BEATRIZ INÊS MARINHEIRO GARCIA"
                },
                {
                    "codigo_aluno": "302(...)12",
                    "nome_aluno": "BEATRIZ MARIA ESPINHO PEREIRA"
                },
                {
                    "codigo_aluno": "306(...)32",
                    "nome_aluno": "BEATRIZ OLIVEIRA BENTO"
                },
                {
                    "codigo_aluno": "159(...)72",
                    "nome_aluno": "BEATRIZ ROCHA MATIAS"
                },
                {
                    "codigo_aluno": "240(...)06",
                    "nome_aluno": "BEATRIZ SILVA VAZ"
                },
                {
                    "codigo_aluno": "309(...)72",
                    "nome_aluno": "BEATRIZ SOFIA BAÍA REBELO"
                },
                {
                    "codigo_aluno": "309(...)62",
                    "nome_aluno": "BEATRIZ TEIXEIRA GONÇALVES"
                },
                {
                    "codigo_aluno": "151(...)29",
                    "nome_aluno": "BERNARDO DE SANTAMARIA SIMÃO SEQUEIRA"
                },
                {
                    "codigo_aluno": "158(...)71",
                    "nome_aluno": "BRUNA DOS SANTOS MOEDAS"
                },
                {
                    "codigo_aluno": "156(...)53",
                    "nome_aluno": "BRUNA FILIPA TAVARES JUNQUEIRA"
                },
                {
                    "codigo_aluno": "328(...)67",
                    "nome_aluno": "CARINA ALVES BRITO LEDO"
                },
                {
                    "codigo_aluno": "159(...)73",
                    "nome_aluno": "CARINA DOS SANTOS PAIVA"
                },
                {
                    "codigo_aluno": "300(...)15",
                    "nome_aluno": "CARINA SILVA GOMES"
                },
                {
                    "codigo_aluno": "310(...)47",
                    "nome_aluno": "CARLA RAQUEL DA SILVA QUEIRÓS"
                },
                {
                    "codigo_aluno": "309(...)61",
                    "nome_aluno": "CAROLINA AMARAL SAMPAIO"
                },
                {
                    "codigo_aluno": "309(...)67",
                    "nome_aluno": "CAROLINA CANAIS BALHAU"
                },
                {
                    "codigo_aluno": "148(...)49",
                    "nome_aluno": "CAROLINA DIAS SILVA"
                },
                {
                    "codigo_aluno": "153(...)34",
                    "nome_aluno": "CAROLINA FERREIRA DA GRAÇA SIMÕES"
                },
                {
                    "codigo_aluno": "155(...)67",
                    "nome_aluno": "CAROLINA GRAÇA SANCHO"
                },
                {
                    "codigo_aluno": "304(...)60",
                    "nome_aluno": "CAROLINA LOURENCO NOGUEIRA MACHADO"
                },
                {
                    "codigo_aluno": "154(...)33",
                    "nome_aluno": "CAROLINA MILHAZES LOPES"
                },
                {
                    "codigo_aluno": "153(...)36",
                    "nome_aluno": "CAROLINA QUARESMA AZEVEDO SANTOS"
                },
                {
                    "codigo_aluno": "310(...)63",
                    "nome_aluno": "CAROLINA SAMOUCO PESTANA EMÍDIO DOS SANTOS"
                },
                {
                    "codigo_aluno": "154(...)31",
                    "nome_aluno": "CATARINA FILIPA ALVES SILVA"
                },
                {
                    "codigo_aluno": "305(...)24",
                    "nome_aluno": "CATARINA FILIPE CARVALHO MECO BATISTA"
                },
                {
                    "codigo_aluno": "155(...)55",
                    "nome_aluno": "CATARINA GRAÇA VIEGAS"
                },
                {
                    "codigo_aluno": "154(...)22",
                    "nome_aluno": "CATARINA MARIA ANTUNES TARRALHEIRO"
                },
                {
                    "codigo_aluno": "153(...)14",
                    "nome_aluno": "CATARINA OLIVEIRA DA SILVA"
                },
                {
                    "codigo_aluno": "159(...)37",
                    "nome_aluno": "CONSTANÇA ISABEL LOURENÇO SIMÕES"
                },
                {
                    "codigo_aluno": "151(...)45",
                    "nome_aluno": "CONSTANÇA MELO BORGES BELO SOARES"
                },
                {
                    "codigo_aluno": "309(...)58",
                    "nome_aluno": "DANIELA FILIPA MAEIRO DOS SANTOS"
                },
                {
                    "codigo_aluno": "316(...)86",
                    "nome_aluno": "DANIELA FILIPA SILVA MARTINS"
                },
                {
                    "codigo_aluno": "306(...)70",
                    "nome_aluno": "DANIELA NUNES PARAÍSO"
                },
                {
                    "codigo_aluno": "309(...)18",
                    "nome_aluno": "DANIELA RAIMUNDO TÁVORA"
                },
                {
                    "codigo_aluno": "307(...)39",
                    "nome_aluno": "DAVID COSTA SARAIVA"
                },
                {
                    "codigo_aluno": "158(...)07",
                    "nome_aluno": "DAVID NOVAIS DOS SANTOS BRAS"
                },
                {
                    "codigo_aluno": "301(...)97",
                    "nome_aluno": "DAVID TAVARES SIMÕES"
                },
                {
                    "codigo_aluno": "307(...)31",
                    "nome_aluno": "DIANA CAROLINA SOBRAL COELHO PINA"
                },
                {
                    "codigo_aluno": "307(...)00",
                    "nome_aluno": "DIANA GOMES GONÇALVES"
                },
                {
                    "codigo_aluno": "154(...)38",
                    "nome_aluno": "DIANA MOREIRA TEIXEIRA"
                },
                {
                    "codigo_aluno": "157(...)07",
                    "nome_aluno": "DIANA PEREIRA CAMPOS"
                },
                {
                    "codigo_aluno": "316(...)43",
                    "nome_aluno": "DINA CLARA TAVARES DA MAIA"
                },
                {
                    "codigo_aluno": "314(...)72",
                    "nome_aluno": "DINIS CARDOSO MONTEIRO"
                },
                {
                    "codigo_aluno": "153(...)03",
                    "nome_aluno": "DINIS MANUEL SERÔDIO DA FONSECA"
                },
                {
                    "codigo_aluno": "306(...)37",
                    "nome_aluno": "DINIS ROCHA OLIVEIRA"
                },
                {
                    "codigo_aluno": "312(...)36",
                    "nome_aluno": "DIOGO ANTÓNIO PEDROSA FERNANDES"
                },
                {
                    "codigo_aluno": "307(...)41",
                    "nome_aluno": "DUARTE MANUEL DA CUNHA ROCHA"
                },
                {
                    "codigo_aluno": "302(...)29",
                    "nome_aluno": "DUARTE MEDEIROS E SILVA SANTOS"
                },
                {
                    "codigo_aluno": "152(...)25",
                    "nome_aluno": "DUARTE RAMOS CAMARINHO"
                },
                {
                    "codigo_aluno": "304(...)81",
                    "nome_aluno": "EDUARDO FILIPE TEIXEIRA RODRIGUES"
                },
                {
                    "codigo_aluno": "159(...)68",
                    "nome_aluno": "EDUARDO HELENO CAMARATE"
                },
                {
                    "codigo_aluno": "309(...)64",
                    "nome_aluno": "ERNÂNI AFONSO PINTO CARREIRA"
                },
                {
                    "codigo_aluno": "304(...)67",
                    "nome_aluno": "FABIANA SOFIA SOUSA BASTOS"
                },
                {
                    "codigo_aluno": "153(...)17",
                    "nome_aluno": "FILIPA BRÁS AFONSO"
                },
                {
                    "codigo_aluno": "153(...)06",
                    "nome_aluno": "FILIPA DUARTE MATIAS"
                },
                {
                    "codigo_aluno": "306(...)90",
                    "nome_aluno": "FILIPA SOFIA BERNARDINO PATRÍCIO"
                },
                {
                    "codigo_aluno": "151(...)09",
                    "nome_aluno": "FRANCISCA BORGES PEREIRA"
                },
                {
                    "codigo_aluno": "154(...)90",
                    "nome_aluno": "FRANCISCA DE QUADROS OLIVEIRA"
                },
                {
                    "codigo_aluno": "155(...)45",
                    "nome_aluno": "FRANCISCA MARGARIDA SANTOS DO VALE"
                },
                {
                    "codigo_aluno": "307(...)55",
                    "nome_aluno": "FRANCISCA PERICÃO RANGEL DUARTE"
                },
                {
                    "codigo_aluno": "302(...)22",
                    "nome_aluno": "FRANCISCA TRANCAS DE CASTILHO RABAÇA"
                },
                {
                    "codigo_aluno": "313(...)35",
                    "nome_aluno": "FRANCISCO JOSÉ DE ALMEIDA RIBEIRO"
                },
                {
                    "codigo_aluno": "300(...)48",
                    "nome_aluno": "FRANCISCO JOSÉ LOPES DO PEREIRO"
                },
                {
                    "codigo_aluno": "302(...)83",
                    "nome_aluno": "FRANCISCO TOMÉ COSTA DA SILVA"
                },
                {
                    "codigo_aluno": "151(...)27",
                    "nome_aluno": "GABRIELA BEZERRA DA CRUZ VICENTE"
                },
                {
                    "codigo_aluno": "152(...)60",
                    "nome_aluno": "GABRIELA CORREIA MANSO"
                },
                {
                    "codigo_aluno": "303(...)47",
                    "nome_aluno": "GABRIELA SANTOS CARVALHO"
                },
                {
                    "codigo_aluno": "240(...)12",
                    "nome_aluno": "GEOVANNA ELEUTERIO VIANA DA SILVA"
                },
                {
                    "codigo_aluno": "302(...)67",
                    "nome_aluno": "GONÇALO ALEXANDRE SILVA RIBEIRO"
                },
                {
                    "codigo_aluno": "149(...)61",
                    "nome_aluno": "GONÇALO FILIPE JESUS SANTOS"
                },
                {
                    "codigo_aluno": "159(...)43",
                    "nome_aluno": "GONÇALO JOSÉ BERNARDES COSTA"
                },
                {
                    "codigo_aluno": "156(...)88",
                    "nome_aluno": "GONÇALO MOREIRA LOPES"
                },
                {
                    "codigo_aluno": "310(...)14",
                    "nome_aluno": "GONÇALO RODRIGUES CORDEIRO VINTÉM"
                },
                {
                    "codigo_aluno": "304(...)82",
                    "nome_aluno": "GUILHERME AFONSO DA FONSECA LOURO"
                },
                {
                    "codigo_aluno": "307(...)78",
                    "nome_aluno": "GUILHERME GONÇALVES OLIVEIRA"
                },
                {
                    "codigo_aluno": "151(...)24",
                    "nome_aluno": "GUILHERME JOSÉ VIEIRA FERNANDES"
                },
                {
                    "codigo_aluno": "310(...)15",
                    "nome_aluno": "GUILHERME VENTURA DE OLIVEIRA FALCÃO DE SÁ"
                },
                {
                    "codigo_aluno": "153(...)17",
                    "nome_aluno": "GUSTAVO FILIPE DA SILVA COELHO"
                },
                {
                    "codigo_aluno": "310(...)68",
                    "nome_aluno": "HELENA ISABEL LÁZARO GONÇALVES DA EIRA"
                },
                {
                    "codigo_aluno": "240(...)05",
                    "nome_aluno": "HELENA SILVA VAZ"
                },
                {
                    "codigo_aluno": "305(...)95",
                    "nome_aluno": "HENRIQUE BORRALHO CORREIA DA CRUZ"
                },
                {
                    "codigo_aluno": "309(...)56",
                    "nome_aluno": "HUGO MIGUEL CARVALHO ANTUNES"
                },
                {
                    "codigo_aluno": "304(...)07",
                    "nome_aluno": "INÊS BRANCO DE JESUS"
                },
                {
                    "codigo_aluno": "309(...)68",
                    "nome_aluno": "INÊS DO CARMO CARAPAU FERREIRA"
                },
                {
                    "codigo_aluno": "309(...)18",
                    "nome_aluno": "INÊS DUARTE SEQUEIRA"
                },
                {
                    "codigo_aluno": "152(...)75",
                    "nome_aluno": "INÊS FERREIRA CARNEIRO"
                },
                {
                    "codigo_aluno": "154(...)48",
                    "nome_aluno": "INÊS FILIPA GUIMARÃES PEREIRA"
                },
                {
                    "codigo_aluno": "308(...)53",
                    "nome_aluno": "INÊS GABRIELA CORREIA ROCHA VIANA"
                },
                {
                    "codigo_aluno": "304(...)27",
                    "nome_aluno": "INÊS LIMA DE CARVALHO"
                },
                {
                    "codigo_aluno": "307(...)84",
                    "nome_aluno": "INÊS MARGARIDA CAPA DA SILVA"
                },
                {
                    "codigo_aluno": "301(...)61",
                    "nome_aluno": "INÊS MARIA CAIRES FREITAS"
                },
                {
                    "codigo_aluno": "307(...)95",
                    "nome_aluno": "INÊS MIGUEL BAPTISTA DUARTE"
                },
                {
                    "codigo_aluno": "302(...)09",
                    "nome_aluno": "INÊS PATRÍCIO PINTO"
                },
                {
                    "codigo_aluno": "300(...)63",
                    "nome_aluno": "ÍRIS ALEXANDRA FIGUEIREDO DE SÁ"
                },
                {
                    "codigo_aluno": "159(...)20",
                    "nome_aluno": "IRIS MENESES PINELO"
                },
                {
                    "codigo_aluno": "313(...)10",
                    "nome_aluno": "ISABEL AMARAL COSTA"
                },
                {
                    "codigo_aluno": "159(...)71",
                    "nome_aluno": "JOANA ESTEVES PIRES"
                },
                {
                    "codigo_aluno": "308(...)59",
                    "nome_aluno": "JOÃO AFONSO DIAS VIEIRA FERNANDES"
                },
                {
                    "codigo_aluno": "305(...)57",
                    "nome_aluno": "JOÃO AFONSO MADEIRA CASTRO"
                },
                {
                    "codigo_aluno": "304(...)31",
                    "nome_aluno": "JOÃO ANDRÉ PIRES PEDREIRO"
                },
                {
                    "codigo_aluno": "308(...)35",
                    "nome_aluno": "JOÃO DIOGO SANTOS CAETANO SILVA PINTO"
                },
                {
                    "codigo_aluno": "151(...)18",
                    "nome_aluno": "JOÃO GREGÓRIO DOS SANTOS NÓBREGA"
                },
                {
                    "codigo_aluno": "309(...)66",
                    "nome_aluno": "JOÃO HENRIQUE RIBEIRO ASSUNÇÃO"
                },
                {
                    "codigo_aluno": "155(...)81",
                    "nome_aluno": "JOAO MIGUEL GONÇALVES ANDRADE"
                },
                {
                    "codigo_aluno": "311(...)63",
                    "nome_aluno": "JOÃO MONTEIRO DIAS"
                },
                {
                    "codigo_aluno": "307(...)18",
                    "nome_aluno": "JOÃO PAULO FERREIRA LOPES"
                },
                {
                    "codigo_aluno": "309(...)73",
                    "nome_aluno": "JOÃO PEDRO ALVES SILVA"
                },
                {
                    "codigo_aluno": "309(...)37",
                    "nome_aluno": "JOÃO PEDRO ESTORNINHO CRUZ"
                },
                {
                    "codigo_aluno": "309(...)29",
                    "nome_aluno": "JOÃO REIS DE OLIVEIRA"
                },
                {
                    "codigo_aluno": "302(...)45",
                    "nome_aluno": "JOAO TOMAS VILELA CABELO"
                },
                {
                    "codigo_aluno": "152(...)10",
                    "nome_aluno": "JOSÉ HENRIQUE DE MATOS MONTEIRO"
                },
                {
                    "codigo_aluno": "307(...)54",
                    "nome_aluno": "JOSÉ HENRIQUE TEIXEIRA QUINTAS"
                },
                {
                    "codigo_aluno": "149(...)16",
                    "nome_aluno": "JOSE MIGUEL MAURICIO SERRANO"
                },
                {
                    "codigo_aluno": "154(...)21",
                    "nome_aluno": "JOSÉ MIGUEL SOARES NETO"
                },
                {
                    "codigo_aluno": "309(...)72",
                    "nome_aluno": "LARA ANTUNES GUARDADO MENDES"
                },
                {
                    "codigo_aluno": "308(...)40",
                    "nome_aluno": "LARA CARVALHO RODRIGUES"
                },
                {
                    "codigo_aluno": "318(...)80",
                    "nome_aluno": "LARA FERNANDES DE ARAÚJO"
                },
                {
                    "codigo_aluno": "303(...)31",
                    "nome_aluno": "LARA JORDÃO SOUSA"
                },
                {
                    "codigo_aluno": "309(...)05",
                    "nome_aluno": "LARA RAFAELA OLIVEIRA CARDOSO"
                },
                {
                    "codigo_aluno": "152(...)71",
                    "nome_aluno": "LARA RODRIGUES MOIRINHO"
                },
                {
                    "codigo_aluno": "309(...)27",
                    "nome_aluno": "LARA RUFO DE CARVALHO"
                },
                {
                    "codigo_aluno": "159(...)53",
                    "nome_aluno": "LARA SOFIA MIRANDA PIMENTA"
                },
                {
                    "codigo_aluno": "159(...)57",
                    "nome_aluno": "LAURA BARROS PEREIRA"
                },
                {
                    "codigo_aluno": "153(...)43",
                    "nome_aluno": "LAURA BERBEREIA CARDOSO"
                },
                {
                    "codigo_aluno": "309(...)05",
                    "nome_aluno": "LAURA CASANOVA FERNANDES"
                },
                {
                    "codigo_aluno": "310(...)71",
                    "nome_aluno": "LAURA MIRANDA PEREIRA"
                },
                {
                    "codigo_aluno": "242(...)01",
                    "nome_aluno": "LEONARDO ABERCEB MASCARENHAS ANDRADE"
                },
                {
                    "codigo_aluno": "306(...)28",
                    "nome_aluno": "LEONOR CARDOSO PINTO"
                },
                {
                    "codigo_aluno": "158(...)44",
                    "nome_aluno": "LEONOR CARVALHO MARTINS"
                },
                {
                    "codigo_aluno": "152(...)54",
                    "nome_aluno": "LEONOR DE FREITAS BENEDITO"
                },
                {
                    "codigo_aluno": "153(...)60",
                    "nome_aluno": "LEONOR FERNANDES DOMINGOS MARMELO"
                },
                {
                    "codigo_aluno": "314(...)48",
                    "nome_aluno": "LEONOR FONSECA RODRIGUES"
                },
                {
                    "codigo_aluno": "304(...)90",
                    "nome_aluno": "LEONOR MARIA LOIO CORREIA"
                },
                {
                    "codigo_aluno": "308(...)63",
                    "nome_aluno": "LEONOR PINTO GASPAR"
                },
                {
                    "codigo_aluno": "310(...)63",
                    "nome_aluno": "LEONOR PONTES PEREIRA LOPES"
                },
                {
                    "codigo_aluno": "303(...)32",
                    "nome_aluno": "LEONOR VERÍSSIMO SOUSA MARTINS"
                },
                {
                    "codigo_aluno": "302(...)32",
                    "nome_aluno": "LOURENÇO TELES DE CARVALHO SILVA FREITAS"
                },
                {
                    "codigo_aluno": "305(...)51",
                    "nome_aluno": "LUCAS LOPES RESENDE"
                },
                {
                    "codigo_aluno": "314(...)48",
                    "nome_aluno": "LÚCIA MARIA MOURA CARNEIRO"
                },
                {
                    "codigo_aluno": "300(...)06",
                    "nome_aluno": "LÚCIA MOTA LEITE PORTO MARIZ"
                },
                {
                    "codigo_aluno": "327(...)19",
                    "nome_aluno": "LUIZA LAMELA GOMES"
                },
                {
                    "codigo_aluno": "153(...)02",
                    "nome_aluno": "MADALENA SÁ RIBEIRO"
                },
                {
                    "codigo_aluno": "306(...)21",
                    "nome_aluno": "MADALENA TEIXEIRA PEÇA"
                },
                {
                    "codigo_aluno": "308(...)66",
                    "nome_aluno": "MAFALDA JOSÉ ROCHA LEMOS DA SILVA"
                },
                {
                    "codigo_aluno": "309(...)91",
                    "nome_aluno": "MAFALDA PENEDO DA SILVA"
                },
                {
                    "codigo_aluno": "300(...)32",
                    "nome_aluno": "MAFALDA TORRES DA CUNHA"
                },
                {
                    "codigo_aluno": "306(...)05",
                    "nome_aluno": "MANUEL JOÃO VIDEIRA FRANCISCO"
                },
                {
                    "codigo_aluno": "309(...)86",
                    "nome_aluno": "MARCO ANTÓNIO FERREIRA COUTO CORREIA DOS SANTOS"
                },
                {
                    "codigo_aluno": "305(...)53",
                    "nome_aluno": "MARCO ANTÓNIO MACHADO JESUS"
                },
                {
                    "codigo_aluno": "152(...)89",
                    "nome_aluno": "MARGARIDA BENTO CARVALHEIRO"
                },
                {
                    "codigo_aluno": "304(...)85",
                    "nome_aluno": "MARGARIDA CEREJO RODRIGUES"
                },
                {
                    "codigo_aluno": "155(...)44",
                    "nome_aluno": "MARGARIDA GOULART GAMA FERREIRA"
                },
                {
                    "codigo_aluno": "311(...)22",
                    "nome_aluno": "MARGARIDA MONTEIRO E CUNHA"
                },
                {
                    "codigo_aluno": "154(...)73",
                    "nome_aluno": "MARGARIDA PATRÍCIO SANTOS"
                },
                {
                    "codigo_aluno": "301(...)57",
                    "nome_aluno": "MARIA ANDREIA ALVES CASTRO"
                },
                {
                    "codigo_aluno": "309(...)84",
                    "nome_aluno": "MARIA ANTÓNIA E SÁ MEIRA DE CASTRO NEVES"
                },
                {
                    "codigo_aluno": "153(...)44",
                    "nome_aluno": "MARIA BENEDITA ALBUQUERQUE RIBEIRO PONCES CAMANHO"
                },
                {
                    "codigo_aluno": "300(...)82",
                    "nome_aluno": "MARIA CONSTANÇA SALCEDAS CORREIA DE SOUSA"
                },
                {
                    "codigo_aluno": "317(...)62",
                    "nome_aluno": "MARIA DE ALBERGARIA SAMARA BALÇA LADEIRAS"
                },
                {
                    "codigo_aluno": "154(...)24",
                    "nome_aluno": "MARIA DO CARMO MADEIRA"
                },
                {
                    "codigo_aluno": "157(...)60",
                    "nome_aluno": "MARIA FERREIRA CUNHA"
                },
                {
                    "codigo_aluno": "157(...)20",
                    "nome_aluno": "MARIA FRANCISCA DE FREITAS WENGOROVIUS PINTO SOARES"
                },
                {
                    "codigo_aluno": "156(...)74",
                    "nome_aluno": "MARIA HELENA DA SILVA CORREIA"
                },
                {
                    "codigo_aluno": "150(...)46",
                    "nome_aluno": "MARIA INÊS DE ALMEIDA MELÃO E NEGRÃO RAMOS"
                },
                {
                    "codigo_aluno": "306(...)33",
                    "nome_aluno": "MARIA INÊS SILVA TEIXEIRA"
                },
                {
                    "codigo_aluno": "157(...)24",
                    "nome_aluno": "MARIA INÊS SOUSA VIVEIROS"
                },
                {
                    "codigo_aluno": "303(...)54",
                    "nome_aluno": "MARIA JOÃO LIMA RIBEIRO"
                },
                {
                    "codigo_aluno": "303(...)08",
                    "nome_aluno": "MARIA JOÃO QUENTAL MARQUES DA CONCEIÇÃO"
                },
                {
                    "codigo_aluno": "304(...)60",
                    "nome_aluno": "MARIA JOÃO TINOCO CASTRO"
                },
                {
                    "codigo_aluno": "159(...)18",
                    "nome_aluno": "MARIA LEONOR BATISTA GOMES"
                },
                {
                    "codigo_aluno": "309(...)98",
                    "nome_aluno": "MARIA LEONOR BRITES SALGADO"
                },
                {
                    "codigo_aluno": "153(...)25",
                    "nome_aluno": "MARIA LEONOR GONÇALVES CARVALHO"
                },
                {
                    "codigo_aluno": "240(...)07",
                    "nome_aluno": "MARIA LUIZA GUERRETTA GARCIA"
                },
                {
                    "codigo_aluno": "309(...)96",
                    "nome_aluno": "MARIA MARGARIDA NOGUEIRA FERNANDES"
                },
                {
                    "codigo_aluno": "154(...)08",
                    "nome_aluno": "MARIA MIGUEL DE CAMPOS FERNANDES"
                },
                {
                    "codigo_aluno": "154(...)28",
                    "nome_aluno": "MARIA MIGUEL GONÇALVES ROCHA ANDRÉ FERREIRA"
                },
                {
                    "codigo_aluno": "302(...)56",
                    "nome_aluno": "MARIA MIGUEL SILVA PEREIRA"
                },
                {
                    "codigo_aluno": "300(...)93",
                    "nome_aluno": "MARIA PEREIRA CABRAL"
                },
                {
                    "codigo_aluno": "309(...)63",
                    "nome_aluno": "MARIA RITA NOGUEIRA RODRIGUES"
                },
                {
                    "codigo_aluno": "150(...)65",
                    "nome_aluno": "MARIA SANTOS FERNANDES"
                },
                {
                    "codigo_aluno": "158(...)50",
                    "nome_aluno": "MARIA TERESA BAPTISTA SIMÕES"
                },
                {
                    "codigo_aluno": "300(...)30",
                    "nome_aluno": "MARIA TERESA BENTO VENTURA LUÍS"
                },
                {
                    "codigo_aluno": "152(...)18",
                    "nome_aluno": "MARIA TERESA VENTURA SANTA CARVALHINHO OLIVEIRA"
                },
                {
                    "codigo_aluno": "156(...)27",
                    "nome_aluno": "MARIA VALENTE MURTA E MAGALHÃES"
                },
                {
                    "codigo_aluno": "309(...)06",
                    "nome_aluno": "MARIANA AFONSO FERREIRA GONÇALVES"
                },
                {
                    "codigo_aluno": "305(...)72",
                    "nome_aluno": "MARIANA ALEXANDRA INÁCIO DA CRUZ"
                },
                {
                    "codigo_aluno": "301(...)31",
                    "nome_aluno": "MARIANA DO CARMO RIBEIRO DE ALMEIDA"
                },
                {
                    "codigo_aluno": "305(...)00",
                    "nome_aluno": "MARIANA MAGANO GUIMARÃES"
                },
                {
                    "codigo_aluno": "156(...)43",
                    "nome_aluno": "MARIANA OLIVEIRA NUNES"
                },
                {
                    "codigo_aluno": "307(...)43",
                    "nome_aluno": "MARIUS VORNIC"
                },
                {
                    "codigo_aluno": "303(...)51",
                    "nome_aluno": "MARTA FILIPA GONÇALO PAIS"
                },
                {
                    "codigo_aluno": "154(...)93",
                    "nome_aluno": "MATEUS ALEXANDRE MONTEIRO PEREIRA"
                },
                {
                    "codigo_aluno": "309(...)19",
                    "nome_aluno": "MATILDE BANDEIRA DO CARMO MOREIRA"
                },
                {
                    "codigo_aluno": "151(...)64",
                    "nome_aluno": "MATILDE FERNANDEZ REIS"
                },
                {
                    "codigo_aluno": "307(...)77",
                    "nome_aluno": "MATILDE JARDIM GOMES"
                },
                {
                    "codigo_aluno": "151(...)80",
                    "nome_aluno": "MATILDE MARIA LÉRIAS FIGUEIRA"
                },
                {
                    "codigo_aluno": "303(...)77",
                    "nome_aluno": "MATILDE MOCHÃO FONTES RIBEIRO"
                },
                {
                    "codigo_aluno": "306(...)94",
                    "nome_aluno": "MATILDE NEVES CRAVEIRO"
                },
                {
                    "codigo_aluno": "152(...)53",
                    "nome_aluno": "MATILDE PEIXOTO COSTA"
                },
                {
                    "codigo_aluno": "159(...)19",
                    "nome_aluno": "MATILDE SILVA QUINTAS"
                },
                {
                    "codigo_aluno": "304(...)10",
                    "nome_aluno": "MATILDE SOARES DE ALMEIDA REBELO"
                },
                {
                    "codigo_aluno": "301(...)45",
                    "nome_aluno": "MAYLA ALICE ROSARIO TEIXEIRA SOARES"
                },
                {
                    "codigo_aluno": "309(...)79",
                    "nome_aluno": "MIGUEL BANDEIRA FIGUEIREDO"
                },
                {
                    "codigo_aluno": "303(...)53",
                    "nome_aluno": "MIGUEL CARDOSO MADURO"
                },
                {
                    "codigo_aluno": "303(...)25",
                    "nome_aluno": "MIGUEL DINIS MARQUES"
                },
                {
                    "codigo_aluno": "241(...)09",
                    "nome_aluno": "MIGUEL GONZÁLEZ VILLORIA"
                },
                {
                    "codigo_aluno": "150(...)70",
                    "nome_aluno": "MIGUEL SOUSA CRAVEIRO"
                },
                {
                    "codigo_aluno": "150(...)59",
                    "nome_aluno": "NUNA ALEXANDRA VALENTE CARDEIRAS"
                },
                {
                    "codigo_aluno": "153(...)21",
                    "nome_aluno": "OSMAR RODOLFO VIEIRA FREITAS"
                },
                {
                    "codigo_aluno": "300(...)00",
                    "nome_aluno": "PATRÍCIA ALEXANDRA ALVES BARRETO"
                },
                {
                    "codigo_aluno": "303(...)34",
                    "nome_aluno": "PEDRO AFONSO ALEXANDRE OLIVEIRA"
                },
                {
                    "codigo_aluno": "313(...)62",
                    "nome_aluno": "PEDRO MARQUES DA SILVA"
                },
                {
                    "codigo_aluno": "309(...)55",
                    "nome_aluno": "PEDRO MIGUEL CARDOSO DOS SANTOS"
                },
                {
                    "codigo_aluno": "153(...)71",
                    "nome_aluno": "PEDRO PARDAL AMARO"
                },
                {
                    "codigo_aluno": "159(...)48",
                    "nome_aluno": "PEDRO RÚBEN FERNANDES DURÃES"
                },
                {
                    "codigo_aluno": "312(...)20",
                    "nome_aluno": "RAFAEL DIAS DA CUNHA"
                },
                {
                    "codigo_aluno": "151(...)32",
                    "nome_aluno": "RAFAEL RODRIGUES GOMES"
                },
                {
                    "codigo_aluno": "156(...)12",
                    "nome_aluno": "RAFAELA VALADA AMARAL"
                },
                {
                    "codigo_aluno": "306(...)47",
                    "nome_aluno": "RAQUEL MARTINS BARROS VIEIRA"
                },
                {
                    "codigo_aluno": "309(...)81",
                    "nome_aluno": "RICARDO CERQUEIRA CARVALHO"
                },
                {
                    "codigo_aluno": "159(...)66",
                    "nome_aluno": "RICARDO MARQUES MENDES FERREIRA"
                },
                {
                    "codigo_aluno": "159(...)96",
                    "nome_aluno": "RITA CORREIA MAGALHÃES"
                },
                {
                    "codigo_aluno": "152(...)24",
                    "nome_aluno": "RITA FAUSTINO FERREIRA"
                },
                {
                    "codigo_aluno": "152(...)32",
                    "nome_aluno": "RITA FRANCISCA DIAS MARTINS"
                },
                {
                    "codigo_aluno": "302(...)16",
                    "nome_aluno": "RITA MARGARIDA DE ALBUQUERQUE CARDOSO GOMES"
                },
                {
                    "codigo_aluno": "304(...)32",
                    "nome_aluno": "RITA PINTO RODRIGUES"
                },
                {
                    "codigo_aluno": "306(...)06",
                    "nome_aluno": "RODRIGO ALEXANDRE FILIPE CARDOSO"
                },
                {
                    "codigo_aluno": "309(...)23",
                    "nome_aluno": "RODRIGO FRANCISCO FERNANDES RIBEIRO"
                },
                {
                    "codigo_aluno": "152(...)91",
                    "nome_aluno": "RODRIGO JOSÉ FERREIRA DE CASTRO"
                },
                {
                    "codigo_aluno": "302(...)34",
                    "nome_aluno": "RUBEN FILIPE FERNANDES CASALEIRO"
                },
                {
                    "codigo_aluno": "151(...)81",
                    "nome_aluno": "RUI PEDRO PINHEIRO BARROS"
                },
                {
                    "codigo_aluno": "316(...)40",
                    "nome_aluno": "SARA BARROS TELMO"
                },
                {
                    "codigo_aluno": "310(...)42",
                    "nome_aluno": "SARA CERQUEIRA CORREIA"
                },
                {
                    "codigo_aluno": "301(...)72",
                    "nome_aluno": "SARA DIAS SOUSA"
                },
                {
                    "codigo_aluno": "154(...)97",
                    "nome_aluno": "SARA LEAL NUNES"
                },
                {
                    "codigo_aluno": "155(...)01",
                    "nome_aluno": "SARA VILAS BOAS DE PALHARES FALCÃO BERNARDO"
                },
                {
                    "codigo_aluno": "153(...)90",
                    "nome_aluno": "SIMÃO FILIPE MACEDO AFONSO"
                },
                {
                    "codigo_aluno": "154(...)40",
                    "nome_aluno": "SOFIA EUSÉBIO DE ALMEIDA SECO"
                },
                {
                    "codigo_aluno": "306(...)39",
                    "nome_aluno": "SOFIA FERNANDES DE CARVALHO DIAS PINHEIRO"
                },
                {
                    "codigo_aluno": "151(...)86",
                    "nome_aluno": "SOFIA JACINTO BICHO LEITÃO COSTA"
                },
                {
                    "codigo_aluno": "307(...)81",
                    "nome_aluno": "SOFIA MARINHO DE OLIVEIRA"
                },
                {
                    "codigo_aluno": "155(...)70",
                    "nome_aluno": "SOFIA SILVA GARCÊZ"
                },
                {
                    "codigo_aluno": "306(...)88",
                    "nome_aluno": "TIAGO GAMEIRO FERREIRA JORGE"
                },
                {
                    "codigo_aluno": "156(...)18",
                    "nome_aluno": "TIAGO LUÍS VASCO PIRES REBELO ALMEIDA"
                },
                {
                    "codigo_aluno": "153(...)86",
                    "nome_aluno": "TIAGO NUNO FERNANDES XAVIER MENDES EIRA"
                },
                {
                    "codigo_aluno": "304(...)05",
                    "nome_aluno": "TOMÁS ABREU PASCOAL"
                },
                {
                    "codigo_aluno": "158(...)39",
                    "nome_aluno": "TOMÁS DE AQUINO ESTEVES"
                },
                {
                    "codigo_aluno": "305(...)54",
                    "nome_aluno": "TOMÁS FRANCISCO MATOS GONÇALVES E AZEVEDO MOURA"
                },
                {
                    "codigo_aluno": "154(...)36",
                    "nome_aluno": "TOMÁS PIMENTA PARREIRAL"
                },
                {
                    "codigo_aluno": "151(...)45",
                    "nome_aluno": "TOMAS VAUTHIER COSTA"
                },
                {
                    "codigo_aluno": "154(...)11",
                    "nome_aluno": "VASCO ANTÓNIO DE SOMMER FÉTEIRA BELO SOARES"
                },
                {
                    "codigo_aluno": "306(...)24",
                    "nome_aluno": "VASCO DE CARVALHO BERTOQUINI"
                }
            ]
        },
        {
            "codigo_curso": "9548",
            "nome_curso": "9548 - Medicina Dentária",
            "colocados": [
                {
                    "codigo_aluno": "313(...)73",
                    "nome_aluno": "ANA FRANCISCA GONÇALVES SENRA"
                },
                {
                    "codigo_aluno": "309(...)15",
                    "nome_aluno": "ANA MARGARIDA COSTA MENDES"
                },
                {
                    "codigo_aluno": "307(...)86",
                    "nome_aluno": "ANA MATILDE VALENTE BASTOS"
                },
                {
                    "codigo_aluno": "309(...)82",
                    "nome_aluno": "ANA RITA FERNANDES FREITAS"
                },
                {
                    "codigo_aluno": "301(...)53",
                    "nome_aluno": "ANDRÉ FILIPE GASPAR SANTOS"
                },
                {
                    "codigo_aluno": "303(...)14",
                    "nome_aluno": "BEATRIZ BEREGOI"
                },
                {
                    "codigo_aluno": "304(...)53",
                    "nome_aluno": "BEATRIZ CUNHA GONÇALVES"
                },
                {
                    "codigo_aluno": "154(...)69",
                    "nome_aluno": "BEATRIZ DA CUNHA MARTINS"
                },
                {
                    "codigo_aluno": "310(...)90",
                    "nome_aluno": "BEATRIZ DE OLIVEIRA SIMÕES PEREIRA"
                },
                {
                    "codigo_aluno": "151(...)71",
                    "nome_aluno": "BEATRIZ MARIA ALVES GÓIS RAMOS ÂNGELO"
                },
                {
                    "codigo_aluno": "153(...)30",
                    "nome_aluno": "BEATRIZ PENEDA SANTOS"
                },
                {
                    "codigo_aluno": "301(...)89",
                    "nome_aluno": "CAROLINA MARTINS VEIGA DA COSTA"
                },
                {
                    "codigo_aluno": "312(...)34",
                    "nome_aluno": "CAROLINA MONTEIRO MARTINS"
                },
                {
                    "codigo_aluno": "152(...)63",
                    "nome_aluno": "CAROLINA PEDROSA DA SILVA"
                },
                {
                    "codigo_aluno": "304(...)47",
                    "nome_aluno": "CAROLINA SOFIA DE OLIVEIRA AREIAS"
                },
                {
                    "codigo_aluno": "303(...)80",
                    "nome_aluno": "CATARINA APARECIDA ESPÍRITO DA COSTA"
                },
                {
                    "codigo_aluno": "305(...)15",
                    "nome_aluno": "CONSTANÇA BENTO FONSECA"
                },
                {
                    "codigo_aluno": "309(...)62",
                    "nome_aluno": "DINIS CARVALHO GONÇALVES"
                },
                {
                    "codigo_aluno": "152(...)11",
                    "nome_aluno": "ELEONORA MARIA VARGAS PINHEIRO RUAS"
                },
                {
                    "codigo_aluno": "307(...)54",
                    "nome_aluno": "EVA FERNANDES FLORES"
                },
                {
                    "codigo_aluno": "151(...)06",
                    "nome_aluno": "FÁBIO ADRIANO VILLALBA VELASQUEZ"
                },
                {
                    "codigo_aluno": "310(...)46",
                    "nome_aluno": "INÊS PINTO DE ALMEIDA"
                },
                {
                    "codigo_aluno": "306(...)46",
                    "nome_aluno": "INÊS RODRIGUES CAVADAS"
                },
                {
                    "codigo_aluno": "309(...)70",
                    "nome_aluno": "INÊS SIMÕES DA SILVA"
                },
                {
                    "codigo_aluno": "152(...)12",
                    "nome_aluno": "INÊS SOARES CAMPOS"
                },
                {
                    "codigo_aluno": "153(...)67",
                    "nome_aluno": "IVANA NUNES MIGUEL"
                },
                {
                    "codigo_aluno": "307(...)82",
                    "nome_aluno": "JOANA NASCIMENTO PINHEIRO"
                },
                {
                    "codigo_aluno": "314(...)89",
                    "nome_aluno": "JOÃO FRANCISCO BEBIANO ANDRADE DE MATOS"
                },
                {
                    "codigo_aluno": "309(...)87",
                    "nome_aluno": "JÚLIA CAVACO PATARRA"
                },
                {
                    "codigo_aluno": "309(...)98",
                    "nome_aluno": "LAURA MARIA SANTOS MENDES"
                },
                {
                    "codigo_aluno": "152(...)03",
                    "nome_aluno": "LEONOR ISABEL BARATA BARRETO"
                },
                {
                    "codigo_aluno": "148(...)05",
                    "nome_aluno": "LUÍSA SOFIA SOUSA ARAÚJO"
                },
                {
                    "codigo_aluno": "152(...)16",
                    "nome_aluno": "MARGARIDA RIBEIRO LOUREIRO"
                },
                {
                    "codigo_aluno": "309(...)46",
                    "nome_aluno": "MARIA BERNARDO BAPTISTA"
                },
                {
                    "codigo_aluno": "316(...)36",
                    "nome_aluno": "MARIA CLARA MATOS SOARES"
                },
                {
                    "codigo_aluno": "151(...)01",
                    "nome_aluno": "MARIA GIL LOURENÇO OLIVEIRA DE VALÉRIO BRANCO"
                },
                {
                    "codigo_aluno": "151(...)57",
                    "nome_aluno": "MARIA JOAO RODRIGUES LASCARIM"
                },
                {
                    "codigo_aluno": "152(...)09",
                    "nome_aluno": "MARIA JOÃO VARÃO DUTRA"
                },
                {
                    "codigo_aluno": "308(...)37",
                    "nome_aluno": "MARIA LEONOR GIL SANTOS"
                },
                {
                    "codigo_aluno": "316(...)90",
                    "nome_aluno": "MARIA LEONOR MATOS MAGALHÃES"
                },
                {
                    "codigo_aluno": "150(...)06",
                    "nome_aluno": "MARIA LEONOR SOUSA SANTOS"
                },
                {
                    "codigo_aluno": "312(...)00",
                    "nome_aluno": "MARIANA AMARO AZENHA"
                },
                {
                    "codigo_aluno": "300(...)87",
                    "nome_aluno": "MARIANA BASTOS SOARES"
                },
                {
                    "codigo_aluno": "306(...)06",
                    "nome_aluno": "MARIANA DA COSTA LOPES"
                },
                {
                    "codigo_aluno": "310(...)67",
                    "nome_aluno": "MARIANA FERREIRA GOMES"
                },
                {
                    "codigo_aluno": "302(...)76",
                    "nome_aluno": "MARIANA ISABEL DE SOUSA SANTOS MANSILHA LEITE"
                },
                {
                    "codigo_aluno": "309(...)37",
                    "nome_aluno": "MARIANA VALENTE DE ALMEIDA BRANQUINHO"
                },
                {
                    "codigo_aluno": "153(...)44",
                    "nome_aluno": "MARTA SEABRA DE SOUSA FREIRE"
                },
                {
                    "codigo_aluno": "304(...)95",
                    "nome_aluno": "MARTIM DINIS PEREIRA MARQUES CABRAL"
                },
                {
                    "codigo_aluno": "309(...)04",
                    "nome_aluno": "MATILDE BAPTISTA RODRIGUES"
                },
                {
                    "codigo_aluno": "156(...)28",
                    "nome_aluno": "MATILDE CARVALHO DA SILVA"
                },
                {
                    "codigo_aluno": "300(...)44",
                    "nome_aluno": "MATILDE MATOS BEZERRA"
                },
                {
                    "codigo_aluno": "154(...)53",
                    "nome_aluno": "MAURA MIGUEL PAIVA VIEIRA DA SILVA"
                },
                {
                    "codigo_aluno": "302(...)15",
                    "nome_aluno": "MÓNICA VILELA DE SOUSA E CUNHA"
                },
                {
                    "codigo_aluno": "310(...)83",
                    "nome_aluno": "RAFAEL ALEXANDRE GUEDES ALVES"
                },
                {
                    "codigo_aluno": "306(...)71",
                    "nome_aluno": "RODRIGO DE FREITAS VIDEIRA"
                },
                {
                    "codigo_aluno": "314(...)89",
                    "nome_aluno": "RODRIGO PAIS GERALDES"
                },
                {
                    "codigo_aluno": "306(...)84",
                    "nome_aluno": "TIAGO ANDRÉ NETO DUARTE"
                },
                {
                    "codigo_aluno": "318(...)29",
                    "nome_aluno": "TOMÁS DE OLIVEIRA TAVARES"
                },
                {
                    "codigo_aluno": "154(...)23",
                    "nome_aluno": "VERÓNICA PEREIRINHA HENRIQUES FONSECA GAIOLA"
                }
            ]
        }
    ]
}