{
    "codigo_universidade": "1515",
    "nome_universidade": "1515 - Universidade de Lisboa - Instituto Superior de Agronomia",
    "cursos": [
        {
            "codigo_curso": "8258",
            "nome_curso": "8258 - Arquitetura Paisagista",
            "colocados": [
                {
                    "codigo_aluno": "306(...)47",
                    "nome_aluno": "ALEXANDRE PIMENTA DE CASTRO GAMEIRA BORGES"
                },
                {
                    "codigo_aluno": "152(...)31",
                    "nome_aluno": "ANA LUÍSA VALÉRIO CAETANO"
                },
                {
                    "codigo_aluno": "152(...)73",
                    "nome_aluno": "ANDRÉ MANUEL RAMOS ELIAS"
                },
                {
                    "codigo_aluno": "782(...)9",
                    "nome_aluno": "ANTÓNIO RUI OLIVEIRA DE CARVALHO"
                },
                {
                    "codigo_aluno": "154(...)71",
                    "nome_aluno": "AURORA CUNHA DE SOUSA FERREIRA STUDER"
                },
                {
                    "codigo_aluno": "157(...)97",
                    "nome_aluno": "DIANA BARROSO BANDEIRA E SILVA"
                },
                {
                    "codigo_aluno": "150(...)65",
                    "nome_aluno": "FERNANDO HENRIQUE CARVALHO ALMEIDA GOYANES MACHADO"
                },
                {
                    "codigo_aluno": "304(...)24",
                    "nome_aluno": "GONÇALO RAMOS LANÇA"
                },
                {
                    "codigo_aluno": "155(...)23",
                    "nome_aluno": "INÊS CARVALHO VIEIRA PITA"
                },
                {
                    "codigo_aluno": "304(...)19",
                    "nome_aluno": "INES FERNANDES VELUDO"
                },
                {
                    "codigo_aluno": "154(...)24",
                    "nome_aluno": "IVAN PERFEITO VIANA"
                },
                {
                    "codigo_aluno": "152(...)43",
                    "nome_aluno": "LAURA CARVALHO JESUS"
                },
                {
                    "codigo_aluno": "156(...)62",
                    "nome_aluno": "LUÍSA CAL REYNOLDS DE SOUSA"
                },
                {
                    "codigo_aluno": "151(...)01",
                    "nome_aluno": "MAFALDA SOFIA VIEIRA E RESSURREIÇÃO LAVAREDA"
                },
                {
                    "codigo_aluno": "154(...)44",
                    "nome_aluno": "MARIA INÊS MIQUELINO DE CARVALHO"
                },
                {
                    "codigo_aluno": "152(...)60",
                    "nome_aluno": "MARIA TERESA PINHAL MALTEZ"
                },
                {
                    "codigo_aluno": "155(...)24",
                    "nome_aluno": "MARIANA ALEIXO NOVAIS"
                },
                {
                    "codigo_aluno": "306(...)05",
                    "nome_aluno": "MARIANA ISABEL FERNANDES DE JESUS"
                },
                {
                    "codigo_aluno": "154(...)42",
                    "nome_aluno": "RITA DIAS SÃO BENTO"
                },
                {
                    "codigo_aluno": "306(...)30",
                    "nome_aluno": "TOMÁS AMARAL FERNANDES DIOGO MONTES"
                },
                {
                    "codigo_aluno": "304(...)90",
                    "nome_aluno": "VICENTE DE BRITO RIBEIRO PALMA MAIO"
                }
            ]
        },
        {
            "codigo_curso": "9011",
            "nome_curso": "9011 - Biologia",
            "colocados": [
                {
                    "codigo_aluno": "154(...)09",
                    "nome_aluno": "ANAÍS MIGUEL COELHO MARQUES"
                },
                {
                    "codigo_aluno": "307(...)21",
                    "nome_aluno": "ANDRÉ MIGUEL BAIRRÃO PONTES"
                },
                {
                    "codigo_aluno": "154(...)34",
                    "nome_aluno": "ANTÓNIO SOUSA BOTINAS LIMA DE BARROS"
                },
                {
                    "codigo_aluno": "303(...)85",
                    "nome_aluno": "BEATRIZ ALEXANDRA CARVALHO VIEIRA"
                },
                {
                    "codigo_aluno": "309(...)98",
                    "nome_aluno": "CATARINA ALEXANDRA USTYUHOVA"
                },
                {
                    "codigo_aluno": "306(...)36",
                    "nome_aluno": "DIOGO MOREIRA JEREZ FARRAN"
                },
                {
                    "codigo_aluno": "159(...)83",
                    "nome_aluno": "DUARTE MIGUEL PIRES BARROSO"
                },
                {
                    "codigo_aluno": "156(...)56",
                    "nome_aluno": "FILIPA DOS SANTOS ANTUNES"
                },
                {
                    "codigo_aluno": "305(...)25",
                    "nome_aluno": "IRIS GARCIA SAMPAIO"
                },
                {
                    "codigo_aluno": "307(...)25",
                    "nome_aluno": "JOANA MARTINS CERQUEIRA"
                },
                {
                    "codigo_aluno": "154(...)36",
                    "nome_aluno": "JOÃO DA CÂMARA PESTANA ALVES MENDES"
                },
                {
                    "codigo_aluno": "159(...)87",
                    "nome_aluno": "JOÃO DAVID QUERIDO DUARTE"
                },
                {
                    "codigo_aluno": "310(...)78",
                    "nome_aluno": "JOÃO DINIS DOS SANTOS MERGULHÃO BOTELHO"
                },
                {
                    "codigo_aluno": "301(...)46",
                    "nome_aluno": "JOÃO PEDRO NASCIMENTO ROCHA"
                },
                {
                    "codigo_aluno": "149(...)20",
                    "nome_aluno": "LEANDRO MIGUEL NÓBREGA DA SILVA"
                },
                {
                    "codigo_aluno": "306(...)74",
                    "nome_aluno": "LEONOR SOARES GONÇALVES"
                },
                {
                    "codigo_aluno": "306(...)31",
                    "nome_aluno": "MADALENA DE JESUS DUARTE TORCATO"
                },
                {
                    "codigo_aluno": "302(...)24",
                    "nome_aluno": "MAFALDA FILIPA DA SILVA AGUIAR"
                },
                {
                    "codigo_aluno": "304(...)37",
                    "nome_aluno": "MARA SOFIA PEREIRA RAPOSO"
                },
                {
                    "codigo_aluno": "303(...)25",
                    "nome_aluno": "MARIA CLARA MARQUES GONÇALVES"
                },
                {
                    "codigo_aluno": "153(...)36",
                    "nome_aluno": "MARIA LEONOR FERREIRA CÂMARA"
                },
                {
                    "codigo_aluno": "300(...)67",
                    "nome_aluno": "MARIA LUISA DOS REIS CARRASQUEIRA MONTEIRO LOPES"
                },
                {
                    "codigo_aluno": "303(...)97",
                    "nome_aluno": "MARIANA LOPES PAQUETE"
                },
                {
                    "codigo_aluno": "307(...)24",
                    "nome_aluno": "MARIANA SOFIA ABREU JOAQUIM"
                },
                {
                    "codigo_aluno": "154(...)94",
                    "nome_aluno": "MARTA MACHADO SINTRA DUARTE"
                },
                {
                    "codigo_aluno": "309(...)71",
                    "nome_aluno": "MARTIM PORTELA PROENÇA DA CÂMARA BERNARDES"
                },
                {
                    "codigo_aluno": "313(...)84",
                    "nome_aluno": "MARTIM RIBEIRO PINTO"
                },
                {
                    "codigo_aluno": "306(...)22",
                    "nome_aluno": "MIGUEL DOS REIS LANÇA"
                },
                {
                    "codigo_aluno": "304(...)95",
                    "nome_aluno": "MIGUEL TELO XAVIER SANTOS SEMEDO"
                },
                {
                    "codigo_aluno": "158(...)73",
                    "nome_aluno": "NUNO MANUEL NUNES RODRIGUES"
                },
                {
                    "codigo_aluno": "159(...)04",
                    "nome_aluno": "RITA RODRIGUES ANTUNES"
                },
                {
                    "codigo_aluno": "152(...)63",
                    "nome_aluno": "RODRIGO AFONSO BELO"
                },
                {
                    "codigo_aluno": "316(...)76",
                    "nome_aluno": "RODRIGO MORENO CASTELHANO"
                },
                {
                    "codigo_aluno": "309(...)38",
                    "nome_aluno": "RODRIGO TEIXEIRA ROCHA"
                },
                {
                    "codigo_aluno": "309(...)45",
                    "nome_aluno": "SANDRA SOFIA LOPES DA SILVA"
                },
                {
                    "codigo_aluno": "301(...)71",
                    "nome_aluno": "TIAGO RODRIGUES CAVACO DE AZEVEDO PINTO"
                },
                {
                    "codigo_aluno": "303(...)95",
                    "nome_aluno": "TOMÁS PEDROSO AMIEIRO"
                },
                {
                    "codigo_aluno": "159(...)10",
                    "nome_aluno": "XAVIER TEIXEIRA DE MELO E REBELO"
                }
            ]
        },
        {
            "codigo_curso": "9086",
            "nome_curso": "9086 - Engenharia Agronómica",
            "colocados": [
                {
                    "codigo_aluno": "301(...)57",
                    "nome_aluno": "AFONSO MIGUEL SERRALHEIRO DA COSTA AGOSTINHO"
                },
                {
                    "codigo_aluno": "154(...)33",
                    "nome_aluno": "AFONSO SIMÃO DOS SANTOS"
                },
                {
                    "codigo_aluno": "302(...)58",
                    "nome_aluno": "ALEXANDRE MANUEL GOMES DA COSTA"
                },
                {
                    "codigo_aluno": "309(...)47",
                    "nome_aluno": "ANTÓNIO AUGUSTO PAREDES FONSECA MONTEZ"
                },
                {
                    "codigo_aluno": "304(...)35",
                    "nome_aluno": "ANTÓNIO CAETANO DA CÂMARA MANOEL LOPES PIRES"
                },
                {
                    "codigo_aluno": "309(...)82",
                    "nome_aluno": "ANTÓNIO JOSÉ MENDONÇA DE ALBUQUERQUE"
                },
                {
                    "codigo_aluno": "309(...)38",
                    "nome_aluno": "ANTÓNIO MARIA COIMBRA GRAMACHO MARREIROS FIGUEIRA"
                },
                {
                    "codigo_aluno": "304(...)70",
                    "nome_aluno": "ANTÓNIO MARTINS OLIVEIRA DA GAMA PINHEIRO"
                },
                {
                    "codigo_aluno": "314(...)61",
                    "nome_aluno": "CAROLINA MARIA JESUS COELHO FERNANDES"
                },
                {
                    "codigo_aluno": "306(...)03",
                    "nome_aluno": "CONSTANÇA FONSECA LOPES DE QUEIROZ E MELO"
                },
                {
                    "codigo_aluno": "321(...)15",
                    "nome_aluno": "DIANA KRYVENKA"
                },
                {
                    "codigo_aluno": "152(...)52",
                    "nome_aluno": "DINIS MESTRE CALDEIRA BARROSO"
                },
                {
                    "codigo_aluno": "152(...)97",
                    "nome_aluno": "DIOGO GARCIA LYNCE DE FARIA"
                },
                {
                    "codigo_aluno": "304(...)46",
                    "nome_aluno": "DOMINGOS MARIA BALIXA PESSOA DE AMORIM SERRA"
                },
                {
                    "codigo_aluno": "303(...)22",
                    "nome_aluno": "DOMINGOS MARIA CABRAL MENERES SALAZAR LEBRE"
                },
                {
                    "codigo_aluno": "149(...)09",
                    "nome_aluno": "FRANCISCO BAPTISTA NEVES"
                },
                {
                    "codigo_aluno": "152(...)03",
                    "nome_aluno": "FRANCISCO CASSAPO COSTA"
                },
                {
                    "codigo_aluno": "303(...)40",
                    "nome_aluno": "FRANCISCO DE AMORIM PANCADA LANÇA MARQUES"
                },
                {
                    "codigo_aluno": "313(...)21",
                    "nome_aluno": "FREDERICO DIOGO DO ROSARIO"
                },
                {
                    "codigo_aluno": "151(...)97",
                    "nome_aluno": "GONÇALO BARBOSA PEREIRA"
                },
                {
                    "codigo_aluno": "306(...)88",
                    "nome_aluno": "INES BARTOLOMEU CALDEIRA FERRAO"
                },
                {
                    "codigo_aluno": "152(...)41",
                    "nome_aluno": "INÊS DE JESUS SERRA VAQUINHAS"
                },
                {
                    "codigo_aluno": "305(...)65",
                    "nome_aluno": "JOÃO DE MATOS LOPES"
                },
                {
                    "codigo_aluno": "150(...)16",
                    "nome_aluno": "JOÃO FILIPE DE DUARTE INÁCIO E BRANDÃO QUEIRÓS"
                },
                {
                    "codigo_aluno": "311(...)92",
                    "nome_aluno": "JOÃO PEDRO LOURENÇO FERNANDES"
                },
                {
                    "codigo_aluno": "309(...)50",
                    "nome_aluno": "JOÃO PEDRO TAVARES ANTUNES DE FIGUEIREDO FERRO"
                },
                {
                    "codigo_aluno": "306(...)67",
                    "nome_aluno": "JOSÉ MARIA BAIÃO VÉSTIA"
                },
                {
                    "codigo_aluno": "309(...)21",
                    "nome_aluno": "JOSÉ TEODORO MAYMONE MARTINS QUINTELA"
                },
                {
                    "codigo_aluno": "154(...)40",
                    "nome_aluno": "MAFALDA MANUEL RAMALHO MAIA"
                },
                {
                    "codigo_aluno": "310(...)97",
                    "nome_aluno": "MANUEL FRANCISCO BANHA SOBRAL"
                },
                {
                    "codigo_aluno": "159(...)09",
                    "nome_aluno": "MARIA ASSIS LOBO OLIVEIRA E SILVA"
                },
                {
                    "codigo_aluno": "154(...)36",
                    "nome_aluno": "MARIA LEONOR LOPES PÔLA"
                },
                {
                    "codigo_aluno": "307(...)45",
                    "nome_aluno": "MARIA LEONOR TORRES DA SILVA LOBO MACHADO"
                },
                {
                    "codigo_aluno": "155(...)50",
                    "nome_aluno": "MARIA LUISA GRANATE LEITE ABRANCHES CORTES"
                },
                {
                    "codigo_aluno": "153(...)91",
                    "nome_aluno": "MARIA MENDES TOME BARATA DE ALMEIDA"
                },
                {
                    "codigo_aluno": "152(...)24",
                    "nome_aluno": "MARIA TERESA BEIJOCAS LOPES MARQUEZ"
                },
                {
                    "codigo_aluno": "310(...)45",
                    "nome_aluno": "MARIA TERESA VIEIRA DA CRUZ DE VASCONCELOS GIÃO"
                },
                {
                    "codigo_aluno": "159(...)00",
                    "nome_aluno": "MATEUS CARVALHO FERNANDES LOPES PINTO"
                },
                {
                    "codigo_aluno": "302(...)18",
                    "nome_aluno": "MIGUEL DE SOUSA CABRAL CARDOSO SILVA"
                },
                {
                    "codigo_aluno": "153(...)97",
                    "nome_aluno": "PATRICK THOMAS TEIXEIRA DA MOTA HAYDEN"
                },
                {
                    "codigo_aluno": "309(...)92",
                    "nome_aluno": "PEDRO DA ROSA MANSO COELHO FERREIRA"
                },
                {
                    "codigo_aluno": "318(...)18",
                    "nome_aluno": "RAFAEL BENEDITO FREITAS MESQUITA GUIMARÃES"
                },
                {
                    "codigo_aluno": "158(...)11",
                    "nome_aluno": "RAFAEL VALDEZ VARELA"
                },
                {
                    "codigo_aluno": "153(...)52",
                    "nome_aluno": "RODRIGO TEIXEIRA DE SOUSA GAMA GONÇALVES"
                },
                {
                    "codigo_aluno": "153(...)94",
                    "nome_aluno": "TERESA RICARDO NUNES LAPÃO"
                },
                {
                    "codigo_aluno": "154(...)78",
                    "nome_aluno": "TOMÉ FILIPE FIGUEIRAS DO NASCIMENTO"
                }
            ]
        },
        {
            "codigo_curso": "9087",
            "nome_curso": "9087 - Engenharia Alimentar",
            "colocados": [
                {
                    "codigo_aluno": "153(...)04",
                    "nome_aluno": "ANA BEATRIZ MACIEL SOARES"
                },
                {
                    "codigo_aluno": "156(...)19",
                    "nome_aluno": "ANA COSTA QUITA PIRES"
                },
                {
                    "codigo_aluno": "155(...)15",
                    "nome_aluno": "ANDRÉ MARTINEZ JACQUET"
                },
                {
                    "codigo_aluno": "152(...)09",
                    "nome_aluno": "BEATRIZ LAPA ROMÃO NUNES MAGALHÃES"
                },
                {
                    "codigo_aluno": "306(...)67",
                    "nome_aluno": "CAROLINA MORAIS MARQUES ALMEIDA"
                },
                {
                    "codigo_aluno": "153(...)22",
                    "nome_aluno": "CATARINA FILGUEIRA BRANCO"
                },
                {
                    "codigo_aluno": "155(...)60",
                    "nome_aluno": "DALILA INGLÊS ALFAIATE GARCIA"
                },
                {
                    "codigo_aluno": "300(...)86",
                    "nome_aluno": "DINIS CARDEIRA BICHO DAROEIRA GALO"
                },
                {
                    "codigo_aluno": "153(...)23",
                    "nome_aluno": "GONÇALO DE MAGALHÃES BORGES"
                },
                {
                    "codigo_aluno": "158(...)66",
                    "nome_aluno": "MARGARIDA GRANJA GOMES MARQUES"
                },
                {
                    "codigo_aluno": "305(...)56",
                    "nome_aluno": "MARGARIDA MENDES MONTEIRO DE MARQUES CASTELO"
                },
                {
                    "codigo_aluno": "309(...)71",
                    "nome_aluno": "MARIANA DESIDÉRIO ESTEVES"
                },
                {
                    "codigo_aluno": "300(...)83",
                    "nome_aluno": "MARIANA GRAÇA ANTÃO"
                }
            ]
        },
        {
            "codigo_curso": "9099",
            "nome_curso": "9099 - Engenharia do Ambiente",
            "colocados": [
                {
                    "codigo_aluno": "158(...)14",
                    "nome_aluno": "DUARTE DE SÁ DAVID"
                },
                {
                    "codigo_aluno": "310(...)52",
                    "nome_aluno": "FRANCISCO JOSÉ DOS SANTOS LOUPA DE SOUSA"
                },
                {
                    "codigo_aluno": "306(...)65",
                    "nome_aluno": "JOANA DOS SANTOS CANIÇA DA SILVA COSTA"
                },
                {
                    "codigo_aluno": "317(...)11",
                    "nome_aluno": "JOÃO PEDRO PEREIRA DA CRUZ"
                },
                {
                    "codigo_aluno": "302(...)45",
                    "nome_aluno": "LÍLIA TAVARES SOUSA FONSECA"
                },
                {
                    "codigo_aluno": "156(...)36",
                    "nome_aluno": "LOURENÇO TEIXEIRA SIMOES BARROS MOURA"
                },
                {
                    "codigo_aluno": "306(...)82",
                    "nome_aluno": "MARIA CONSTANÇA ROSALES DE MAGALHÃES"
                },
                {
                    "codigo_aluno": "151(...)77",
                    "nome_aluno": "MARIA COSTA MACEDO PRINCIPE ROSADO"
                },
                {
                    "codigo_aluno": "307(...)47",
                    "nome_aluno": "MARIANA RIBEIRO CATALUDO CAPELA FERNANDES"
                },
                {
                    "codigo_aluno": "308(...)63",
                    "nome_aluno": "RAFAEL ALEXANDRE LOPES JOSE"
                },
                {
                    "codigo_aluno": "305(...)61",
                    "nome_aluno": "RITA RAMOS HORTA NOVA"
                }
            ]
        },
        {
            "codigo_curso": "8377",
            "nome_curso": "8377 - Engenharia Florestal e dos Recursos Naturais",
            "colocados": [
                {
                    "codigo_aluno": "308(...)87",
                    "nome_aluno": "ANA TERESA DE ALMEIDA BERNARDO"
                },
                {
                    "codigo_aluno": "314(...)82",
                    "nome_aluno": "CATARINA ISABEL PASCUEIRO BRANCO"
                },
                {
                    "codigo_aluno": "307(...)68",
                    "nome_aluno": "DARIO GIL VIEIRA"
                },
                {
                    "codigo_aluno": "156(...)08",
                    "nome_aluno": "HENRIQUE MIGUEL VIEIRA SENTIEIRO"
                },
                {
                    "codigo_aluno": "153(...)74",
                    "nome_aluno": "JOANA MORAIS GONÇALVES"
                },
                {
                    "codigo_aluno": "302(...)06",
                    "nome_aluno": "MADALENA OLIVEIRA NEVES DE ALVELOS TAVARES"
                },
                {
                    "codigo_aluno": "153(...)87",
                    "nome_aluno": "SIMÃO GOMES DA SILVA CARDOSO"
                }
            ]
        },
        {
            "codigo_curso": "9129",
            "nome_curso": "9129 - Engenharia Zootécnica",
            "colocados": [
                {
                    "codigo_aluno": "159(...)48",
                    "nome_aluno": "AFONSO RIBEIRO SANTOS"
                },
                {
                    "codigo_aluno": "306(...)30",
                    "nome_aluno": "ALEXANDRA DE OLIVEIRA"
                },
                {
                    "codigo_aluno": "310(...)65",
                    "nome_aluno": "CLARA MATOSO FERNANDES XAVIER GUERREIRO"
                },
                {
                    "codigo_aluno": "149(...)46",
                    "nome_aluno": "CONSTANÇA MORAIS CARDOSO SOARES FRANCO"
                },
                {
                    "codigo_aluno": "154(...)62",
                    "nome_aluno": "DAVID JOÃO LAGOS CAMPOS"
                },
                {
                    "codigo_aluno": "314(...)87",
                    "nome_aluno": "FILIPA VASCONCELOS FIGUEIRA MONIZ BARRETO"
                },
                {
                    "codigo_aluno": "150(...)99",
                    "nome_aluno": "GONÇALO LUIS DA SILVA ALVES"
                },
                {
                    "codigo_aluno": "150(...)05",
                    "nome_aluno": "GUSTAVO DA SILVA FERREIRA MARTINS"
                },
                {
                    "codigo_aluno": "309(...)00",
                    "nome_aluno": "IARA COUTO SALES"
                },
                {
                    "codigo_aluno": "306(...)51",
                    "nome_aluno": "JOAO FRANCISCO HOMEM DE BARROS MARQUES DE ABREU"
                },
                {
                    "codigo_aluno": "152(...)57",
                    "nome_aluno": "LARA ALEXANDRA PINA MARQUES"
                },
                {
                    "codigo_aluno": "152(...)69",
                    "nome_aluno": "LARA RAQUEL COELHO DA SILVA"
                },
                {
                    "codigo_aluno": "304(...)32",
                    "nome_aluno": "LAURA ISABEL MELRO DAS NEVES"
                },
                {
                    "codigo_aluno": "154(...)89",
                    "nome_aluno": "MANUEL DA SILVA PINTO COHEN SERRA"
                },
                {
                    "codigo_aluno": "152(...)05",
                    "nome_aluno": "MARIANA DOS SANTOS VELOSO"
                },
                {
                    "codigo_aluno": "301(...)50",
                    "nome_aluno": "MARTA VITÓRIA CERDEIRA SANCHES"
                },
                {
                    "codigo_aluno": "150(...)70",
                    "nome_aluno": "MATILDE COELHO LOPES"
                },
                {
                    "codigo_aluno": "307(...)93",
                    "nome_aluno": "RODRIGO JOSÉ NOBRE LUIZ BATALHA"
                },
                {
                    "codigo_aluno": "311(...)21",
                    "nome_aluno": "ROSA MARIA NOGUEIRA DE SOUSA BRANDAO DE MELO"
                },
                {
                    "codigo_aluno": "307(...)92",
                    "nome_aluno": "TERESA MARIA YGLESIAS DE OLIVEIRA SANCHEZ CORDEIRO"
                }
            ]
        }
    ]
}