{
    "codigo_universidade": "0204",
    "nome_universidade": "0204 - Universidade do Algarve - Faculdade de Economia",
    "cursos": [
        {
            "codigo_curso": "9081",
            "nome_curso": "9081 - Economia",
            "colocados": [
                {
                    "codigo_aluno": "302(...)28",
                    "nome_aluno": "ALICE DOS REIS GONÇALVES"
                },
                {
                    "codigo_aluno": "307(...)05",
                    "nome_aluno": "ALICE PONTES DA LUZ"
                },
                {
                    "codigo_aluno": "305(...)72",
                    "nome_aluno": "BEATRIZ RAMOS HORTENSE"
                },
                {
                    "codigo_aluno": "305(...)48",
                    "nome_aluno": "CAROLINA SIMÕES RUSGA"
                },
                {
                    "codigo_aluno": "305(...)83",
                    "nome_aluno": "CONSTANÇA ALEXANDRE FURTADO PINTO"
                },
                {
                    "codigo_aluno": "329(...)52",
                    "nome_aluno": "DAVID GLADKOV"
                },
                {
                    "codigo_aluno": "154(...)37",
                    "nome_aluno": "DINIS RAFAEL CARETO PARREIRA FIALHO"
                },
                {
                    "codigo_aluno": "149(...)25",
                    "nome_aluno": "DIOGO NASCIMENTO ESTRIGA"
                },
                {
                    "codigo_aluno": "152(...)90",
                    "nome_aluno": "EDUARDO MIGUEL PORTAS VAZ ANACLETO"
                },
                {
                    "codigo_aluno": "317(...)22",
                    "nome_aluno": "FILIPE BENTO MACEDO FERNANDES"
                },
                {
                    "codigo_aluno": "240(...)01",
                    "nome_aluno": "HENRIQUE MICHEL SCHOTTE"
                },
                {
                    "codigo_aluno": "305(...)18",
                    "nome_aluno": "JOANA SOFIA BARTOLOMEU CORREIA"
                },
                {
                    "codigo_aluno": "152(...)65",
                    "nome_aluno": "JOÃO AFONSO RAMOS"
                },
                {
                    "codigo_aluno": "308(...)89",
                    "nome_aluno": "JOÃO DINIS DA SILVA BERNARDES"
                },
                {
                    "codigo_aluno": "152(...)11",
                    "nome_aluno": "JOÃO PINELA MARQUES FERREIRA"
                },
                {
                    "codigo_aluno": "309(...)77",
                    "nome_aluno": "LAURA LUÍS CERDEIRA DO VALE CARDOSO"
                },
                {
                    "codigo_aluno": "159(...)02",
                    "nome_aluno": "MIGUEL MAIO CAVACO"
                },
                {
                    "codigo_aluno": "151(...)39",
                    "nome_aluno": "NÁDIA FRANCISCA DIAS DE SOUSA"
                },
                {
                    "codigo_aluno": "300(...)17",
                    "nome_aluno": "PEDRO HENRIQUE NUNES GONÇALVES"
                },
                {
                    "codigo_aluno": "240(...)27",
                    "nome_aluno": "QILIN SUN"
                },
                {
                    "codigo_aluno": "157(...)39",
                    "nome_aluno": "RODRIGO FILIPE DE FERREIRA DUARTE"
                },
                {
                    "codigo_aluno": "328(...)60",
                    "nome_aluno": "SARA BORGES DE ARAÚJO DOS SANTOS"
                },
                {
                    "codigo_aluno": "240(...)20",
                    "nome_aluno": "SOFIA XU"
                },
                {
                    "codigo_aluno": "152(...)38",
                    "nome_aluno": "TIAGO MIGUEL BEXIGA DIAS"
                },
                {
                    "codigo_aluno": "302(...)27",
                    "nome_aluno": "TOMÁS RAFAEL MELO MARTINS"
                },
                {
                    "codigo_aluno": "307(...)70",
                    "nome_aluno": "VALENTIM MANUEL SILVA RAMOS"
                },
                {
                    "codigo_aluno": "158(...)64",
                    "nome_aluno": "XAVIER SOTTOMAYOR MOURA"
                },
                {
                    "codigo_aluno": "320(...)02",
                    "nome_aluno": "YANN JOSÉ MACHADO LAFARGUE"
                }
            ]
        },
        {
            "codigo_curso": "9152",
            "nome_curso": "9152 - Gestão de Empresas",
            "colocados": [
                {
                    "codigo_aluno": "245(...)10",
                    "nome_aluno": "ALAN DAI MUHINGSAN"
                },
                {
                    "codigo_aluno": "309(...)09",
                    "nome_aluno": "ALEXANDRE MIGUEL SOARES LUÍS"
                },
                {
                    "codigo_aluno": "151(...)66",
                    "nome_aluno": "AMÁLIA MORGADO RAMOS"
                },
                {
                    "codigo_aluno": "154(...)79",
                    "nome_aluno": "ÂNGELO JOSÉ NUNES DA FONSECA"
                },
                {
                    "codigo_aluno": "157(...)93",
                    "nome_aluno": "BÁRBARA SOFIA BARRAS RODRIGUES"
                },
                {
                    "codigo_aluno": "331(...)48",
                    "nome_aluno": "BEATRIZ ANDREIA BODI"
                },
                {
                    "codigo_aluno": "305(...)92",
                    "nome_aluno": "BEATRIZ DOS SANTOS CABRITA"
                },
                {
                    "codigo_aluno": "154(...)09",
                    "nome_aluno": "BEATRIZ FILIPA DA SILVA ESTÊVÃO"
                },
                {
                    "codigo_aluno": "154(...)05",
                    "nome_aluno": "BEATRIZ GOMES BRANDÃO"
                },
                {
                    "codigo_aluno": "304(...)02",
                    "nome_aluno": "BERNARDO JOSÉ MARQUES PINTO"
                },
                {
                    "codigo_aluno": "305(...)32",
                    "nome_aluno": "BRUNO FRANCISCO DE FRIEZA SALGADO"
                },
                {
                    "codigo_aluno": "159(...)67",
                    "nome_aluno": "CARLOS PEREIRA BALTAZAR"
                },
                {
                    "codigo_aluno": "309(...)21",
                    "nome_aluno": "CAROLINA ANTUNES FONSECA FERREIRA"
                },
                {
                    "codigo_aluno": "309(...)67",
                    "nome_aluno": "CAROLINA GUARDA VERDADES BRAVO"
                },
                {
                    "codigo_aluno": "306(...)27",
                    "nome_aluno": "CINTIA MARIA HOLLO"
                },
                {
                    "codigo_aluno": "301(...)63",
                    "nome_aluno": "DIOGO GUIDO BELO"
                },
                {
                    "codigo_aluno": "319(...)72",
                    "nome_aluno": "DIOGO LEONEL STRUCZ"
                },
                {
                    "codigo_aluno": "303(...)28",
                    "nome_aluno": "DUARTE MIGUEL CABRITA HENRIQUES"
                },
                {
                    "codigo_aluno": "308(...)70",
                    "nome_aluno": "DUARTE RODRIGUES DUQUE"
                },
                {
                    "codigo_aluno": "301(...)87",
                    "nome_aluno": "FRANCISCA FERREIRA LOPES"
                },
                {
                    "codigo_aluno": "309(...)00",
                    "nome_aluno": "GABRIEL ÂNGELO SOUSA TEIXEIRA"
                },
                {
                    "codigo_aluno": "300(...)96",
                    "nome_aluno": "GONÇALO ALEXANDRE CANSADO DIAS DA CRUZ"
                },
                {
                    "codigo_aluno": "301(...)27",
                    "nome_aluno": "GONÇALO FREITAS GOMES"
                },
                {
                    "codigo_aluno": "308(...)84",
                    "nome_aluno": "GONÇALO GUERREIRO DE SOUSA"
                },
                {
                    "codigo_aluno": "300(...)99",
                    "nome_aluno": "GONÇALO MIGUEL SIMÕES DIAS"
                },
                {
                    "codigo_aluno": "151(...)90",
                    "nome_aluno": "GUILHERME GONÇALVES BENTES"
                },
                {
                    "codigo_aluno": "154(...)52",
                    "nome_aluno": "GUILHERME MARTINHO CAVALHEIRO GARRIDO DA COSTA"
                },
                {
                    "codigo_aluno": "304(...)77",
                    "nome_aluno": "INÊS PORTELA DIONÍSIO COSTA"
                },
                {
                    "codigo_aluno": "240(...)38",
                    "nome_aluno": "IRYNA LYCHAK"
                },
                {
                    "codigo_aluno": "304(...)35",
                    "nome_aluno": "JOANA BEATRIZ CONTREIRAS LUIS"
                },
                {
                    "codigo_aluno": "305(...)31",
                    "nome_aluno": "JOANA DORES MEXIA"
                },
                {
                    "codigo_aluno": "154(...)02",
                    "nome_aluno": "JOANA FILIPA SAIAS FONSECA"
                },
                {
                    "codigo_aluno": "156(...)46",
                    "nome_aluno": "JOANA MARIA BRITO VILA"
                },
                {
                    "codigo_aluno": "153(...)48",
                    "nome_aluno": "JOÃO FRANCISCO FONSECA PAIS"
                },
                {
                    "codigo_aluno": "304(...)33",
                    "nome_aluno": "JOÃO HENRIQUE GONÇALVES SANTOS"
                },
                {
                    "codigo_aluno": "304(...)12",
                    "nome_aluno": "JOSÉ FILIPE PINTO SILVESTRE"
                },
                {
                    "codigo_aluno": "149(...)95",
                    "nome_aluno": "JÚLIA MARIA LUCAS BRANCO"
                },
                {
                    "codigo_aluno": "155(...)97",
                    "nome_aluno": "LAURA CANTEIRO RODRIGUES"
                },
                {
                    "codigo_aluno": "300(...)18",
                    "nome_aluno": "LEONOR SILVA VERÍSSIMO"
                },
                {
                    "codigo_aluno": "310(...)94",
                    "nome_aluno": "LOURENÇO DE ALMEIDA GONÇALVES E LAGINHA DE CASTRO"
                },
                {
                    "codigo_aluno": "155(...)01",
                    "nome_aluno": "MANUEL MARIA MENDONÇA MARTINS"
                },
                {
                    "codigo_aluno": "152(...)05",
                    "nome_aluno": "MANUEL MIGUEL RAMOS BARBOSA DE BRITO SAMPAIO"
                },
                {
                    "codigo_aluno": "305(...)34",
                    "nome_aluno": "MARGARIDA HELENA SILVA GOMES MOTA"
                },
                {
                    "codigo_aluno": "154(...)93",
                    "nome_aluno": "MARIA BEATRIZ SANTOS NETO VIEGAS"
                },
                {
                    "codigo_aluno": "158(...)13",
                    "nome_aluno": "MARIA INÊS RODRIGUES EMÍDIO"
                },
                {
                    "codigo_aluno": "302(...)02",
                    "nome_aluno": "MARIA JOSÉ FERREIRA LOPES"
                },
                {
                    "codigo_aluno": "158(...)20",
                    "nome_aluno": "MARIANA DOS SANTOS INACIO GIL"
                },
                {
                    "codigo_aluno": "152(...)84",
                    "nome_aluno": "MARTIM ARI ROSA DA SILVA"
                },
                {
                    "codigo_aluno": "315(...)40",
                    "nome_aluno": "MATILDE JOÃO SILVESTRE GUIA"
                },
                {
                    "codigo_aluno": "159(...)71",
                    "nome_aluno": "MATILDE VITO PEREIRA VIEGAS"
                },
                {
                    "codigo_aluno": "240(...)46",
                    "nome_aluno": "MAXIM CIOBANU"
                },
                {
                    "codigo_aluno": "306(...)10",
                    "nome_aluno": "MIGUEL DUARTE ROSÁRIO"
                },
                {
                    "codigo_aluno": "152(...)93",
                    "nome_aluno": "MIGUEL EDUARDO ALBUQUERQUE VIEIRA DE SOUSA"
                },
                {
                    "codigo_aluno": "156(...)61",
                    "nome_aluno": "NICOLE TRINCHEIRAS SOARES"
                },
                {
                    "codigo_aluno": "150(...)11",
                    "nome_aluno": "NÍDIA ESPADINHA DOS SANTOS PIROCAS"
                },
                {
                    "codigo_aluno": "154(...)43",
                    "nome_aluno": "NOEMI CABRITA FILIPE"
                },
                {
                    "codigo_aluno": "308(...)00",
                    "nome_aluno": "OLGA BOBYK"
                },
                {
                    "codigo_aluno": "159(...)86",
                    "nome_aluno": "PEDRO MIGUEL GONCALVES MASCARENHAS"
                },
                {
                    "codigo_aluno": "154(...)29",
                    "nome_aluno": "RAFAEL BAIÃO TEIXEIRA"
                },
                {
                    "codigo_aluno": "155(...)97",
                    "nome_aluno": "RAFAEL FILIPE CANADA BERNARDES"
                },
                {
                    "codigo_aluno": "303(...)16",
                    "nome_aluno": "RAFAEL SILVESTRE NASCIMENTO"
                },
                {
                    "codigo_aluno": "303(...)65",
                    "nome_aluno": "RODRIGO MIGUEL RODRIGUES CAVACO"
                },
                {
                    "codigo_aluno": "307(...)38",
                    "nome_aluno": "RUI MANUEL COELHO AUGUSTO"
                },
                {
                    "codigo_aluno": "301(...)14",
                    "nome_aluno": "SOFIA INÊS VILARES DAMAS"
                },
                {
                    "codigo_aluno": "158(...)69",
                    "nome_aluno": "THOMAS TRINCHEIRAS SOARES"
                },
                {
                    "codigo_aluno": "304(...)11",
                    "nome_aluno": "TIAGO FILIPE FAUSTINO DIAS"
                },
                {
                    "codigo_aluno": "306(...)94",
                    "nome_aluno": "TIAGO GUADALPI GONÇALVES DOS SANTOS"
                },
                {
                    "codigo_aluno": "300(...)63",
                    "nome_aluno": "TOMÁS DA SILVA RUIVO"
                },
                {
                    "codigo_aluno": "152(...)76",
                    "nome_aluno": "TOMÁS GANDRA LIMA PINHO"
                },
                {
                    "codigo_aluno": "301(...)85",
                    "nome_aluno": "TOMAS MIGUEL MORAIS SILVA"
                },
                {
                    "codigo_aluno": "154(...)78",
                    "nome_aluno": "TOMÉ MARCOS CRAVEIRO"
                }
            ]
        },
        {
            "codigo_curso": "9240",
            "nome_curso": "9240 - Sociologia",
            "colocados": [
                {
                    "codigo_aluno": "307(...)38",
                    "nome_aluno": "AFONSO PALHINHA DOS REIS CORDEIRO"
                },
                {
                    "codigo_aluno": "318(...)17",
                    "nome_aluno": "ALICE FERNANDES CARVALHO"
                },
                {
                    "codigo_aluno": "159(...)56",
                    "nome_aluno": "ANA CAROLINA BRITO BANDEIRA"
                },
                {
                    "codigo_aluno": "306(...)92",
                    "nome_aluno": "ANA RITA RIBEIRO VIEIRA"
                },
                {
                    "codigo_aluno": "306(...)21",
                    "nome_aluno": "ÂNGELA ISABEL DE JESUS JÓIA"
                },
                {
                    "codigo_aluno": "302(...)27",
                    "nome_aluno": "BEATRIZ DE SOUSA VARGUES"
                },
                {
                    "codigo_aluno": "313(...)01",
                    "nome_aluno": "BEATRIZ PIRES DE SOUSA"
                },
                {
                    "codigo_aluno": "153(...)08",
                    "nome_aluno": "BEATRIZ VIEGAS DE JESUS"
                },
                {
                    "codigo_aluno": "155(...)32",
                    "nome_aluno": "BRUNA MARIA SANTOS GUERREIRO"
                },
                {
                    "codigo_aluno": "314(...)28",
                    "nome_aluno": "CAROLINA GONÇALVES MORAIS"
                },
                {
                    "codigo_aluno": "301(...)30",
                    "nome_aluno": "EVA RAQUEL ARAÚJO GUERREIRO FERNANDES"
                },
                {
                    "codigo_aluno": "153(...)51",
                    "nome_aluno": "FILIPA ISABEL SIMÕES PINTO REGALO"
                },
                {
                    "codigo_aluno": "304(...)02",
                    "nome_aluno": "FILIPA MARIA BATISTA GUERREIRO"
                },
                {
                    "codigo_aluno": "154(...)29",
                    "nome_aluno": "GABRIELA SOFIA VIEGAS SEQUEIRA"
                },
                {
                    "codigo_aluno": "305(...)67",
                    "nome_aluno": "GONÇALO MIGUEL MARTINS GUERREIRO"
                },
                {
                    "codigo_aluno": "153(...)49",
                    "nome_aluno": "GRAZIELA PEREIRA ANDRADE"
                },
                {
                    "codigo_aluno": "306(...)28",
                    "nome_aluno": "JOÃO GONÇALO GEIRINHAS CARVALHO"
                },
                {
                    "codigo_aluno": "153(...)96",
                    "nome_aluno": "JOEL ALEXANDRE GUERREIRO DE CARVALHO"
                },
                {
                    "codigo_aluno": "301(...)75",
                    "nome_aluno": "LEONOR MAURÍCIO BONITO VIEGAS"
                },
                {
                    "codigo_aluno": "153(...)62",
                    "nome_aluno": "LEONOR SOFIA MENDES PREGO"
                },
                {
                    "codigo_aluno": "152(...)78",
                    "nome_aluno": "LETÍCIA DOS SANTOS BARRADAS"
                },
                {
                    "codigo_aluno": "153(...)63",
                    "nome_aluno": "LILIANA SOFIA ANDRES GUERREIRO"
                },
                {
                    "codigo_aluno": "303(...)13",
                    "nome_aluno": "LUANA SOFIA MENDES GRAÇA"
                },
                {
                    "codigo_aluno": "302(...)12",
                    "nome_aluno": "LUCAS DANIEL DE OLIVEIRA MACEDO ROCHA"
                },
                {
                    "codigo_aluno": "300(...)10",
                    "nome_aluno": "MARCOS SIMÕES COUCEIRO"
                },
                {
                    "codigo_aluno": "152(...)56",
                    "nome_aluno": "MARGARIDA RIBEIRO RODRIGUES"
                },
                {
                    "codigo_aluno": "159(...)08",
                    "nome_aluno": "MARIA CAROLINA CABRITA VARELA"
                },
                {
                    "codigo_aluno": "240(...)55",
                    "nome_aluno": "MARIA EDUARDA IGNACIO DOS SANTOS"
                },
                {
                    "codigo_aluno": "240(...)21",
                    "nome_aluno": "MARIA FERNANDA DE ANDRADE CARVALHO"
                },
                {
                    "codigo_aluno": "314(...)21",
                    "nome_aluno": "MARIA LUIZA VIANA SEIROZ"
                },
                {
                    "codigo_aluno": "152(...)41",
                    "nome_aluno": "MARIA MARGARIDA TEIXEIRA MARQUES"
                },
                {
                    "codigo_aluno": "302(...)11",
                    "nome_aluno": "MARIA PEREIRA DOS SANTOS"
                },
                {
                    "codigo_aluno": "158(...)22",
                    "nome_aluno": "MARTA MOITA RODRIGUES"
                },
                {
                    "codigo_aluno": "315(...)96",
                    "nome_aluno": "MARTA PALAMARCHUK"
                },
                {
                    "codigo_aluno": "152(...)90",
                    "nome_aluno": "MATILDE ALEXANDRA GAIMOTA REIS"
                },
                {
                    "codigo_aluno": "151(...)59",
                    "nome_aluno": "MEILINE IARA FIALHO ROSADO PORTADA DO CARMO"
                },
                {
                    "codigo_aluno": "313(...)58",
                    "nome_aluno": "MIRIAN MORGADO GUERREIRO"
                },
                {
                    "codigo_aluno": "315(...)27",
                    "nome_aluno": "PATRÍCIA SANTOS COSTA"
                },
                {
                    "codigo_aluno": "152(...)73",
                    "nome_aluno": "RODRIGO MIGUEL DA GRAÇA MARRAMAQUE"
                },
                {
                    "codigo_aluno": "154(...)42",
                    "nome_aluno": "SALVADOR CORREIA BENTO"
                },
                {
                    "codigo_aluno": "307(...)61",
                    "nome_aluno": "TIAGO FILIPE NUNES VICENTE"
                },
                {
                    "codigo_aluno": "307(...)83",
                    "nome_aluno": "VANESSA SAMPAIO NOVO"
                }
            ]
        }
    ]
}