{
    "codigo_universidade": "1306",
    "nome_universidade": "1306 - Universidade da Madeira - Faculdade de Artes e Humanidades",
    "cursos": [
        {
            "codigo_curso": "9817",
            "nome_curso": "9817 - Artes Visuais",
            "colocados": [
                {
                    "codigo_aluno": "241(...)01",
                    "nome_aluno": "AMANDA ISABELLA VARGAS GONZALEZ"
                },
                {
                    "codigo_aluno": "157(...)34",
                    "nome_aluno": "ANDREIA CARINA JARDIM GONÇALVES"
                },
                {
                    "codigo_aluno": "149(...)06",
                    "nome_aluno": "EMÍLIA JOSÉ GOUVEIA FILIPE"
                },
                {
                    "codigo_aluno": "150(...)04",
                    "nome_aluno": "GEOVANA MONIZ ABRAHÃO"
                },
                {
                    "codigo_aluno": "157(...)06",
                    "nome_aluno": "INÊS SOARES ANDRADE"
                },
                {
                    "codigo_aluno": "152(...)66",
                    "nome_aluno": "JOANA ROSA DE PADUA"
                },
                {
                    "codigo_aluno": "151(...)73",
                    "nome_aluno": "JOSÉ BRUNO GOMES PERDIGÃO"
                },
                {
                    "codigo_aluno": "305(...)25",
                    "nome_aluno": "JOSE MARTIN DOS SANTOS HERNANDEZ"
                },
                {
                    "codigo_aluno": "153(...)06",
                    "nome_aluno": "LAURA PATRICIA SILVA ANTONIO"
                },
                {
                    "codigo_aluno": "325(...)25",
                    "nome_aluno": "MARIANA MATILDE DE FREITAS BETANCOURT"
                },
                {
                    "codigo_aluno": "149(...)92",
                    "nome_aluno": "NÁDIA BEATRIZ CAIRES ORNELAS"
                },
                {
                    "codigo_aluno": "151(...)69",
                    "nome_aluno": "PEDRO AFONSO FREITAS NÓBREGA"
                },
                {
                    "codigo_aluno": "301(...)70",
                    "nome_aluno": "RODRIGO MIGUEL CASTRO"
                },
                {
                    "codigo_aluno": "153(...)88",
                    "nome_aluno": "SARA PATRÍCIA GOMES DA SILVA"
                },
                {
                    "codigo_aluno": "152(...)23",
                    "nome_aluno": "SARA SALMA SILVA ASHOUR"
                },
                {
                    "codigo_aluno": "152(...)81",
                    "nome_aluno": "TIAGO TEIXEIRA OLIVEIRA DUARTE RODRIGUES"
                },
                {
                    "codigo_aluno": "306(...)89",
                    "nome_aluno": "XANA CARVALHO ARAÚJO"
                },
                {
                    "codigo_aluno": "241(...)10",
                    "nome_aluno": "YOSMAR GREGORIO ZAMBRANO PEREZ"
                }
            ]
        },
        {
            "codigo_curso": "9720",
            "nome_curso": "9720 - Comunicação, Cultura e Organizações",
            "colocados": [
                {
                    "codigo_aluno": "155(...)53",
                    "nome_aluno": "AFONSO BERENGUER TOMÁS"
                },
                {
                    "codigo_aluno": "147(...)79",
                    "nome_aluno": "ALEXANDRE FARIA TEIXEIRA"
                },
                {
                    "codigo_aluno": "151(...)09",
                    "nome_aluno": "ALEXANDRO FIGUEIRA SANTOS"
                },
                {
                    "codigo_aluno": "156(...)18",
                    "nome_aluno": "ANA BEATRIZ FERREIRA FARIA"
                },
                {
                    "codigo_aluno": "156(...)82",
                    "nome_aluno": "BEATRIZ CAMACHO GUERRA"
                },
                {
                    "codigo_aluno": "149(...)30",
                    "nome_aluno": "BEATRIZ DA SILVA AZEVEDO"
                },
                {
                    "codigo_aluno": "156(...)50",
                    "nome_aluno": "BEATRIZ TEIXEIRA DE FREITAS"
                },
                {
                    "codigo_aluno": "151(...)97",
                    "nome_aluno": "BERNARDO DRUMOND DA COSTA FRANCO"
                },
                {
                    "codigo_aluno": "303(...)48",
                    "nome_aluno": "DANIELA MARIA DA SILVA SERRÃO"
                },
                {
                    "codigo_aluno": "306(...)40",
                    "nome_aluno": "DIANA LORENA SANTOS SOUSA"
                },
                {
                    "codigo_aluno": "152(...)99",
                    "nome_aluno": "DIANA SOFIA COSTA GOUVEIA"
                },
                {
                    "codigo_aluno": "154(...)27",
                    "nome_aluno": "DIOGO HENRIQUE VIEIRA FERNANDES"
                },
                {
                    "codigo_aluno": "153(...)18",
                    "nome_aluno": "FÁTIMA LUÍSA FREITAS CAPONTES"
                },
                {
                    "codigo_aluno": "152(...)99",
                    "nome_aluno": "GUILHERME MANUEL RODRIGUES VASCONCELOS"
                },
                {
                    "codigo_aluno": "148(...)77",
                    "nome_aluno": "IARA LUISA PONTES TELES"
                },
                {
                    "codigo_aluno": "151(...)46",
                    "nome_aluno": "INÊS MARGARIDA VIEIRA FREITAS"
                },
                {
                    "codigo_aluno": "301(...)93",
                    "nome_aluno": "JESSICA PITA OLIVAL"
                },
                {
                    "codigo_aluno": "154(...)11",
                    "nome_aluno": "LARA FILIPA ROBINSON NOBREGA JARDIM"
                },
                {
                    "codigo_aluno": "156(...)94",
                    "nome_aluno": "LEONOR ISABEL FRANCO DE CASTRO FERNANDES"
                },
                {
                    "codigo_aluno": "151(...)82",
                    "nome_aluno": "LEONOR PIEDADE FIGUEIRA AGUIAR"
                },
                {
                    "codigo_aluno": "154(...)95",
                    "nome_aluno": "LETÍCIA ORNELAS PESTANA"
                },
                {
                    "codigo_aluno": "301(...)44",
                    "nome_aluno": "LÍDIA RAQUEL FERNANDES MENDONÇA"
                },
                {
                    "codigo_aluno": "152(...)39",
                    "nome_aluno": "LILHA MARTINS SILVA"
                },
                {
                    "codigo_aluno": "154(...)84",
                    "nome_aluno": "MARGARIDA ROCHA CAIRES"
                },
                {
                    "codigo_aluno": "146(...)95",
                    "nome_aluno": "MARIA CONSTANÇA DE SOUSA QUINTAL"
                },
                {
                    "codigo_aluno": "150(...)46",
                    "nome_aluno": "MARIA FRANCISCA DE VASCONCELOS JARDIM ROQUETTE DE MENDONÇA"
                },
                {
                    "codigo_aluno": "155(...)66",
                    "nome_aluno": "MARIA LEONOR BARBOSA ANDRADE"
                },
                {
                    "codigo_aluno": "145(...)46",
                    "nome_aluno": "MARISA SOFIA DA SILVA DE FREITAS"
                },
                {
                    "codigo_aluno": "156(...)65",
                    "nome_aluno": "MARTA CARINA FERREIRA FERNANDES"
                },
                {
                    "codigo_aluno": "150(...)56",
                    "nome_aluno": "MARTA PEREIRA DA CONCEIÇÃO DE OLIVAL"
                },
                {
                    "codigo_aluno": "149(...)76",
                    "nome_aluno": "MARTIM FILIPE NÓBREGA FERNANDES"
                },
                {
                    "codigo_aluno": "300(...)87",
                    "nome_aluno": "NUNO HENRIQUE RIBEIRO ANDRADE RAMOS"
                },
                {
                    "codigo_aluno": "152(...)88",
                    "nome_aluno": "RODRIGO NUNES CAMACHO"
                },
                {
                    "codigo_aluno": "300(...)42",
                    "nome_aluno": "SARA FILIPA OLIVEIRA DA COSTA"
                },
                {
                    "codigo_aluno": "151(...)91",
                    "nome_aluno": "SARA JOSE PINTO MARQUES"
                },
                {
                    "codigo_aluno": "151(...)90",
                    "nome_aluno": "SARA PATRÍCIA DE AGUIAR GAUDÊNCIO"
                },
                {
                    "codigo_aluno": "300(...)31",
                    "nome_aluno": "SILVIA MARIANA VIEIRA MONIZ"
                },
                {
                    "codigo_aluno": "157(...)63",
                    "nome_aluno": "TIAGO AFONSO HENRIQUES FIGUEIRA"
                }
            ]
        },
        {
            "codigo_curso": "9069",
            "nome_curso": "9069 - Design",
            "colocados": [
                {
                    "codigo_aluno": "150(...)66",
                    "nome_aluno": "ANA JÚLIA MELIM CASTRO"
                },
                {
                    "codigo_aluno": "153(...)07",
                    "nome_aluno": "BIANCA THAIZ LIMA DE FREITAS"
                },
                {
                    "codigo_aluno": "154(...)66",
                    "nome_aluno": "DIANA CATARINA TEIXEIRA MARTINS"
                },
                {
                    "codigo_aluno": "241(...)07",
                    "nome_aluno": "DIANA PATRICIA ALDAZORO DE FREITAS"
                },
                {
                    "codigo_aluno": "304(...)79",
                    "nome_aluno": "EMANUEL JOSÉ ZOLLO COELHO"
                },
                {
                    "codigo_aluno": "152(...)99",
                    "nome_aluno": "EMILIA TERESA YANUARIO VIEIRA"
                },
                {
                    "codigo_aluno": "154(...)34",
                    "nome_aluno": "FILIPA DANIELA GONÇALVES RIBEIRO"
                },
                {
                    "codigo_aluno": "154(...)06",
                    "nome_aluno": "FRANCISCA DE SÁ"
                },
                {
                    "codigo_aluno": "153(...)36",
                    "nome_aluno": "GONÇALO JARDIM PESTANA"
                },
                {
                    "codigo_aluno": "151(...)66",
                    "nome_aluno": "ISABEL VIEIRA FREITAS"
                },
                {
                    "codigo_aluno": "300(...)97",
                    "nome_aluno": "JOANA MAYA GONCALVES"
                },
                {
                    "codigo_aluno": "157(...)91",
                    "nome_aluno": "JOÃO CUPERTINO DA CÂMARA FARIA"
                },
                {
                    "codigo_aluno": "156(...)55",
                    "nome_aluno": "JOÃO MANUEL FERREIRA DA SILVA"
                },
                {
                    "codigo_aluno": "154(...)98",
                    "nome_aluno": "LARA ALVES ABRANTES"
                },
                {
                    "codigo_aluno": "151(...)99",
                    "nome_aluno": "LEONOR GARCÊS RODRIGUES"
                },
                {
                    "codigo_aluno": "300(...)52",
                    "nome_aluno": "LIA SOARES FREITAS"
                },
                {
                    "codigo_aluno": "157(...)11",
                    "nome_aluno": "LILIANA RAQUEL SANTOS GOMES"
                },
                {
                    "codigo_aluno": "159(...)76",
                    "nome_aluno": "LUZ PINA E MELO NORTON DE MATOS"
                },
                {
                    "codigo_aluno": "149(...)06",
                    "nome_aluno": "MAFALDA ALEXANDRA PACHECO SILVA"
                },
                {
                    "codigo_aluno": "150(...)37",
                    "nome_aluno": "MARGARIDA JOÃO FREITAS DE FREITAS"
                },
                {
                    "codigo_aluno": "154(...)23",
                    "nome_aluno": "MARIA INÊS VIEIRA RODRIGUES"
                },
                {
                    "codigo_aluno": "300(...)47",
                    "nome_aluno": "MARIA LEONOR RODRIGUES CASTRO"
                },
                {
                    "codigo_aluno": "152(...)49",
                    "nome_aluno": "MARIANA FERNANDES TEIXEIRA"
                },
                {
                    "codigo_aluno": "152(...)68",
                    "nome_aluno": "MATILDE ANDRADE MENDES"
                },
                {
                    "codigo_aluno": "153(...)94",
                    "nome_aluno": "MATILDE BERENGUER PESSOA E COSTA"
                },
                {
                    "codigo_aluno": "300(...)43",
                    "nome_aluno": "MATILDE RODRIGUES DA SILVA QUINTAL"
                },
                {
                    "codigo_aluno": "159(...)36",
                    "nome_aluno": "NÁDIA CONCEIÇÃO FREITAS MONIZ"
                },
                {
                    "codigo_aluno": "309(...)19",
                    "nome_aluno": "RODRIGO AFONSO FERNANDES FERREIRA"
                },
                {
                    "codigo_aluno": "300(...)97",
                    "nome_aluno": "RUI DUARTE TELES CARVALHO"
                },
                {
                    "codigo_aluno": "151(...)82",
                    "nome_aluno": "SARA CRISTINA ALMADA FARIA"
                },
                {
                    "codigo_aluno": "152(...)91",
                    "nome_aluno": "SIMÃO GONÇALVES SOUSA"
                },
                {
                    "codigo_aluno": "151(...)24",
                    "nome_aluno": "TIAGO LUCAS GANANÇA DA SILVA"
                },
                {
                    "codigo_aluno": "300(...)26",
                    "nome_aluno": "TOMÁS HENRIQUE SOUSA VALENTE"
                }
            ]
        },
        {
            "codigo_curso": "L150",
            "nome_curso": "L150 - Estudos de Cultura",
            "colocados": [
                {
                    "codigo_aluno": "155(...)67",
                    "nome_aluno": "ALEXANDRA RAQUEL FERNANDES NÓBREGA"
                },
                {
                    "codigo_aluno": "156(...)41",
                    "nome_aluno": "ANA CLÁUDIA VIEIRA FREITAS"
                },
                {
                    "codigo_aluno": "151(...)20",
                    "nome_aluno": "ANA FLOR GOMES GREGÓRIO E GONÇALVES PEREIRA"
                },
                {
                    "codigo_aluno": "142(...)63",
                    "nome_aluno": "ANA PATRICIA MALHEIRO GANANCA RODRIGUES PESTANA"
                },
                {
                    "codigo_aluno": "157(...)23",
                    "nome_aluno": "ANA RUTE SANTOS FRANCO"
                },
                {
                    "codigo_aluno": "151(...)78",
                    "nome_aluno": "BERNARDO SANTOS FERNANDES"
                },
                {
                    "codigo_aluno": "154(...)14",
                    "nome_aluno": "BIA SORAIA DE GOUVEIA"
                },
                {
                    "codigo_aluno": "152(...)52",
                    "nome_aluno": "BRUNA JOSÉ DA COSTA MELIM"
                },
                {
                    "codigo_aluno": "300(...)29",
                    "nome_aluno": "CARLA FILIPA FREITAS MOURA"
                },
                {
                    "codigo_aluno": "152(...)19",
                    "nome_aluno": "CRISTIANO TEIXEIRA DE JESUS"
                },
                {
                    "codigo_aluno": "302(...)82",
                    "nome_aluno": "GONÇALO RODRIGO GARCIAS PEREIRA"
                },
                {
                    "codigo_aluno": "156(...)39",
                    "nome_aluno": "IARA CARINA RODRIGUES VELOSA"
                },
                {
                    "codigo_aluno": "151(...)03",
                    "nome_aluno": "IARA CAROLINA TELES DE AZEVEDO"
                },
                {
                    "codigo_aluno": "303(...)30",
                    "nome_aluno": "INÊS ABREU SILVA"
                },
                {
                    "codigo_aluno": "152(...)73",
                    "nome_aluno": "INÊS ANDRADE DE CASTRO BRAZÃO"
                },
                {
                    "codigo_aluno": "154(...)50",
                    "nome_aluno": "INÊS MATEUS REIS"
                },
                {
                    "codigo_aluno": "152(...)64",
                    "nome_aluno": "ISABEL MARIA ABREU TRINDADE"
                },
                {
                    "codigo_aluno": "152(...)36",
                    "nome_aluno": "IVANA AYALA NUNES"
                },
                {
                    "codigo_aluno": "157(...)09",
                    "nome_aluno": "JOANA FILIPA SARDINHA GOMES"
                },
                {
                    "codigo_aluno": "304(...)04",
                    "nome_aluno": "JOÃO MIGUEL POMBO DE ABREU"
                },
                {
                    "codigo_aluno": "156(...)93",
                    "nome_aluno": "JOAO PAULO FERNANDES CARVALHO"
                },
                {
                    "codigo_aluno": "158(...)60",
                    "nome_aluno": "JOSÉ AFONSO NASCIMENTO VIVEIROS"
                },
                {
                    "codigo_aluno": "150(...)05",
                    "nome_aluno": "JOSÉ FRANCISCO FREITAS ROCHA"
                },
                {
                    "codigo_aluno": "151(...)46",
                    "nome_aluno": "JOSÉ MIGUEL CÂMARA DE GOUVEIA"
                },
                {
                    "codigo_aluno": "154(...)33",
                    "nome_aluno": "LAURA RAQUEL SANTOS FREITAS"
                },
                {
                    "codigo_aluno": "148(...)87",
                    "nome_aluno": "LEONOR MARTINS BETTENCOURT"
                },
                {
                    "codigo_aluno": "155(...)42",
                    "nome_aluno": "LILIANA INES PARRA DE JESUS"
                },
                {
                    "codigo_aluno": "157(...)91",
                    "nome_aluno": "LUNA GONÇALVES AFONSO"
                },
                {
                    "codigo_aluno": "150(...)47",
                    "nome_aluno": "MANUEL RODRIGO GONÇALVES PASSOS"
                },
                {
                    "codigo_aluno": "153(...)98",
                    "nome_aluno": "MARGARIDA OLIVEIRA GOUVEIA"
                },
                {
                    "codigo_aluno": "151(...)68",
                    "nome_aluno": "MICAEL ANDRÉ GOUVEIA GONÇALVES"
                },
                {
                    "codigo_aluno": "147(...)75",
                    "nome_aluno": "PEDRO ALEXANDRE CHAVES REBELO"
                },
                {
                    "codigo_aluno": "241(...)01",
                    "nome_aluno": "ROSANGEL ALEJANDRA CALDERA ALVAREZ"
                },
                {
                    "codigo_aluno": "145(...)33",
                    "nome_aluno": "SARA NICOLE PAULINO GUITIAN"
                }
            ]
        },
        {
            "codigo_curso": "9196",
            "nome_curso": "9196 - Línguas e Relações Empresariais",
            "colocados": [
                {
                    "codigo_aluno": "301(...)76",
                    "nome_aluno": "AFONSO TOMÁS VIEIRA NÓBREGA"
                },
                {
                    "codigo_aluno": "147(...)96",
                    "nome_aluno": "ANA CAROLINA HENRIQUES DE MENEZES DE MIGUEL CARDOSO"
                },
                {
                    "codigo_aluno": "303(...)75",
                    "nome_aluno": "ANA ISABEL SERRÃO FERREIRA"
                },
                {
                    "codigo_aluno": "152(...)66",
                    "nome_aluno": "ANDREIA SOFIA MAGALHÃES SOUSA"
                },
                {
                    "codigo_aluno": "150(...)83",
                    "nome_aluno": "ANGELICA CRUZ GOMES"
                },
                {
                    "codigo_aluno": "320(...)23",
                    "nome_aluno": "ANTÓNIO DOS REIS GONÇALVES"
                },
                {
                    "codigo_aluno": "150(...)81",
                    "nome_aluno": "CARLA DÉBORA MARTINHO FREITAS"
                },
                {
                    "codigo_aluno": "153(...)22",
                    "nome_aluno": "CARLA ISABEL CORREIA RODRIGUES"
                },
                {
                    "codigo_aluno": "152(...)74",
                    "nome_aluno": "CARLA MORENO NUNES"
                },
                {
                    "codigo_aluno": "157(...)57",
                    "nome_aluno": "CLÁUDIA BEATRIZ SÁ RODRIGUES"
                },
                {
                    "codigo_aluno": "332(...)76",
                    "nome_aluno": "DANIELA VALENTINA BARRETO HERNANDEZ"
                },
                {
                    "codigo_aluno": "154(...)52",
                    "nome_aluno": "DIANA JOSÉ DA SILVA VALENTE"
                },
                {
                    "codigo_aluno": "302(...)32",
                    "nome_aluno": "DIEGO ALEJANDRO RAMIREZ RODRIGUES"
                },
                {
                    "codigo_aluno": "148(...)99",
                    "nome_aluno": "ELISABETE SOLANGE ABREU SERRAO"
                },
                {
                    "codigo_aluno": "152(...)12",
                    "nome_aluno": "EMÍLIO JOSÉ VELAZCO VIRIATO"
                },
                {
                    "codigo_aluno": "300(...)89",
                    "nome_aluno": "EVA FREDERICA BARBOSA FERNANDES"
                },
                {
                    "codigo_aluno": "152(...)48",
                    "nome_aluno": "FREDERICO PALMER ESMERALDO DE CARVALHO"
                },
                {
                    "codigo_aluno": "149(...)06",
                    "nome_aluno": "JÉSSICA RAQUEL ALEIXO JESUS"
                },
                {
                    "codigo_aluno": "155(...)02",
                    "nome_aluno": "JOANA CRISTINA GOUVEIA FREITAS"
                },
                {
                    "codigo_aluno": "152(...)97",
                    "nome_aluno": "JOÃO GONÇALO NASCIMENTO ABREU"
                },
                {
                    "codigo_aluno": "300(...)44",
                    "nome_aluno": "JOÃO GONÇALVES FREITAS"
                },
                {
                    "codigo_aluno": "148(...)71",
                    "nome_aluno": "JOÃO PEDRO DA SILVA SOUSA"
                },
                {
                    "codigo_aluno": "145(...)01",
                    "nome_aluno": "JOSÉ ALEXANDRE FERNANDES SOUSA"
                },
                {
                    "codigo_aluno": "154(...)94",
                    "nome_aluno": "JOSÉ LEONARDO ABREU FERREIRA"
                },
                {
                    "codigo_aluno": "241(...)01",
                    "nome_aluno": "JULIAN JOSE CARRILLO DA SILVA"
                },
                {
                    "codigo_aluno": "241(...)10",
                    "nome_aluno": "KEMBERLY JULIANA POLO SILVA"
                },
                {
                    "codigo_aluno": "159(...)32",
                    "nome_aluno": "LUCAS MARTIM BRANCO BERENGUER"
                },
                {
                    "codigo_aluno": "154(...)85",
                    "nome_aluno": "LUÍS HENRIQUE GOMES ORNELAS"
                },
                {
                    "codigo_aluno": "157(...)67",
                    "nome_aluno": "MADALENA JOSÉ DA SILVA FIGUEIRA GONÇALVES"
                },
                {
                    "codigo_aluno": "157(...)41",
                    "nome_aluno": "MARIA ELVIRA BASÍLIO CANADA"
                },
                {
                    "codigo_aluno": "154(...)58",
                    "nome_aluno": "MARIA LEONOR ALVES REBOLO"
                },
                {
                    "codigo_aluno": "151(...)40",
                    "nome_aluno": "MARIA MARGARIDA PEREIRA GONÇALVES"
                },
                {
                    "codigo_aluno": "307(...)93",
                    "nome_aluno": "MARTA PINTO SANTOS"
                },
                {
                    "codigo_aluno": "147(...)43",
                    "nome_aluno": "MIGUEL ALEJANDRO RIBEIRO GONÇALVES"
                },
                {
                    "codigo_aluno": "303(...)31",
                    "nome_aluno": "NINA LIANA PERESTRELO DOS SANTOS MALHO PEREIRA"
                },
                {
                    "codigo_aluno": "152(...)84",
                    "nome_aluno": "PATRÍCIA FREITAS DAMIL"
                },
                {
                    "codigo_aluno": "303(...)11",
                    "nome_aluno": "RAQUEL VICENTE DA CAMARA"
                },
                {
                    "codigo_aluno": "300(...)41",
                    "nome_aluno": "RODRIGO MANUEL BARRETO FRANCO"
                },
                {
                    "codigo_aluno": "149(...)73",
                    "nome_aluno": "RODRIGO MIGUEL MARTINS QUITO"
                },
                {
                    "codigo_aluno": "327(...)16",
                    "nome_aluno": "ROSA MARÍA OLIVEIRA PEREIRA"
                },
                {
                    "codigo_aluno": "151(...)33",
                    "nome_aluno": "RUI ANTÓNIO PEREIRA DE FARIA"
                },
                {
                    "codigo_aluno": "312(...)63",
                    "nome_aluno": "SARAH ELIZABETH LORETO PITA"
                },
                {
                    "codigo_aluno": "300(...)03",
                    "nome_aluno": "SÍLVIA VANESSA GONÇALVES GOUVEIA"
                },
                {
                    "codigo_aluno": "149(...)58",
                    "nome_aluno": "SIMÃO MARTIM REIS BRASÃO"
                },
                {
                    "codigo_aluno": "156(...)31",
                    "nome_aluno": "ZSOMBOR BONAVENTÚRA SZEPESI"
                }
            ]
        },
        {
            "codigo_curso": "9219",
            "nome_curso": "9219 - Psicologia",
            "colocados": [
                {
                    "codigo_aluno": "305(...)70",
                    "nome_aluno": "ABIGAIL LAURA FRANCISCO DOS SANTOS"
                },
                {
                    "codigo_aluno": "152(...)60",
                    "nome_aluno": "ANA FRANCISCA FREITAS DA GAMA"
                },
                {
                    "codigo_aluno": "151(...)80",
                    "nome_aluno": "ANA FRANCISCA FREITAS TEIXEIRA"
                },
                {
                    "codigo_aluno": "153(...)83",
                    "nome_aluno": "ANA SOFIA DINIS FERNANDES"
                },
                {
                    "codigo_aluno": "153(...)64",
                    "nome_aluno": "DIANA FREITAS SIMÃO"
                },
                {
                    "codigo_aluno": "313(...)41",
                    "nome_aluno": "DIANA SORAIA BASTOS SIMÕES"
                },
                {
                    "codigo_aluno": "304(...)92",
                    "nome_aluno": "DOMINIQUE LEAH DA SILVA"
                },
                {
                    "codigo_aluno": "158(...)18",
                    "nome_aluno": "FÁTIMA ISABEL MONIZ FERNANDES"
                },
                {
                    "codigo_aluno": "159(...)36",
                    "nome_aluno": "FILIPE GONÇALVES PITA"
                },
                {
                    "codigo_aluno": "311(...)64",
                    "nome_aluno": "GONÇALO ANDRÉ PINHEIRO GOMES"
                },
                {
                    "codigo_aluno": "151(...)07",
                    "nome_aluno": "ILDA ANGELINA FERNANDES GOMES"
                },
                {
                    "codigo_aluno": "152(...)88",
                    "nome_aluno": "INÊS SILVEIRA FARIA MOTA"
                },
                {
                    "codigo_aluno": "305(...)66",
                    "nome_aluno": "JULIANA COUTO FREITAS"
                },
                {
                    "codigo_aluno": "308(...)36",
                    "nome_aluno": "LEONOR ARANTES MAGALHAES"
                },
                {
                    "codigo_aluno": "153(...)75",
                    "nome_aluno": "LILIANE CAROLINA HERNANDES VIEIRA"
                },
                {
                    "codigo_aluno": "154(...)02",
                    "nome_aluno": "MARGARIDA PREGO GUSMÃO"
                },
                {
                    "codigo_aluno": "155(...)19",
                    "nome_aluno": "MARIA BEATRIZ VIEIRA FERNANDES"
                },
                {
                    "codigo_aluno": "158(...)54",
                    "nome_aluno": "MARIA JOANA BETTENCOURT MEDEIROS"
                },
                {
                    "codigo_aluno": "152(...)51",
                    "nome_aluno": "MARIA LEONOR PEREIRA ABREU"
                },
                {
                    "codigo_aluno": "150(...)16",
                    "nome_aluno": "MARTIM DA SILVA FERNANDES"
                },
                {
                    "codigo_aluno": "303(...)98",
                    "nome_aluno": "MATILDE GOMES RUA"
                },
                {
                    "codigo_aluno": "154(...)57",
                    "nome_aluno": "NEUZA SOFIA SILVA DINIZ"
                },
                {
                    "codigo_aluno": "154(...)33",
                    "nome_aluno": "RITA BENDIX PERESTRELO SILVA"
                },
                {
                    "codigo_aluno": "155(...)44",
                    "nome_aluno": "RUTE MARIA CALDEIRA FERNANDEZ"
                },
                {
                    "codigo_aluno": "155(...)82",
                    "nome_aluno": "SARA FILIPA OLIVEIRA FIGUEIRA"
                },
                {
                    "codigo_aluno": "156(...)28",
                    "nome_aluno": "SARA SERRÃO JARDIM"
                },
                {
                    "codigo_aluno": "156(...)31",
                    "nome_aluno": "SOFIA ANDREIA GOMES DE CASTRO"
                },
                {
                    "codigo_aluno": "152(...)21",
                    "nome_aluno": "TELMA VIVEIROS NÓBREGA"
                },
                {
                    "codigo_aluno": "153(...)10",
                    "nome_aluno": "TOMÁS GONÇALVES REBOLO DA CUNHA SOARES"
                },
                {
                    "codigo_aluno": "154(...)10",
                    "nome_aluno": "VERA DO PRANTO PEREIRA"
                }
            ]
        }
    ]
}