{
    "codigo_universidade": "0904",
    "nome_universidade": "0904 - Universidade Nova de Lisboa - Faculdade de Economia",
    "cursos": [
        {
            "codigo_curso": "9081",
            "nome_curso": "9081 - Economia",
            "colocados": [
                {
                    "codigo_aluno": "241(...)04",
                    "nome_aluno": "ADA MARCHEWCZYK"
                },
                {
                    "codigo_aluno": "159(...)95",
                    "nome_aluno": "AFONSO DE OLIVEIRA TEODORO"
                },
                {
                    "codigo_aluno": "156(...)54",
                    "nome_aluno": "AFONSO JOSE GANDUM MEXIA PINHEIRO"
                },
                {
                    "codigo_aluno": "307(...)86",
                    "nome_aluno": "AFONSO RAMOS MUNHÁ"
                },
                {
                    "codigo_aluno": "151(...)66",
                    "nome_aluno": "ALESSANDRA KYDILA DOS PRAZERES MONTEIRO CARDOSO"
                },
                {
                    "codigo_aluno": "148(...)22",
                    "nome_aluno": "ALEXANDRE MANUEL ALDEA MENDES"
                },
                {
                    "codigo_aluno": "158(...)69",
                    "nome_aluno": "ALICE MARTINS MOREIRA CAMPOS"
                },
                {
                    "codigo_aluno": "156(...)34",
                    "nome_aluno": "ANA CAROLINA FERREIRA CATARINO"
                },
                {
                    "codigo_aluno": "307(...)31",
                    "nome_aluno": "ANA MARGARIDA SEVERINO MARTINS"
                },
                {
                    "codigo_aluno": "310(...)15",
                    "nome_aluno": "ANA RITA LIMA DE SA"
                },
                {
                    "codigo_aluno": "307(...)35",
                    "nome_aluno": "ANDRÉ ALMEIDA MALHO"
                },
                {
                    "codigo_aluno": "307(...)77",
                    "nome_aluno": "ANDREIA NUNES MARTINS"
                },
                {
                    "codigo_aluno": "240(...)22",
                    "nome_aluno": "ANTONIO BANDEIRA DE SAMPAIO"
                },
                {
                    "codigo_aluno": "306(...)45",
                    "nome_aluno": "ANTÓNIO CASTRO APPLETON TOLEDO PIRES"
                },
                {
                    "codigo_aluno": "152(...)89",
                    "nome_aluno": "ANTÓNIO JANELA BIRRA SALGADO DE BARROS"
                },
                {
                    "codigo_aluno": "155(...)06",
                    "nome_aluno": "ANTÓNIO MARIA DE SANTANA LOPES CASTELLA"
                },
                {
                    "codigo_aluno": "302(...)94",
                    "nome_aluno": "ANTÓNIO PEDRO DA SILVA GONÇALVES"
                },
                {
                    "codigo_aluno": "307(...)86",
                    "nome_aluno": "ANTONIO SANTOS SILVA DE MORAES CARDOSO"
                },
                {
                    "codigo_aluno": "155(...)93",
                    "nome_aluno": "AURORA MARIA NOGUEIRA PINTO AMARAL NETO"
                },
                {
                    "codigo_aluno": "242(...)07",
                    "nome_aluno": "BEATRIZ CHEN"
                },
                {
                    "codigo_aluno": "325(...)01",
                    "nome_aluno": "BEATRIZ DIAS MONMA ONISHI"
                },
                {
                    "codigo_aluno": "153(...)40",
                    "nome_aluno": "BEATRIZ JORDÃO MOREIRA"
                },
                {
                    "codigo_aluno": "152(...)61",
                    "nome_aluno": "BERNARDO ALEXANDRE ARAÚJO DA SILVA FERREIRA"
                },
                {
                    "codigo_aluno": "240(...)34",
                    "nome_aluno": "BERNARDO FRANCIONI GAGLIANONE CHAFIR"
                },
                {
                    "codigo_aluno": "157(...)92",
                    "nome_aluno": "BERNARDO MARIA HENRIQUES SANTANA DA SILVA"
                },
                {
                    "codigo_aluno": "154(...)25",
                    "nome_aluno": "BRUNO DUARTE MARTINS"
                },
                {
                    "codigo_aluno": "309(...)86",
                    "nome_aluno": "CAROLINA ESTÊVÃO ANTUNES"
                },
                {
                    "codigo_aluno": "334(...)07",
                    "nome_aluno": "CAROLINA FERNANDA DE ANDRADE SAMPAIO"
                },
                {
                    "codigo_aluno": "155(...)90",
                    "nome_aluno": "CATARINA ALMEIDA JORGE"
                },
                {
                    "codigo_aluno": "152(...)85",
                    "nome_aluno": "CATARINA BARAHONA FERREIRA OLIVEIRA TAVARES"
                },
                {
                    "codigo_aluno": "301(...)14",
                    "nome_aluno": "CATARINA ESTEVES MASSA VALENTE"
                },
                {
                    "codigo_aluno": "309(...)51",
                    "nome_aluno": "CATARINA MARIA ANACLETO VIEIRA"
                },
                {
                    "codigo_aluno": "242(...)03",
                    "nome_aluno": "CHENXIN LIU"
                },
                {
                    "codigo_aluno": "300(...)93",
                    "nome_aluno": "CRISTINA TATARU"
                },
                {
                    "codigo_aluno": "549(...)02",
                    "nome_aluno": "DAVI PENARIOL FRUTUOSO"
                },
                {
                    "codigo_aluno": "149(...)83",
                    "nome_aluno": "DAVID BRAGA CATALIM"
                },
                {
                    "codigo_aluno": "152(...)49",
                    "nome_aluno": "DINIS DE VITERBO PITTA BORBA GOUVEIA"
                },
                {
                    "codigo_aluno": "154(...)38",
                    "nome_aluno": "DINIS QUEIROZ VAN UDEN"
                },
                {
                    "codigo_aluno": "309(...)34",
                    "nome_aluno": "DIOGO LOPES PEREIRA DA SILVA"
                },
                {
                    "codigo_aluno": "303(...)41",
                    "nome_aluno": "DUARTE LILAIA ROMANO"
                },
                {
                    "codigo_aluno": "155(...)27",
                    "nome_aluno": "DUARTE LOBO DO VALE GONCALVES"
                },
                {
                    "codigo_aluno": "309(...)02",
                    "nome_aluno": "DUARTE MANUEL VICENTE FERREIRA"
                },
                {
                    "codigo_aluno": "323(...)70",
                    "nome_aluno": "DYLAN STEYN"
                },
                {
                    "codigo_aluno": "157(...)11",
                    "nome_aluno": "EMA CRISTÓVÃO ARANHA NETO"
                },
                {
                    "codigo_aluno": "303(...)16",
                    "nome_aluno": "FILIPA OLHERO DE BASTOS"
                },
                {
                    "codigo_aluno": "300(...)82",
                    "nome_aluno": "FLORBELA GOMES SOARES"
                },
                {
                    "codigo_aluno": "301(...)62",
                    "nome_aluno": "FRANCISCA MARQUES PEREIRA MACHADO"
                },
                {
                    "codigo_aluno": "153(...)47",
                    "nome_aluno": "FRANCISCO CUSTÓDIO PIMENTEL XAVIER DA CUNHA"
                },
                {
                    "codigo_aluno": "153(...)50",
                    "nome_aluno": "FRANCISCO FARIA RUIVO DE MELO SERENO"
                },
                {
                    "codigo_aluno": "301(...)17",
                    "nome_aluno": "FRANCISCO LEAL DOS SANTOS BISCAIA"
                },
                {
                    "codigo_aluno": "157(...)70",
                    "nome_aluno": "FRANCISCO MAIA FELNER"
                },
                {
                    "codigo_aluno": "159(...)94",
                    "nome_aluno": "FREDERICO COELHO DOS SANTOS SILVA"
                },
                {
                    "codigo_aluno": "151(...)70",
                    "nome_aluno": "GONÇALO BAPTISTA ANDRÉ"
                },
                {
                    "codigo_aluno": "152(...)10",
                    "nome_aluno": "GONÇALO CRISTOVÃO PESTANA DE VASCONCELOS MEIRELES MAGALHÃES"
                },
                {
                    "codigo_aluno": "155(...)57",
                    "nome_aluno": "GONÇALO DIAS PEREIRA LAGOA RAMALHO"
                },
                {
                    "codigo_aluno": "152(...)89",
                    "nome_aluno": "GONÇALO RAFAEL DA COSTA E XAVIER"
                },
                {
                    "codigo_aluno": "316(...)11",
                    "nome_aluno": "GONÇALO SILVA FONSECA CARVALHO PATRICIO"
                },
                {
                    "codigo_aluno": "154(...)86",
                    "nome_aluno": "GUILHERME ANDRÉ DE SOUSA MENDONÇA"
                },
                {
                    "codigo_aluno": "307(...)77",
                    "nome_aluno": "GUILHERME CARVALHO CALMEIRO PEREIRA CATARINO"
                },
                {
                    "codigo_aluno": "153(...)29",
                    "nome_aluno": "GUILHERME FERREIRA LIMA BRITES"
                },
                {
                    "codigo_aluno": "157(...)76",
                    "nome_aluno": "GUILHERME OLIVEIRA DA FONSECA SOARES HENRIQUES"
                },
                {
                    "codigo_aluno": "306(...)16",
                    "nome_aluno": "GUILHERME VASCONCELOS PIRES"
                },
                {
                    "codigo_aluno": "312(...)17",
                    "nome_aluno": "HENRIQUE DE MELO GOUVEIA GAMEIRO DA SILVA"
                },
                {
                    "codigo_aluno": "153(...)43",
                    "nome_aluno": "HENRIQUE PEDRO BERNARDO"
                },
                {
                    "codigo_aluno": "240(...)09",
                    "nome_aluno": "HUINI LIN"
                },
                {
                    "codigo_aluno": "152(...)80",
                    "nome_aluno": "INÊS BETTENCOURT DANTAS JORGE"
                },
                {
                    "codigo_aluno": "303(...)00",
                    "nome_aluno": "INÊS CANOA CASIMIRO SERRALHA FERREIRA"
                },
                {
                    "codigo_aluno": "300(...)11",
                    "nome_aluno": "INÊS DE SOUSA LOURENÇO"
                },
                {
                    "codigo_aluno": "305(...)92",
                    "nome_aluno": "INES FRADINHO SANTOS"
                },
                {
                    "codigo_aluno": "154(...)73",
                    "nome_aluno": "INES REBELO E SOUSA"
                },
                {
                    "codigo_aluno": "153(...)62",
                    "nome_aluno": "INGA STRUBING GOMES FERREIRA LOPES"
                },
                {
                    "codigo_aluno": "154(...)85",
                    "nome_aluno": "ISA DANIELA YE ZHU"
                },
                {
                    "codigo_aluno": "150(...)64",
                    "nome_aluno": "ISABEL CALDEIRA FERREIRA SOUSA MENEZES"
                },
                {
                    "codigo_aluno": "154(...)55",
                    "nome_aluno": "JOANA AFONSO DUARTE"
                },
                {
                    "codigo_aluno": "153(...)72",
                    "nome_aluno": "JOANA CORREIA SIMÔES DE OLIVEIRA BASTO"
                },
                {
                    "codigo_aluno": "309(...)32",
                    "nome_aluno": "JOANA FILIPA MOTA SOARES SALGADO PEREIRA"
                },
                {
                    "codigo_aluno": "304(...)91",
                    "nome_aluno": "JOANA ISABEL FERREIRA DE ALMEIDA"
                },
                {
                    "codigo_aluno": "311(...)59",
                    "nome_aluno": "JOANA NOGUEIRA MADALENA DO VALE NEVES"
                },
                {
                    "codigo_aluno": "156(...)63",
                    "nome_aluno": "JOÃO DIOGO SILVA MARINHO"
                },
                {
                    "codigo_aluno": "152(...)17",
                    "nome_aluno": "JOÃO FERNANDES GONÇALVES FERREIRA"
                },
                {
                    "codigo_aluno": "159(...)66",
                    "nome_aluno": "JOÃO FERNANDES MARTINS"
                },
                {
                    "codigo_aluno": "156(...)62",
                    "nome_aluno": "JOÃO GABRIEL DE MATOS OLIVEIRA"
                },
                {
                    "codigo_aluno": "303(...)54",
                    "nome_aluno": "JOÃO MARIA ALARCÃO JÚDICE DE ABREU E MOTA"
                },
                {
                    "codigo_aluno": "156(...)68",
                    "nome_aluno": "JOÃO MARIA SEQUEIRA GRAÇA DIOGO"
                },
                {
                    "codigo_aluno": "303(...)10",
                    "nome_aluno": "JOÃO PEDRO MONTEIRO MATOSO"
                },
                {
                    "codigo_aluno": "300(...)48",
                    "nome_aluno": "JOÃO TORRES BÉRAUD"
                },
                {
                    "codigo_aluno": "152(...)30",
                    "nome_aluno": "JOSÉ MANUEL PALHA DE ARAÚJO DOS SANTOS"
                },
                {
                    "codigo_aluno": "309(...)26",
                    "nome_aluno": "JOSÉ MARIA LOPES NATÁRIO PINTO GOMES"
                },
                {
                    "codigo_aluno": "152(...)98",
                    "nome_aluno": "JOSÉ MARIA MATOSO TRINDADE"
                },
                {
                    "codigo_aluno": "304(...)37",
                    "nome_aluno": "JOSE MARIA RAMOS DIAS DE ANDRADE NEVES"
                },
                {
                    "codigo_aluno": "153(...)33",
                    "nome_aluno": "JOSÉ MIGUEL SANTOS DE MATOS"
                },
                {
                    "codigo_aluno": "152(...)66",
                    "nome_aluno": "JOSÉ PEDRO MAGALHÃES DE SOUSA BARATA SANTOS"
                },
                {
                    "codigo_aluno": "152(...)10",
                    "nome_aluno": "JÚLIA XAVIER PACHECO DE MENDONÇA"
                },
                {
                    "codigo_aluno": "149(...)24",
                    "nome_aluno": "KÉLLY PEREIRA MARQUES"
                },
                {
                    "codigo_aluno": "242(...)18",
                    "nome_aluno": "KONSTANTIN ESIK"
                },
                {
                    "codigo_aluno": "307(...)82",
                    "nome_aluno": "LAURA DO AMARAL NETO FERREIRA PINTO"
                },
                {
                    "codigo_aluno": "155(...)73",
                    "nome_aluno": "LAURA STEFANI PEREIRA"
                },
                {
                    "codigo_aluno": "157(...)25",
                    "nome_aluno": "LEONOR BEIRES MENDES DE ALMEIDA BOBONE"
                },
                {
                    "codigo_aluno": "152(...)45",
                    "nome_aluno": "LEONOR BRITES NUNES COELHO"
                },
                {
                    "codigo_aluno": "158(...)64",
                    "nome_aluno": "LEONOR HO"
                },
                {
                    "codigo_aluno": "156(...)46",
                    "nome_aluno": "LEONOR HUGON MASSANO"
                },
                {
                    "codigo_aluno": "300(...)41",
                    "nome_aluno": "LETÍCIA MARIA PIRES ALVES"
                },
                {
                    "codigo_aluno": "153(...)94",
                    "nome_aluno": "LOURENÇO CAPACHO VALIDO RIBEIRO"
                },
                {
                    "codigo_aluno": "302(...)57",
                    "nome_aluno": "LOURENÇO NUNES SILVA BALTAZAR"
                },
                {
                    "codigo_aluno": "151(...)72",
                    "nome_aluno": "LUCAS FILIPE GOUVEIA FAÍSCA"
                },
                {
                    "codigo_aluno": "154(...)12",
                    "nome_aluno": "LUIS MARIA BAÇÃO RODOLFO"
                },
                {
                    "codigo_aluno": "300(...)46",
                    "nome_aluno": "LUÍSA MARTINS DA CRUZ NOGUEIRA ALVES"
                },
                {
                    "codigo_aluno": "156(...)14",
                    "nome_aluno": "MADALENA CARMONA RIBEIRO SOARES FLORA"
                },
                {
                    "codigo_aluno": "156(...)37",
                    "nome_aluno": "MADALENA ISABEL GASTÃO MARTINS"
                },
                {
                    "codigo_aluno": "302(...)76",
                    "nome_aluno": "MADALENA MADUREIRA RODRIGUES PARREIRA AUGUSTO"
                },
                {
                    "codigo_aluno": "303(...)88",
                    "nome_aluno": "MAFALDA ROCHETA CRAVO"
                },
                {
                    "codigo_aluno": "152(...)82",
                    "nome_aluno": "MANUEL ANDRINGA DE ALMADA SALDANHA"
                },
                {
                    "codigo_aluno": "153(...)33",
                    "nome_aluno": "MANUEL FILIPE ALEXANDRE"
                },
                {
                    "codigo_aluno": "301(...)81",
                    "nome_aluno": "MANUEL FREIRE BAÇÃO"
                },
                {
                    "codigo_aluno": "303(...)65",
                    "nome_aluno": "MANUEL SOARES GOMES DE NORONHA"
                },
                {
                    "codigo_aluno": "304(...)09",
                    "nome_aluno": "MARGARIDA CORREIA BARGADO LOPES FERREIRA"
                },
                {
                    "codigo_aluno": "158(...)60",
                    "nome_aluno": "MARGARIDA ZORRINHO ZACARIAS"
                },
                {
                    "codigo_aluno": "155(...)35",
                    "nome_aluno": "MARIA ALVES MOREIRA DE ALBUQUERQUE D'OREY"
                },
                {
                    "codigo_aluno": "308(...)98",
                    "nome_aluno": "MARIA ATAM LEAL DA COSTA"
                },
                {
                    "codigo_aluno": "309(...)87",
                    "nome_aluno": "MARIA BRITES ROLA"
                },
                {
                    "codigo_aluno": "159(...)18",
                    "nome_aluno": "MARIA CONSTANÇA ABREU LOURENCO DE ALMEIDA MOTA"
                },
                {
                    "codigo_aluno": "307(...)30",
                    "nome_aluno": "MARIA CONSTANÇA DE ALBINSKI E ALMEIDA SANTOS"
                },
                {
                    "codigo_aluno": "153(...)36",
                    "nome_aluno": "MARIA DE SOUSA RUIVO BATISTA"
                },
                {
                    "codigo_aluno": "153(...)61",
                    "nome_aluno": "MARIA DE SOUSA SOARES"
                },
                {
                    "codigo_aluno": "149(...)78",
                    "nome_aluno": "MARIA FRANCISCA BARRETO ALVES DA COSTA"
                },
                {
                    "codigo_aluno": "152(...)14",
                    "nome_aluno": "MARIA FRANCISCA DA CONCEIÇÃO PEREIRA DA ROCHA"
                },
                {
                    "codigo_aluno": "240(...)10",
                    "nome_aluno": "MARIA GEVORKYAN"
                },
                {
                    "codigo_aluno": "307(...)50",
                    "nome_aluno": "MARIA ISABEL SILVA PONTE"
                },
                {
                    "codigo_aluno": "302(...)53",
                    "nome_aluno": "MARIA LEONOR SALSINHA VARELA MENDES"
                },
                {
                    "codigo_aluno": "302(...)10",
                    "nome_aluno": "MARIA LUISA MEXIA DE ALMEIDA DE SOTTOMAYOR E VASCONCELOS"
                },
                {
                    "codigo_aluno": "154(...)26",
                    "nome_aluno": "MARIA MADALENA FERREIRA DO AMARAL CANSADO CARVALHO"
                },
                {
                    "codigo_aluno": "156(...)72",
                    "nome_aluno": "MARIA RAQUEL DE MAGALHÃES CARVALHO CERQUEIRA DA SILVA"
                },
                {
                    "codigo_aluno": "310(...)94",
                    "nome_aluno": "MARIA REBELO DA CONCEIÇÃO SANTA-MARTA"
                },
                {
                    "codigo_aluno": "304(...)84",
                    "nome_aluno": "MARIA RITA ALVES PEREIRA DA CONCEIÇÃO VIEIRA"
                },
                {
                    "codigo_aluno": "156(...)83",
                    "nome_aluno": "MARIA ROCHA SENOS GUEDES DE CAMPOS"
                },
                {
                    "codigo_aluno": "152(...)29",
                    "nome_aluno": "MARIA RODRIGUES PÉREZ"
                },
                {
                    "codigo_aluno": "302(...)61",
                    "nome_aluno": "MARIANA DA FONSECA FERNANDES DE MATOS"
                },
                {
                    "codigo_aluno": "152(...)96",
                    "nome_aluno": "MARIANA NORONHA FALCÃO MACHADO SOARES"
                },
                {
                    "codigo_aluno": "158(...)37",
                    "nome_aluno": "MARIANA PEREIRA PRONTO"
                },
                {
                    "codigo_aluno": "159(...)46",
                    "nome_aluno": "MARISA APOLINÁRIO PEDRO"
                },
                {
                    "codigo_aluno": "303(...)11",
                    "nome_aluno": "MARTA MARIA DE MENDIA DE CASTRO DE LIMA MAYER"
                },
                {
                    "codigo_aluno": "305(...)49",
                    "nome_aluno": "MARTA SOFIA DA SILVA DAMIÃO"
                },
                {
                    "codigo_aluno": "307(...)39",
                    "nome_aluno": "MARTA SORRÉCIO NUNES"
                },
                {
                    "codigo_aluno": "154(...)64",
                    "nome_aluno": "MARTIM BISSAIA BARRETO BARRACHA"
                },
                {
                    "codigo_aluno": "153(...)29",
                    "nome_aluno": "MARTIM CARDOSO COELHO COSTA CAFÉ"
                },
                {
                    "codigo_aluno": "151(...)93",
                    "nome_aluno": "MARTIM FILIPE CANHESTRO MALAGUETA"
                },
                {
                    "codigo_aluno": "308(...)97",
                    "nome_aluno": "MARTIM XAVIER DE MATOS CÁCERES MARMELO"
                },
                {
                    "codigo_aluno": "302(...)49",
                    "nome_aluno": "MATHIAS BARROS VISEU HESSENBRUCH"
                },
                {
                    "codigo_aluno": "317(...)72",
                    "nome_aluno": "MATILDE DE SAMPAIO E PINHO DOS SANTOS PEREIRA"
                },
                {
                    "codigo_aluno": "309(...)50",
                    "nome_aluno": "MATILDE LOURENÇO LAVRADOR DAMIÂO NEVES"
                },
                {
                    "codigo_aluno": "156(...)31",
                    "nome_aluno": "MATILDE MARTINS ALVES"
                },
                {
                    "codigo_aluno": "156(...)83",
                    "nome_aluno": "MATILDE PEREIRA NUNES"
                },
                {
                    "codigo_aluno": "156(...)73",
                    "nome_aluno": "MIGUEL DUARTE GONÇALVES REIS OLIVEIRA"
                },
                {
                    "codigo_aluno": "151(...)99",
                    "nome_aluno": "MIGUEL ETHAN HANN DA SILVA MARQUES"
                },
                {
                    "codigo_aluno": "155(...)56",
                    "nome_aluno": "MIGUEL FELICIANO DA SILVA FARINHA ANDRÉ"
                },
                {
                    "codigo_aluno": "308(...)01",
                    "nome_aluno": "MIGUEL JOÃO CACHÃO SEMBLANO"
                },
                {
                    "codigo_aluno": "306(...)01",
                    "nome_aluno": "MIGUEL MARIA LOPES SOEIRO"
                },
                {
                    "codigo_aluno": "314(...)10",
                    "nome_aluno": "MIGUEL MERA HERRERO"
                },
                {
                    "codigo_aluno": "312(...)60",
                    "nome_aluno": "OLGA VIERU"
                },
                {
                    "codigo_aluno": "310(...)15",
                    "nome_aluno": "PEDRO FRANCISCO ALMEIDA VENTURA"
                },
                {
                    "codigo_aluno": "304(...)83",
                    "nome_aluno": "PEDRO MIGUEL FERREIRA ALVES"
                },
                {
                    "codigo_aluno": "153(...)80",
                    "nome_aluno": "RAFAELA LOUREIRO ESPÍRITO SANTO"
                },
                {
                    "codigo_aluno": "153(...)60",
                    "nome_aluno": "RAQUEL RODRIGUES MALTEZINHO DA SILVA MITRAS"
                },
                {
                    "codigo_aluno": "310(...)55",
                    "nome_aluno": "RITA MARGARIDA TALESSO FIALHO GOMES"
                },
                {
                    "codigo_aluno": "304(...)76",
                    "nome_aluno": "RITA SÁ PINHO"
                },
                {
                    "codigo_aluno": "308(...)85",
                    "nome_aluno": "RODRIGO ANDRÉS DE MARTINS SENA"
                },
                {
                    "codigo_aluno": "156(...)19",
                    "nome_aluno": "RODRIGO MIGUEL FERREIRA BALSINHAS"
                },
                {
                    "codigo_aluno": "152(...)21",
                    "nome_aluno": "RODRIGO MORAS REIS"
                },
                {
                    "codigo_aluno": "303(...)90",
                    "nome_aluno": "RODRIGO PINHEIRO MONTEIRO"
                },
                {
                    "codigo_aluno": "307(...)48",
                    "nome_aluno": "SALVADOR FIGUEIRA SIMÕES DA SILVA VEIGA"
                },
                {
                    "codigo_aluno": "313(...)97",
                    "nome_aluno": "SALVADOR MANUEL FARO TEIXEIRA SIMÕES AGOSTINHO"
                },
                {
                    "codigo_aluno": "152(...)25",
                    "nome_aluno": "SANTIAGO CISTERNAS REIS"
                },
                {
                    "codigo_aluno": "156(...)68",
                    "nome_aluno": "SARA JOÃO CABRIZ SIMÕES"
                },
                {
                    "codigo_aluno": "155(...)27",
                    "nome_aluno": "SARA RÉFEGA FIGUEIREDO VEIGA FERNANDES"
                },
                {
                    "codigo_aluno": "306(...)02",
                    "nome_aluno": "SÉRGIO KULYK"
                },
                {
                    "codigo_aluno": "309(...)03",
                    "nome_aluno": "SIMÃO NOGUEIRA FERNANDES DA COSTA COELHO"
                },
                {
                    "codigo_aluno": "151(...)58",
                    "nome_aluno": "SOFIA BARBOSA EIRIZ DE SOUSA"
                },
                {
                    "codigo_aluno": "153(...)10",
                    "nome_aluno": "SOFIA GODINHO MENDES SARAIVA"
                },
                {
                    "codigo_aluno": "306(...)32",
                    "nome_aluno": "SOFIA MANSO MONTEIRO"
                },
                {
                    "codigo_aluno": "156(...)02",
                    "nome_aluno": "SOFIA TKACHENKO"
                },
                {
                    "codigo_aluno": "302(...)69",
                    "nome_aluno": "TELMA FERNANDES VIEIRA"
                },
                {
                    "codigo_aluno": "240(...)72",
                    "nome_aluno": "TETYANA GRYSHCHENKO"
                },
                {
                    "codigo_aluno": "240(...)23",
                    "nome_aluno": "THEODORO BANDEIRA DE SAMPAIO"
                },
                {
                    "codigo_aluno": "156(...)84",
                    "nome_aluno": "TIAGO MANGAS FERRAZ VIRGÍLIO SEQUEIRA"
                },
                {
                    "codigo_aluno": "152(...)40",
                    "nome_aluno": "TIAGO MOTA BARROS"
                },
                {
                    "codigo_aluno": "303(...)78",
                    "nome_aluno": "TOMÁS BACELAR MUNOZ MONTEIRO SANTOS"
                },
                {
                    "codigo_aluno": "153(...)54",
                    "nome_aluno": "TOMÁS GONÇALVES GUEDES SILVA"
                },
                {
                    "codigo_aluno": "157(...)60",
                    "nome_aluno": "TOMÁS MARIA BEBIANO CORREIA NOBRE PALMA"
                },
                {
                    "codigo_aluno": "154(...)92",
                    "nome_aluno": "TOMÁS MARQUES NEVES"
                },
                {
                    "codigo_aluno": "151(...)67",
                    "nome_aluno": "TOMÁS SIMÕES BENTO BONITO DA CONCEIÇÃO"
                },
                {
                    "codigo_aluno": "157(...)49",
                    "nome_aluno": "TOMAS SOUSA E SILVA"
                },
                {
                    "codigo_aluno": "304(...)99",
                    "nome_aluno": "VASCO DA COSTA CRUZ"
                },
                {
                    "codigo_aluno": "304(...)21",
                    "nome_aluno": "VERA MARIA VALENTE DE CASTRO"
                },
                {
                    "codigo_aluno": "152(...)43",
                    "nome_aluno": "VICENTE MANUEL MARQUES VINAGRE"
                },
                {
                    "codigo_aluno": "151(...)33",
                    "nome_aluno": "VICTORIA VICARIO REDONDO"
                },
                {
                    "codigo_aluno": "549(...)14",
                    "nome_aluno": "YALI RONELL"
                }
            ]
        },
        {
            "codigo_curso": "9147",
            "nome_curso": "9147 - Gestão",
            "colocados": [
                {
                    "codigo_aluno": "317(...)82",
                    "nome_aluno": "ADJI SODA SENE"
                },
                {
                    "codigo_aluno": "148(...)51",
                    "nome_aluno": "AFONSO CAVALEIRO TAVARES"
                },
                {
                    "codigo_aluno": "156(...)53",
                    "nome_aluno": "AFONSO FERNANDES AMARAL"
                },
                {
                    "codigo_aluno": "152(...)92",
                    "nome_aluno": "AFONSO GOMES COELHO"
                },
                {
                    "codigo_aluno": "152(...)39",
                    "nome_aluno": "AFONSO GONÇALVES PILÓ"
                },
                {
                    "codigo_aluno": "301(...)61",
                    "nome_aluno": "AFONSO MIGUEL VIEIRA DA LUZ"
                },
                {
                    "codigo_aluno": "157(...)44",
                    "nome_aluno": "AFONSO NETO ALVES"
                },
                {
                    "codigo_aluno": "152(...)24",
                    "nome_aluno": "AFONSO PROENÇA DE BRITO"
                },
                {
                    "codigo_aluno": "156(...)04",
                    "nome_aluno": "AFONSO VAN DER KELLEN DE SOUSA LEAL"
                },
                {
                    "codigo_aluno": "152(...)98",
                    "nome_aluno": "ANA BEATRIZ MENDES COLAÇO"
                },
                {
                    "codigo_aluno": "159(...)92",
                    "nome_aluno": "ANA BRANCO SILVA"
                },
                {
                    "codigo_aluno": "156(...)91",
                    "nome_aluno": "ANA FILIPA LOURO CRISTOVAO"
                },
                {
                    "codigo_aluno": "152(...)92",
                    "nome_aluno": "ANA FILIPA TAREJA DE OLIVEIRA COELHO"
                },
                {
                    "codigo_aluno": "153(...)73",
                    "nome_aluno": "ANA LUISA LOPES FERREIRA"
                },
                {
                    "codigo_aluno": "159(...)86",
                    "nome_aluno": "ANA MATILDE SOLA REGO ROSÁRIO"
                },
                {
                    "codigo_aluno": "308(...)63",
                    "nome_aluno": "ANA RAQUEL NUNES RODRIGUES"
                },
                {
                    "codigo_aluno": "159(...)66",
                    "nome_aluno": "ANASTÁCIA VITÓRIA GULA KUCHMA"
                },
                {
                    "codigo_aluno": "159(...)99",
                    "nome_aluno": "ANDRÉ MOREIRA DOS SANTOS SARZEDAS"
                },
                {
                    "codigo_aluno": "156(...)24",
                    "nome_aluno": "ANDRÉ VASCONCELOS DA SILVA PINTO ALVES"
                },
                {
                    "codigo_aluno": "318(...)17",
                    "nome_aluno": "ANTÓNIO AFONSO ROMERO GALVÃO LUCAS"
                },
                {
                    "codigo_aluno": "151(...)74",
                    "nome_aluno": "ANTONIO DA CONCEICAO BARAO ALVES BENTO"
                },
                {
                    "codigo_aluno": "159(...)22",
                    "nome_aluno": "ANTÓNIO DUARTE CAMPOS"
                },
                {
                    "codigo_aluno": "155(...)10",
                    "nome_aluno": "ANTONIO LEAL RAMALHOSA DE AZEREDO RODRIGO"
                },
                {
                    "codigo_aluno": "154(...)26",
                    "nome_aluno": "ANTÓNIO MARIA MENDONÇA CARRILHO DE SOUSA"
                },
                {
                    "codigo_aluno": "309(...)83",
                    "nome_aluno": "BÁRBARA MARIA FERREIRA NOVAIS"
                },
                {
                    "codigo_aluno": "156(...)80",
                    "nome_aluno": "BEATRIZ BENTO DA CRUZ"
                },
                {
                    "codigo_aluno": "156(...)07",
                    "nome_aluno": "BEATRIZ BRITO CALADO MENDES"
                },
                {
                    "codigo_aluno": "302(...)70",
                    "nome_aluno": "BEATRIZ LOPES FERREIRA"
                },
                {
                    "codigo_aluno": "159(...)52",
                    "nome_aluno": "BEATRIZ LOURENÇO LANDEIRO"
                },
                {
                    "codigo_aluno": "306(...)08",
                    "nome_aluno": "BEATRIZ MARIA AMBRÓSIO DA SILVA"
                },
                {
                    "codigo_aluno": "307(...)48",
                    "nome_aluno": "BEATRIZ MARIA TEMUDO GASPAR DE ALMEIDA"
                },
                {
                    "codigo_aluno": "154(...)35",
                    "nome_aluno": "BEATRIZ MIGUEL LOPES"
                },
                {
                    "codigo_aluno": "157(...)39",
                    "nome_aluno": "BEATRIZ SILVA RIBEIRO"
                },
                {
                    "codigo_aluno": "309(...)09",
                    "nome_aluno": "BEATRIZ SIMÕES FRANCO CHEIS"
                },
                {
                    "codigo_aluno": "152(...)48",
                    "nome_aluno": "BEATRIZ TEODORO FONSECA"
                },
                {
                    "codigo_aluno": "152(...)71",
                    "nome_aluno": "BERNARDO MIGUEL DE CARVALHO VIEIRA DA MOTA"
                },
                {
                    "codigo_aluno": "324(...)37",
                    "nome_aluno": "BILLCIA FERNANDES SANTIAGO LIMA VIEGAS"
                },
                {
                    "codigo_aluno": "154(...)88",
                    "nome_aluno": "CARLOS DINIS MACHADO DA COSTA MORAIS LEITÃO"
                },
                {
                    "codigo_aluno": "307(...)27",
                    "nome_aluno": "CARLOS MANUEL RIBEIRO ROSA"
                },
                {
                    "codigo_aluno": "154(...)57",
                    "nome_aluno": "CAROLINA COSTA DE OLIVEIRA PINTO"
                },
                {
                    "codigo_aluno": "304(...)71",
                    "nome_aluno": "CAROLINA ESTEVES PINTO"
                },
                {
                    "codigo_aluno": "153(...)53",
                    "nome_aluno": "CAROLINA MARIA HUSSEIN PESTANA"
                },
                {
                    "codigo_aluno": "157(...)20",
                    "nome_aluno": "CAROLINA MATIAS CALAXA"
                },
                {
                    "codigo_aluno": "159(...)96",
                    "nome_aluno": "CAROLINA PORTELA DE SOUSA TEIXEIRA"
                },
                {
                    "codigo_aluno": "154(...)66",
                    "nome_aluno": "CATARINA BELO GOMES"
                },
                {
                    "codigo_aluno": "302(...)93",
                    "nome_aluno": "CATARINA PERDIGÃO PEREIRA"
                },
                {
                    "codigo_aluno": "153(...)60",
                    "nome_aluno": "CLARA AHOUAGI SERRA QUINTAO FERNANDES"
                },
                {
                    "codigo_aluno": "153(...)06",
                    "nome_aluno": "CLARA AZEVEDO ALBUQUERQUE DE SÁ"
                },
                {
                    "codigo_aluno": "302(...)22",
                    "nome_aluno": "CLÉSIO ZENADINE MAMADE PINTO"
                },
                {
                    "codigo_aluno": "305(...)77",
                    "nome_aluno": "CONSTANÇA COELHO RODRIGUES PARADELO"
                },
                {
                    "codigo_aluno": "157(...)39",
                    "nome_aluno": "CONSTANÇA DE CLAUDINO CORREIA E CURADO RIBEIRO"
                },
                {
                    "codigo_aluno": "158(...)85",
                    "nome_aluno": "DAVID MURTINHO FERREIRA MOTA AMARAL"
                },
                {
                    "codigo_aluno": "156(...)91",
                    "nome_aluno": "DIANA CRISTINA PASSADINHAS PEREIRA"
                },
                {
                    "codigo_aluno": "300(...)68",
                    "nome_aluno": "DINIS MENDES FERNANDES"
                },
                {
                    "codigo_aluno": "303(...)51",
                    "nome_aluno": "DINIS VERISSIMO BARATA"
                },
                {
                    "codigo_aluno": "156(...)46",
                    "nome_aluno": "DIOGO ALEXANDRE OLIVEIRA LI"
                },
                {
                    "codigo_aluno": "156(...)42",
                    "nome_aluno": "DIOGO CARVALHO RIBEIRO DA SILVA REBOLA"
                },
                {
                    "codigo_aluno": "153(...)77",
                    "nome_aluno": "DIOGO CAVALEIRO RAMOS DE MATOS RODRIGUES"
                },
                {
                    "codigo_aluno": "155(...)51",
                    "nome_aluno": "DIOGO SMITH RODRIGUES BRITO VAZ"
                },
                {
                    "codigo_aluno": "311(...)36",
                    "nome_aluno": "DOMINGOS GONÇALO DINIZ JARRETA"
                },
                {
                    "codigo_aluno": "156(...)35",
                    "nome_aluno": "DUARTE CESAR MARTINS"
                },
                {
                    "codigo_aluno": "310(...)22",
                    "nome_aluno": "DUARTE LUCIANO SILVA ABREU"
                },
                {
                    "codigo_aluno": "154(...)06",
                    "nome_aluno": "DUARTE MARTINS LUIS REIS"
                },
                {
                    "codigo_aluno": "306(...)47",
                    "nome_aluno": "DUARTE PIRES SURRÉCIO DIAS GUERREIRO"
                },
                {
                    "codigo_aluno": "309(...)94",
                    "nome_aluno": "EDUARDO MIGUEL CORREIA GASPAR"
                },
                {
                    "codigo_aluno": "158(...)58",
                    "nome_aluno": "EVA FILIPE MATEUS"
                },
                {
                    "codigo_aluno": "308(...)70",
                    "nome_aluno": "FILIPA BISPO CAETANO"
                },
                {
                    "codigo_aluno": "152(...)31",
                    "nome_aluno": "FILIPA LOPES RAPOSO"
                },
                {
                    "codigo_aluno": "303(...)42",
                    "nome_aluno": "FILIPA RODA FÉLIX"
                },
                {
                    "codigo_aluno": "155(...)51",
                    "nome_aluno": "FILIPA TEIXEIRA OLIVEIRA"
                },
                {
                    "codigo_aluno": "151(...)72",
                    "nome_aluno": "FILIPE DE FIGUEIREDO RIBEIRO REIS"
                },
                {
                    "codigo_aluno": "151(...)91",
                    "nome_aluno": "FILIPE MANUEL ROCHA CARRIGY"
                },
                {
                    "codigo_aluno": "153(...)40",
                    "nome_aluno": "FRANCISCA DE FUNES FALCÃO BARBOSA MORA"
                },
                {
                    "codigo_aluno": "156(...)99",
                    "nome_aluno": "FRANCISCA MARÇAL VARELA SIMÕES LOPES"
                },
                {
                    "codigo_aluno": "303(...)08",
                    "nome_aluno": "FRANCISCA NAVARRO MACHAQUEIRO"
                },
                {
                    "codigo_aluno": "306(...)11",
                    "nome_aluno": "FRANCISCO ALBUQUERQUE CASCAIS"
                },
                {
                    "codigo_aluno": "152(...)23",
                    "nome_aluno": "FRANCISCO ALVES DOS REIS GONÇALVES"
                },
                {
                    "codigo_aluno": "153(...)47",
                    "nome_aluno": "FRANCISCO DE ALMEIDA SECO ROQUETE MAXIMIANO"
                },
                {
                    "codigo_aluno": "300(...)05",
                    "nome_aluno": "FRANCISCO DINIS MACIEL BATALHA"
                },
                {
                    "codigo_aluno": "156(...)12",
                    "nome_aluno": "FRANCISCO DOMINGUES SOARES"
                },
                {
                    "codigo_aluno": "156(...)59",
                    "nome_aluno": "FRANCISCO MANUEL LEAL ALVES"
                },
                {
                    "codigo_aluno": "152(...)02",
                    "nome_aluno": "FRANCISCO MARIA PINTO RIBEIRO MORAIS"
                },
                {
                    "codigo_aluno": "156(...)96",
                    "nome_aluno": "FRANCISCO MARIA RIBEIRO VIEGAS"
                },
                {
                    "codigo_aluno": "301(...)98",
                    "nome_aluno": "FRANCISCO MARIA SEMEDO PEREIRA PAULA VICENTE"
                },
                {
                    "codigo_aluno": "302(...)30",
                    "nome_aluno": "FRANCISCO MARIA SOEIRO BACELAR DE BEGONHA"
                },
                {
                    "codigo_aluno": "305(...)39",
                    "nome_aluno": "FRANCISCO PEIXOTO TEIXEIRA"
                },
                {
                    "codigo_aluno": "155(...)67",
                    "nome_aluno": "FRANCISCO PINTO PEREIRA DA COSTA PESSOA"
                },
                {
                    "codigo_aluno": "156(...)56",
                    "nome_aluno": "FREDERICO FARIA FERNANDES DE BECK"
                },
                {
                    "codigo_aluno": "303(...)38",
                    "nome_aluno": "GABRIEL ALBERTO CORREIA"
                },
                {
                    "codigo_aluno": "302(...)87",
                    "nome_aluno": "GABRIEL COSTA CUNHA"
                },
                {
                    "codigo_aluno": "309(...)35",
                    "nome_aluno": "GABRIEL RIBEIRO ESTEVES"
                },
                {
                    "codigo_aluno": "312(...)57",
                    "nome_aluno": "GABRIELA OUTOR BARBOSA FERNANDES GOMES"
                },
                {
                    "codigo_aluno": "154(...)15",
                    "nome_aluno": "GASTÃO MONGIARDIM DE CARVALHO BRITO FELIZ"
                },
                {
                    "codigo_aluno": "156(...)58",
                    "nome_aluno": "GONÇALO ALVES DE OLIVEIRA"
                },
                {
                    "codigo_aluno": "151(...)33",
                    "nome_aluno": "GONÇALO BARBAS NUNES CRUZ CASTELHANO"
                },
                {
                    "codigo_aluno": "155(...)61",
                    "nome_aluno": "GONÇALO MARIA FERNANDES VENTURA DE BRITO BOGAS"
                },
                {
                    "codigo_aluno": "152(...)69",
                    "nome_aluno": "GONÇALO MARTA HENRIQUES"
                },
                {
                    "codigo_aluno": "153(...)20",
                    "nome_aluno": "GUILHERME DA FONSECA FERNANDES"
                },
                {
                    "codigo_aluno": "306(...)32",
                    "nome_aluno": "GUILHERME GABRIEL DIAS"
                },
                {
                    "codigo_aluno": "155(...)81",
                    "nome_aluno": "GUILHERME LUÍS LOURENÇO SANTOS"
                },
                {
                    "codigo_aluno": "152(...)05",
                    "nome_aluno": "GUILHERME RAFAEL CARDOSO FERNANDES DA SILVA"
                },
                {
                    "codigo_aluno": "304(...)79",
                    "nome_aluno": "GUILHERME REGO BRAZ"
                },
                {
                    "codigo_aluno": "306(...)32",
                    "nome_aluno": "HELENA FERREIRA VASCO DUQUE DOS SANTOS"
                },
                {
                    "codigo_aluno": "310(...)72",
                    "nome_aluno": "HENRIQUE BARROS MIGUEL"
                },
                {
                    "codigo_aluno": "153(...)01",
                    "nome_aluno": "HENRIQUE CATALAO DO CARMO BARRINHA NEVES"
                },
                {
                    "codigo_aluno": "153(...)21",
                    "nome_aluno": "IANA IARMENCO"
                },
                {
                    "codigo_aluno": "304(...)04",
                    "nome_aluno": "INÊS AFONSO BARBEIRO"
                },
                {
                    "codigo_aluno": "157(...)64",
                    "nome_aluno": "INÊS ALVES DA COSTA"
                },
                {
                    "codigo_aluno": "310(...)20",
                    "nome_aluno": "INÊS BARBOSA LOPES"
                },
                {
                    "codigo_aluno": "155(...)61",
                    "nome_aluno": "INÊS DIAS GOMES"
                },
                {
                    "codigo_aluno": "302(...)33",
                    "nome_aluno": "INÊS DOURADO PEREIRA E ALVELOS"
                },
                {
                    "codigo_aluno": "311(...)36",
                    "nome_aluno": "INÊS MARTINS PÃO ALVO"
                },
                {
                    "codigo_aluno": "310(...)35",
                    "nome_aluno": "INÊS REIS DE CASTRO CORREIA"
                },
                {
                    "codigo_aluno": "159(...)27",
                    "nome_aluno": "INÊS SANTOS NOVO"
                },
                {
                    "codigo_aluno": "154(...)25",
                    "nome_aluno": "INÊS SOFIA MARTINS FERREIRA"
                },
                {
                    "codigo_aluno": "242(...)04",
                    "nome_aluno": "JINGHAO LIN"
                },
                {
                    "codigo_aluno": "308(...)65",
                    "nome_aluno": "JOANA BILÉ DURÃO"
                },
                {
                    "codigo_aluno": "156(...)02",
                    "nome_aluno": "JOANA MARQUES BONECAS"
                },
                {
                    "codigo_aluno": "152(...)13",
                    "nome_aluno": "JOANA MOTA SANTOS"
                },
                {
                    "codigo_aluno": "306(...)88",
                    "nome_aluno": "JOANA PEDRO DOS SANTOS"
                },
                {
                    "codigo_aluno": "305(...)77",
                    "nome_aluno": "JOANA SALDANHA GIÃO"
                },
                {
                    "codigo_aluno": "152(...)93",
                    "nome_aluno": "JOÃO ALEXANDRE HENRIQUES DIAS"
                },
                {
                    "codigo_aluno": "153(...)57",
                    "nome_aluno": "JOÃO ANTÓNIO SANTOS NEVES RÊGO CABRITA"
                },
                {
                    "codigo_aluno": "153(...)97",
                    "nome_aluno": "JOÃO BERNARDO COELHO RATILAL"
                },
                {
                    "codigo_aluno": "240(...)20",
                    "nome_aluno": "JOÃO CHEN LAN"
                },
                {
                    "codigo_aluno": "152(...)21",
                    "nome_aluno": "JOÃO DA SILVA PIRES"
                },
                {
                    "codigo_aluno": "307(...)98",
                    "nome_aluno": "JOÃO DA SILVA SANTOS"
                },
                {
                    "codigo_aluno": "153(...)83",
                    "nome_aluno": "JOÃO DIOGO XAVIER GOMES"
                },
                {
                    "codigo_aluno": "151(...)75",
                    "nome_aluno": "JOÃO FRANCISCO DE CARVALHO VAZ"
                },
                {
                    "codigo_aluno": "152(...)83",
                    "nome_aluno": "JOÃO FRANCISCO MURTA PEDRO"
                },
                {
                    "codigo_aluno": "300(...)49",
                    "nome_aluno": "JOÃO INÁCIO LOURENÇO"
                },
                {
                    "codigo_aluno": "303(...)55",
                    "nome_aluno": "JOÃO MARIA LUFINHA DE MELLO FRANCO"
                },
                {
                    "codigo_aluno": "309(...)98",
                    "nome_aluno": "JOÃO MARIA MENDES MARTINS FÉLIX ANTÓNIO"
                },
                {
                    "codigo_aluno": "156(...)57",
                    "nome_aluno": "JOÃO MARIA SPRATLEY FERREIRA PIMENTEL BARBOSA"
                },
                {
                    "codigo_aluno": "157(...)07",
                    "nome_aluno": "JOÃO MIGUEL BELO DA CONCEIÇÃO"
                },
                {
                    "codigo_aluno": "308(...)26",
                    "nome_aluno": "JOAQUIM MOUSINHO TEIXEIRA DUARTE"
                },
                {
                    "codigo_aluno": "157(...)51",
                    "nome_aluno": "JOEL MARQUES NEVES"
                },
                {
                    "codigo_aluno": "159(...)45",
                    "nome_aluno": "JOSE GUILHERME TEIXEIRA MAGALHÃES BESSA RODRIGUES"
                },
                {
                    "codigo_aluno": "306(...)05",
                    "nome_aluno": "JOSÉ MARIA LOPES RIBEIRO MARQUES DIAS"
                },
                {
                    "codigo_aluno": "151(...)51",
                    "nome_aluno": "JOSÉ MARIA ROSA EUSÉBIO"
                },
                {
                    "codigo_aluno": "153(...)87",
                    "nome_aluno": "LARA TEIXEIRA DE CASTRO PEREIRA"
                },
                {
                    "codigo_aluno": "240(...)16",
                    "nome_aluno": "LARA ZAVATTA VALENTE"
                },
                {
                    "codigo_aluno": "305(...)71",
                    "nome_aluno": "LAURA FRANÇA VERSOS VIDEIRA BARRA"
                },
                {
                    "codigo_aluno": "300(...)28",
                    "nome_aluno": "LAURA PACHECO PONCES NORTE PEREIRA"
                },
                {
                    "codigo_aluno": "309(...)21",
                    "nome_aluno": "LAURA PERROLAS SILVA DO ALFERES NUNES"
                },
                {
                    "codigo_aluno": "300(...)78",
                    "nome_aluno": "LEONOR CAETANO MOREIRA"
                },
                {
                    "codigo_aluno": "317(...)33",
                    "nome_aluno": "LEONOR DE ALMEIDA JOAQUIM"
                },
                {
                    "codigo_aluno": "152(...)29",
                    "nome_aluno": "LEONOR MONTEIRO DE SOUSA ABRANTES GASPAR"
                },
                {
                    "codigo_aluno": "154(...)13",
                    "nome_aluno": "LEONOR PINHO LUCAS CALDINHAS"
                },
                {
                    "codigo_aluno": "303(...)67",
                    "nome_aluno": "LEONOR ROQUE DE OLIVEIRA MENDES"
                },
                {
                    "codigo_aluno": "300(...)94",
                    "nome_aluno": "LEONOR SOUSA FERREIRA"
                },
                {
                    "codigo_aluno": "305(...)26",
                    "nome_aluno": "LEONOR TEIXEIRA MARQUES DE ALMEIDA MENDES"
                },
                {
                    "codigo_aluno": "150(...)58",
                    "nome_aluno": "LOURENÇO GONZALEZ ROSETE TOMÁS RIBEIRO"
                },
                {
                    "codigo_aluno": "152(...)53",
                    "nome_aluno": "LUANA SUCÁ NASCIMENTO MOURA"
                },
                {
                    "codigo_aluno": "149(...)95",
                    "nome_aluno": "LUCAS ROSA GOMES SILVA"
                },
                {
                    "codigo_aluno": "157(...)08",
                    "nome_aluno": "LUÍS FILIPE POMBEIRO VICENTE"
                },
                {
                    "codigo_aluno": "153(...)26",
                    "nome_aluno": "LUISA FERREIRA VEIGA SIMÕES DE CARVALHO"
                },
                {
                    "codigo_aluno": "308(...)04",
                    "nome_aluno": "LUNA DA FRANCA CALHAU"
                },
                {
                    "codigo_aluno": "153(...)92",
                    "nome_aluno": "MADALENA ALMAÇA NEVES PONCIANO"
                },
                {
                    "codigo_aluno": "300(...)72",
                    "nome_aluno": "MADALENA CORDEIRO CARVALHO BORREGO"
                },
                {
                    "codigo_aluno": "155(...)13",
                    "nome_aluno": "MADALENA DANTAS MARTINS TEIXEIRA"
                },
                {
                    "codigo_aluno": "156(...)81",
                    "nome_aluno": "MADALENA MESTRE FRAGOSO VAZ GUTERRES"
                },
                {
                    "codigo_aluno": "159(...)12",
                    "nome_aluno": "MADALENA PEDROSA DA SILVA CORREIA DOMINGOS"
                },
                {
                    "codigo_aluno": "157(...)68",
                    "nome_aluno": "MADALENA RAMOS PEREIRA"
                },
                {
                    "codigo_aluno": "303(...)57",
                    "nome_aluno": "MADALENA SIMÃO ALMEIDA DA COSTA PINTO"
                },
                {
                    "codigo_aluno": "303(...)93",
                    "nome_aluno": "MANUEL ANDRADE CAÇÃO RIBEIRO DA CUNHA"
                },
                {
                    "codigo_aluno": "153(...)27",
                    "nome_aluno": "MANUEL MARIA HORTA ROSADO"
                },
                {
                    "codigo_aluno": "153(...)35",
                    "nome_aluno": "MANUEL OOM DE SOUSA SILVA PINTO"
                },
                {
                    "codigo_aluno": "152(...)62",
                    "nome_aluno": "MARGARIDA GODINHO DOS SANTOS CÂNDIDO FERNANDES"
                },
                {
                    "codigo_aluno": "156(...)94",
                    "nome_aluno": "MARGARIDA PAIS DE SOUSA COSME MARQUES"
                },
                {
                    "codigo_aluno": "152(...)90",
                    "nome_aluno": "MARGARIDA PEREIRA PATRIARCA RAMOS DE DEUS"
                },
                {
                    "codigo_aluno": "301(...)99",
                    "nome_aluno": "MARGARIDA SARAIVA ALMEIDA DE OLIVEIRA ANTUNES"
                },
                {
                    "codigo_aluno": "152(...)92",
                    "nome_aluno": "MARGARIDA SOARES BARBOSA MARQUES"
                },
                {
                    "codigo_aluno": "308(...)43",
                    "nome_aluno": "MARGARIDA VICENTE SILVA"
                },
                {
                    "codigo_aluno": "303(...)87",
                    "nome_aluno": "MARIA ANA CYMBRON DE CANTO E CASTRO DE LUCENA"
                },
                {
                    "codigo_aluno": "151(...)35",
                    "nome_aluno": "MARIA ANA NETO DE ALMEIDA COSTA NEVES"
                },
                {
                    "codigo_aluno": "308(...)59",
                    "nome_aluno": "MARIA BEATRIZ MENDONÇA CARDOSO"
                },
                {
                    "codigo_aluno": "159(...)37",
                    "nome_aluno": "MARIA BENTES DE OLIVEIRA PINTO"
                },
                {
                    "codigo_aluno": "310(...)26",
                    "nome_aluno": "MARIA BRANCA DE ABREU NOVAIS DELGADO DA ROCHA"
                },
                {
                    "codigo_aluno": "301(...)51",
                    "nome_aluno": "MARIA CAROLINA ABREU MENDES"
                },
                {
                    "codigo_aluno": "309(...)24",
                    "nome_aluno": "MARIA COSTA FERREIRA MENDONÇA DA LUZ"
                },
                {
                    "codigo_aluno": "156(...)87",
                    "nome_aluno": "MARIA CUTILEIRO CORREIA LOURENÇO"
                },
                {
                    "codigo_aluno": "301(...)79",
                    "nome_aluno": "MARIA DE SOUSA GAMA"
                },
                {
                    "codigo_aluno": "302(...)78",
                    "nome_aluno": "MARIA DO CARMO ALÇADA CASTELO BRANCO BOM JESUS"
                },
                {
                    "codigo_aluno": "309(...)12",
                    "nome_aluno": "MARIA DO CARMO BARROSO DE SOUSA VINAGRE"
                },
                {
                    "codigo_aluno": "301(...)15",
                    "nome_aluno": "MARIA ELIZABETH RIBEIRO GONÇALVES"
                },
                {
                    "codigo_aluno": "306(...)16",
                    "nome_aluno": "MARIA FRANCISCA DE AZEVEDO NUNES PORTO DORDIO"
                },
                {
                    "codigo_aluno": "306(...)92",
                    "nome_aluno": "MARIA FRANCISCA FAZENDA REIS PACHECO PEREIRA"
                },
                {
                    "codigo_aluno": "307(...)64",
                    "nome_aluno": "MARIA HENRIQUETA DE CASTRO E PENA DE SENNA NUNES"
                },
                {
                    "codigo_aluno": "154(...)13",
                    "nome_aluno": "MARIA JOÃO ALVES DE CASTRO"
                },
                {
                    "codigo_aluno": "309(...)28",
                    "nome_aluno": "MARIA LEONOR CANAS SERRA MARQUES ÁGUA"
                },
                {
                    "codigo_aluno": "309(...)48",
                    "nome_aluno": "MARIA LEONOR CORREIA PINTO DE SÁ"
                },
                {
                    "codigo_aluno": "310(...)44",
                    "nome_aluno": "MARIA LEONOR DOS SANTOS GOUVEIA"
                },
                {
                    "codigo_aluno": "301(...)42",
                    "nome_aluno": "MARIA LEONOR GONÇALVES PIRES"
                },
                {
                    "codigo_aluno": "300(...)54",
                    "nome_aluno": "MARIA MADALENA PERRY GOUVEIA MARQUES ALMEIDA"
                },
                {
                    "codigo_aluno": "304(...)38",
                    "nome_aluno": "MARIA MADALENA TAVARES RÚBEN AMARAL E ALMEIDA"
                },
                {
                    "codigo_aluno": "155(...)48",
                    "nome_aluno": "MARIA MATOS CHAVES POPPE"
                },
                {
                    "codigo_aluno": "153(...)64",
                    "nome_aluno": "MARIA PEDRO LOPES DA CUNHA DE ARBUÉS MOREIRA"
                },
                {
                    "codigo_aluno": "152(...)03",
                    "nome_aluno": "MARIA TENREIRO GONCALVES DO AMARAL OLIVENCA"
                },
                {
                    "codigo_aluno": "310(...)73",
                    "nome_aluno": "MARIA VAZ PIRES EDUARDO"
                },
                {
                    "codigo_aluno": "154(...)57",
                    "nome_aluno": "MARIANA DA PAZ FERREIRA PINTO VILAS-BOAS"
                },
                {
                    "codigo_aluno": "156(...)28",
                    "nome_aluno": "MARIANA DE CASTRO ALVES TEIXEIRA"
                },
                {
                    "codigo_aluno": "305(...)27",
                    "nome_aluno": "MARIANA DE PAIVA E PONA CORTE-REAL GONÇALVES"
                },
                {
                    "codigo_aluno": "159(...)98",
                    "nome_aluno": "MARIANA FERNANDES CASTRO"
                },
                {
                    "codigo_aluno": "300(...)16",
                    "nome_aluno": "MARIANA GONÇALVES GODINHO TOMÁS SANTOS"
                },
                {
                    "codigo_aluno": "303(...)30",
                    "nome_aluno": "MARIANA NUNES GASPAR"
                },
                {
                    "codigo_aluno": "153(...)51",
                    "nome_aluno": "MARIANA TEIXEIRA FRANCISCO PEREIRA"
                },
                {
                    "codigo_aluno": "312(...)42",
                    "nome_aluno": "MARINA KOSOVAN"
                },
                {
                    "codigo_aluno": "300(...)44",
                    "nome_aluno": "MARTA DANIELA PASSOS SERRANO"
                },
                {
                    "codigo_aluno": "153(...)45",
                    "nome_aluno": "MARTA VENES DA FONSECA"
                },
                {
                    "codigo_aluno": "312(...)10",
                    "nome_aluno": "MARTIM ALEXANDRE SERRA E SILVA"
                },
                {
                    "codigo_aluno": "153(...)91",
                    "nome_aluno": "MARTIM DA ROCHA CAÇADOR"
                },
                {
                    "codigo_aluno": "155(...)14",
                    "nome_aluno": "MARTIM FRANCO DOS SANTOS VAZ"
                },
                {
                    "codigo_aluno": "156(...)64",
                    "nome_aluno": "MARTIM NICOLAU E CUNHA HORTA E VALE"
                },
                {
                    "codigo_aluno": "152(...)85",
                    "nome_aluno": "MARTIM PEREIRA DA SILVA LOBO"
                },
                {
                    "codigo_aluno": "302(...)49",
                    "nome_aluno": "MATEUS PEIXOTO PEREIRA"
                },
                {
                    "codigo_aluno": "153(...)75",
                    "nome_aluno": "MATHIAS CHAN DE VILHENA GUERRA"
                },
                {
                    "codigo_aluno": "153(...)33",
                    "nome_aluno": "MATILDE AMORIM CARDOSO"
                },
                {
                    "codigo_aluno": "159(...)33",
                    "nome_aluno": "MATILDE ANDRADE FLORES"
                },
                {
                    "codigo_aluno": "158(...)01",
                    "nome_aluno": "MATILDE BRITO GOMES"
                },
                {
                    "codigo_aluno": "156(...)15",
                    "nome_aluno": "MATILDE COSTA OLIVEIRA CARIA ALCOBIA"
                },
                {
                    "codigo_aluno": "309(...)14",
                    "nome_aluno": "MATILDE DA SILVA COSTA"
                },
                {
                    "codigo_aluno": "153(...)83",
                    "nome_aluno": "MATILDE DE SOUSA NEVES"
                },
                {
                    "codigo_aluno": "152(...)59",
                    "nome_aluno": "MATILDE GONÇALVES FERNANDES LOPES"
                },
                {
                    "codigo_aluno": "306(...)75",
                    "nome_aluno": "MATILDE JOSE MAGALHAES FERREIRA CARVALHO"
                },
                {
                    "codigo_aluno": "153(...)76",
                    "nome_aluno": "MATILDE LOPES DE SOUSA"
                },
                {
                    "codigo_aluno": "153(...)35",
                    "nome_aluno": "MATILDE LOPES DE SOUSA COLAÇO"
                },
                {
                    "codigo_aluno": "153(...)18",
                    "nome_aluno": "MATILDE MAGALHÃES PRATAS CLEMENTE"
                },
                {
                    "codigo_aluno": "153(...)95",
                    "nome_aluno": "MATILDE NICOLAU COSTA SANTOS"
                },
                {
                    "codigo_aluno": "304(...)59",
                    "nome_aluno": "MATILDE NUNES PEDRO PRESA CARDOSO"
                },
                {
                    "codigo_aluno": "307(...)90",
                    "nome_aluno": "MATILDE PESSOA PEREIRA FERREIRA"
                },
                {
                    "codigo_aluno": "159(...)28",
                    "nome_aluno": "MATILDE PINTO LEITE JONGENELEN"
                },
                {
                    "codigo_aluno": "153(...)21",
                    "nome_aluno": "MIGUEL AFONSO DE BRITO E DANTAS"
                },
                {
                    "codigo_aluno": "306(...)14",
                    "nome_aluno": "MIGUEL ASCENSO LEOTE DA COSTA FREITAS"
                },
                {
                    "codigo_aluno": "300(...)81",
                    "nome_aluno": "MIGUEL COSTA LEONARDO"
                },
                {
                    "codigo_aluno": "300(...)44",
                    "nome_aluno": "MIGUEL OLIVEIRA MOURA"
                },
                {
                    "codigo_aluno": "306(...)71",
                    "nome_aluno": "PEDRO DE SOUSA PEREIRA MACHADO"
                },
                {
                    "codigo_aluno": "152(...)94",
                    "nome_aluno": "PEDRO MIGUEL FONTES MOITA FORTES DA CUNHA"
                },
                {
                    "codigo_aluno": "153(...)64",
                    "nome_aluno": "PEDRO MIGUEL GONÇALVES RESINA"
                },
                {
                    "codigo_aluno": "155(...)22",
                    "nome_aluno": "PEDRO VITORINO RIBEIRO"
                },
                {
                    "codigo_aluno": "159(...)71",
                    "nome_aluno": "RAFAEL ANTUNES DA SILVA"
                },
                {
                    "codigo_aluno": "306(...)50",
                    "nome_aluno": "RAFAEL REGO COSTA"
                },
                {
                    "codigo_aluno": "157(...)38",
                    "nome_aluno": "RAQUEL PATRÍCIO MARIA DA SILVA"
                },
                {
                    "codigo_aluno": "150(...)36",
                    "nome_aluno": "RICARDO COTRIM CASTRO CORREIA"
                },
                {
                    "codigo_aluno": "153(...)00",
                    "nome_aluno": "RITA DA SILVA BARBOSA DA COSTA"
                },
                {
                    "codigo_aluno": "309(...)70",
                    "nome_aluno": "RITA GROU CORREIA"
                },
                {
                    "codigo_aluno": "151(...)97",
                    "nome_aluno": "RITA PINTO DA ROCHA NUNES CAEIRO"
                },
                {
                    "codigo_aluno": "154(...)80",
                    "nome_aluno": "RITA ROCHA FERREIRA"
                },
                {
                    "codigo_aluno": "304(...)72",
                    "nome_aluno": "RITA TANGERINO DE CAMPOS"
                },
                {
                    "codigo_aluno": "156(...)41",
                    "nome_aluno": "RITA VIEIRA DE CASTRO FONSECA PINTO"
                },
                {
                    "codigo_aluno": "309(...)87",
                    "nome_aluno": "RODRIGO ALEXANDRE VARANDAS CRUZ"
                },
                {
                    "codigo_aluno": "156(...)63",
                    "nome_aluno": "RODRIGO CARVALHO NETO SANTOS VALENTE"
                },
                {
                    "codigo_aluno": "309(...)94",
                    "nome_aluno": "RODRIGO DE ANDRADE E LEMOS MESQUITA"
                },
                {
                    "codigo_aluno": "304(...)28",
                    "nome_aluno": "RODRIGO GONÇALVES GUERREIRO MONTEIRO"
                },
                {
                    "codigo_aluno": "152(...)27",
                    "nome_aluno": "RODRIGO MIGUEL DA PONTE RODRIGUES"
                },
                {
                    "codigo_aluno": "152(...)38",
                    "nome_aluno": "RODRIGO MIGUEL PONTES DA SILVA"
                },
                {
                    "codigo_aluno": "153(...)67",
                    "nome_aluno": "RODRIGO MORGADO FERNANDES FLORES GOMES"
                },
                {
                    "codigo_aluno": "153(...)88",
                    "nome_aluno": "RODRIGO TEIXEIRA LOPES DE CARVALHO PIRES"
                },
                {
                    "codigo_aluno": "152(...)86",
                    "nome_aluno": "RUI FILIPE COELHO YEE"
                },
                {
                    "codigo_aluno": "305(...)67",
                    "nome_aluno": "RUI JORGE VIEGAS VAZ"
                },
                {
                    "codigo_aluno": "159(...)22",
                    "nome_aluno": "SANTIAGO CORDEIRO CARVALHEIRO LOPES"
                },
                {
                    "codigo_aluno": "304(...)36",
                    "nome_aluno": "SARA AMARAL PINA"
                },
                {
                    "codigo_aluno": "313(...)75",
                    "nome_aluno": "SARA ISABEL PARREIRA ANES DE OLIVEIRA"
                },
                {
                    "codigo_aluno": "159(...)75",
                    "nome_aluno": "SARA PINTO GONÇALVES"
                },
                {
                    "codigo_aluno": "303(...)98",
                    "nome_aluno": "SOFIA DE JESUS PATINHA PÁSCOA"
                },
                {
                    "codigo_aluno": "301(...)66",
                    "nome_aluno": "SOFIA FIRMINO GAMEIRO CANSADO"
                },
                {
                    "codigo_aluno": "300(...)44",
                    "nome_aluno": "SUSANA BEATRIZ SEBASTIÃO FRADE DE VILHENA"
                },
                {
                    "codigo_aluno": "317(...)42",
                    "nome_aluno": "TATIANA CHEN"
                },
                {
                    "codigo_aluno": "153(...)51",
                    "nome_aluno": "TATIANA SANTOS FARIA"
                },
                {
                    "codigo_aluno": "306(...)01",
                    "nome_aluno": "TERESA MARIA CERTO PEREIRA"
                },
                {
                    "codigo_aluno": "152(...)97",
                    "nome_aluno": "TERESA TELES DO CARVALHAL DOS SANTOS ANDRADE"
                },
                {
                    "codigo_aluno": "306(...)85",
                    "nome_aluno": "TIAGO ALEXANDRE RODRIGUES ROSAS"
                },
                {
                    "codigo_aluno": "159(...)60",
                    "nome_aluno": "TIAGO DANIEL PEREIRA PLENO"
                },
                {
                    "codigo_aluno": "158(...)46",
                    "nome_aluno": "TIAGO JOSÉ DA CUNHA PIÇARRA"
                },
                {
                    "codigo_aluno": "154(...)82",
                    "nome_aluno": "TIAGO MARIA LOPES ALVES"
                },
                {
                    "codigo_aluno": "156(...)15",
                    "nome_aluno": "TIAGO MARTIM DA SILVA LOPES"
                },
                {
                    "codigo_aluno": "159(...)76",
                    "nome_aluno": "TIAGO SANTOS CURTO"
                },
                {
                    "codigo_aluno": "153(...)68",
                    "nome_aluno": "TIAGO SEVERINO NOBRE"
                },
                {
                    "codigo_aluno": "307(...)60",
                    "nome_aluno": "TOMAS DE ABOIM INGLEZ DOS SANTOS FERREIRA"
                },
                {
                    "codigo_aluno": "304(...)03",
                    "nome_aluno": "TOMAS FILIPE FERNANDES REIS"
                },
                {
                    "codigo_aluno": "154(...)35",
                    "nome_aluno": "TOMÁS GENTIL MARTINS DE SAMPAIO E MELO"
                },
                {
                    "codigo_aluno": "155(...)30",
                    "nome_aluno": "TOMÁS MARIA CAMOSSA NETO CARDOSO DA COSTA"
                },
                {
                    "codigo_aluno": "150(...)27",
                    "nome_aluno": "TOMÁS MENDONÇA TAVARES"
                },
                {
                    "codigo_aluno": "152(...)96",
                    "nome_aluno": "TOMÁS MIGUEL DA SILVA FERREIRA MARTINS MOTA"
                },
                {
                    "codigo_aluno": "156(...)66",
                    "nome_aluno": "TOMÁS MIRAGAIA DOS SANTOS"
                },
                {
                    "codigo_aluno": "153(...)67",
                    "nome_aluno": "TOMÁS MIRANDA MARTINS"
                },
                {
                    "codigo_aluno": "151(...)91",
                    "nome_aluno": "TOMAS RIBEIRO DE CARVALHO NEVES LARANJEIRA"
                },
                {
                    "codigo_aluno": "307(...)85",
                    "nome_aluno": "VALENTIM TOMÁS PEREIRA TAVARES"
                },
                {
                    "codigo_aluno": "153(...)73",
                    "nome_aluno": "VASCO MIGUEL BARATA VICENTE"
                },
                {
                    "codigo_aluno": "306(...)70",
                    "nome_aluno": "VICENTE DIAS MIRANDA MONTIEL"
                },
                {
                    "codigo_aluno": "148(...)92",
                    "nome_aluno": "VICENTE JARDIM REIS MARQUES DA SILVA"
                },
                {
                    "codigo_aluno": "549(...)00",
                    "nome_aluno": "VICTORIA MATHIAS"
                },
                {
                    "codigo_aluno": "300(...)73",
                    "nome_aluno": "XAVIER CONDADO MOREIRA DE ANDRADE"
                },
                {
                    "codigo_aluno": "305(...)38",
                    "nome_aluno": "XAVIER DA COSTA MARQUES"
                },
                {
                    "codigo_aluno": "154(...)19",
                    "nome_aluno": "YASH HITENDRAKUMAR CHAUHAN"
                },
                {
                    "codigo_aluno": "240(...)33",
                    "nome_aluno": "YIFAN WANG"
                }
            ]
        }
    ]
}