{
    "codigo_universidade": "1309",
    "nome_universidade": "1309 - Universidade da Madeira - Faculdade de Ciências da Vida",
    "cursos": [
        {
            "codigo_curso": "9011",
            "nome_curso": "9011 - Biologia",
            "colocados": [
                {
                    "codigo_aluno": "307(...)46",
                    "nome_aluno": "ALEXANDRE VENDINHA BÓRGIA"
                },
                {
                    "codigo_aluno": "300(...)14",
                    "nome_aluno": "ANA FRANCISCA ABREU CABRAL"
                },
                {
                    "codigo_aluno": "152(...)33",
                    "nome_aluno": "ANTÓNIO SALVADOR TEIXEIRA GOMES DE FERNANDES FERREIRA"
                },
                {
                    "codigo_aluno": "156(...)22",
                    "nome_aluno": "CAROLINA PEREIRA CAMACHO"
                },
                {
                    "codigo_aluno": "145(...)28",
                    "nome_aluno": "DIOGO FILIPE VELOSA ROBINSON"
                },
                {
                    "codigo_aluno": "309(...)05",
                    "nome_aluno": "DIOGO ROGÉRIO GOMES CORREIA"
                },
                {
                    "codigo_aluno": "159(...)73",
                    "nome_aluno": "EDUARDO AFONSO NUNES FERREIRA"
                },
                {
                    "codigo_aluno": "151(...)13",
                    "nome_aluno": "FILIPE NUNES PITA"
                },
                {
                    "codigo_aluno": "151(...)49",
                    "nome_aluno": "GUILHERME CAMACHO GIL"
                },
                {
                    "codigo_aluno": "151(...)20",
                    "nome_aluno": "JOÃO ANDRÉ PINTO MENDONÇA"
                },
                {
                    "codigo_aluno": "148(...)90",
                    "nome_aluno": "JOÃO DAVID PERNETA RODRIGUES"
                },
                {
                    "codigo_aluno": "150(...)96",
                    "nome_aluno": "JOÃO LEONARDO NÓBREGA"
                },
                {
                    "codigo_aluno": "152(...)96",
                    "nome_aluno": "MARIA JOÃO GOUVEIA MARTINS"
                },
                {
                    "codigo_aluno": "146(...)53",
                    "nome_aluno": "MARTA BEATRIZ CAIRES NUNES"
                },
                {
                    "codigo_aluno": "241(...)13",
                    "nome_aluno": "MATEO PERROT-BOHRINGER"
                },
                {
                    "codigo_aluno": "156(...)23",
                    "nome_aluno": "MATIAS AFONSO DE JESUS SILVA"
                },
                {
                    "codigo_aluno": "146(...)00",
                    "nome_aluno": "MIGUEL ANTÓNIO DA SILVA GONÇALVES"
                },
                {
                    "codigo_aluno": "300(...)76",
                    "nome_aluno": "SARA CAROLINA PINTO ABREU DE SÁ"
                },
                {
                    "codigo_aluno": "151(...)99",
                    "nome_aluno": "TIAGO JOSÉ ANDRADE DIAS"
                },
                {
                    "codigo_aluno": "152(...)96",
                    "nome_aluno": "TOMÁS CATANHO TEIXEIRA"
                }
            ]
        },
        {
            "codigo_curso": "8083",
            "nome_curso": "8083 - Ciclo Básico de Medicina",
            "colocados": [
                {
                    "codigo_aluno": "152(...)93",
                    "nome_aluno": "AFONSO FERNANDES SILVA"
                },
                {
                    "codigo_aluno": "153(...)65",
                    "nome_aluno": "AFONSO MANUEL SANTOS LOPES"
                },
                {
                    "codigo_aluno": "156(...)05",
                    "nome_aluno": "AFONSO SOUSA ASCENSÃO BRAZÃO"
                },
                {
                    "codigo_aluno": "158(...)63",
                    "nome_aluno": "AIMÉ ARIANA HERRERA TEIXEIRA"
                },
                {
                    "codigo_aluno": "154(...)44",
                    "nome_aluno": "ANA BEATRIZ GOMES PIRES"
                },
                {
                    "codigo_aluno": "156(...)85",
                    "nome_aluno": "ANA MAFALDA FIGUEIRA CAMPOS"
                },
                {
                    "codigo_aluno": "301(...)28",
                    "nome_aluno": "ANA MARGARIDA PITA MACEDO"
                },
                {
                    "codigo_aluno": "159(...)18",
                    "nome_aluno": "ANA MARGARIDA SOUSA GONÇALVES"
                },
                {
                    "codigo_aluno": "152(...)51",
                    "nome_aluno": "ANA MARIA DA COSTA PONTE"
                },
                {
                    "codigo_aluno": "152(...)63",
                    "nome_aluno": "ARIADNA ELIBETH TREJO ABREU"
                },
                {
                    "codigo_aluno": "158(...)79",
                    "nome_aluno": "CAROLINA MARIA MENDONÇA FREITAS"
                },
                {
                    "codigo_aluno": "156(...)18",
                    "nome_aluno": "CÁTIA SOFIA RODRIGUES DE SOUSA"
                },
                {
                    "codigo_aluno": "144(...)77",
                    "nome_aluno": "FILIPA MARGARIDA FIGUEIRA REBELO"
                },
                {
                    "codigo_aluno": "316(...)64",
                    "nome_aluno": "GABRIELA MARIA PEREZ DO NASCIMENTO"
                },
                {
                    "codigo_aluno": "152(...)37",
                    "nome_aluno": "GUILHERME CORREIA MORAIS"
                },
                {
                    "codigo_aluno": "151(...)14",
                    "nome_aluno": "HENRIQUE MIGUEL XAVIER GOUVEIA"
                },
                {
                    "codigo_aluno": "152(...)54",
                    "nome_aluno": "JOÃO LOURENÇO PEREIRA DA SILVA"
                },
                {
                    "codigo_aluno": "152(...)13",
                    "nome_aluno": "JOÃO MIGUEL DA COSTA FERREIRA"
                },
                {
                    "codigo_aluno": "147(...)54",
                    "nome_aluno": "LAURA BEATRIZ SILVA AGUIAR"
                },
                {
                    "codigo_aluno": "153(...)43",
                    "nome_aluno": "LEONOR FERNANDES SOUSA"
                },
                {
                    "codigo_aluno": "151(...)13",
                    "nome_aluno": "LEONOR MARIA DE AFONSO JERÓNIMO"
                },
                {
                    "codigo_aluno": "152(...)98",
                    "nome_aluno": "LUNA ISABEL SANTOS LOUREIRO"
                },
                {
                    "codigo_aluno": "148(...)59",
                    "nome_aluno": "MADALENA ALVES PEREIRA"
                },
                {
                    "codigo_aluno": "154(...)91",
                    "nome_aluno": "MADALENA SOFIA SILVA BARBEITO"
                },
                {
                    "codigo_aluno": "240(...)12",
                    "nome_aluno": "MARCELO HEBER MARINHO DA SILVA JUNIOR"
                },
                {
                    "codigo_aluno": "152(...)55",
                    "nome_aluno": "MARIA HELENA CÂMARA LEME MENDONÇA"
                },
                {
                    "codigo_aluno": "154(...)35",
                    "nome_aluno": "MARIA LEONOR FERNANDES DA SILVA"
                },
                {
                    "codigo_aluno": "153(...)32",
                    "nome_aluno": "MARIA PIMENTA RODRIGUES"
                },
                {
                    "codigo_aluno": "151(...)03",
                    "nome_aluno": "MARIA RITA DE AFONSO JERÓNIMO"
                },
                {
                    "codigo_aluno": "150(...)30",
                    "nome_aluno": "MATILDE DE AGUIAR ENCARNAÇÃO"
                },
                {
                    "codigo_aluno": "154(...)40",
                    "nome_aluno": "MÓNICA DENISE FERNANDES DIAS"
                },
                {
                    "codigo_aluno": "331(...)37",
                    "nome_aluno": "RACHEL SALVOLDI"
                },
                {
                    "codigo_aluno": "157(...)53",
                    "nome_aluno": "RITA CECÍLIA CAMACHO MANICA"
                },
                {
                    "codigo_aluno": "152(...)35",
                    "nome_aluno": "RODRIGO ALVES NEVES"
                },
                {
                    "codigo_aluno": "150(...)40",
                    "nome_aluno": "SARA MARGARIDA RODRIGUES FERREIRA"
                },
                {
                    "codigo_aluno": "149(...)39",
                    "nome_aluno": "SOFIA MESQUITA FERREIRA ALVES"
                },
                {
                    "codigo_aluno": "153(...)54",
                    "nome_aluno": "TIAGO FLOR FERNANDES"
                },
                {
                    "codigo_aluno": "152(...)52",
                    "nome_aluno": "TOMÁS MARQUES DE FREITAS SILVA"
                }
            ]
        }
    ]
}