{
    "codigo_universidade": "1307",
    "nome_universidade": "1307 - Universidade da Madeira - Faculdade de Ciências Exatas e da Engenharia",
    "cursos": [
        {
            "codigo_curso": "9015",
            "nome_curso": "9015 - Bioquímica",
            "colocados": [
                {
                    "codigo_aluno": "156(...)46",
                    "nome_aluno": "AFONSO FONTES MARCIEL"
                },
                {
                    "codigo_aluno": "148(...)87",
                    "nome_aluno": "ANA BEATRIZ RAMOS FRANCO"
                },
                {
                    "codigo_aluno": "151(...)97",
                    "nome_aluno": "ANA ISABEL CÂMARA JESUS"
                },
                {
                    "codigo_aluno": "152(...)26",
                    "nome_aluno": "BEATRIZ SORAIA SOUSA VELOSA"
                },
                {
                    "codigo_aluno": "301(...)80",
                    "nome_aluno": "BRUNA INÊS FREITAS CÂMARA"
                },
                {
                    "codigo_aluno": "303(...)33",
                    "nome_aluno": "CÁTIA BEBIANA PONTES MARQUES"
                },
                {
                    "codigo_aluno": "241(...)13",
                    "nome_aluno": "CRISTINA ISABEL URBINA D´SILVA"
                },
                {
                    "codigo_aluno": "303(...)58",
                    "nome_aluno": "DIANA NICOLE VIEIRA NÓBREGA"
                },
                {
                    "codigo_aluno": "152(...)72",
                    "nome_aluno": "EVA LEONOR SOUSA PEREIRA"
                },
                {
                    "codigo_aluno": "300(...)43",
                    "nome_aluno": "GABRIEL ALEJANDRO FERNANDES CORREIA"
                },
                {
                    "codigo_aluno": "153(...)54",
                    "nome_aluno": "ISABEL MENDES ABREU"
                },
                {
                    "codigo_aluno": "300(...)92",
                    "nome_aluno": "IVAN BRÁS SOUSA GOMES"
                },
                {
                    "codigo_aluno": "150(...)23",
                    "nome_aluno": "JOÃO VIRGÍLIO FERNANDES DE GOIS"
                },
                {
                    "codigo_aluno": "155(...)32",
                    "nome_aluno": "JOSÉ AFONSO VELOSA RODRIGUES"
                },
                {
                    "codigo_aluno": "314(...)16",
                    "nome_aluno": "JOSÉ MIGUEL BRITO CÂMARA"
                },
                {
                    "codigo_aluno": "301(...)97",
                    "nome_aluno": "LAURA JOSÉ FERNANDES DA SILVA"
                },
                {
                    "codigo_aluno": "306(...)06",
                    "nome_aluno": "LUIS GUILHERME ASCENÇÃO ALVES"
                },
                {
                    "codigo_aluno": "153(...)45",
                    "nome_aluno": "MARCELO SIMÃO RODRIGUES COSTA"
                },
                {
                    "codigo_aluno": "155(...)52",
                    "nome_aluno": "MARIANGELICA MANICA DE SOUSA"
                },
                {
                    "codigo_aluno": "148(...)78",
                    "nome_aluno": "RAFAEL MONTEIRO PINTO"
                },
                {
                    "codigo_aluno": "153(...)29",
                    "nome_aluno": "VALÉRIA MARIA DA SILVA ABREU"
                },
                {
                    "codigo_aluno": "241(...)13",
                    "nome_aluno": "VICTORIA ISABEL ROMERO CORRO"
                }
            ]
        },
        {
            "codigo_curso": "9089",
            "nome_curso": "9089 - Engenharia Civil",
            "colocados": [
                {
                    "codigo_aluno": "159(...)92",
                    "nome_aluno": "ANA MARIA PINTO SILVA"
                },
                {
                    "codigo_aluno": "155(...)17",
                    "nome_aluno": "ANDRÉ MIGUEL ALVES FERNANDES"
                },
                {
                    "codigo_aluno": "152(...)78",
                    "nome_aluno": "ARTUR SERRÃO BARRETO"
                },
                {
                    "codigo_aluno": "147(...)68",
                    "nome_aluno": "CARLOS DANIEL FREITAS SOUSA"
                },
                {
                    "codigo_aluno": "303(...)07",
                    "nome_aluno": "FRANCISCA TATIANA CORREIA SOUSA"
                },
                {
                    "codigo_aluno": "152(...)61",
                    "nome_aluno": "JOSÉ AFONSO VIEIRA JARDIM"
                },
                {
                    "codigo_aluno": "154(...)31",
                    "nome_aluno": "LUÍS FILIPE VIEIRA MOREIRA"
                },
                {
                    "codigo_aluno": "156(...)74",
                    "nome_aluno": "MARIA ISABELA RODRIGUES DANTAS"
                },
                {
                    "codigo_aluno": "150(...)76",
                    "nome_aluno": "RODRIGO DIAS PITA"
                },
                {
                    "codigo_aluno": "152(...)48",
                    "nome_aluno": "RODRIGO SILVA PESTANA"
                },
                {
                    "codigo_aluno": "300(...)11",
                    "nome_aluno": "SARA MICAELA FREITAS FERREIRA"
                },
                {
                    "codigo_aluno": "152(...)90",
                    "nome_aluno": "TIAGO FILIPE SANTOS MIRANDA"
                }
            ]
        },
        {
            "codigo_curso": "L208",
            "nome_curso": "L208 - Engenharia de Computadores",
            "colocados": []
        },
        {
            "codigo_curso": "9107",
            "nome_curso": "9107 - Engenharia Eletrónica e Telecomunicações",
            "colocados": [
                {
                    "codigo_aluno": "151(...)92",
                    "nome_aluno": "AFONSO LUÍS PIMENTA DA SILVA"
                },
                {
                    "codigo_aluno": "147(...)96",
                    "nome_aluno": "LUCAS SAMUEL CAMACHO WADDELL"
                },
                {
                    "codigo_aluno": "325(...)73",
                    "nome_aluno": "RUBEN GERARDO DA SILVA MALAVE"
                }
            ]
        },
        {
            "codigo_curso": "9119",
            "nome_curso": "9119 - Engenharia Informática",
            "colocados": [
                {
                    "codigo_aluno": "156(...)14",
                    "nome_aluno": "ABÍLIO DAVID FERREIRA MATUTE"
                },
                {
                    "codigo_aluno": "153(...)91",
                    "nome_aluno": "AFONSO FREITAS ABREU"
                },
                {
                    "codigo_aluno": "157(...)76",
                    "nome_aluno": "AFONSO GUILHERME NÓBREGA PEREIRA"
                },
                {
                    "codigo_aluno": "152(...)18",
                    "nome_aluno": "AFONSO MARCOS CATARINO QUINTAS"
                },
                {
                    "codigo_aluno": "159(...)33",
                    "nome_aluno": "AFONSO MATEUS NUNES PERESTRELO"
                },
                {
                    "codigo_aluno": "152(...)50",
                    "nome_aluno": "AFONSO MENEZES DE CASTRO"
                },
                {
                    "codigo_aluno": "155(...)28",
                    "nome_aluno": "AFONSO NUNO VIEIRA FIGUEIRA"
                },
                {
                    "codigo_aluno": "300(...)09",
                    "nome_aluno": "ALEX ANTÓNIO NUNES PESTANA"
                },
                {
                    "codigo_aluno": "154(...)72",
                    "nome_aluno": "ANA BEATRIZ MATOS ABREU"
                },
                {
                    "codigo_aluno": "151(...)39",
                    "nome_aluno": "ANDRÉ JARDIM RODRIGUES"
                },
                {
                    "codigo_aluno": "155(...)22",
                    "nome_aluno": "ANDRÉ SÉRGIO DIANOV STEFLEA"
                },
                {
                    "codigo_aluno": "153(...)12",
                    "nome_aluno": "ANTÓNIO JOSÉ LORETO ANDRADE"
                },
                {
                    "codigo_aluno": "316(...)33",
                    "nome_aluno": "BRANDON GABRIEL GONÇALVES DOS SANTOS"
                },
                {
                    "codigo_aluno": "154(...)60",
                    "nome_aluno": "CATARINA RAMOS BARROS"
                },
                {
                    "codigo_aluno": "151(...)51",
                    "nome_aluno": "DANIEL AUGUSTO DA SILVA FARIA"
                },
                {
                    "codigo_aluno": "153(...)75",
                    "nome_aluno": "DAVID LOURENÇO MENDONÇA FERNANDES"
                },
                {
                    "codigo_aluno": "152(...)98",
                    "nome_aluno": "DAVID MIGUEL ANDRADE NUNES"
                },
                {
                    "codigo_aluno": "151(...)86",
                    "nome_aluno": "DIOGO AFONSO PESTANA CARDOSO"
                },
                {
                    "codigo_aluno": "150(...)93",
                    "nome_aluno": "DIOGO AFONSO REBOLO FRANCO"
                },
                {
                    "codigo_aluno": "156(...)77",
                    "nome_aluno": "DIOGO ALEXANDRE VIEIRA DE ABREU"
                },
                {
                    "codigo_aluno": "157(...)64",
                    "nome_aluno": "DIOGO CORREIA BARBOSA"
                },
                {
                    "codigo_aluno": "303(...)01",
                    "nome_aluno": "DIOGO MANUEL MOREIRA FREITAS"
                },
                {
                    "codigo_aluno": "152(...)74",
                    "nome_aluno": "DIOGO MARTIM RAMOS SANTOS SILVA"
                },
                {
                    "codigo_aluno": "152(...)40",
                    "nome_aluno": "DIOGO OLIM SOUSA"
                },
                {
                    "codigo_aluno": "153(...)79",
                    "nome_aluno": "DIOGO RENATO FERNANDES DA SILVA"
                },
                {
                    "codigo_aluno": "150(...)11",
                    "nome_aluno": "DUARTE HENRIQUE DA SILVA FERRO"
                },
                {
                    "codigo_aluno": "155(...)31",
                    "nome_aluno": "DUARTE NUNO GOUVEIA PAIXÃO"
                },
                {
                    "codigo_aluno": "147(...)59",
                    "nome_aluno": "DUQUE DANIEL ALVES MONIZ"
                },
                {
                    "codigo_aluno": "148(...)04",
                    "nome_aluno": "EDGAR LEONARDO ROQUETT DE AGRELA"
                },
                {
                    "codigo_aluno": "153(...)47",
                    "nome_aluno": "EDUARDO MANUEL GONÇALVES PITA"
                },
                {
                    "codigo_aluno": "152(...)17",
                    "nome_aluno": "FABIO DA SILVA GOMES"
                },
                {
                    "codigo_aluno": "154(...)28",
                    "nome_aluno": "FRANCISCO IRINEU GONÇALVES GOUVEIA"
                },
                {
                    "codigo_aluno": "152(...)68",
                    "nome_aluno": "FRANCISCO REIS ALVES GOUVEIA"
                },
                {
                    "codigo_aluno": "300(...)84",
                    "nome_aluno": "FRANCISCO RUI BARRETO FRANCO"
                },
                {
                    "codigo_aluno": "153(...)03",
                    "nome_aluno": "GONÇALO MANUEL JARDIM PESTANA"
                },
                {
                    "codigo_aluno": "152(...)87",
                    "nome_aluno": "GUILHERME ANDRÉ FREITAS SANTOS"
                },
                {
                    "codigo_aluno": "300(...)25",
                    "nome_aluno": "GUSTAVO GOMES RIBEIRO"
                },
                {
                    "codigo_aluno": "156(...)18",
                    "nome_aluno": "HENRIQUE CLÁUDIO FIGUEIRA SA"
                },
                {
                    "codigo_aluno": "149(...)20",
                    "nome_aluno": "HENRIQUE MARIA DE SOUSA CARVALHO"
                },
                {
                    "codigo_aluno": "153(...)15",
                    "nome_aluno": "HUGO FERNANDO AFONSO ABREU"
                },
                {
                    "codigo_aluno": "155(...)86",
                    "nome_aluno": "IGOR ALEXANDRE CAMACHO SILVA"
                },
                {
                    "codigo_aluno": "153(...)76",
                    "nome_aluno": "IVAN GOUVEIA PESTANA"
                },
                {
                    "codigo_aluno": "159(...)61",
                    "nome_aluno": "JOÃO AFONSO ANDRADE FERRAZ"
                },
                {
                    "codigo_aluno": "158(...)10",
                    "nome_aluno": "JOÃO AFONSO PEREIRA COELHO"
                },
                {
                    "codigo_aluno": "153(...)46",
                    "nome_aluno": "JOÃO AFONSO SENUSSON MACHADO PEREIRA GONÇALVES"
                },
                {
                    "codigo_aluno": "159(...)40",
                    "nome_aluno": "JOÃO PAULO ALVES CABRAL"
                },
                {
                    "codigo_aluno": "300(...)44",
                    "nome_aluno": "JOÃO PEDRO DA SILVA ALMEIDA"
                },
                {
                    "codigo_aluno": "159(...)78",
                    "nome_aluno": "JOSÉ DIOGO MARTINS PONTE"
                },
                {
                    "codigo_aluno": "152(...)31",
                    "nome_aluno": "JOSÉ EMANUEL DE JESUS SERRÃO"
                },
                {
                    "codigo_aluno": "151(...)43",
                    "nome_aluno": "JOSÉ LUÍS AVEIRO PEREIRA"
                },
                {
                    "codigo_aluno": "152(...)43",
                    "nome_aluno": "LARA BEATRIZ ANDRADE GOMES"
                },
                {
                    "codigo_aluno": "153(...)59",
                    "nome_aluno": "LOURENÇO SILVA LEMOS"
                },
                {
                    "codigo_aluno": "155(...)16",
                    "nome_aluno": "LUCAS FERNANDES GOMES"
                },
                {
                    "codigo_aluno": "154(...)31",
                    "nome_aluno": "LUCAS JOSÉ NASCIMENTO DA SILVA"
                },
                {
                    "codigo_aluno": "154(...)47",
                    "nome_aluno": "LUÍS AFONSO FARIA FERNANDES"
                },
                {
                    "codigo_aluno": "152(...)29",
                    "nome_aluno": "MAFALDA FERREIRA NUNES"
                },
                {
                    "codigo_aluno": "149(...)25",
                    "nome_aluno": "MARGARIDA FAIA ANDRADE"
                },
                {
                    "codigo_aluno": "150(...)00",
                    "nome_aluno": "MARIA LEONOR RODRIGUES CASTANHA"
                },
                {
                    "codigo_aluno": "150(...)35",
                    "nome_aluno": "MÁRIO ANDRÉ FREITAS BELIM"
                },
                {
                    "codigo_aluno": "150(...)15",
                    "nome_aluno": "MARTIM JOÃO COSTA GOUVEIA SARGO"
                },
                {
                    "codigo_aluno": "143(...)41",
                    "nome_aluno": "MARTIM TELMO MENDES"
                },
                {
                    "codigo_aluno": "152(...)11",
                    "nome_aluno": "MATEUS HENRIQUE OLIVEIRA TEIXEIRA"
                },
                {
                    "codigo_aluno": "154(...)81",
                    "nome_aluno": "MÍLTON ALMADA FERREIRA"
                },
                {
                    "codigo_aluno": "152(...)42",
                    "nome_aluno": "MILTON RODRIGO PESTANA SANTOS"
                },
                {
                    "codigo_aluno": "326(...)81",
                    "nome_aluno": "NICOLAS ANTONIO GUTIERREZ DE NOBREGA"
                },
                {
                    "codigo_aluno": "148(...)87",
                    "nome_aluno": "PAULO JORGE COSTA ALVES"
                },
                {
                    "codigo_aluno": "300(...)47",
                    "nome_aluno": "PEDRO AFONSO DA SILVA GONÇALVES"
                },
                {
                    "codigo_aluno": "300(...)60",
                    "nome_aluno": "PEDRO AFONSO DIAS ANDRADE"
                },
                {
                    "codigo_aluno": "157(...)75",
                    "nome_aluno": "PEDRO ALEXANDRE TEIXEIRA MONTEIRO"
                },
                {
                    "codigo_aluno": "155(...)90",
                    "nome_aluno": "PEDRO HENRIQUE RAFAEL FERREIRA"
                },
                {
                    "codigo_aluno": "300(...)58",
                    "nome_aluno": "PEDRO HENRIQUE SILVA MENDONÇA"
                },
                {
                    "codigo_aluno": "301(...)23",
                    "nome_aluno": "PEDRO JOÃO CORTE CAMACHO"
                },
                {
                    "codigo_aluno": "149(...)99",
                    "nome_aluno": "PEDRO MARIANO NÓBREGA GONÇALVES"
                },
                {
                    "codigo_aluno": "152(...)36",
                    "nome_aluno": "PEDRO MIGUEL JESUS ALVES"
                },
                {
                    "codigo_aluno": "150(...)95",
                    "nome_aluno": "RAFAEL VIEIRA SILVA"
                },
                {
                    "codigo_aluno": "152(...)23",
                    "nome_aluno": "RAUL INACIO LOJA NOBREGA DE FREITAS"
                },
                {
                    "codigo_aluno": "156(...)21",
                    "nome_aluno": "RICARDO LUCAS VASCONCELOS GOUVEIA"
                },
                {
                    "codigo_aluno": "300(...)00",
                    "nome_aluno": "RODRIGO AFONSO DRUMOND CÂMARA"
                },
                {
                    "codigo_aluno": "154(...)56",
                    "nome_aluno": "RODRIGO ALEXANDRE FERNANDES CAMACHO"
                },
                {
                    "codigo_aluno": "154(...)80",
                    "nome_aluno": "RODRIGO DIAS GONÇALVES"
                },
                {
                    "codigo_aluno": "157(...)77",
                    "nome_aluno": "RUI PEDRO PEREIRA PONTES"
                },
                {
                    "codigo_aluno": "153(...)04",
                    "nome_aluno": "SANTIAGO VIEIRA VASCONCELOS"
                },
                {
                    "codigo_aluno": "156(...)73",
                    "nome_aluno": "SARA TAVARES FREITAS"
                },
                {
                    "codigo_aluno": "153(...)24",
                    "nome_aluno": "SÉRGIO SILVA CAPONTES"
                },
                {
                    "codigo_aluno": "159(...)16",
                    "nome_aluno": "SIMÃO PAULO VIVEIROS DUARTE"
                },
                {
                    "codigo_aluno": "151(...)87",
                    "nome_aluno": "SORAIA SOUSA ALVES"
                },
                {
                    "codigo_aluno": "152(...)70",
                    "nome_aluno": "TIAGO RODRIGO FERREIRA LUÍS"
                },
                {
                    "codigo_aluno": "154(...)27",
                    "nome_aluno": "TOMÁS DANIEL DIONÍSIO MENDES"
                },
                {
                    "codigo_aluno": "152(...)74",
                    "nome_aluno": "VÍTOR FILIPE GONÇALVES CALISTO"
                },
                {
                    "codigo_aluno": "152(...)51",
                    "nome_aluno": "VÍTOR HUGO FERNANDES SANTOS"
                }
            ]
        },
        {
            "codigo_curso": "9209",
            "nome_curso": "9209 - Matemática",
            "colocados": [
                {
                    "codigo_aluno": "304(...)63",
                    "nome_aluno": "ANA CARLOTA PATRÍCIO ABREU"
                },
                {
                    "codigo_aluno": "155(...)57",
                    "nome_aluno": "ANA LUISA DA SILVA PEREIRA"
                },
                {
                    "codigo_aluno": "150(...)54",
                    "nome_aluno": "BRUNA ROGÉLIA CAPELO REGO"
                },
                {
                    "codigo_aluno": "150(...)84",
                    "nome_aluno": "DIOGO MARTINS OLIVEIRA"
                },
                {
                    "codigo_aluno": "154(...)66",
                    "nome_aluno": "LOURENÇO DE DEUS COSTA"
                },
                {
                    "codigo_aluno": "153(...)38",
                    "nome_aluno": "LUCAS GONÇALO MARTINS OLIVEIRA"
                },
                {
                    "codigo_aluno": "152(...)88",
                    "nome_aluno": "MAFALDA CATARINA ROMERO MIGUEL"
                },
                {
                    "codigo_aluno": "159(...)41",
                    "nome_aluno": "MARISA RODRIGUES LUCAS"
                },
                {
                    "codigo_aluno": "156(...)23",
                    "nome_aluno": "RODRIGO ENCARNAÇÃO NÓBREGA"
                },
                {
                    "codigo_aluno": "151(...)99",
                    "nome_aluno": "SÉRGIO MIGUEL RAMOS OLIVEIRA"
                },
                {
                    "codigo_aluno": "155(...)42",
                    "nome_aluno": "SIMAO SILVA GARANITO"
                }
            ]
        }
    ]
}