{
    "codigo_universidade": "1501",
    "nome_universidade": "1501 - Universidade de Lisboa - Faculdade de Arquitetura",
    "cursos": [
        {
            "codigo_curso": "9257",
            "nome_curso": "9257 - Arquitetura",
            "colocados": [
                {
                    "codigo_aluno": "157(...)63",
                    "nome_aluno": "ADRIANA ATAÍDE DOS SANTOS"
                },
                {
                    "codigo_aluno": "156(...)58",
                    "nome_aluno": "AFONSO LOPES SAMPAIO"
                },
                {
                    "codigo_aluno": "156(...)83",
                    "nome_aluno": "AFONSO MENEZES BACELAR HENRIQUES QUINTELA"
                },
                {
                    "codigo_aluno": "308(...)05",
                    "nome_aluno": "ALICE FERREIRA CARDOSO RAMOS DA COSTA"
                },
                {
                    "codigo_aluno": "308(...)02",
                    "nome_aluno": "ANA CAROLINA LOPES PRATAS"
                },
                {
                    "codigo_aluno": "154(...)39",
                    "nome_aluno": "ANA GONÇALVES BARROCA LOURENÇO"
                },
                {
                    "codigo_aluno": "309(...)00",
                    "nome_aluno": "ANA LEONOR DE OLIVEIRA RIBEIRO"
                },
                {
                    "codigo_aluno": "151(...)45",
                    "nome_aluno": "ANA LEONOR DE SOUSA NETO"
                },
                {
                    "codigo_aluno": "309(...)27",
                    "nome_aluno": "ANA MADALENA CABRITA E CUNHA"
                },
                {
                    "codigo_aluno": "151(...)24",
                    "nome_aluno": "ANA MARGARIDA CASIMIRO FERREIRA"
                },
                {
                    "codigo_aluno": "156(...)46",
                    "nome_aluno": "ANA MARGARIDA SOARES CRAVO"
                },
                {
                    "codigo_aluno": "152(...)80",
                    "nome_aluno": "ANA MARIA ALVES NUNES"
                },
                {
                    "codigo_aluno": "303(...)61",
                    "nome_aluno": "ANDRÉ MANUEL JOAQUIM AZEVEDO"
                },
                {
                    "codigo_aluno": "306(...)32",
                    "nome_aluno": "ANITA AZEVEDO DUARTE"
                },
                {
                    "codigo_aluno": "305(...)81",
                    "nome_aluno": "ANITA GUERREIRO COSTA SANTO"
                },
                {
                    "codigo_aluno": "304(...)66",
                    "nome_aluno": "ARIANA ROSATELLA BAPTISTA"
                },
                {
                    "codigo_aluno": "303(...)79",
                    "nome_aluno": "AUGUSTO FILIPE FAZENDA ARSÉNIO"
                },
                {
                    "codigo_aluno": "151(...)24",
                    "nome_aluno": "BÁRBARA SÃO MARCOS ARAÚJO MOREIRA"
                },
                {
                    "codigo_aluno": "153(...)13",
                    "nome_aluno": "BEATRICE CRISTINA IGNATIUC"
                },
                {
                    "codigo_aluno": "155(...)73",
                    "nome_aluno": "BEATRIZ DE SÁ CRUZ BRAGA PEREIRA"
                },
                {
                    "codigo_aluno": "154(...)33",
                    "nome_aluno": "BEATRIZ DOS SANTOS CARDOSO ALVES MOUTINHO"
                },
                {
                    "codigo_aluno": "306(...)21",
                    "nome_aluno": "BEATRIZ DOS SANTOS MARTINS"
                },
                {
                    "codigo_aluno": "153(...)44",
                    "nome_aluno": "BEATRIZ MATOS COELHO GARRIDO"
                },
                {
                    "codigo_aluno": "153(...)63",
                    "nome_aluno": "CARINA SOFIA YANCHUK ESCUDEIRO"
                },
                {
                    "codigo_aluno": "301(...)31",
                    "nome_aluno": "CARLOTA MARIA BEJA HENRIQUES"
                },
                {
                    "codigo_aluno": "240(...)06",
                    "nome_aluno": "CARMELITA SOLODNICOV"
                },
                {
                    "codigo_aluno": "151(...)06",
                    "nome_aluno": "CAROLINA ANDREIA BRAZ PINTO"
                },
                {
                    "codigo_aluno": "159(...)86",
                    "nome_aluno": "CAROLINA CASTRO VICENTE"
                },
                {
                    "codigo_aluno": "303(...)33",
                    "nome_aluno": "CAROLINA D ASSUNÇÃO SOUSA SILVA E SOUSA"
                },
                {
                    "codigo_aluno": "152(...)32",
                    "nome_aluno": "CAROLINA FERREIRA GUERREIRO"
                },
                {
                    "codigo_aluno": "306(...)44",
                    "nome_aluno": "CAROLINA FILIPA GONÇALVES CORREIA"
                },
                {
                    "codigo_aluno": "304(...)16",
                    "nome_aluno": "CAROLINA FILIPA MEDEIROS ROQUE"
                },
                {
                    "codigo_aluno": "153(...)48",
                    "nome_aluno": "CAROLINA ISABEL ALMEIDA CARAVANA"
                },
                {
                    "codigo_aluno": "300(...)48",
                    "nome_aluno": "CAROLINA LAPA GASPAR"
                },
                {
                    "codigo_aluno": "300(...)64",
                    "nome_aluno": "CAROLINA MARIA PEREIRA LOPES"
                },
                {
                    "codigo_aluno": "157(...)92",
                    "nome_aluno": "CATARINA GALVÃO DIAS NETO CONTENTE"
                },
                {
                    "codigo_aluno": "156(...)73",
                    "nome_aluno": "CATARINA MARQUES JORDÃO"
                },
                {
                    "codigo_aluno": "312(...)82",
                    "nome_aluno": "CATARINA SANTOS MARTINS"
                },
                {
                    "codigo_aluno": "158(...)92",
                    "nome_aluno": "CATARINA VAZ ROLO DE OLIVEIRA LEITE"
                },
                {
                    "codigo_aluno": "306(...)21",
                    "nome_aluno": "CONSTANÇA ROCHA DE MATOS"
                },
                {
                    "codigo_aluno": "309(...)73",
                    "nome_aluno": "CRISTINA MARIA CARREIRA VENTURA DA SILVA"
                },
                {
                    "codigo_aluno": "159(...)34",
                    "nome_aluno": "CRISTINA SATURNINO FUNCHEIRA"
                },
                {
                    "codigo_aluno": "300(...)13",
                    "nome_aluno": "DANIELA GISELE BENOLIEL DA SILVA"
                },
                {
                    "codigo_aluno": "152(...)29",
                    "nome_aluno": "DANIELA LOPES DE SOUSA MARTINS"
                },
                {
                    "codigo_aluno": "303(...)34",
                    "nome_aluno": "DANIELA RAMA DA COSTA SILVÉRIO"
                },
                {
                    "codigo_aluno": "240(...)03",
                    "nome_aluno": "DANYANG ZHU"
                },
                {
                    "codigo_aluno": "153(...)14",
                    "nome_aluno": "DAVID ALEXANDRE CABRAL SIMÕES"
                },
                {
                    "codigo_aluno": "154(...)05",
                    "nome_aluno": "DAVID DA COSTA SANTOS DIAS LOURENÇO"
                },
                {
                    "codigo_aluno": "152(...)62",
                    "nome_aluno": "DENZEL PUN PLACE DE AMORIM"
                },
                {
                    "codigo_aluno": "313(...)23",
                    "nome_aluno": "DIANA KHALYKNAZAROVA"
                },
                {
                    "codigo_aluno": "306(...)45",
                    "nome_aluno": "DIANA REIS ROSA DUARTE CAMILO"
                },
                {
                    "codigo_aluno": "300(...)29",
                    "nome_aluno": "DUARTE CORREIA FERREIRA DA SILVA"
                },
                {
                    "codigo_aluno": "303(...)16",
                    "nome_aluno": "DUARTE MARQUES HENRIQUES"
                },
                {
                    "codigo_aluno": "152(...)07",
                    "nome_aluno": "DUARTE SANTOS FERREIRA GORJÃO HENRIQUES"
                },
                {
                    "codigo_aluno": "323(...)48",
                    "nome_aluno": "EDUARDO BINYAS"
                },
                {
                    "codigo_aluno": "149(...)89",
                    "nome_aluno": "EVA SANTOS FRIAS"
                },
                {
                    "codigo_aluno": "306(...)95",
                    "nome_aluno": "FATUMATA BINTA DJALÓ"
                },
                {
                    "codigo_aluno": "309(...)47",
                    "nome_aluno": "FILIPA FERNANDES PEREIRA"
                },
                {
                    "codigo_aluno": "306(...)10",
                    "nome_aluno": "FLAVIA MENDES DOMINGUES"
                },
                {
                    "codigo_aluno": "147(...)26",
                    "nome_aluno": "FRANCISCA BARROS FIGUEIREDO HORTA FARIA"
                },
                {
                    "codigo_aluno": "308(...)63",
                    "nome_aluno": "FRANCISCA GONZALEZ DE MELLO OLIVEIRA"
                },
                {
                    "codigo_aluno": "153(...)24",
                    "nome_aluno": "FRANCISCA LOPES PADRÃO"
                },
                {
                    "codigo_aluno": "152(...)51",
                    "nome_aluno": "FRANCISCO RÔLO REIS"
                },
                {
                    "codigo_aluno": "304(...)71",
                    "nome_aluno": "FRANCISCO VASSALO DELGADO ISIDRO SALVADO"
                },
                {
                    "codigo_aluno": "302(...)61",
                    "nome_aluno": "GONÇALO OLIVEIRA DA FONSECA"
                },
                {
                    "codigo_aluno": "149(...)57",
                    "nome_aluno": "HELENA SCHMITZ-HILLEBRECHT REIS"
                },
                {
                    "codigo_aluno": "300(...)52",
                    "nome_aluno": "HENRIQUE GOMES PACHECO"
                },
                {
                    "codigo_aluno": "152(...)52",
                    "nome_aluno": "HUGO ANTONIO DOS SANTOS JACINTO"
                },
                {
                    "codigo_aluno": "309(...)75",
                    "nome_aluno": "IARA DOS SANTOS SILVA TEIXEIRA"
                },
                {
                    "codigo_aluno": "302(...)90",
                    "nome_aluno": "INÊS ALEGRIA DE PAIVA GOMES"
                },
                {
                    "codigo_aluno": "153(...)13",
                    "nome_aluno": "INÊS CASTELO BRANCO SANTOS JORGE"
                },
                {
                    "codigo_aluno": "151(...)63",
                    "nome_aluno": "INÊS CAYOLLA RIBEIRO BETTENCOURT DE SOUSA"
                },
                {
                    "codigo_aluno": "152(...)18",
                    "nome_aluno": "INÊS MARIA DUARTE MARTINS DA SILVA"
                },
                {
                    "codigo_aluno": "148(...)57",
                    "nome_aluno": "INÊS REBELO AMARAL"
                },
                {
                    "codigo_aluno": "309(...)71",
                    "nome_aluno": "INES SOUSA DE OLIVEIRA"
                },
                {
                    "codigo_aluno": "150(...)43",
                    "nome_aluno": "ISABEL MARIA AFONSO GUERREIRO"
                },
                {
                    "codigo_aluno": "310(...)49",
                    "nome_aluno": "ISABEL MARIA SEVINATE PINTO DURÃO DA SILVEIRA"
                },
                {
                    "codigo_aluno": "240(...)89",
                    "nome_aluno": "ISADORA BRUINJE PAIVA"
                },
                {
                    "codigo_aluno": "316(...)13",
                    "nome_aluno": "JOANA BASTOS PACHECO"
                },
                {
                    "codigo_aluno": "312(...)10",
                    "nome_aluno": "JOANA DE ELVAS OLIVEIRA"
                },
                {
                    "codigo_aluno": "306(...)47",
                    "nome_aluno": "JOANA ISABEL NASCIMENTO ALVES"
                },
                {
                    "codigo_aluno": "153(...)73",
                    "nome_aluno": "JOANA OLIVEIRA ALPIARÇA"
                },
                {
                    "codigo_aluno": "307(...)16",
                    "nome_aluno": "JOANA PAULA AMADO VALES"
                },
                {
                    "codigo_aluno": "304(...)65",
                    "nome_aluno": "JOANA SEQUEIRA DA SILVA"
                },
                {
                    "codigo_aluno": "142(...)16",
                    "nome_aluno": "JOÃO FRANCISCO RODRIGUES COSTA"
                },
                {
                    "codigo_aluno": "313(...)54",
                    "nome_aluno": "JOÃO PEDRO COSTA RODRIGUES"
                },
                {
                    "codigo_aluno": "302(...)25",
                    "nome_aluno": "JOÃO PEDRO MARQUES VIDAL"
                },
                {
                    "codigo_aluno": "307(...)39",
                    "nome_aluno": "JOÃO RUI CORREIA DA FONSECA MARCELINO"
                },
                {
                    "codigo_aluno": "152(...)08",
                    "nome_aluno": "JORGE MIGUEL RODRIGUES BETTENCOURT MIMOSO"
                },
                {
                    "codigo_aluno": "158(...)44",
                    "nome_aluno": "JÚLIA CARVALHO ALVES"
                },
                {
                    "codigo_aluno": "240(...)34",
                    "nome_aluno": "KALANI BITTENCOURT REMOR TAGLIARI LIMA"
                },
                {
                    "codigo_aluno": "156(...)68",
                    "nome_aluno": "LARA ELIANA AGUIAR REIS SÁ SENA"
                },
                {
                    "codigo_aluno": "309(...)29",
                    "nome_aluno": "LARA EMÍLIA PINTO MOÁS"
                },
                {
                    "codigo_aluno": "310(...)86",
                    "nome_aluno": "LAURA CIRNE PEREIRA FAUSTINO"
                },
                {
                    "codigo_aluno": "240(...)09",
                    "nome_aluno": "LEILA BLUE VAN ELSWIJK"
                },
                {
                    "codigo_aluno": "241(...)05",
                    "nome_aluno": "LENY TIAGO GARCIA"
                },
                {
                    "codigo_aluno": "309(...)30",
                    "nome_aluno": "LEONARDO LOPES FERNANDES"
                },
                {
                    "codigo_aluno": "156(...)24",
                    "nome_aluno": "LEONOR AFONSO LACERDA MARQUES ANTUNES"
                },
                {
                    "codigo_aluno": "151(...)46",
                    "nome_aluno": "LEONOR FIGUEIREDO AMORIM DE LIMA RAMOS"
                },
                {
                    "codigo_aluno": "155(...)00",
                    "nome_aluno": "LEONOR FIGUEIREDO SOARES"
                },
                {
                    "codigo_aluno": "305(...)36",
                    "nome_aluno": "LEONOR HENRIQUES SALDANHA"
                },
                {
                    "codigo_aluno": "316(...)64",
                    "nome_aluno": "LEONOR MARGARIDA DA SILVA RIBEIRO"
                },
                {
                    "codigo_aluno": "306(...)21",
                    "nome_aluno": "LEONOR MARVÃO ROLITA PAIVA GIL"
                },
                {
                    "codigo_aluno": "306(...)17",
                    "nome_aluno": "LEONOR MATIAS PALMA"
                },
                {
                    "codigo_aluno": "300(...)51",
                    "nome_aluno": "LEONOR QUINTELA TORRE DO VALE BANGY"
                },
                {
                    "codigo_aluno": "318(...)68",
                    "nome_aluno": "LEONOR RODRIGUES LEÃO DE MOURA PEIXOTO"
                },
                {
                    "codigo_aluno": "157(...)50",
                    "nome_aluno": "LEONOR SIMÕES BETTENCOURT"
                },
                {
                    "codigo_aluno": "152(...)25",
                    "nome_aluno": "LEONOR TEIXEIRA CORREIA"
                },
                {
                    "codigo_aluno": "154(...)81",
                    "nome_aluno": "LIANE CAROLINA CHUMBINHO MARQUES DA TRINDADE"
                },
                {
                    "codigo_aluno": "303(...)80",
                    "nome_aluno": "LINDA FLOR RIBEIRO DE ALMEIDA"
                },
                {
                    "codigo_aluno": "153(...)32",
                    "nome_aluno": "LUCAS FERREIRA LUIS"
                },
                {
                    "codigo_aluno": "309(...)78",
                    "nome_aluno": "LUÍS CARLOS GONÇALVES SILVA"
                },
                {
                    "codigo_aluno": "155(...)83",
                    "nome_aluno": "LUÍS PEDRO DOS ANJOS LEANDRO ALMADA"
                },
                {
                    "codigo_aluno": "152(...)63",
                    "nome_aluno": "LUISA AMORIM TEIXEIRA RÊGO"
                },
                {
                    "codigo_aluno": "153(...)04",
                    "nome_aluno": "LUZ ESTEVES LEITÃO"
                },
                {
                    "codigo_aluno": "304(...)77",
                    "nome_aluno": "LYAHN FORTES MARTINS"
                },
                {
                    "codigo_aluno": "306(...)72",
                    "nome_aluno": "MADALENA CANDEIAS PAIS"
                },
                {
                    "codigo_aluno": "152(...)25",
                    "nome_aluno": "MADALENA DE ALMEIDA MARQUES"
                },
                {
                    "codigo_aluno": "304(...)36",
                    "nome_aluno": "MADALENA FERREIRA SANTOS"
                },
                {
                    "codigo_aluno": "304(...)15",
                    "nome_aluno": "MADALENA FERREIRA SIMOES"
                },
                {
                    "codigo_aluno": "156(...)14",
                    "nome_aluno": "MADALENA GUERREIRO SALGADINHO ANTUNES"
                },
                {
                    "codigo_aluno": "309(...)14",
                    "nome_aluno": "MADALENA PERROLAS SILVA DO ALFERES NUNES"
                },
                {
                    "codigo_aluno": "158(...)20",
                    "nome_aluno": "MADALENA RIBEIRO RÉCIO PIRES"
                },
                {
                    "codigo_aluno": "306(...)78",
                    "nome_aluno": "MADALENA SILVA MARTINS"
                },
                {
                    "codigo_aluno": "303(...)82",
                    "nome_aluno": "MADALENA VICENTE JOÃO"
                },
                {
                    "codigo_aluno": "303(...)96",
                    "nome_aluno": "MAFALDA DA CUNHA CONCEIÇÃO"
                },
                {
                    "codigo_aluno": "154(...)51",
                    "nome_aluno": "MAFALDA FREIRE FERNANDES"
                },
                {
                    "codigo_aluno": "309(...)95",
                    "nome_aluno": "MAFALDA MENDES PEREIRA DA CONCEIÇÃO"
                },
                {
                    "codigo_aluno": "306(...)64",
                    "nome_aluno": "MANUEL ALEXANDRE CIPRIANO"
                },
                {
                    "codigo_aluno": "304(...)26",
                    "nome_aluno": "MANUEL JOÃO COSTA GUIMARÃES"
                },
                {
                    "codigo_aluno": "240(...)32",
                    "nome_aluno": "MANUELA DE LIMA ALVES RIBEIRO"
                },
                {
                    "codigo_aluno": "152(...)50",
                    "nome_aluno": "MARGARIDA CORREIA DE SÁ CAMPOS DE OLIVEIRA"
                },
                {
                    "codigo_aluno": "156(...)03",
                    "nome_aluno": "MARGARIDA CRAVO ROXO ALMEIDA DE ABREU"
                },
                {
                    "codigo_aluno": "154(...)59",
                    "nome_aluno": "MARGARIDA DE ALMEIDA ROSÁRIO JESUS"
                },
                {
                    "codigo_aluno": "151(...)81",
                    "nome_aluno": "MARGARIDA DE SOUSA DE NÓBREGA E SOUSA"
                },
                {
                    "codigo_aluno": "152(...)63",
                    "nome_aluno": "MARGARIDA FAÍSCA ANDRADE MATOS"
                },
                {
                    "codigo_aluno": "152(...)41",
                    "nome_aluno": "MARGARIDA GONÇALVES PEREIRA ABELHA"
                },
                {
                    "codigo_aluno": "154(...)98",
                    "nome_aluno": "MARGARIDA GOUVEIA LOPES DE OLIVEIRA HORTA"
                },
                {
                    "codigo_aluno": "152(...)00",
                    "nome_aluno": "MARGARIDA PEREIRA FREITAS BRANCO"
                },
                {
                    "codigo_aluno": "305(...)42",
                    "nome_aluno": "MARGARIDA PINTO CORREIA LOPES"
                },
                {
                    "codigo_aluno": "313(...)86",
                    "nome_aluno": "MARGARIDA ROTILO SOARES CARRACO"
                },
                {
                    "codigo_aluno": "240(...)34",
                    "nome_aluno": "MARIA ANTÔNIA TEIXEIRA VEREZA"
                },
                {
                    "codigo_aluno": "152(...)39",
                    "nome_aluno": "MARIA CELESTE MOITINHO BUERI BAPTISTA"
                },
                {
                    "codigo_aluno": "159(...)19",
                    "nome_aluno": "MARIA FERREIRA GONÇALVES"
                },
                {
                    "codigo_aluno": "154(...)45",
                    "nome_aluno": "MARIA FRANCISCA VIEIRA DE PORTUGAL DA SILVA"
                },
                {
                    "codigo_aluno": "307(...)25",
                    "nome_aluno": "MARIA JOÃO MONTEIRO BARROSO"
                },
                {
                    "codigo_aluno": "305(...)19",
                    "nome_aluno": "MARIA LEONOR BRAZÃO DE LA GRANGE CLÍMACO MELÍCIAS"
                },
                {
                    "codigo_aluno": "310(...)79",
                    "nome_aluno": "MARIA LEONOR GONÇALVES BARRADAS DO ROSÁRIO MARQUES"
                },
                {
                    "codigo_aluno": "309(...)15",
                    "nome_aluno": "MARIA MADALENA ALVES BATISTA GONÇALVES"
                },
                {
                    "codigo_aluno": "151(...)81",
                    "nome_aluno": "MARIA MIGUEL ALVES SOARES"
                },
                {
                    "codigo_aluno": "304(...)16",
                    "nome_aluno": "MARIA RAQUEL VELOSO GORJÃO"
                },
                {
                    "codigo_aluno": "308(...)64",
                    "nome_aluno": "MARIA SOARES MACHADO"
                },
                {
                    "codigo_aluno": "306(...)99",
                    "nome_aluno": "MARIA TERESA DE SOUSA TEIXEIRA"
                },
                {
                    "codigo_aluno": "154(...)34",
                    "nome_aluno": "MARIA TERESA ESPÍRITO SANTO SILVA"
                },
                {
                    "codigo_aluno": "303(...)40",
                    "nome_aluno": "MARIANA RAMOS RODRIGUES"
                },
                {
                    "codigo_aluno": "309(...)10",
                    "nome_aluno": "MARIANA SOFIA RODRIGUES HENRIQUES"
                },
                {
                    "codigo_aluno": "152(...)99",
                    "nome_aluno": "MARTA CONSTANÇA CAMARA RODRIGUES VIEIRA"
                },
                {
                    "codigo_aluno": "300(...)94",
                    "nome_aluno": "MARTA DOS SANTOS GOMES"
                },
                {
                    "codigo_aluno": "305(...)81",
                    "nome_aluno": "MARTIM FRANCISCO MAIA FERNANDES"
                },
                {
                    "codigo_aluno": "151(...)79",
                    "nome_aluno": "MATHILDE CARVALHO DURAND PEREIRA"
                },
                {
                    "codigo_aluno": "158(...)24",
                    "nome_aluno": "MATILDE ALEXANDRA PINTO MOURA"
                },
                {
                    "codigo_aluno": "154(...)58",
                    "nome_aluno": "MATILDE ANDRÉ VIEIRA"
                },
                {
                    "codigo_aluno": "153(...)34",
                    "nome_aluno": "MATILDE DE SOUSA PEREIRA DIREITINHO"
                },
                {
                    "codigo_aluno": "156(...)02",
                    "nome_aluno": "MATILDE FERNANDES SILVA"
                },
                {
                    "codigo_aluno": "311(...)38",
                    "nome_aluno": "MATILDE LUCAS CARDINHO"
                },
                {
                    "codigo_aluno": "158(...)96",
                    "nome_aluno": "MATILDE MARÇAL CORREIA DE LACERDA GOMES"
                },
                {
                    "codigo_aluno": "309(...)83",
                    "nome_aluno": "MATILDE TEIXEIRA OLIVEIRA"
                },
                {
                    "codigo_aluno": "156(...)24",
                    "nome_aluno": "MELINDA MARREIROS FERNANDES"
                },
                {
                    "codigo_aluno": "155(...)74",
                    "nome_aluno": "MIGUEL COUCEIRO MADRUGA PEREIRA"
                },
                {
                    "codigo_aluno": "159(...)91",
                    "nome_aluno": "MIGUEL RODRIGUES CASEIRO"
                },
                {
                    "codigo_aluno": "309(...)41",
                    "nome_aluno": "MIGUEL TEIXEIRA CONSTANCIO GRACA"
                },
                {
                    "codigo_aluno": "306(...)10",
                    "nome_aluno": "MIGUEL VILHENA RAMOS DA SILVA"
                },
                {
                    "codigo_aluno": "242(...)09",
                    "nome_aluno": "MINGZE LI"
                },
                {
                    "codigo_aluno": "240(...)06",
                    "nome_aluno": "MYKHAYLO TYMRUK"
                },
                {
                    "codigo_aluno": "156(...)43",
                    "nome_aluno": "NATÁLIA ILONA HAMZOVÁ MOITA DOS SANTOS"
                },
                {
                    "codigo_aluno": "309(...)59",
                    "nome_aluno": "NUNO SÁ RIBEIRO"
                },
                {
                    "codigo_aluno": "306(...)72",
                    "nome_aluno": "NÚRIA DOS SANTOS GOMES"
                },
                {
                    "codigo_aluno": "154(...)56",
                    "nome_aluno": "PAULO BAIÃO GOUVEIA"
                },
                {
                    "codigo_aluno": "157(...)69",
                    "nome_aluno": "PETRA LINDA DIAS DE PAULA ALMEIDA"
                },
                {
                    "codigo_aluno": "315(...)54",
                    "nome_aluno": "RAFAEL ANDRÉ BAPTISTA DA SILVA"
                },
                {
                    "codigo_aluno": "154(...)60",
                    "nome_aluno": "RAFAELA BRITO DA CONCEIÇÃO MAIA"
                },
                {
                    "codigo_aluno": "305(...)36",
                    "nome_aluno": "RAFAELA RODRIGUES VALENTE"
                },
                {
                    "codigo_aluno": "300(...)58",
                    "nome_aluno": "RITA BARJA PENA ROCHA MANSO"
                },
                {
                    "codigo_aluno": "156(...)46",
                    "nome_aluno": "RITA GOMES FERREIRA"
                },
                {
                    "codigo_aluno": "156(...)05",
                    "nome_aluno": "RITA SOEIRO GOULART"
                },
                {
                    "codigo_aluno": "303(...)14",
                    "nome_aluno": "RODRIGO GARCÊZ ARENGA"
                },
                {
                    "codigo_aluno": "155(...)40",
                    "nome_aluno": "RUTE SANTOS FERREIRA"
                },
                {
                    "codigo_aluno": "315(...)46",
                    "nome_aluno": "SARA CARVALHO TOMAS"
                },
                {
                    "codigo_aluno": "306(...)77",
                    "nome_aluno": "SARA MARIA SANTOS MORAIS"
                },
                {
                    "codigo_aluno": "153(...)62",
                    "nome_aluno": "SARAH MARÍA DE ABREU DA SILVA"
                },
                {
                    "codigo_aluno": "304(...)89",
                    "nome_aluno": "SILVIA PURCEL PASCARU"
                },
                {
                    "codigo_aluno": "152(...)50",
                    "nome_aluno": "SIMÃO CALADO FERREIRA FONTINHA EUGÉNIO"
                },
                {
                    "codigo_aluno": "154(...)17",
                    "nome_aluno": "SOFIA COTRIM GUEDES DE MELO"
                },
                {
                    "codigo_aluno": "154(...)65",
                    "nome_aluno": "SOFIA GÁAN GRABGRAIGAEW BARBOSA CIRNE"
                },
                {
                    "codigo_aluno": "307(...)27",
                    "nome_aluno": "SOFIA GALVÃO SILVA CARVALHO DE AZEVEDO"
                },
                {
                    "codigo_aluno": "328(...)22",
                    "nome_aluno": "SOFIA KUDRYAVSKA"
                },
                {
                    "codigo_aluno": "149(...)50",
                    "nome_aluno": "SOFIA SAMPAIO VERBO"
                },
                {
                    "codigo_aluno": "242(...)02",
                    "nome_aluno": "SORAIA JIN"
                },
                {
                    "codigo_aluno": "303(...)28",
                    "nome_aluno": "SUSANA RAQUEL COSTA AUGUSTO"
                },
                {
                    "codigo_aluno": "313(...)18",
                    "nome_aluno": "TERESA MARQUES RODRIGUES"
                },
                {
                    "codigo_aluno": "240(...)16",
                    "nome_aluno": "THEO HELDT ZAMBRANO"
                },
                {
                    "codigo_aluno": "302(...)52",
                    "nome_aluno": "TIAGO FILIPE RODRIGUES DA SILVA"
                },
                {
                    "codigo_aluno": "305(...)97",
                    "nome_aluno": "TIAGO MIGUEL NOGUEIRA SOARES PENTEADO MESQUITA"
                },
                {
                    "codigo_aluno": "302(...)91",
                    "nome_aluno": "TIMÓTEO DUARTE OLIVEIRA BARATA NUNES"
                },
                {
                    "codigo_aluno": "156(...)10",
                    "nome_aluno": "TOMAS DAMASO DOMINGUES"
                },
                {
                    "codigo_aluno": "308(...)70",
                    "nome_aluno": "VERA BRANDÃO LENCART"
                },
                {
                    "codigo_aluno": "154(...)12",
                    "nome_aluno": "VERA HOMEM FERREIRA RIBEIRO DA SILVA"
                },
                {
                    "codigo_aluno": "307(...)48",
                    "nome_aluno": "VICENTE AIRES MARTINS MORUJAO"
                },
                {
                    "codigo_aluno": "151(...)58",
                    "nome_aluno": "VICENTE BASTIDE DUARTE BONUCCI DA VEIGA"
                },
                {
                    "codigo_aluno": "306(...)97",
                    "nome_aluno": "VICTORIA SKOROBOHACH"
                },
                {
                    "codigo_aluno": "153(...)36",
                    "nome_aluno": "VIVIAN DOS SANTOS GUEDES"
                },
                {
                    "codigo_aluno": "153(...)79",
                    "nome_aluno": "ZOE ALEXIA BENDE RIBEIRO"
                }
            ]
        },
        {
            "codigo_curso": "9069",
            "nome_curso": "9069 - Design",
            "colocados": [
                {
                    "codigo_aluno": "301(...)51",
                    "nome_aluno": "ALICE MARQUES DE JESUS LEMOS PEREIRA"
                },
                {
                    "codigo_aluno": "153(...)26",
                    "nome_aluno": "ANA CAROLINA VIEIRA GODINHO"
                },
                {
                    "codigo_aluno": "315(...)61",
                    "nome_aluno": "ANA LUÍSA BRANCO FERNANDES"
                },
                {
                    "codigo_aluno": "155(...)52",
                    "nome_aluno": "BEATRIZ ANTUNES COELHO NUNES"
                },
                {
                    "codigo_aluno": "300(...)70",
                    "nome_aluno": "BERNARDO ALMEIDA DE AGUIAR DA COSTA SANTOS"
                },
                {
                    "codigo_aluno": "153(...)04",
                    "nome_aluno": "BERNARDO MARTIM TOKARYEVA DE OLIVEIRA"
                },
                {
                    "codigo_aluno": "306(...)66",
                    "nome_aluno": "BRUNA DE MATOS AMARAL"
                },
                {
                    "codigo_aluno": "152(...)84",
                    "nome_aluno": "CAMILA MARIA ALVES CARREIRA PEREIRA"
                },
                {
                    "codigo_aluno": "156(...)51",
                    "nome_aluno": "CAROLINA BETTENCOURT GONÇALVES"
                },
                {
                    "codigo_aluno": "302(...)21",
                    "nome_aluno": "CAROLINA DA SILVA CERQUEIRA"
                },
                {
                    "codigo_aluno": "240(...)13",
                    "nome_aluno": "CAROLINE GOMES"
                },
                {
                    "codigo_aluno": "157(...)18",
                    "nome_aluno": "DIOGO DIAS DA COSTA"
                },
                {
                    "codigo_aluno": "157(...)15",
                    "nome_aluno": "GABRIELA FILIPA DOMINGOS DE CAMPOS"
                },
                {
                    "codigo_aluno": "240(...)40",
                    "nome_aluno": "IANA VLAS"
                },
                {
                    "codigo_aluno": "156(...)92",
                    "nome_aluno": "INÊS GARCIA TIMÓTEO DE SÃO JOÃO"
                },
                {
                    "codigo_aluno": "303(...)34",
                    "nome_aluno": "INÊS GOUVEIA MOURISCO"
                },
                {
                    "codigo_aluno": "155(...)53",
                    "nome_aluno": "INÊS ROBERTO VÉSTIA"
                },
                {
                    "codigo_aluno": "152(...)23",
                    "nome_aluno": "LARA DE JESUS AIRES DOS SANTOS"
                },
                {
                    "codigo_aluno": "308(...)31",
                    "nome_aluno": "LAURA MORENO GONCALVES"
                },
                {
                    "codigo_aluno": "156(...)18",
                    "nome_aluno": "LEONOR AFONSO GONÇALVES"
                },
                {
                    "codigo_aluno": "309(...)17",
                    "nome_aluno": "LEONOR ALEXANDRA PIMENTEL FORTES DAS NEVES"
                },
                {
                    "codigo_aluno": "310(...)13",
                    "nome_aluno": "LEONOR BORGES MARTINS"
                },
                {
                    "codigo_aluno": "152(...)31",
                    "nome_aluno": "LUANA SOFIA HENRIQUES BALDÉ TABORDA CAMARÁ"
                },
                {
                    "codigo_aluno": "153(...)42",
                    "nome_aluno": "MADALENA CARVALHO FONSECA DE ABREU LEITAO"
                },
                {
                    "codigo_aluno": "152(...)70",
                    "nome_aluno": "MADALENA FELISMINO VAZ"
                },
                {
                    "codigo_aluno": "157(...)05",
                    "nome_aluno": "MADALENA TIMÓTEO LOURENÇO"
                },
                {
                    "codigo_aluno": "153(...)61",
                    "nome_aluno": "MARGARIDA DE MEDEIROS XAVIER"
                },
                {
                    "codigo_aluno": "305(...)78",
                    "nome_aluno": "MARGARIDA FERNANDES JACINTO"
                },
                {
                    "codigo_aluno": "159(...)25",
                    "nome_aluno": "MARIA BEATRIZ DA SILVA CAVALEIRO"
                },
                {
                    "codigo_aluno": "151(...)37",
                    "nome_aluno": "MARIA BENEDITA MATIAS HIPÓLITO"
                },
                {
                    "codigo_aluno": "153(...)23",
                    "nome_aluno": "MARIA FRAGOSO PIRES BATISTA NOITES"
                },
                {
                    "codigo_aluno": "310(...)81",
                    "nome_aluno": "MARIA LEONOR MASSI ALVES"
                },
                {
                    "codigo_aluno": "152(...)73",
                    "nome_aluno": "MARIA MADALENA BEIJOCO CABRAL"
                },
                {
                    "codigo_aluno": "301(...)64",
                    "nome_aluno": "MARIA MARTINS GASPAR"
                },
                {
                    "codigo_aluno": "158(...)31",
                    "nome_aluno": "MARIANA ALEXANDRINO GUERREIRO"
                },
                {
                    "codigo_aluno": "152(...)50",
                    "nome_aluno": "MARIANA MARTINS ANJO ESMERALDO GOUVEIA"
                },
                {
                    "codigo_aluno": "153(...)44",
                    "nome_aluno": "MARIANA MIRANDA LUFINHA DE VASCONCELOS"
                },
                {
                    "codigo_aluno": "309(...)41",
                    "nome_aluno": "MARIANA PEREIRA LIMA"
                },
                {
                    "codigo_aluno": "156(...)89",
                    "nome_aluno": "MARIANA TAFULO FERNANDES"
                },
                {
                    "codigo_aluno": "158(...)71",
                    "nome_aluno": "MARTA PAES DE VASCONCELLOS GOMES DA COSTA"
                },
                {
                    "codigo_aluno": "303(...)71",
                    "nome_aluno": "MATILDE LUIS JACINTO FILIPE PADRÃO GENS"
                },
                {
                    "codigo_aluno": "155(...)63",
                    "nome_aluno": "MATILDE SOFIA TEMUDO OLIVEIRA"
                },
                {
                    "codigo_aluno": "158(...)12",
                    "nome_aluno": "NUNO RAFAEL CUNHA SILVA DO ESPÍRITO SANTO"
                },
                {
                    "codigo_aluno": "153(...)80",
                    "nome_aluno": "RAISSE MACSUD ISMAIL"
                },
                {
                    "codigo_aluno": "314(...)09",
                    "nome_aluno": "RAQUEL ANTUNES DELGADO MARTINS NEVES"
                },
                {
                    "codigo_aluno": "302(...)59",
                    "nome_aluno": "RITA SIMAS FORJÓ DE PINA MIGUEL"
                },
                {
                    "codigo_aluno": "309(...)88",
                    "nome_aluno": "RODRIGO MORGADO CASTRO"
                },
                {
                    "codigo_aluno": "145(...)55",
                    "nome_aluno": "SARA MARIA COELHO FLORENÇA"
                },
                {
                    "codigo_aluno": "309(...)09",
                    "nome_aluno": "SOFIA SIMÕES SANTOS"
                },
                {
                    "codigo_aluno": "240(...)13",
                    "nome_aluno": "THIAGO SIQUEIRA LIMA"
                }
            ]
        },
        {
            "codigo_curso": "9071",
            "nome_curso": "9071 - Design de Moda",
            "colocados": [
                {
                    "codigo_aluno": "154(...)39",
                    "nome_aluno": "AFONSO DOMINGUES SOUSA PRADO DE LACERDA"
                },
                {
                    "codigo_aluno": "159(...)92",
                    "nome_aluno": "ALEXANDRA CORREIA JUSTO"
                },
                {
                    "codigo_aluno": "304(...)82",
                    "nome_aluno": "ANA AMARAL MONTE"
                },
                {
                    "codigo_aluno": "156(...)98",
                    "nome_aluno": "ANA CAROLINA SILVA NUNES"
                },
                {
                    "codigo_aluno": "307(...)53",
                    "nome_aluno": "ANA RITA NUNES SANTOS"
                },
                {
                    "codigo_aluno": "301(...)98",
                    "nome_aluno": "ANTÓNIO AFONSO SOUSA FREITAS"
                },
                {
                    "codigo_aluno": "327(...)16",
                    "nome_aluno": "ARIANNA VALENTINA SALAZAR DE OLIVEIRA"
                },
                {
                    "codigo_aluno": "154(...)48",
                    "nome_aluno": "BÁRBARA SOFIA FERNANDES LIMA"
                },
                {
                    "codigo_aluno": "151(...)61",
                    "nome_aluno": "BEATRIZ COUTINHO DE ALMEIDA"
                },
                {
                    "codigo_aluno": "306(...)64",
                    "nome_aluno": "BEATRIZ DA COSTA CLARO"
                },
                {
                    "codigo_aluno": "153(...)72",
                    "nome_aluno": "BEATRIZ DA ROCHA PINHO"
                },
                {
                    "codigo_aluno": "152(...)00",
                    "nome_aluno": "BRUNA CRISTINA SÊCO PENETRA"
                },
                {
                    "codigo_aluno": "150(...)19",
                    "nome_aluno": "BRUNO ALEXANDRE CHIOU WANG"
                },
                {
                    "codigo_aluno": "156(...)36",
                    "nome_aluno": "CARLOTA SANTOS FERREIRA MAROCO MOURA"
                },
                {
                    "codigo_aluno": "158(...)13",
                    "nome_aluno": "CAROLINA LOBO DE ASCENÇÃO MONTEIRO LARANJA"
                },
                {
                    "codigo_aluno": "153(...)31",
                    "nome_aluno": "CATERINA CEPANOVA"
                },
                {
                    "codigo_aluno": "300(...)07",
                    "nome_aluno": "DANIELA OLIVEIRA COIMBRA"
                },
                {
                    "codigo_aluno": "306(...)30",
                    "nome_aluno": "EVA FORMIGA DE OLIVEIRA"
                },
                {
                    "codigo_aluno": "317(...)65",
                    "nome_aluno": "FÁBIO ADRIANO HUTULEAC"
                },
                {
                    "codigo_aluno": "240(...)12",
                    "nome_aluno": "FRANCISCO KAUA DO NASCIMENTO DAMASCENO"
                },
                {
                    "codigo_aluno": "158(...)23",
                    "nome_aluno": "ISABELA DE BRITO MONTEIRO"
                },
                {
                    "codigo_aluno": "154(...)12",
                    "nome_aluno": "JOÃO PEDRO LIMA MARTINS"
                },
                {
                    "codigo_aluno": "155(...)72",
                    "nome_aluno": "LAURA SALGUEIRO DE SOUSA"
                },
                {
                    "codigo_aluno": "302(...)16",
                    "nome_aluno": "LEONOR DO ROSÁRIO FERREIRA ALGARVIO"
                },
                {
                    "codigo_aluno": "152(...)10",
                    "nome_aluno": "LEONOR MARIA NOGUEIRA HENRIQUES"
                },
                {
                    "codigo_aluno": "300(...)55",
                    "nome_aluno": "LILIANA MENDONÇA SILVA"
                },
                {
                    "codigo_aluno": "155(...)80",
                    "nome_aluno": "LUISA MARIA LOPES PARREIRA"
                },
                {
                    "codigo_aluno": "326(...)39",
                    "nome_aluno": "MANUELA MACHADO MARTINS"
                },
                {
                    "codigo_aluno": "301(...)42",
                    "nome_aluno": "MARGARIDA ANDRÉ COELHO LEITE"
                },
                {
                    "codigo_aluno": "306(...)40",
                    "nome_aluno": "MARGARIDA MARQUES GUIMARÃES CARVALHO"
                },
                {
                    "codigo_aluno": "157(...)13",
                    "nome_aluno": "MARIA CAROLINA DA SILVA FERREIRA PAQUETE"
                },
                {
                    "codigo_aluno": "311(...)97",
                    "nome_aluno": "MARIA CLARA MOLERO MURTEIRA"
                },
                {
                    "codigo_aluno": "300(...)36",
                    "nome_aluno": "MARIA CONSTANÇA SODRÉ ALBUQUERQUE DA CUNHA FERNANDES"
                },
                {
                    "codigo_aluno": "156(...)48",
                    "nome_aluno": "MARIA LAURA BRANCO PINHO"
                },
                {
                    "codigo_aluno": "303(...)13",
                    "nome_aluno": "MARIANA VICENTE FRANCISCO DE VILANOVA COLAÇO"
                },
                {
                    "codigo_aluno": "153(...)88",
                    "nome_aluno": "MARTA ISABEL RODRIGUES NÓBREGA"
                },
                {
                    "codigo_aluno": "314(...)01",
                    "nome_aluno": "MATILDE DE SÁ NOGUEIRA TOMAZ"
                },
                {
                    "codigo_aluno": "159(...)31",
                    "nome_aluno": "MATILDE FREIRE RODRIGUES"
                },
                {
                    "codigo_aluno": "156(...)84",
                    "nome_aluno": "MATILDE SANTANA PARREIRA FERREIRA DO Ó"
                },
                {
                    "codigo_aluno": "154(...)07",
                    "nome_aluno": "MIGUEL ROSEIRO GUIMARÃES ROSA"
                },
                {
                    "codigo_aluno": "316(...)06",
                    "nome_aluno": "NICOLE MEDVEDYUK"
                },
                {
                    "codigo_aluno": "314(...)96",
                    "nome_aluno": "RAFAEL CARIA VENÂNCIO"
                },
                {
                    "codigo_aluno": "310(...)33",
                    "nome_aluno": "RAFAELA ALEXANDRA CORÔA GOMES"
                },
                {
                    "codigo_aluno": "316(...)26",
                    "nome_aluno": "RAQUEL RIBEIRO GOMES SARAIVA BORGES"
                },
                {
                    "codigo_aluno": "240(...)04",
                    "nome_aluno": "RUSNÉ NENISKYTÉ"
                },
                {
                    "codigo_aluno": "156(...)88",
                    "nome_aluno": "SOFIA FONSECA FERNANDES"
                },
                {
                    "codigo_aluno": "152(...)87",
                    "nome_aluno": "SOFIA INÊS MENDES BETTENCOURT"
                },
                {
                    "codigo_aluno": "151(...)20",
                    "nome_aluno": "TIAGO CORDEIRO GARCIA"
                },
                {
                    "codigo_aluno": "155(...)33",
                    "nome_aluno": "TIAGO SOARES VIEIRA"
                },
                {
                    "codigo_aluno": "301(...)54",
                    "nome_aluno": "TOMÁS COELHO DE ALMEIDA ESTEVES"
                }
            ]
        }
    ]
}