{
    "codigo_universidade": "0507",
    "nome_universidade": "0507 - Universidade de Coimbra - Faculdade de Psicologia e de Ciências da Educação",
    "cursos": [
        {
            "codigo_curso": "9026",
            "nome_curso": "9026 - Ciências da Educação",
            "colocados": [
                {
                    "codigo_aluno": "155(...)92",
                    "nome_aluno": "ADRIANA FILIPA SIMÕES DA COSTA"
                },
                {
                    "codigo_aluno": "309(...)23",
                    "nome_aluno": "AFONSO COELHO ALVES"
                },
                {
                    "codigo_aluno": "155(...)81",
                    "nome_aluno": "ALEXANDRA NETO FERNANDES"
                },
                {
                    "codigo_aluno": "300(...)35",
                    "nome_aluno": "ANA CAROLINA INÁCIO SEABRA"
                },
                {
                    "codigo_aluno": "306(...)64",
                    "nome_aluno": "ANA CATARINA GONÇALVES LIMA"
                },
                {
                    "codigo_aluno": "300(...)34",
                    "nome_aluno": "ANA CÉLIA DE PONTE ALEGRIA"
                },
                {
                    "codigo_aluno": "312(...)25",
                    "nome_aluno": "ANA MARGARIDA REQUEIJO MARQUES"
                },
                {
                    "codigo_aluno": "318(...)30",
                    "nome_aluno": "ANA MARIA DOS SANTOS GONÇALVES"
                },
                {
                    "codigo_aluno": "309(...)65",
                    "nome_aluno": "ANA MARIA DOS SANTOS LUZ"
                },
                {
                    "codigo_aluno": "154(...)63",
                    "nome_aluno": "ANA MARIA PINTO FONTES"
                },
                {
                    "codigo_aluno": "309(...)36",
                    "nome_aluno": "ANA MIGUEL TAVARES MARQUES"
                },
                {
                    "codigo_aluno": "302(...)83",
                    "nome_aluno": "ANA RITA FAUSTINO DA COSTA"
                },
                {
                    "codigo_aluno": "308(...)62",
                    "nome_aluno": "ANA SHKURO"
                },
                {
                    "codigo_aluno": "149(...)23",
                    "nome_aluno": "ANA SOFIA DUARTE"
                },
                {
                    "codigo_aluno": "153(...)52",
                    "nome_aluno": "ANA SOFIA VIEIRA PINTO"
                },
                {
                    "codigo_aluno": "153(...)84",
                    "nome_aluno": "ANDREIA CERVEIRA PEREIRA MIRANDA LIMA"
                },
                {
                    "codigo_aluno": "132(...)17",
                    "nome_aluno": "ANDREIA SOFIA ROQUE DIAS"
                },
                {
                    "codigo_aluno": "309(...)14",
                    "nome_aluno": "ANTÓNIO FERNANDO MARTINS PEREIRA"
                },
                {
                    "codigo_aluno": "303(...)43",
                    "nome_aluno": "BEATRIZ GONÇALVES LOIO DA CONCEIÇÃO"
                },
                {
                    "codigo_aluno": "307(...)09",
                    "nome_aluno": "BRUNA ESTEVES DA CRUZ"
                },
                {
                    "codigo_aluno": "156(...)81",
                    "nome_aluno": "CARLOTA MARIA OLIVEIRA RODRIGUES"
                },
                {
                    "codigo_aluno": "302(...)95",
                    "nome_aluno": "CAROLINA CARVALHO PIRES"
                },
                {
                    "codigo_aluno": "303(...)47",
                    "nome_aluno": "CAROLINA DA MATA BAPTISTA"
                },
                {
                    "codigo_aluno": "305(...)62",
                    "nome_aluno": "CAROLINA GOMES ROQUE GARCIA CHAVES"
                },
                {
                    "codigo_aluno": "314(...)65",
                    "nome_aluno": "CAROLINA MARQUES PINA"
                },
                {
                    "codigo_aluno": "151(...)63",
                    "nome_aluno": "CAROLINA SOUSA SANTOS"
                },
                {
                    "codigo_aluno": "308(...)44",
                    "nome_aluno": "CONSTANÇA GARISO PARDAL"
                },
                {
                    "codigo_aluno": "159(...)69",
                    "nome_aluno": "DANIELA SANTOS LOUREIRO"
                },
                {
                    "codigo_aluno": "316(...)87",
                    "nome_aluno": "DEREK ANDERSON SOUZA"
                },
                {
                    "codigo_aluno": "303(...)90",
                    "nome_aluno": "DINA MARIANA MONTEIRO TEIXEIRA"
                },
                {
                    "codigo_aluno": "154(...)56",
                    "nome_aluno": "FABIANA CAROLINA PEREIRA ACOSTA"
                },
                {
                    "codigo_aluno": "156(...)23",
                    "nome_aluno": "FRANCISCA FARIA PIRES"
                },
                {
                    "codigo_aluno": "309(...)22",
                    "nome_aluno": "FRANCISCO PEREIRA CÉSAR GUIDO"
                },
                {
                    "codigo_aluno": "306(...)04",
                    "nome_aluno": "FRANCISCO REGO PEREIRA"
                },
                {
                    "codigo_aluno": "315(...)14",
                    "nome_aluno": "GABRIEL MARQUES REBIMBAS"
                },
                {
                    "codigo_aluno": "323(...)02",
                    "nome_aluno": "GIOVANNA MONTEIRO ORNELLAS DA COSTA"
                },
                {
                    "codigo_aluno": "304(...)93",
                    "nome_aluno": "IGOR DA SILVA VIEIRA"
                },
                {
                    "codigo_aluno": "307(...)37",
                    "nome_aluno": "INÊS DANTAS FRANCO"
                },
                {
                    "codigo_aluno": "302(...)00",
                    "nome_aluno": "INÊS MARIA FILIPE PIMENTEL"
                },
                {
                    "codigo_aluno": "304(...)57",
                    "nome_aluno": "INÊS SOFIA MARTINS DE OLIVEIRA"
                },
                {
                    "codigo_aluno": "310(...)15",
                    "nome_aluno": "IRIS DINIS CASQUEIRA"
                },
                {
                    "codigo_aluno": "310(...)74",
                    "nome_aluno": "JÉSSICA SOFIA NUNES CRAVO"
                },
                {
                    "codigo_aluno": "300(...)87",
                    "nome_aluno": "JOANA CARDOSO MARTINS"
                },
                {
                    "codigo_aluno": "309(...)92",
                    "nome_aluno": "JOANA DE JESUS NUNES"
                },
                {
                    "codigo_aluno": "307(...)22",
                    "nome_aluno": "JOÃO FRANCISCO ALMEIDA GONÇALVES"
                },
                {
                    "codigo_aluno": "154(...)34",
                    "nome_aluno": "JOÃO HENRIQUE CATELA COELHO"
                },
                {
                    "codigo_aluno": "309(...)94",
                    "nome_aluno": "JÚLIA FERNANDES PERES"
                },
                {
                    "codigo_aluno": "152(...)63",
                    "nome_aluno": "LARA DE OLIVEIRA REIS"
                },
                {
                    "codigo_aluno": "305(...)74",
                    "nome_aluno": "LETÍCIA SOFIA PINTO GOMES"
                },
                {
                    "codigo_aluno": "308(...)12",
                    "nome_aluno": "LUANA FILIPA TEIXEIRA LOURENÇO"
                },
                {
                    "codigo_aluno": "303(...)88",
                    "nome_aluno": "MADALENA DA SILVA GASPAR"
                },
                {
                    "codigo_aluno": "306(...)44",
                    "nome_aluno": "MADALENA GOMES MAGALHÃES QUEIRÓS LARANJO"
                },
                {
                    "codigo_aluno": "152(...)92",
                    "nome_aluno": "MARIA CAROLINA OLIVEIRA MARTINS SANTOS"
                },
                {
                    "codigo_aluno": "303(...)70",
                    "nome_aluno": "MARIA EDUARDA LAPA CHANTRE"
                },
                {
                    "codigo_aluno": "307(...)43",
                    "nome_aluno": "MARIA INES VENTURA COSTA"
                },
                {
                    "codigo_aluno": "151(...)92",
                    "nome_aluno": "MARIA JOÃO CARDOSO"
                },
                {
                    "codigo_aluno": "302(...)75",
                    "nome_aluno": "MARIA LUCINDA MONTEIRO GONÇALVES"
                },
                {
                    "codigo_aluno": "303(...)70",
                    "nome_aluno": "MARIA LUIZA ZAMORA CAVALCANTI SILVA"
                },
                {
                    "codigo_aluno": "300(...)22",
                    "nome_aluno": "MARIANA ALMEIDA PINTO"
                },
                {
                    "codigo_aluno": "310(...)36",
                    "nome_aluno": "MARIANA FLORES SOUSA"
                },
                {
                    "codigo_aluno": "306(...)63",
                    "nome_aluno": "MARIANA ROCHA SANTOS"
                },
                {
                    "codigo_aluno": "306(...)20",
                    "nome_aluno": "MARTA FILIPA FERREIRA ABREU"
                },
                {
                    "codigo_aluno": "303(...)13",
                    "nome_aluno": "MATILDE ALEMÃO DE MATOS SANTOS"
                },
                {
                    "codigo_aluno": "308(...)88",
                    "nome_aluno": "MATILDE SEABRA MATIAS"
                },
                {
                    "codigo_aluno": "303(...)86",
                    "nome_aluno": "NÚRIA TAÍSA CABRAL REIMÃO"
                },
                {
                    "codigo_aluno": "310(...)87",
                    "nome_aluno": "PATRICIA CURADO SOUSA"
                },
                {
                    "codigo_aluno": "157(...)93",
                    "nome_aluno": "RAFAELA SIMÕES PINTO"
                },
                {
                    "codigo_aluno": "306(...)75",
                    "nome_aluno": "RICARDO DE JESUS NOGUEIRA"
                },
                {
                    "codigo_aluno": "308(...)71",
                    "nome_aluno": "RITA MEIRELES DOS SANTOS"
                },
                {
                    "codigo_aluno": "309(...)05",
                    "nome_aluno": "ROSA MARIA FERREIRA LOPES"
                },
                {
                    "codigo_aluno": "315(...)91",
                    "nome_aluno": "SANCHA TELO REBELO PEREIRA ROQUE"
                },
                {
                    "codigo_aluno": "153(...)91",
                    "nome_aluno": "SARA RAQUEL VIEIRA MOTA"
                },
                {
                    "codigo_aluno": "311(...)37",
                    "nome_aluno": "SOFIA PRATA ROSA"
                }
            ]
        },
        {
            "codigo_curso": "9219",
            "nome_curso": "9219 - Psicologia",
            "colocados": [
                {
                    "codigo_aluno": "158(...)44",
                    "nome_aluno": "AFONSO VASCONCELOS DE BARROS"
                },
                {
                    "codigo_aluno": "159(...)29",
                    "nome_aluno": "ALDA SOFIA DE CARVALHO SIMÕES"
                },
                {
                    "codigo_aluno": "149(...)92",
                    "nome_aluno": "ANA BEATRIZ DA CRUZ PAIS"
                },
                {
                    "codigo_aluno": "307(...)63",
                    "nome_aluno": "ANA BEATRIZ DOMINGUES SANTOS"
                },
                {
                    "codigo_aluno": "157(...)21",
                    "nome_aluno": "ANA JOÃO DA COSTA OLIVEIRA"
                },
                {
                    "codigo_aluno": "316(...)68",
                    "nome_aluno": "ANA MARGARIDA GOMES BATISTA"
                },
                {
                    "codigo_aluno": "316(...)27",
                    "nome_aluno": "ANA MARIA PIRES DE PINHO"
                },
                {
                    "codigo_aluno": "307(...)85",
                    "nome_aluno": "BÁRBARA CATARINA DA SILVA NUMÃO RESENDE"
                },
                {
                    "codigo_aluno": "304(...)80",
                    "nome_aluno": "BÁRBARA FRANCISCO DOS SANTOS"
                },
                {
                    "codigo_aluno": "154(...)24",
                    "nome_aluno": "BÁRBARA PARREIRA PALERMO BRANCO"
                },
                {
                    "codigo_aluno": "151(...)92",
                    "nome_aluno": "BÁRBARA RESSURREIÇÃO PIRES"
                },
                {
                    "codigo_aluno": "304(...)14",
                    "nome_aluno": "BEATRIZ DA FONSECA LOPES VAZ PATTO"
                },
                {
                    "codigo_aluno": "303(...)78",
                    "nome_aluno": "BEATRIZ DA MOTA NETO"
                },
                {
                    "codigo_aluno": "156(...)86",
                    "nome_aluno": "BEATRIZ FERREIRA BARREIROS"
                },
                {
                    "codigo_aluno": "315(...)76",
                    "nome_aluno": "BEATRIZ GASPAR NOBRE"
                },
                {
                    "codigo_aluno": "157(...)05",
                    "nome_aluno": "BEATRIZ INÁCIO PEDRO"
                },
                {
                    "codigo_aluno": "306(...)80",
                    "nome_aluno": "BEATRIZ VIEIRA DE OLIVEIRA"
                },
                {
                    "codigo_aluno": "151(...)06",
                    "nome_aluno": "BRUNA DE SOUZA BARROS VICENTE"
                },
                {
                    "codigo_aluno": "159(...)75",
                    "nome_aluno": "BRUNA MARIA DOS SANTOS CORREIA FIGUEIRA"
                },
                {
                    "codigo_aluno": "324(...)11",
                    "nome_aluno": "BRUNO MOZZATO"
                },
                {
                    "codigo_aluno": "308(...)08",
                    "nome_aluno": "CAMILA BEATO RODRIGUES"
                },
                {
                    "codigo_aluno": "152(...)23",
                    "nome_aluno": "CARLOTA BARRETO FRUCTUOSA"
                },
                {
                    "codigo_aluno": "156(...)01",
                    "nome_aluno": "CAROLINA GOMES BESSA"
                },
                {
                    "codigo_aluno": "309(...)87",
                    "nome_aluno": "CAROLINA MARTINS GALHARDO"
                },
                {
                    "codigo_aluno": "305(...)28",
                    "nome_aluno": "CAROLINA SANTOS SIMÕES"
                },
                {
                    "codigo_aluno": "303(...)40",
                    "nome_aluno": "CATARINA CUNHA RODRIGUES TOSCANO BELO"
                },
                {
                    "codigo_aluno": "306(...)24",
                    "nome_aluno": "CATARINA XAVIER SOARES"
                },
                {
                    "codigo_aluno": "154(...)89",
                    "nome_aluno": "CONSTANÇA FORTUNAS BORGES"
                },
                {
                    "codigo_aluno": "159(...)52",
                    "nome_aluno": "CRISTIANA MARIA MONTEIRO DOS SANTOS"
                },
                {
                    "codigo_aluno": "316(...)80",
                    "nome_aluno": "DANIELA FIGUEIREDO LARANJEIRA"
                },
                {
                    "codigo_aluno": "316(...)10",
                    "nome_aluno": "DIANA MICAELA PEREIRA SIMÕES"
                },
                {
                    "codigo_aluno": "159(...)34",
                    "nome_aluno": "DIANA PIRES SIMÕES"
                },
                {
                    "codigo_aluno": "314(...)78",
                    "nome_aluno": "DIANA SOFIA CASTRO BRANCO"
                },
                {
                    "codigo_aluno": "306(...)89",
                    "nome_aluno": "DIOGO FERREIRA MOURA"
                },
                {
                    "codigo_aluno": "317(...)69",
                    "nome_aluno": "EIMY CLALIZ RODRIGUES PONCE"
                },
                {
                    "codigo_aluno": "157(...)06",
                    "nome_aluno": "EMA FURTADO BONITO"
                },
                {
                    "codigo_aluno": "153(...)62",
                    "nome_aluno": "ERICA DIAS E SANTOS"
                },
                {
                    "codigo_aluno": "155(...)81",
                    "nome_aluno": "FRANCISCA MARIA FERRO MARTINS"
                },
                {
                    "codigo_aluno": "313(...)67",
                    "nome_aluno": "FRANCISCA MOITAL PORTUGAL SAMPAIO TEIXEIRA"
                },
                {
                    "codigo_aluno": "151(...)01",
                    "nome_aluno": "FRANCISCA PEREIRA RAPOSO"
                },
                {
                    "codigo_aluno": "154(...)75",
                    "nome_aluno": "FRANCISCA ROCHA FIGUEIRA DA SILVA FREITAS"
                },
                {
                    "codigo_aluno": "157(...)01",
                    "nome_aluno": "GABRIEL OLIVEIRA FIGUEIREDO"
                },
                {
                    "codigo_aluno": "305(...)06",
                    "nome_aluno": "INÊS BEATRIZ PINTO VIEIRA"
                },
                {
                    "codigo_aluno": "312(...)34",
                    "nome_aluno": "INÊS FRANCISCO CAVALEIRO"
                },
                {
                    "codigo_aluno": "312(...)59",
                    "nome_aluno": "INÊS SOFIA LOPES MENDES"
                },
                {
                    "codigo_aluno": "314(...)84",
                    "nome_aluno": "INÊS SOFIA MAGALHÃES SILVA"
                },
                {
                    "codigo_aluno": "305(...)86",
                    "nome_aluno": "IRENE ALEXANDRE BALLESTEROS PEREIRA BRANCO"
                },
                {
                    "codigo_aluno": "152(...)71",
                    "nome_aluno": "ÍRIS DE OLIVEIRA MATIAS"
                },
                {
                    "codigo_aluno": "121(...)46",
                    "nome_aluno": "JOANA DUARTE BERNARDES"
                },
                {
                    "codigo_aluno": "314(...)17",
                    "nome_aluno": "JOANA FILIPA TEIXEIRA CARVALHO"
                },
                {
                    "codigo_aluno": "307(...)15",
                    "nome_aluno": "JOANA GOMES CAPINHA DA SILVA"
                },
                {
                    "codigo_aluno": "312(...)30",
                    "nome_aluno": "JOANA GONÇALVES PINELA"
                },
                {
                    "codigo_aluno": "303(...)15",
                    "nome_aluno": "JOANA MARGARIDA AFONSO MIRANDA REIS"
                },
                {
                    "codigo_aluno": "306(...)65",
                    "nome_aluno": "JOANA PATRÍCIA DIAS MIRANDA"
                },
                {
                    "codigo_aluno": "155(...)96",
                    "nome_aluno": "JOÃO DAVID SESUREAC FÉLIX"
                },
                {
                    "codigo_aluno": "300(...)50",
                    "nome_aluno": "JOÃO GUILHERME FERREIRA ESTEVES"
                },
                {
                    "codigo_aluno": "158(...)37",
                    "nome_aluno": "JOÃO LOURENÇO LEMOS COSTA NUNES DE FREITAS"
                },
                {
                    "codigo_aluno": "319(...)19",
                    "nome_aluno": "KELLY BARBOSA DA SILVA"
                },
                {
                    "codigo_aluno": "150(...)15",
                    "nome_aluno": "LARA JULIANA ALVES CORTESÃO"
                },
                {
                    "codigo_aluno": "308(...)41",
                    "nome_aluno": "LARA NOGUEIRO DE SOUSA"
                },
                {
                    "codigo_aluno": "300(...)20",
                    "nome_aluno": "LARA SANTOS MOREIRA"
                },
                {
                    "codigo_aluno": "306(...)33",
                    "nome_aluno": "LARA SEIXAS RIBEIRO"
                },
                {
                    "codigo_aluno": "309(...)11",
                    "nome_aluno": "LARA SOFIA NEVES LUÍS"
                },
                {
                    "codigo_aluno": "159(...)46",
                    "nome_aluno": "LARA SOFIA PEREIRA OLIVEIRA"
                },
                {
                    "codigo_aluno": "149(...)04",
                    "nome_aluno": "LAURA CARVALHO DOS REIS"
                },
                {
                    "codigo_aluno": "309(...)08",
                    "nome_aluno": "LEONOR FERNANDES PENIM"
                },
                {
                    "codigo_aluno": "307(...)12",
                    "nome_aluno": "LEONOR PALMINHA SACRAMENTO CHAINHO FELICIANO"
                },
                {
                    "codigo_aluno": "301(...)54",
                    "nome_aluno": "LEONOR PEREIRA MENDES"
                },
                {
                    "codigo_aluno": "300(...)42",
                    "nome_aluno": "LEONOR VIVEIROS CARVALHO"
                },
                {
                    "codigo_aluno": "301(...)39",
                    "nome_aluno": "LETÍCIA MARISA MARTINS FERREIRA"
                },
                {
                    "codigo_aluno": "309(...)03",
                    "nome_aluno": "LUANA FILIPA MONTEIRO MARQUES"
                },
                {
                    "codigo_aluno": "300(...)79",
                    "nome_aluno": "LUCAS CORDEIRO PORTO MARIZ"
                },
                {
                    "codigo_aluno": "309(...)96",
                    "nome_aluno": "MAFALDA FERNANDES DA COSTA HEITOR PARENTE"
                },
                {
                    "codigo_aluno": "307(...)95",
                    "nome_aluno": "MAFALDA FRESCO CALVÃO"
                },
                {
                    "codigo_aluno": "309(...)60",
                    "nome_aluno": "MAFALDA MARQUES PATITA"
                },
                {
                    "codigo_aluno": "152(...)78",
                    "nome_aluno": "MAFALDA MASCARENHAS AMARO"
                },
                {
                    "codigo_aluno": "300(...)58",
                    "nome_aluno": "MARGARIDA DAVID DOS SANTOS BERNARDO"
                },
                {
                    "codigo_aluno": "301(...)01",
                    "nome_aluno": "MARGARIDA LEONOR PAIXÃO ALVES"
                },
                {
                    "codigo_aluno": "157(...)67",
                    "nome_aluno": "MARGARIDA SOFIA AZEVEDO DANTAS DA SILVA MIRANDA"
                },
                {
                    "codigo_aluno": "159(...)02",
                    "nome_aluno": "MARGARIDA SOFIA DIAS DA COSTA"
                },
                {
                    "codigo_aluno": "148(...)65",
                    "nome_aluno": "MARIA ANA MARTINS FULGÊNCIO"
                },
                {
                    "codigo_aluno": "308(...)55",
                    "nome_aluno": "MARIA ANA NOGUEIRA PEREIRA"
                },
                {
                    "codigo_aluno": "307(...)98",
                    "nome_aluno": "MARIA AREDE BELO"
                },
                {
                    "codigo_aluno": "305(...)32",
                    "nome_aluno": "MARIA BEATRIZ BERNARDES RODRIGUES VALE DIAS"
                },
                {
                    "codigo_aluno": "303(...)61",
                    "nome_aluno": "MARIA DE PINHO MIRANDA"
                },
                {
                    "codigo_aluno": "309(...)66",
                    "nome_aluno": "MARIA DUARTE CONDE"
                },
                {
                    "codigo_aluno": "313(...)07",
                    "nome_aluno": "MARIA FERREIRA FERNANDES"
                },
                {
                    "codigo_aluno": "313(...)81",
                    "nome_aluno": "MARIA INÊS AMARAL PEREIRA"
                },
                {
                    "codigo_aluno": "309(...)95",
                    "nome_aluno": "MARIA JOAO TINOCO RIBEIRO"
                },
                {
                    "codigo_aluno": "304(...)98",
                    "nome_aluno": "MARIA LEMOS SINDÃO DAS NEVES"
                },
                {
                    "codigo_aluno": "154(...)57",
                    "nome_aluno": "MARIA LUIS RIBEIRO DA SILVA"
                },
                {
                    "codigo_aluno": "300(...)68",
                    "nome_aluno": "MARIA MARTINA BENTO ROSA"
                },
                {
                    "codigo_aluno": "305(...)81",
                    "nome_aluno": "MARIA MIGUEL BAPTISTA CARVALHO"
                },
                {
                    "codigo_aluno": "304(...)68",
                    "nome_aluno": "MARIA MIGUEL RODRIGUES LEAL"
                },
                {
                    "codigo_aluno": "315(...)77",
                    "nome_aluno": "MARIA RIBEIRO BARREIROS"
                },
                {
                    "codigo_aluno": "303(...)60",
                    "nome_aluno": "MARIA SOFIA FONSECA SANTOS"
                },
                {
                    "codigo_aluno": "304(...)44",
                    "nome_aluno": "MARIANA ALEXANDRA RICARDO ANDRÉ"
                },
                {
                    "codigo_aluno": "159(...)03",
                    "nome_aluno": "MARIANA ALVES MORAIS JORGE"
                },
                {
                    "codigo_aluno": "153(...)51",
                    "nome_aluno": "MARIANA BEATRIZ DA SILVA ESTEVES"
                },
                {
                    "codigo_aluno": "159(...)91",
                    "nome_aluno": "MARIANA FILIPA CARVALHOSO MACEDO"
                },
                {
                    "codigo_aluno": "304(...)26",
                    "nome_aluno": "MARIANA LOPES COELHO"
                },
                {
                    "codigo_aluno": "305(...)76",
                    "nome_aluno": "MARIANA ROCHA BARBOSA"
                },
                {
                    "codigo_aluno": "153(...)91",
                    "nome_aluno": "MARIANA SILVA DOS SANTOS"
                },
                {
                    "codigo_aluno": "303(...)53",
                    "nome_aluno": "MARTA CARVALHO ESTEVES"
                },
                {
                    "codigo_aluno": "302(...)08",
                    "nome_aluno": "MARTA MEDEIROS CABRAL"
                },
                {
                    "codigo_aluno": "306(...)60",
                    "nome_aluno": "MARTA PINHEIRO OLIVEIRA"
                },
                {
                    "codigo_aluno": "156(...)96",
                    "nome_aluno": "MATILDE AZEVEDO PALHAVÃ PEREIRA DOS SANTOS"
                },
                {
                    "codigo_aluno": "153(...)66",
                    "nome_aluno": "MATILDE BAPTISTA GOUVEIA FERNANDES"
                },
                {
                    "codigo_aluno": "154(...)07",
                    "nome_aluno": "MATILDE BARBOSA COSTA"
                },
                {
                    "codigo_aluno": "314(...)59",
                    "nome_aluno": "MATILDE MENDES SILVA"
                },
                {
                    "codigo_aluno": "152(...)05",
                    "nome_aluno": "MATILDE TEOPISTO ROQUE DE OLIVEIRA"
                },
                {
                    "codigo_aluno": "312(...)42",
                    "nome_aluno": "MÓNICA SOFIA MARTINS RIBEIRO"
                },
                {
                    "codigo_aluno": "309(...)57",
                    "nome_aluno": "NÁDIA MARIA MIMOSO SANTOS"
                },
                {
                    "codigo_aluno": "332(...)98",
                    "nome_aluno": "NATHAN MACHADO VAZ"
                },
                {
                    "codigo_aluno": "241(...)03",
                    "nome_aluno": "PEDRO HENRIQUE SOUSA MACIEL"
                },
                {
                    "codigo_aluno": "309(...)22",
                    "nome_aluno": "RENATA FILIPA MARQUES RIBEIRO"
                },
                {
                    "codigo_aluno": "309(...)21",
                    "nome_aluno": "RITA CORDEIRO MARTINS"
                },
                {
                    "codigo_aluno": "305(...)85",
                    "nome_aluno": "RITA MARIA CONSTANTINO BAPTISTA"
                },
                {
                    "codigo_aluno": "149(...)70",
                    "nome_aluno": "SABRINA MONIZ DUARTE"
                },
                {
                    "codigo_aluno": "306(...)43",
                    "nome_aluno": "SALVADOR BORGES PAULINO"
                },
                {
                    "codigo_aluno": "302(...)52",
                    "nome_aluno": "SARA DA SILVA ISABEL"
                },
                {
                    "codigo_aluno": "157(...)29",
                    "nome_aluno": "SARA NOBRE DA LUZ"
                },
                {
                    "codigo_aluno": "549(...)04",
                    "nome_aluno": "SÉRGIO TOMÁS DIAS"
                },
                {
                    "codigo_aluno": "309(...)80",
                    "nome_aluno": "SOFIA BARBOSA FONTELA"
                },
                {
                    "codigo_aluno": "151(...)92",
                    "nome_aluno": "SOFIA MARQUES CUSTÓDIO DIAS COELHO"
                },
                {
                    "codigo_aluno": "149(...)47",
                    "nome_aluno": "TATIANA MARISA DE BARROS SÉRVIO"
                },
                {
                    "codigo_aluno": "152(...)01",
                    "nome_aluno": "TERESA SOFIA BATISTA DE FREITAS MATEUS"
                },
                {
                    "codigo_aluno": "309(...)29",
                    "nome_aluno": "TIAGO ANDRÉ DA SILVA PIRES"
                },
                {
                    "codigo_aluno": "300(...)36",
                    "nome_aluno": "TOMÁS MARQUES DE SOUSA"
                },
                {
                    "codigo_aluno": "310(...)54",
                    "nome_aluno": "VERA HENRIQUES FERNANDES"
                },
                {
                    "codigo_aluno": "301(...)25",
                    "nome_aluno": "VERÓNICA MARIANO FERREIRA"
                }
            ]
        },
        {
            "codigo_curso": "9238",
            "nome_curso": "9238 - Serviço Social",
            "colocados": [
                {
                    "codigo_aluno": "303(...)67",
                    "nome_aluno": "ANA FILIPA AZEVEDO SOUSA"
                },
                {
                    "codigo_aluno": "152(...)63",
                    "nome_aluno": "ANA MARGARIDA MARQUES MADRUGA"
                },
                {
                    "codigo_aluno": "305(...)66",
                    "nome_aluno": "ANDREIA FILIPA PEDREIRA MOTA"
                },
                {
                    "codigo_aluno": "306(...)70",
                    "nome_aluno": "BÁRBARA NUNES MARQUES"
                },
                {
                    "codigo_aluno": "304(...)65",
                    "nome_aluno": "BEATRIZ MARQUES LOPES"
                },
                {
                    "codigo_aluno": "307(...)04",
                    "nome_aluno": "BEATRIZ PINTO DOS SANTOS"
                },
                {
                    "codigo_aluno": "308(...)23",
                    "nome_aluno": "BEATRIZ SILVA SANTOS"
                },
                {
                    "codigo_aluno": "159(...)08",
                    "nome_aluno": "CAROLINA RAMALHO JORDÃO"
                },
                {
                    "codigo_aluno": "301(...)05",
                    "nome_aluno": "CAROLINA RAQUEL DA SILVA PARDAL"
                },
                {
                    "codigo_aluno": "314(...)46",
                    "nome_aluno": "CATARINA KRAUSE RIBEIRO"
                },
                {
                    "codigo_aluno": "306(...)58",
                    "nome_aluno": "CLARA ANDRADE MARQUES"
                },
                {
                    "codigo_aluno": "159(...)74",
                    "nome_aluno": "ERICA DA COSTA FRANCISCO"
                },
                {
                    "codigo_aluno": "301(...)09",
                    "nome_aluno": "IARA MARGARIDA RAPOSEIRO CLARO"
                },
                {
                    "codigo_aluno": "309(...)31",
                    "nome_aluno": "INES DO VALE DANTAS"
                },
                {
                    "codigo_aluno": "301(...)49",
                    "nome_aluno": "INÊS GOMES ALVES"
                },
                {
                    "codigo_aluno": "155(...)21",
                    "nome_aluno": "INÊS RODRIGUES MOTA"
                },
                {
                    "codigo_aluno": "304(...)71",
                    "nome_aluno": "INÊS VELOSO SOUSA DE CASTRO"
                },
                {
                    "codigo_aluno": "154(...)69",
                    "nome_aluno": "LARA MARGARIDA PITA POCINHO"
                },
                {
                    "codigo_aluno": "300(...)41",
                    "nome_aluno": "LAURA FIGUEIREDO SIMÕES"
                },
                {
                    "codigo_aluno": "303(...)26",
                    "nome_aluno": "MARIA FERNANDES BARREIRA"
                },
                {
                    "codigo_aluno": "308(...)18",
                    "nome_aluno": "MARIA INÊS DE OLIVEIRA MATOS"
                },
                {
                    "codigo_aluno": "314(...)77",
                    "nome_aluno": "MARIA INÊS SAMPAIO DE ALMEIDA"
                },
                {
                    "codigo_aluno": "308(...)88",
                    "nome_aluno": "MARIA LEMOS SANTOS"
                },
                {
                    "codigo_aluno": "307(...)15",
                    "nome_aluno": "MARIANA SOFIA DE CARVALHO FIGUEIREDO"
                },
                {
                    "codigo_aluno": "304(...)36",
                    "nome_aluno": "MARIANA SOFIA MACHADO RAMALHO"
                },
                {
                    "codigo_aluno": "152(...)66",
                    "nome_aluno": "MARIANA VENTURA PEQUENO"
                },
                {
                    "codigo_aluno": "315(...)36",
                    "nome_aluno": "MARTA ISABEL SILVA COELHO"
                },
                {
                    "codigo_aluno": "155(...)64",
                    "nome_aluno": "MARTA PEREIRA SARAIVA COSTA"
                },
                {
                    "codigo_aluno": "315(...)89",
                    "nome_aluno": "MATILDE FERREIRA GONÇALVES ABREU PARREIRA"
                },
                {
                    "codigo_aluno": "240(...)05",
                    "nome_aluno": "NOA VANDAMME"
                },
                {
                    "codigo_aluno": "306(...)25",
                    "nome_aluno": "PATRICIA PEREIRA VASCONCELOS"
                },
                {
                    "codigo_aluno": "149(...)93",
                    "nome_aluno": "SANDRA SILVESTRE"
                },
                {
                    "codigo_aluno": "303(...)15",
                    "nome_aluno": "SOFIA ISABEL CAMISAO HENRIQUES"
                }
            ]
        }
    ]
}