{
    "codigo_universidade": "0508",
    "nome_universidade": "0508 - Universidade de Coimbra - Faculdade de Ciências do Desporto e Educação Física",
    "cursos": [
        {
            "codigo_curso": "9707",
            "nome_curso": "9707 - Ciências do Desporto",
            "colocados": [
                {
                    "codigo_aluno": "316(...)10",
                    "nome_aluno": "AFONSO DIAS DE CARVALHO"
                },
                {
                    "codigo_aluno": "151(...)67",
                    "nome_aluno": "AFONSO GOMES MARQUES MOTA PINTO"
                },
                {
                    "codigo_aluno": "151(...)81",
                    "nome_aluno": "AFONSO GUILHERME LOUREIRO ANSELMO"
                },
                {
                    "codigo_aluno": "317(...)60",
                    "nome_aluno": "AFONSO HENRIQUE TORRES DIAS"
                },
                {
                    "codigo_aluno": "305(...)21",
                    "nome_aluno": "AFONSO JOSÉ MARTINS CARVALHAL CARDOSO DE OLIVEIRA"
                },
                {
                    "codigo_aluno": "153(...)59",
                    "nome_aluno": "AFONSO MARIA GÂNDARA DO CARMO"
                },
                {
                    "codigo_aluno": "305(...)84",
                    "nome_aluno": "AFONSO MENDES SOARES"
                },
                {
                    "codigo_aluno": "154(...)40",
                    "nome_aluno": "AFONSO MIGUEL CARDOSO TEIXEIRA"
                },
                {
                    "codigo_aluno": "315(...)57",
                    "nome_aluno": "AFONSO MIGUEL CASAL ALMEIDA"
                },
                {
                    "codigo_aluno": "156(...)14",
                    "nome_aluno": "AFONSO MIGUEL ROMÃO COELHO"
                },
                {
                    "codigo_aluno": "314(...)38",
                    "nome_aluno": "AFONSO SOUSA MOURA DE FONSECA VINAGRE"
                },
                {
                    "codigo_aluno": "302(...)46",
                    "nome_aluno": "ALEXANDRE VENÂNCIO DE ABREU"
                },
                {
                    "codigo_aluno": "155(...)87",
                    "nome_aluno": "ANDRÉ MORAIS FERREIRA"
                },
                {
                    "codigo_aluno": "304(...)32",
                    "nome_aluno": "ANTÓNIO DANIEL GASPAR TEIXEIRA"
                },
                {
                    "codigo_aluno": "311(...)96",
                    "nome_aluno": "ANTÓNIO JOSÉ RAMALHO OLIVEIRA"
                },
                {
                    "codigo_aluno": "302(...)36",
                    "nome_aluno": "ANTÓNIO MIGUEL DA SILVA SALADA"
                },
                {
                    "codigo_aluno": "151(...)87",
                    "nome_aluno": "AXEL JÓNI CAMACHO"
                },
                {
                    "codigo_aluno": "154(...)87",
                    "nome_aluno": "BEATRIZ BARROS LEITE FERREIRA"
                },
                {
                    "codigo_aluno": "152(...)04",
                    "nome_aluno": "BEATRIZ SOFIA ALVES MARQUES"
                },
                {
                    "codigo_aluno": "312(...)29",
                    "nome_aluno": "BERNARDO NORONHA GOMES"
                },
                {
                    "codigo_aluno": "159(...)41",
                    "nome_aluno": "BIANCA LOUREIRO DE JESUS"
                },
                {
                    "codigo_aluno": "306(...)27",
                    "nome_aluno": "CÉSAR LOUREIRO DE OLIVEIRA"
                },
                {
                    "codigo_aluno": "318(...)35",
                    "nome_aluno": "DÂMASO LOPES ALVES"
                },
                {
                    "codigo_aluno": "154(...)21",
                    "nome_aluno": "DANIEL CANCELA AMORIM"
                },
                {
                    "codigo_aluno": "300(...)60",
                    "nome_aluno": "DANIEL DA CRUZ MARQUES"
                },
                {
                    "codigo_aluno": "152(...)86",
                    "nome_aluno": "DAVID CORREIA REIS"
                },
                {
                    "codigo_aluno": "304(...)36",
                    "nome_aluno": "DAVID MÃO DE FERRO BORGES"
                },
                {
                    "codigo_aluno": "300(...)39",
                    "nome_aluno": "DINIS MURATOV CARVALHO DE JESUS"
                },
                {
                    "codigo_aluno": "310(...)10",
                    "nome_aluno": "DIOGO ARAÚJO FERNANDES"
                },
                {
                    "codigo_aluno": "311(...)99",
                    "nome_aluno": "DIOGO DANTAS BOUÇÓS"
                },
                {
                    "codigo_aluno": "301(...)52",
                    "nome_aluno": "DIOGO ONOFRE ABREU"
                },
                {
                    "codigo_aluno": "308(...)47",
                    "nome_aluno": "DUARTE MARQUES DE ARAUJO"
                },
                {
                    "codigo_aluno": "153(...)25",
                    "nome_aluno": "EDGAR GOMES SANTOS"
                },
                {
                    "codigo_aluno": "314(...)47",
                    "nome_aluno": "EDUARDO LEAL CINTRA"
                },
                {
                    "codigo_aluno": "308(...)41",
                    "nome_aluno": "FERNANDO OLIVEIRA PEREIRA"
                },
                {
                    "codigo_aluno": "306(...)60",
                    "nome_aluno": "FRANCISCO DE ALMEIDA MARQUES LOPES CURVELO"
                },
                {
                    "codigo_aluno": "153(...)39",
                    "nome_aluno": "FRANCISCO JOSÉ ALHAIS LOURENÇO"
                },
                {
                    "codigo_aluno": "305(...)28",
                    "nome_aluno": "FRANCISCO MARIA FIGUEIREDO RISCADO"
                },
                {
                    "codigo_aluno": "305(...)01",
                    "nome_aluno": "GABRIEL FREIRE"
                },
                {
                    "codigo_aluno": "151(...)61",
                    "nome_aluno": "GABRIEL MONTEIRO SILVA TÁVORA DE MIRANDA"
                },
                {
                    "codigo_aluno": "314(...)10",
                    "nome_aluno": "GABRIELA COIMBRA DA SILVA"
                },
                {
                    "codigo_aluno": "308(...)66",
                    "nome_aluno": "GONÇALO ALEXANDRE MARTINS DA SILVA"
                },
                {
                    "codigo_aluno": "313(...)32",
                    "nome_aluno": "GONÇALO MIGUEL BRAZÃO TINOCO"
                },
                {
                    "codigo_aluno": "155(...)51",
                    "nome_aluno": "GUILHERME BASTOS PINHO"
                },
                {
                    "codigo_aluno": "309(...)73",
                    "nome_aluno": "GUILHERME DE MENESES VIDAL PAREDES"
                },
                {
                    "codigo_aluno": "310(...)94",
                    "nome_aluno": "GUILHERME MARQUES DE OLIVEIRA"
                },
                {
                    "codigo_aluno": "303(...)65",
                    "nome_aluno": "GUILHERME PEREIRA MELO"
                },
                {
                    "codigo_aluno": "309(...)83",
                    "nome_aluno": "GUILHERME ROSA MIRANDA"
                },
                {
                    "codigo_aluno": "301(...)33",
                    "nome_aluno": "GUILHERME SERENO DE MELO"
                },
                {
                    "codigo_aluno": "300(...)23",
                    "nome_aluno": "GUSTAVO JOSÉ TEIXEIRA PIRES"
                },
                {
                    "codigo_aluno": "240(...)10",
                    "nome_aluno": "HENDRIK VAN RIJ"
                },
                {
                    "codigo_aluno": "307(...)83",
                    "nome_aluno": "HENRIQUE PENA DA SILVA ALMEIDA DE ANTELO"
                },
                {
                    "codigo_aluno": "309(...)03",
                    "nome_aluno": "INÊS SOFIA JESUS RAMOS"
                },
                {
                    "codigo_aluno": "304(...)17",
                    "nome_aluno": "IVAN FRANCISCO VELOSO SOARES DE BRITO"
                },
                {
                    "codigo_aluno": "150(...)81",
                    "nome_aluno": "IVAN WILSON NABAIS BASTOS"
                },
                {
                    "codigo_aluno": "303(...)17",
                    "nome_aluno": "JOANA BEATRIZ RODRIGUES GONÇALVES"
                },
                {
                    "codigo_aluno": "151(...)39",
                    "nome_aluno": "JOÃO BERNARDO PESTANA DA SILVA"
                },
                {
                    "codigo_aluno": "305(...)81",
                    "nome_aluno": "JOÃO DIOGO FERNANDES BEATRIZ"
                },
                {
                    "codigo_aluno": "156(...)00",
                    "nome_aluno": "JOAO LUIS LOPES PEREIRA"
                },
                {
                    "codigo_aluno": "159(...)87",
                    "nome_aluno": "JOÃO PAULO PIRES DIAS"
                },
                {
                    "codigo_aluno": "315(...)72",
                    "nome_aluno": "JOÃO PEREIRA COELHO"
                },
                {
                    "codigo_aluno": "307(...)22",
                    "nome_aluno": "JÓNI IÚRI MAGALHÃES QUINTELA"
                },
                {
                    "codigo_aluno": "305(...)06",
                    "nome_aluno": "JOSE PEDRO SOUSA SIMOES"
                },
                {
                    "codigo_aluno": "304(...)40",
                    "nome_aluno": "JOSÉ RAFAEL TEIXEIRA FERNANDES"
                },
                {
                    "codigo_aluno": "153(...)96",
                    "nome_aluno": "LARA MARGARIDA QUEIRÓS MATOS"
                },
                {
                    "codigo_aluno": "306(...)28",
                    "nome_aluno": "LARA SANTOS GONÇALVES"
                },
                {
                    "codigo_aluno": "159(...)15",
                    "nome_aluno": "LEONOR FILIPA COUTO MENEZES"
                },
                {
                    "codigo_aluno": "155(...)34",
                    "nome_aluno": "LEONOR VERÍSSIMO FARIA"
                },
                {
                    "codigo_aluno": "150(...)75",
                    "nome_aluno": "LETICIA AMARAL MORAIS"
                },
                {
                    "codigo_aluno": "158(...)36",
                    "nome_aluno": "LILIANA LIMA ROCHA"
                },
                {
                    "codigo_aluno": "301(...)96",
                    "nome_aluno": "LOURENÇO FILIPE MELO"
                },
                {
                    "codigo_aluno": "159(...)30",
                    "nome_aluno": "LOURENCO SIMOES PINHEIRO REIS DOS SANTOS"
                },
                {
                    "codigo_aluno": "307(...)80",
                    "nome_aluno": "LUCAS DE ALMEIDA MARQUES"
                },
                {
                    "codigo_aluno": "321(...)79",
                    "nome_aluno": "LUIS FELIPE ARRUDA MARTINS"
                },
                {
                    "codigo_aluno": "305(...)30",
                    "nome_aluno": "LUIS RIBEIRO VAZ"
                },
                {
                    "codigo_aluno": "300(...)13",
                    "nome_aluno": "LUÍSA SOFIA CAVALEIRO GOMES"
                },
                {
                    "codigo_aluno": "305(...)89",
                    "nome_aluno": "MANUEL CONDE CRUZ"
                },
                {
                    "codigo_aluno": "153(...)67",
                    "nome_aluno": "MARIA LEONOR PEDRO RIBEIRO"
                },
                {
                    "codigo_aluno": "153(...)36",
                    "nome_aluno": "MARIANA MENDES MILAGAIA"
                },
                {
                    "codigo_aluno": "156(...)02",
                    "nome_aluno": "MARTIM AZEVEDO ALBINO"
                },
                {
                    "codigo_aluno": "306(...)73",
                    "nome_aluno": "MARTIM FERREIRA SILVA"
                },
                {
                    "codigo_aluno": "306(...)03",
                    "nome_aluno": "MARTIM RAFAEL BRANQUINHO RODRIGUES"
                },
                {
                    "codigo_aluno": "312(...)72",
                    "nome_aluno": "MARTIM SOARES SILVA"
                },
                {
                    "codigo_aluno": "240(...)12",
                    "nome_aluno": "MATHEUS ASFORA AMORIM CORREIA DE BARROS"
                },
                {
                    "codigo_aluno": "306(...)33",
                    "nome_aluno": "MATILDE DA SILVA PINTO"
                },
                {
                    "codigo_aluno": "302(...)35",
                    "nome_aluno": "MATILDE VIEIRA MARQUES"
                },
                {
                    "codigo_aluno": "305(...)15",
                    "nome_aluno": "MIGUEL CARAPETO VIEIRA"
                },
                {
                    "codigo_aluno": "309(...)71",
                    "nome_aluno": "MIGUEL CARVALHO PIRES"
                },
                {
                    "codigo_aluno": "306(...)72",
                    "nome_aluno": "MIGUEL FERNANDES OLIVEIRA"
                },
                {
                    "codigo_aluno": "305(...)74",
                    "nome_aluno": "MIGUEL JACOB FIGUEIRAS FREIRE"
                },
                {
                    "codigo_aluno": "157(...)13",
                    "nome_aluno": "MIGUEL JESUS PIMENTA"
                },
                {
                    "codigo_aluno": "159(...)67",
                    "nome_aluno": "MIGUEL MARTINS MAGALHÃES"
                },
                {
                    "codigo_aluno": "313(...)88",
                    "nome_aluno": "MIGUEL SAMPAIO VILAS BOAS CORREIA"
                },
                {
                    "codigo_aluno": "157(...)21",
                    "nome_aluno": "NÉLSON SIMÃO MOREIRA SILVA"
                },
                {
                    "codigo_aluno": "307(...)34",
                    "nome_aluno": "PAULO MOTOVILSKA YULDASHEV"
                },
                {
                    "codigo_aluno": "152(...)25",
                    "nome_aluno": "PEDRO DE SOUSA RODRIGUES"
                },
                {
                    "codigo_aluno": "308(...)97",
                    "nome_aluno": "PEDRO FREIRE JOAQUIM"
                },
                {
                    "codigo_aluno": "150(...)43",
                    "nome_aluno": "PEDRO LUCAS SOUSA SERRA"
                },
                {
                    "codigo_aluno": "309(...)18",
                    "nome_aluno": "PEDRO MARTINS SANTIAGO"
                },
                {
                    "codigo_aluno": "311(...)68",
                    "nome_aluno": "PEDRO MIGUEL SIMÕES JÚLIO"
                },
                {
                    "codigo_aluno": "309(...)37",
                    "nome_aluno": "RAFAEL PINTO ZENHA"
                },
                {
                    "codigo_aluno": "314(...)13",
                    "nome_aluno": "RAQUEL MOREIRA DUARTE"
                },
                {
                    "codigo_aluno": "306(...)51",
                    "nome_aluno": "RICARDO RAINHO DA SILVA"
                },
                {
                    "codigo_aluno": "159(...)65",
                    "nome_aluno": "RODRIGO ALEXANDRE PIRES ALVES"
                },
                {
                    "codigo_aluno": "301(...)41",
                    "nome_aluno": "RODRIGO MATOS ALMEIDA"
                },
                {
                    "codigo_aluno": "301(...)07",
                    "nome_aluno": "RODRIGO MIGUEL MORENO DE ALMEIDA"
                },
                {
                    "codigo_aluno": "306(...)62",
                    "nome_aluno": "RUBEN ANDRE DA SILVA AMARAL"
                },
                {
                    "codigo_aluno": "304(...)15",
                    "nome_aluno": "SÁRIO LIMA ALVES"
                },
                {
                    "codigo_aluno": "312(...)21",
                    "nome_aluno": "SILVANA FIGUEIREDO CABRAL"
                },
                {
                    "codigo_aluno": "159(...)57",
                    "nome_aluno": "SIMÃO ALMEIDA NEVES"
                },
                {
                    "codigo_aluno": "157(...)51",
                    "nome_aluno": "SIMÃO CÂMARA DA SILVA"
                },
                {
                    "codigo_aluno": "309(...)50",
                    "nome_aluno": "SIMÃO CARVALHO PEREIRA"
                },
                {
                    "codigo_aluno": "156(...)94",
                    "nome_aluno": "SIMÃO PEDRO ALVES VIEIRA"
                },
                {
                    "codigo_aluno": "157(...)34",
                    "nome_aluno": "SIMÃO PORTUGAL REBELO FONSECA"
                },
                {
                    "codigo_aluno": "303(...)85",
                    "nome_aluno": "SOFIA NORONHA LOUREIRO"
                },
                {
                    "codigo_aluno": "303(...)72",
                    "nome_aluno": "TELMO COSTA VINAGRE"
                },
                {
                    "codigo_aluno": "305(...)53",
                    "nome_aluno": "TELMO MIGUEL CANHA FRANCISCO SANTOS"
                },
                {
                    "codigo_aluno": "159(...)31",
                    "nome_aluno": "TOMÁS MAIA LOMBA"
                },
                {
                    "codigo_aluno": "301(...)86",
                    "nome_aluno": "TOMÁS MARIA DE OLIVEIRA SANTOS E PONTE MACHADO"
                },
                {
                    "codigo_aluno": "306(...)51",
                    "nome_aluno": "TOMÁS MONIZ FRAZÃO TAVARES CABRAL"
                },
                {
                    "codigo_aluno": "156(...)54",
                    "nome_aluno": "TOMÁS TEIXEIRA BARBOSA"
                },
                {
                    "codigo_aluno": "149(...)79",
                    "nome_aluno": "TOMÁS VIEIRA ALMADA"
                },
                {
                    "codigo_aluno": "306(...)72",
                    "nome_aluno": "VICENTE CANCELA DE AMORIM FIRMO CORTESÃO"
                }
            ]
        }
    ]
}