{
    "codigo_universidade": "1204",
    "nome_universidade": "1204 - Universidade de Trás-os-Montes e Alto Douro - Escola de Ciências da Vida e do Ambiente",
    "cursos": [
        {
            "codigo_curso": "9540",
            "nome_curso": "9540 - Bioengenharia",
            "colocados": [
                {
                    "codigo_aluno": "304(...)94",
                    "nome_aluno": "ADRIANA MACEDO SOUSA"
                },
                {
                    "codigo_aluno": "304(...)94",
                    "nome_aluno": "ANA ALICE AZEVEDO BARROS"
                },
                {
                    "codigo_aluno": "303(...)24",
                    "nome_aluno": "ANA MARGARIDA FILES ABREU"
                },
                {
                    "codigo_aluno": "158(...)30",
                    "nome_aluno": "BEATRIZ COSTA LOPES"
                },
                {
                    "codigo_aluno": "312(...)12",
                    "nome_aluno": "CAROLINA JOSÉ SIMÕES CARREIRA"
                },
                {
                    "codigo_aluno": "305(...)89",
                    "nome_aluno": "CLÁUDIA MANSO ELIAS"
                },
                {
                    "codigo_aluno": "312(...)30",
                    "nome_aluno": "DANIEL FILIPE MOREIRA COELHO"
                },
                {
                    "codigo_aluno": "153(...)31",
                    "nome_aluno": "DIOGO SAMUEL DA CUNHA LAMAS"
                },
                {
                    "codigo_aluno": "308(...)28",
                    "nome_aluno": "EVA MACIEL PASCOAL"
                },
                {
                    "codigo_aluno": "159(...)59",
                    "nome_aluno": "HUGO ANDRÉ LOPES CLEMENTE"
                },
                {
                    "codigo_aluno": "158(...)91",
                    "nome_aluno": "IARA SOUSA FABIÃO"
                },
                {
                    "codigo_aluno": "155(...)55",
                    "nome_aluno": "INÊS DINIZ DRAGÃO GOMES"
                },
                {
                    "codigo_aluno": "152(...)40",
                    "nome_aluno": "INÊS LEONOR CÂMARA MARTINS"
                },
                {
                    "codigo_aluno": "153(...)74",
                    "nome_aluno": "JOANA CAROLINA LEAL MARTINS E MARTINS"
                },
                {
                    "codigo_aluno": "306(...)55",
                    "nome_aluno": "JULIANA NUNES BRIGA"
                },
                {
                    "codigo_aluno": "306(...)08",
                    "nome_aluno": "RUI JORGE COSTA RIBEIRO"
                },
                {
                    "codigo_aluno": "156(...)07",
                    "nome_aluno": "SARA GANDÁ BESSA"
                },
                {
                    "codigo_aluno": "308(...)40",
                    "nome_aluno": "TOMÁS CHAVES VALE DAS NEVES"
                },
                {
                    "codigo_aluno": "307(...)85",
                    "nome_aluno": "TOMÁS VALENTE CARDOSO E SOUSA"
                }
            ]
        },
        {
            "codigo_curso": "9011",
            "nome_curso": "9011 - Biologia",
            "colocados": [
                {
                    "codigo_aluno": "309(...)19",
                    "nome_aluno": "ANA CATARINA DOS SANTOS ALVES"
                },
                {
                    "codigo_aluno": "305(...)57",
                    "nome_aluno": "ANA FILIPA GUEDES LOPES"
                },
                {
                    "codigo_aluno": "309(...)69",
                    "nome_aluno": "ANA MARGARIDA VALENTE PINHO"
                },
                {
                    "codigo_aluno": "311(...)07",
                    "nome_aluno": "ANDRÉ MARIZ ERVALHO SERRA"
                },
                {
                    "codigo_aluno": "155(...)85",
                    "nome_aluno": "BRUNA VIEIRA DE AZEVEDO FERREIRA"
                },
                {
                    "codigo_aluno": "307(...)44",
                    "nome_aluno": "BRUNO FILIPE GONCALVES CARDOSO"
                },
                {
                    "codigo_aluno": "301(...)95",
                    "nome_aluno": "CAROLINA PEREIRA RIBEIRINHO"
                },
                {
                    "codigo_aluno": "153(...)01",
                    "nome_aluno": "CATARINA CALDEIRA PEREIRA"
                },
                {
                    "codigo_aluno": "309(...)39",
                    "nome_aluno": "DIOGO DA SILVA PEREIRA"
                },
                {
                    "codigo_aluno": "157(...)85",
                    "nome_aluno": "GABRIELA FERNANDES TEIXEIRA"
                },
                {
                    "codigo_aluno": "309(...)73",
                    "nome_aluno": "GONÇALO JOSÉ ALVES TEIXEIRA"
                },
                {
                    "codigo_aluno": "152(...)69",
                    "nome_aluno": "GONÇALO MACEDO NEVES DE VILAÇA LÉLIS"
                },
                {
                    "codigo_aluno": "313(...)62",
                    "nome_aluno": "INÊS DE CASTRO FERNANDES"
                },
                {
                    "codigo_aluno": "159(...)70",
                    "nome_aluno": "INÊS SILVA RODRIGUES ARAÚJO"
                },
                {
                    "codigo_aluno": "303(...)84",
                    "nome_aluno": "JOANA FRANCISCA MOREIRA RIBEIRO"
                },
                {
                    "codigo_aluno": "306(...)85",
                    "nome_aluno": "JOÃO GUILHERME MENDES PAIVA COSTA"
                },
                {
                    "codigo_aluno": "158(...)58",
                    "nome_aluno": "JOÃO PEDRO MACHADO GOMES"
                },
                {
                    "codigo_aluno": "302(...)01",
                    "nome_aluno": "LAURA CRISTO FERNANDES"
                },
                {
                    "codigo_aluno": "304(...)13",
                    "nome_aluno": "LEONOR DA SILVA TEIXEIRA"
                },
                {
                    "codigo_aluno": "159(...)50",
                    "nome_aluno": "LUANA DANIELA SOARES COSTA"
                },
                {
                    "codigo_aluno": "158(...)61",
                    "nome_aluno": "MADALENA FILIPA FERNANDES DA SILVA"
                },
                {
                    "codigo_aluno": "152(...)18",
                    "nome_aluno": "MARGARIDA DOS REIS GOMES"
                },
                {
                    "codigo_aluno": "306(...)65",
                    "nome_aluno": "MARIA DE FÁTIMA PORTELA GOMES"
                },
                {
                    "codigo_aluno": "302(...)95",
                    "nome_aluno": "MARIANA DA SILVA COSTA"
                },
                {
                    "codigo_aluno": "307(...)63",
                    "nome_aluno": "MATILDE FURTADO ALEIXO PEREIRA RODRIGUES"
                },
                {
                    "codigo_aluno": "309(...)16",
                    "nome_aluno": "MELISSA SANTOS CORUJO"
                },
                {
                    "codigo_aluno": "240(...)01",
                    "nome_aluno": "NALANDA CORRÊA FERNANDES"
                },
                {
                    "codigo_aluno": "307(...)19",
                    "nome_aluno": "NUNO RAFAEL FIGUEIREDO LEMOS"
                },
                {
                    "codigo_aluno": "309(...)31",
                    "nome_aluno": "PEDRO AFONSO CORREIA DA SILVA SANTOS"
                },
                {
                    "codigo_aluno": "310(...)34",
                    "nome_aluno": "RAFAELA ALEXANDRA FERREIRA DE CARVALHO"
                },
                {
                    "codigo_aluno": "157(...)70",
                    "nome_aluno": "RODRIGO MARTINS CAMARA"
                },
                {
                    "codigo_aluno": "301(...)82",
                    "nome_aluno": "ROSA MADALENA LOUSADA RIBEIRO"
                },
                {
                    "codigo_aluno": "309(...)33",
                    "nome_aluno": "RÚBEN FILIPE DA COSTA CARVALHO"
                },
                {
                    "codigo_aluno": "305(...)41",
                    "nome_aluno": "SORAIA ALVES REI"
                },
                {
                    "codigo_aluno": "306(...)65",
                    "nome_aluno": "TERESA MALHEIRO SARMENTO RODRIGUES MELIM"
                }
            ]
        },
        {
            "codigo_curso": "9012",
            "nome_curso": "9012 - Biologia e Geologia",
            "colocados": [
                {
                    "codigo_aluno": "310(...)84",
                    "nome_aluno": "ALEXANDRE EDUARDO TELES DIAS"
                },
                {
                    "codigo_aluno": "304(...)86",
                    "nome_aluno": "BÁRBARA SILVA OLIVEIRA"
                },
                {
                    "codigo_aluno": "303(...)01",
                    "nome_aluno": "CAROLINA MARIA SILVA CUNHA"
                },
                {
                    "codigo_aluno": "302(...)72",
                    "nome_aluno": "GABRIELA DA COSTA MOURA"
                },
                {
                    "codigo_aluno": "309(...)94",
                    "nome_aluno": "INES DOS SANTOS FERREIRA"
                },
                {
                    "codigo_aluno": "309(...)39",
                    "nome_aluno": "LUÍS MIGUEL FARIA ALVES"
                },
                {
                    "codigo_aluno": "300(...)57",
                    "nome_aluno": "MARGARIDA AZEVEDO DA SILVA"
                },
                {
                    "codigo_aluno": "158(...)23",
                    "nome_aluno": "MARGARIDA FERREIRA DE SOUSA"
                },
                {
                    "codigo_aluno": "148(...)61",
                    "nome_aluno": "XAVIER AMARO JERONIMO"
                }
            ]
        },
        {
            "codigo_curso": "9015",
            "nome_curso": "9015 - Bioquímica",
            "colocados": [
                {
                    "codigo_aluno": "301(...)50",
                    "nome_aluno": "AFONSO TEIXEIRA MARINHO"
                },
                {
                    "codigo_aluno": "309(...)19",
                    "nome_aluno": "ANTÓNIO TOMÁS MARTINS DA SILVA LUZ"
                },
                {
                    "codigo_aluno": "156(...)18",
                    "nome_aluno": "BRUNA FIGUEIREDO OLIVEIRA"
                },
                {
                    "codigo_aluno": "308(...)40",
                    "nome_aluno": "DANIELA FILIPA MAGALHÃES PIRES"
                },
                {
                    "codigo_aluno": "153(...)93",
                    "nome_aluno": "DAVID OLIVEIRA MARQUES"
                },
                {
                    "codigo_aluno": "242(...)03",
                    "nome_aluno": "DELFIVANIA CLEA JOSÉ E SILVA"
                },
                {
                    "codigo_aluno": "300(...)50",
                    "nome_aluno": "DIOGO GABRIEL ALVES COSTA"
                },
                {
                    "codigo_aluno": "309(...)80",
                    "nome_aluno": "FRANCISCO CARVALHO TIMÓTEO"
                },
                {
                    "codigo_aluno": "304(...)28",
                    "nome_aluno": "GABRIELA MARTINS TODO BOM"
                },
                {
                    "codigo_aluno": "301(...)10",
                    "nome_aluno": "GONÇALO JOSÉ FREITAS GONÇALVES"
                },
                {
                    "codigo_aluno": "152(...)86",
                    "nome_aluno": "GUILHERME FERNANDES DAMASCENO"
                },
                {
                    "codigo_aluno": "306(...)82",
                    "nome_aluno": "HUGO DANIEL SOUSA DE ALMEIDA"
                },
                {
                    "codigo_aluno": "154(...)16",
                    "nome_aluno": "INÊS SILVA ROCHA FERREIRA"
                },
                {
                    "codigo_aluno": "159(...)99",
                    "nome_aluno": "INÊS VIANA CLARO"
                },
                {
                    "codigo_aluno": "156(...)34",
                    "nome_aluno": "JOANA MARGARIDA AZEVEDO CRUZ"
                },
                {
                    "codigo_aluno": "305(...)02",
                    "nome_aluno": "JOELA MARGARIDA HENRIQUES MAGALHÃES"
                },
                {
                    "codigo_aluno": "309(...)29",
                    "nome_aluno": "JULIANA FERNANDA DA SILVA GOMES"
                },
                {
                    "codigo_aluno": "310(...)83",
                    "nome_aluno": "JULIETA CAROLINA PIO TEIXEIRA"
                },
                {
                    "codigo_aluno": "302(...)72",
                    "nome_aluno": "LAURA MARINHO GONÇALVES"
                },
                {
                    "codigo_aluno": "159(...)45",
                    "nome_aluno": "LEANDRO RODRIGUES DE SOUSA"
                },
                {
                    "codigo_aluno": "303(...)22",
                    "nome_aluno": "LEONOR ARAÚJO CAÇOILO"
                },
                {
                    "codigo_aluno": "309(...)72",
                    "nome_aluno": "LEONOR FERNANDES MACHADO"
                },
                {
                    "codigo_aluno": "307(...)98",
                    "nome_aluno": "LEONOR FRAGA DOS REIS SARABUGA"
                },
                {
                    "codigo_aluno": "153(...)54",
                    "nome_aluno": "LEONOR PAULA MACHADO CRUZ"
                },
                {
                    "codigo_aluno": "302(...)08",
                    "nome_aluno": "LUA MARIA GIL AFONSO"
                },
                {
                    "codigo_aluno": "306(...)87",
                    "nome_aluno": "LUANA BEATRIZ GOMES COSTA"
                },
                {
                    "codigo_aluno": "305(...)15",
                    "nome_aluno": "LUÍS ANDRÉ PEREIRA PINTO"
                },
                {
                    "codigo_aluno": "307(...)06",
                    "nome_aluno": "LUIS ANTÓNIO CARVALHO LARANJEIRA"
                },
                {
                    "codigo_aluno": "306(...)27",
                    "nome_aluno": "LUTGARDA GUIOMAR BRANDÃO AMARAL DE SEIXAS CHANTRE"
                },
                {
                    "codigo_aluno": "152(...)24",
                    "nome_aluno": "MAFALDA FILIPA MATEUS FÉLIX POINHOS"
                },
                {
                    "codigo_aluno": "301(...)24",
                    "nome_aluno": "MARIA DA SILVA PINTO"
                },
                {
                    "codigo_aluno": "154(...)78",
                    "nome_aluno": "MARIA INÊS DA SILVA OLIVEIRA"
                },
                {
                    "codigo_aluno": "159(...)77",
                    "nome_aluno": "MARIA JOÃO PEREIRA GONÇALVES"
                },
                {
                    "codigo_aluno": "306(...)15",
                    "nome_aluno": "MARIA SILVA SOUSA"
                },
                {
                    "codigo_aluno": "151(...)65",
                    "nome_aluno": "MARIANA LEAL RIBEIRO"
                },
                {
                    "codigo_aluno": "308(...)88",
                    "nome_aluno": "MARIANA MARINHO DA COSTA"
                },
                {
                    "codigo_aluno": "309(...)14",
                    "nome_aluno": "MARIANA PEREIRA MENEZES"
                },
                {
                    "codigo_aluno": "153(...)87",
                    "nome_aluno": "MATILDE NOGUEIRA DA COSTA ALVES"
                },
                {
                    "codigo_aluno": "316(...)36",
                    "nome_aluno": "PAULA ISABEL CARNEIRO MAGALHÃES"
                },
                {
                    "codigo_aluno": "315(...)70",
                    "nome_aluno": "PEDRO ANTÓNIO MARTINS REBELO"
                },
                {
                    "codigo_aluno": "308(...)44",
                    "nome_aluno": "RAFAEL GONÇALVES CARVALHO"
                },
                {
                    "codigo_aluno": "313(...)37",
                    "nome_aluno": "RAQUEL CORREIA AMARAL"
                },
                {
                    "codigo_aluno": "158(...)84",
                    "nome_aluno": "REGINA BEATRIZ SILVA SANTOS"
                },
                {
                    "codigo_aluno": "154(...)54",
                    "nome_aluno": "RODRIGO FERREIRA RODRIGUES"
                },
                {
                    "codigo_aluno": "309(...)40",
                    "nome_aluno": "RUI PEDRO MESQUITA DOMINGUES"
                },
                {
                    "codigo_aluno": "311(...)26",
                    "nome_aluno": "SERGIO HENRIQUE BARBOSA PINHEIRO"
                },
                {
                    "codigo_aluno": "155(...)45",
                    "nome_aluno": "SHANA PEREIRA"
                },
                {
                    "codigo_aluno": "313(...)42",
                    "nome_aluno": "SOFIA DE SOUSA PEREIRA"
                },
                {
                    "codigo_aluno": "310(...)03",
                    "nome_aluno": "SORAIA DANIELA PINTO BESSA"
                },
                {
                    "codigo_aluno": "309(...)23",
                    "nome_aluno": "TIAGO ARAÚJO SOUSA"
                },
                {
                    "codigo_aluno": "305(...)65",
                    "nome_aluno": "TIAGO JORGE SOARES SAMPAIO"
                }
            ]
        },
        {
            "codigo_curso": "9351",
            "nome_curso": "9351 - Ciências Biomédicas",
            "colocados": [
                {
                    "codigo_aluno": "309(...)71",
                    "nome_aluno": "ALEXANDRA MANUELA TEIXEIRA RIBEIRO"
                },
                {
                    "codigo_aluno": "303(...)62",
                    "nome_aluno": "ANA FRANCISCA FREITAS DA SILVA"
                },
                {
                    "codigo_aluno": "154(...)79",
                    "nome_aluno": "ANA MARGARIDA RIBEIRO LOPES"
                },
                {
                    "codigo_aluno": "155(...)07",
                    "nome_aluno": "ANITA CUNHA MARTINS"
                },
                {
                    "codigo_aluno": "154(...)22",
                    "nome_aluno": "BERNARDO FIGUEIRÔA DE SOUSA LOBO DOS SANTOS"
                },
                {
                    "codigo_aluno": "309(...)26",
                    "nome_aluno": "BERNARDO PEREIRA DE CARVALHO"
                },
                {
                    "codigo_aluno": "313(...)91",
                    "nome_aluno": "BRUNO MIGUEL FERNANDES TELES"
                },
                {
                    "codigo_aluno": "310(...)19",
                    "nome_aluno": "CARLA CAPELA DOMINGUES"
                },
                {
                    "codigo_aluno": "156(...)83",
                    "nome_aluno": "CATARINA ISABEL DA ROCHA MIRANDA"
                },
                {
                    "codigo_aluno": "309(...)97",
                    "nome_aluno": "CLÁUDIA BEATRIZ RIBEIRO LEITE"
                },
                {
                    "codigo_aluno": "306(...)30",
                    "nome_aluno": "DANIEL JOSÉ PEREIRA CABRAL"
                },
                {
                    "codigo_aluno": "318(...)53",
                    "nome_aluno": "DASHA SMERTINA"
                },
                {
                    "codigo_aluno": "153(...)67",
                    "nome_aluno": "DIANA DOS INOCENTES BRAGA"
                },
                {
                    "codigo_aluno": "306(...)65",
                    "nome_aluno": "DIANA GOMES DINIS"
                },
                {
                    "codigo_aluno": "309(...)16",
                    "nome_aluno": "DIANA SOARES CAPITÃO"
                },
                {
                    "codigo_aluno": "309(...)85",
                    "nome_aluno": "DIOGO CASIMIRO BAPTISTA"
                },
                {
                    "codigo_aluno": "316(...)45",
                    "nome_aluno": "FRANCISCA ALEXANDRA RIBEIRO DOS SANTOS"
                },
                {
                    "codigo_aluno": "306(...)13",
                    "nome_aluno": "GABRIEL SILVA GUEDES"
                },
                {
                    "codigo_aluno": "329(...)28",
                    "nome_aluno": "IHOR RATUSHNYI"
                },
                {
                    "codigo_aluno": "156(...)96",
                    "nome_aluno": "INÊS DIAS GARCIA"
                },
                {
                    "codigo_aluno": "316(...)37",
                    "nome_aluno": "INÊS PEREIRA SEQUEIRA"
                },
                {
                    "codigo_aluno": "309(...)70",
                    "nome_aluno": "IRIS LEMOS LOPES"
                },
                {
                    "codigo_aluno": "301(...)67",
                    "nome_aluno": "JOANA FILIPA ALVES VENTURA"
                },
                {
                    "codigo_aluno": "303(...)56",
                    "nome_aluno": "JOANA NUNES FERREIRA"
                },
                {
                    "codigo_aluno": "300(...)41",
                    "nome_aluno": "JOÃO MANUEL LEAL PIRES DA SILVA RIBEIRO"
                },
                {
                    "codigo_aluno": "306(...)54",
                    "nome_aluno": "JOÃO MIGUEL MORAIS PIMENTA"
                },
                {
                    "codigo_aluno": "310(...)38",
                    "nome_aluno": "JULIANA HENRIQUES DE SÁ"
                },
                {
                    "codigo_aluno": "316(...)83",
                    "nome_aluno": "LARA BEATRIZ MARTINS MONTEIRO"
                },
                {
                    "codigo_aluno": "156(...)03",
                    "nome_aluno": "LARA MAISA DIAS FERREIRA"
                },
                {
                    "codigo_aluno": "306(...)74",
                    "nome_aluno": "MARIA CAROLINA CARVALHO PINTO"
                },
                {
                    "codigo_aluno": "240(...)08",
                    "nome_aluno": "MARIA CLARA TEIXEIRA DIAS"
                },
                {
                    "codigo_aluno": "152(...)41",
                    "nome_aluno": "MARIA INÊS GONÇALVES DE JESUS"
                },
                {
                    "codigo_aluno": "305(...)87",
                    "nome_aluno": "MARIANA TORRES FREITAS"
                },
                {
                    "codigo_aluno": "306(...)30",
                    "nome_aluno": "MARTA FERREIRA NUNES"
                },
                {
                    "codigo_aluno": "156(...)84",
                    "nome_aluno": "RAFAEL MENDES OLIVEIRA"
                },
                {
                    "codigo_aluno": "153(...)26",
                    "nome_aluno": "RENATA DE SOUSA ANDRADE FERREIRA"
                },
                {
                    "codigo_aluno": "151(...)98",
                    "nome_aluno": "RITA MIGUEL RAMOS CORREIA"
                },
                {
                    "codigo_aluno": "153(...)58",
                    "nome_aluno": "ZARA RIBEIRO BARROS FENA SAMPAIO"
                }
            ]
        },
        {
            "codigo_curso": "9554",
            "nome_curso": "9554 - Ciências da Nutrição",
            "colocados": [
                {
                    "codigo_aluno": "304(...)69",
                    "nome_aluno": "ANA ALMEIDA ESTEVES"
                },
                {
                    "codigo_aluno": "304(...)63",
                    "nome_aluno": "ANA CAROLINA FERREIRA PAIVA"
                },
                {
                    "codigo_aluno": "306(...)61",
                    "nome_aluno": "ANA CATARINA SIL OCHOA PIMENTEL FERNANDES"
                },
                {
                    "codigo_aluno": "302(...)38",
                    "nome_aluno": "ANA FILIPA SANTOS FERREIRA"
                },
                {
                    "codigo_aluno": "309(...)12",
                    "nome_aluno": "ANA LÚCIA FONSECA E CUNHA"
                },
                {
                    "codigo_aluno": "148(...)36",
                    "nome_aluno": "ANDRE MANUEL CARDOSO RODRIGUES"
                },
                {
                    "codigo_aluno": "312(...)73",
                    "nome_aluno": "ARMANDO JÚNIO COSTA DOURO DE CARVALHO"
                },
                {
                    "codigo_aluno": "306(...)58",
                    "nome_aluno": "BEATRIZ PEREIRA AFONSO"
                },
                {
                    "codigo_aluno": "314(...)96",
                    "nome_aluno": "BEATRIZ SILVA MOREIRA"
                },
                {
                    "codigo_aluno": "311(...)79",
                    "nome_aluno": "BEBIANA LETÍCIA MOREIRA CARDOSO"
                },
                {
                    "codigo_aluno": "307(...)74",
                    "nome_aluno": "CARLOS DANIEL TEIXEIRA PEREIRA"
                },
                {
                    "codigo_aluno": "240(...)02",
                    "nome_aluno": "CRISTINA LI"
                },
                {
                    "codigo_aluno": "153(...)29",
                    "nome_aluno": "EDUARDA AFONSO SILVA COSTA"
                },
                {
                    "codigo_aluno": "308(...)39",
                    "nome_aluno": "FILIPA RAQUEL NUNES TEIXEIRA"
                },
                {
                    "codigo_aluno": "309(...)25",
                    "nome_aluno": "FRANCISCO AFONSO CAMBÃO DE SOUSA"
                },
                {
                    "codigo_aluno": "155(...)29",
                    "nome_aluno": "GABRIELA CARINA MACHADO DA SILVA"
                },
                {
                    "codigo_aluno": "308(...)11",
                    "nome_aluno": "INÊS CAROLINA MOURA GONÇALVES"
                },
                {
                    "codigo_aluno": "306(...)70",
                    "nome_aluno": "INÊS DA COSTA PIPA REGUENGO"
                },
                {
                    "codigo_aluno": "300(...)83",
                    "nome_aluno": "JACINTA MARIANA DURÃES QUEIRÓS"
                },
                {
                    "codigo_aluno": "309(...)53",
                    "nome_aluno": "JORGE HENRIQUE CUNHA SILVA"
                },
                {
                    "codigo_aluno": "312(...)38",
                    "nome_aluno": "JORGE MIGUEL BARBOSA E SOUSA"
                },
                {
                    "codigo_aluno": "316(...)74",
                    "nome_aluno": "LARA BEATRIZ DA SILVA CAMPOS"
                },
                {
                    "codigo_aluno": "154(...)26",
                    "nome_aluno": "LARA BEATRIZ MARTINS DA CUNHA"
                },
                {
                    "codigo_aluno": "308(...)02",
                    "nome_aluno": "LEONOR RODRIGUES LEITE PEREIRA"
                },
                {
                    "codigo_aluno": "307(...)73",
                    "nome_aluno": "LETICIA BRITO ARAÚJO"
                },
                {
                    "codigo_aluno": "305(...)16",
                    "nome_aluno": "LETÍCIA FILIPA SANTOS FERNANDES"
                },
                {
                    "codigo_aluno": "307(...)73",
                    "nome_aluno": "MARIA AZEVEDO DUARTE"
                },
                {
                    "codigo_aluno": "307(...)26",
                    "nome_aluno": "MARIA SOUSA CARVALHO"
                },
                {
                    "codigo_aluno": "316(...)15",
                    "nome_aluno": "MARIANA SERRA MARQUES"
                },
                {
                    "codigo_aluno": "305(...)69",
                    "nome_aluno": "MÓNICA SOFIA FARIA FERNANDES"
                },
                {
                    "codigo_aluno": "156(...)76",
                    "nome_aluno": "NUNO MARTINHO GOMES"
                },
                {
                    "codigo_aluno": "156(...)14",
                    "nome_aluno": "PATRÍCIA MARTINS COELHO BIZARRO"
                },
                {
                    "codigo_aluno": "154(...)93",
                    "nome_aluno": "PEDRO MIGUEL CORREIA LAMEIRÃO"
                },
                {
                    "codigo_aluno": "240(...)20",
                    "nome_aluno": "RAFAEL CAMPELLO FERRARI"
                },
                {
                    "codigo_aluno": "309(...)81",
                    "nome_aluno": "RAFAELA SOFIA GONÇALVES FERREIRA"
                },
                {
                    "codigo_aluno": "302(...)20",
                    "nome_aluno": "RITA LOPES ALMEIDA"
                },
                {
                    "codigo_aluno": "307(...)09",
                    "nome_aluno": "SARA FILIPA LOPES UVALDO"
                },
                {
                    "codigo_aluno": "158(...)42",
                    "nome_aluno": "SOFIA VALENTINA FERNANDES DE ABREU"
                },
                {
                    "codigo_aluno": "315(...)44",
                    "nome_aluno": "TIAGO ANDRÉ RAMOS CAPELA PINTO"
                },
                {
                    "codigo_aluno": "300(...)76",
                    "nome_aluno": "TIAGO FILIPE COSTA DA SILVA LUIS"
                },
                {
                    "codigo_aluno": "314(...)53",
                    "nome_aluno": "TOMAS DA FONSECA RIBEIRO"
                },
                {
                    "codigo_aluno": "300(...)42",
                    "nome_aluno": "VÍTOR GONÇALO CARVALHO COELHO"
                }
            ]
        },
        {
            "codigo_curso": "9379",
            "nome_curso": "9379 - Ciências do Ambiente",
            "colocados": [
                {
                    "codigo_aluno": "312(...)51",
                    "nome_aluno": "ANA BEATRIZ SILVA CASTRO"
                },
                {
                    "codigo_aluno": "314(...)61",
                    "nome_aluno": "GABRIEL GASPAR ARAÚJO"
                },
                {
                    "codigo_aluno": "307(...)40",
                    "nome_aluno": "HUGO FERNANDES SILVA SANTOS"
                },
                {
                    "codigo_aluno": "308(...)02",
                    "nome_aluno": "MÁRCIO MARTINS SANTOS"
                },
                {
                    "codigo_aluno": "152(...)14",
                    "nome_aluno": "MARIA FRANCISCA VIEIRA GUEDES"
                },
                {
                    "codigo_aluno": "159(...)23",
                    "nome_aluno": "MARTIM DE CASTRO RAPOSO BARBOSA DA ROCHA"
                },
                {
                    "codigo_aluno": "151(...)92",
                    "nome_aluno": "NUNO DA FONTE LOURENÇO"
                },
                {
                    "codigo_aluno": "154(...)35",
                    "nome_aluno": "RUI MIGUEL RIBAS LEAL"
                },
                {
                    "codigo_aluno": "309(...)31",
                    "nome_aluno": "RUI PEDRO FERNANDES DUARTE"
                },
                {
                    "codigo_aluno": "310(...)64",
                    "nome_aluno": "RUI PEDRO VIEIRA DE CASTRO PINTO DE MADUREIRA"
                },
                {
                    "codigo_aluno": "307(...)02",
                    "nome_aluno": "SAMI MAHMOUD DE CAMPOS SAWAFTA"
                }
            ]
        },
        {
            "codigo_curso": "9707",
            "nome_curso": "9707 - Ciências do Desporto",
            "colocados": [
                {
                    "codigo_aluno": "153(...)40",
                    "nome_aluno": "AFONSO GONÇALVES E SILVA"
                },
                {
                    "codigo_aluno": "155(...)28",
                    "nome_aluno": "AFONSO MACHADO VIEIRA"
                },
                {
                    "codigo_aluno": "301(...)82",
                    "nome_aluno": "ALEX SANDRO CÂNDIDO REBELO"
                },
                {
                    "codigo_aluno": "318(...)67",
                    "nome_aluno": "ALEXANDRA PACHECO LOPES"
                },
                {
                    "codigo_aluno": "306(...)56",
                    "nome_aluno": "ALEXANDRA PINTO MARQUES"
                },
                {
                    "codigo_aluno": "307(...)93",
                    "nome_aluno": "ALEXANDRE EUSÉBIO VILELA TEIXEIRA"
                },
                {
                    "codigo_aluno": "309(...)64",
                    "nome_aluno": "ALEXANDRE MANUEL RIBEIRO REIS"
                },
                {
                    "codigo_aluno": "154(...)79",
                    "nome_aluno": "ALEXANDRE ROCHA JERÓNIMO"
                },
                {
                    "codigo_aluno": "154(...)66",
                    "nome_aluno": "ALOÍS ÂNGELO MANICA RODRIGUES"
                },
                {
                    "codigo_aluno": "307(...)26",
                    "nome_aluno": "ANA BEATRIZ SILVA BARREIRA"
                },
                {
                    "codigo_aluno": "307(...)58",
                    "nome_aluno": "ANA CAROLINA MONTEIRO FERREIRA"
                },
                {
                    "codigo_aluno": "304(...)18",
                    "nome_aluno": "ANA VELOSO RIBEIRO"
                },
                {
                    "codigo_aluno": "309(...)81",
                    "nome_aluno": "ANDRÉ ALMEIDA GONÇALVES"
                },
                {
                    "codigo_aluno": "150(...)75",
                    "nome_aluno": "ANDRÉ FILIPE CARVALHIDO BARREIRO RODRIGUES"
                },
                {
                    "codigo_aluno": "301(...)31",
                    "nome_aluno": "ANDRÉ RAFAEL PEREIRA COSTA"
                },
                {
                    "codigo_aluno": "309(...)01",
                    "nome_aluno": "ANDRÉ VIEIRA DE MATOS"
                },
                {
                    "codigo_aluno": "307(...)84",
                    "nome_aluno": "ANDREIA ROCHA SANTOS"
                },
                {
                    "codigo_aluno": "153(...)65",
                    "nome_aluno": "ÂNGELO MIGUEL ALVES DOS SANTOS"
                },
                {
                    "codigo_aluno": "304(...)87",
                    "nome_aluno": "ANTÓNIO FRANCISCO NEVES CAMPOS TEIXEIRA"
                },
                {
                    "codigo_aluno": "157(...)38",
                    "nome_aluno": "ARTUR JORGE FERNANDES MACHADO"
                },
                {
                    "codigo_aluno": "147(...)82",
                    "nome_aluno": "BEATRIZ FORTE BORGES"
                },
                {
                    "codigo_aluno": "157(...)84",
                    "nome_aluno": "BERNARDO FRANCISCO FERNANDES"
                },
                {
                    "codigo_aluno": "304(...)48",
                    "nome_aluno": "BRUNA INÊS SILVA QUEIRÓS"
                },
                {
                    "codigo_aluno": "153(...)89",
                    "nome_aluno": "BRUNO RICARDO BORGES BARRETO"
                },
                {
                    "codigo_aluno": "309(...)59",
                    "nome_aluno": "CAROLINA BEATRIZ MONTEIRO PINHEIRO"
                },
                {
                    "codigo_aluno": "303(...)02",
                    "nome_aluno": "CATARINA ANJO MIRANDA"
                },
                {
                    "codigo_aluno": "159(...)96",
                    "nome_aluno": "CÉSAR MIGUEL FONSECA RIBEIRO"
                },
                {
                    "codigo_aluno": "155(...)11",
                    "nome_aluno": "CLARA COIMBRA LUZIO"
                },
                {
                    "codigo_aluno": "304(...)98",
                    "nome_aluno": "DANIEL FILIPE CARVALHO RIBEIRO"
                },
                {
                    "codigo_aluno": "154(...)18",
                    "nome_aluno": "DANIELA CHAMBEL RIBEIRO"
                },
                {
                    "codigo_aluno": "306(...)00",
                    "nome_aluno": "DAVID CARREIRA CARDOSO SOARES"
                },
                {
                    "codigo_aluno": "307(...)93",
                    "nome_aluno": "DAVID DOS SANTOS SILVA FERNANDES"
                },
                {
                    "codigo_aluno": "309(...)01",
                    "nome_aluno": "DAVID NUNO SOUSA PINHEIRO"
                },
                {
                    "codigo_aluno": "307(...)58",
                    "nome_aluno": "DÉBORA ALEXANDRA TINOCO OLIVEIRA"
                },
                {
                    "codigo_aluno": "309(...)96",
                    "nome_aluno": "DIOGO CAPELA XAVIER"
                },
                {
                    "codigo_aluno": "307(...)97",
                    "nome_aluno": "DIOGO EMANUEL LEITE DE CASTRO SARAIVA RENDEIRO"
                },
                {
                    "codigo_aluno": "158(...)67",
                    "nome_aluno": "DIOGO FILIPE COSTA MOURAO"
                },
                {
                    "codigo_aluno": "148(...)27",
                    "nome_aluno": "DIOGO FILIPE DA SILVA GOMES"
                },
                {
                    "codigo_aluno": "306(...)31",
                    "nome_aluno": "DIOGO FONSECA SOUSA"
                },
                {
                    "codigo_aluno": "306(...)85",
                    "nome_aluno": "DIOGO JOSÉ GOMES BRANCO"
                },
                {
                    "codigo_aluno": "302(...)57",
                    "nome_aluno": "DIOGO VÍTOR NÓBREGA FREITAS"
                },
                {
                    "codigo_aluno": "326(...)85",
                    "nome_aluno": "ELENA BADIM"
                },
                {
                    "codigo_aluno": "307(...)27",
                    "nome_aluno": "EMMA MACHADO DE BARROS"
                },
                {
                    "codigo_aluno": "305(...)13",
                    "nome_aluno": "FILIPE RAFAEL SANTOS PINTO"
                },
                {
                    "codigo_aluno": "159(...)78",
                    "nome_aluno": "FRANCISCO CRUZ CRESPO"
                },
                {
                    "codigo_aluno": "306(...)96",
                    "nome_aluno": "FRANCISCO MANUEL RODRIGUES CONCEIÇÃO"
                },
                {
                    "codigo_aluno": "303(...)12",
                    "nome_aluno": "FRANCISCO NÓBREGA ALVES"
                },
                {
                    "codigo_aluno": "312(...)16",
                    "nome_aluno": "FRANCISCO SILVA TEIXEIRA"
                },
                {
                    "codigo_aluno": "310(...)92",
                    "nome_aluno": "GABRIEL AZEVEDO PEDRA"
                },
                {
                    "codigo_aluno": "157(...)63",
                    "nome_aluno": "GONÇALO ANDRE PACHECO ROCHA"
                },
                {
                    "codigo_aluno": "314(...)96",
                    "nome_aluno": "GONÇALO CARREIRA PACHECO"
                },
                {
                    "codigo_aluno": "304(...)09",
                    "nome_aluno": "GONÇALO PEREIRA DE ATHAYDE GOMES"
                },
                {
                    "codigo_aluno": "151(...)29",
                    "nome_aluno": "GUILHERME MANUEL SANTOS OLIVEIRA"
                },
                {
                    "codigo_aluno": "309(...)54",
                    "nome_aluno": "GUSTAVO COVAS LOURENÇO"
                },
                {
                    "codigo_aluno": "305(...)76",
                    "nome_aluno": "GUSTAVO LUÍS MOREIRA DE SOUSA"
                },
                {
                    "codigo_aluno": "307(...)01",
                    "nome_aluno": "HELDER AUGUSTO MAGALHÃES MONTEIRO"
                },
                {
                    "codigo_aluno": "307(...)20",
                    "nome_aluno": "HELENA SOFIA DA COSTA CARDOSO"
                },
                {
                    "codigo_aluno": "150(...)95",
                    "nome_aluno": "HENRIQUE BARROS PEREIRA"
                },
                {
                    "codigo_aluno": "313(...)33",
                    "nome_aluno": "HENRIQUE CAMPOS TEIXEIRA"
                },
                {
                    "codigo_aluno": "309(...)64",
                    "nome_aluno": "HUGO MIGUEL FERNANDES RIBEIRINHO"
                },
                {
                    "codigo_aluno": "304(...)54",
                    "nome_aluno": "HUGO RODRIGO JESUS GONÇALVES"
                },
                {
                    "codigo_aluno": "305(...)92",
                    "nome_aluno": "INÊS RIBEIRO GONÇALVES"
                },
                {
                    "codigo_aluno": "307(...)30",
                    "nome_aluno": "ÍRIS FERNANDES MORAIS"
                },
                {
                    "codigo_aluno": "303(...)30",
                    "nome_aluno": "JOÃO DINIS VILELA GAMA RIBEIRO FARIA"
                },
                {
                    "codigo_aluno": "310(...)37",
                    "nome_aluno": "JOÃO MIGUEL PEREIRA DA SILVA"
                },
                {
                    "codigo_aluno": "305(...)58",
                    "nome_aluno": "JOÃO NORBERTO MARTINS HENRIQUES"
                },
                {
                    "codigo_aluno": "305(...)59",
                    "nome_aluno": "JOAO PEDRO COSTA MOURA"
                },
                {
                    "codigo_aluno": "152(...)05",
                    "nome_aluno": "JOÃO PEDRO RUA ALVES"
                },
                {
                    "codigo_aluno": "304(...)74",
                    "nome_aluno": "JOÃO RICARDO PEIXOTO SERPA"
                },
                {
                    "codigo_aluno": "150(...)69",
                    "nome_aluno": "JOSÉ GUILHERME OLIVEIRA MENEZES"
                },
                {
                    "codigo_aluno": "316(...)86",
                    "nome_aluno": "JOSE LIMA FIGUEIREDO"
                },
                {
                    "codigo_aluno": "153(...)13",
                    "nome_aluno": "JOSÉ LUÍS SALGADO VIAMONTE DA SILVEIRA"
                },
                {
                    "codigo_aluno": "304(...)54",
                    "nome_aluno": "JOSÉ MANUEL ALMEIDA PEREIRA"
                },
                {
                    "codigo_aluno": "306(...)32",
                    "nome_aluno": "JOSÉ PEDRO MONTEIRO RIBEIRO"
                },
                {
                    "codigo_aluno": "314(...)30",
                    "nome_aluno": "JÚLIO MIGUEL RODRIGUES BROCHADO"
                },
                {
                    "codigo_aluno": "309(...)84",
                    "nome_aluno": "LARA FILIPA TEIXEIRA CORREIA"
                },
                {
                    "codigo_aluno": "309(...)48",
                    "nome_aluno": "LEONARDO CARVALHO REGO"
                },
                {
                    "codigo_aluno": "316(...)63",
                    "nome_aluno": "LEONOR DA COSTA MACHADO"
                },
                {
                    "codigo_aluno": "314(...)93",
                    "nome_aluno": "LUIS MIGUEL MACHADO GONÇALVES"
                },
                {
                    "codigo_aluno": "151(...)54",
                    "nome_aluno": "LUÍS MIGUEL MARTINS PIRES"
                },
                {
                    "codigo_aluno": "311(...)23",
                    "nome_aluno": "LUIS MIGUEL PINTO RIBEIRO"
                },
                {
                    "codigo_aluno": "311(...)99",
                    "nome_aluno": "LUÍS RAFAEL FREITAS MOTA"
                },
                {
                    "codigo_aluno": "152(...)95",
                    "nome_aluno": "MANUEL ANTÓNIO FERNANDES DA SILVA"
                },
                {
                    "codigo_aluno": "306(...)34",
                    "nome_aluno": "MANUEL GONÇALVES DA SILVA"
                },
                {
                    "codigo_aluno": "309(...)84",
                    "nome_aluno": "MARGARIDA AIDÉ MOREIRA VIEIRA"
                },
                {
                    "codigo_aluno": "306(...)06",
                    "nome_aluno": "MARIA DO CÉU SANTOS FERNANDES"
                },
                {
                    "codigo_aluno": "306(...)83",
                    "nome_aluno": "MARTIM BÁRTOLO ANTUNES"
                },
                {
                    "codigo_aluno": "315(...)81",
                    "nome_aluno": "MARTIM JOSÉ DA SILVA CARVALHO"
                },
                {
                    "codigo_aluno": "311(...)47",
                    "nome_aluno": "MATEUS ANJOS FERREIRA"
                },
                {
                    "codigo_aluno": "159(...)68",
                    "nome_aluno": "MATILDE PINTO MARTINS"
                },
                {
                    "codigo_aluno": "152(...)96",
                    "nome_aluno": "MIGUEL AFONSO SOUSA MENDES NUNES"
                },
                {
                    "codigo_aluno": "305(...)15",
                    "nome_aluno": "MIGUEL COSTA DURÃO"
                },
                {
                    "codigo_aluno": "153(...)43",
                    "nome_aluno": "MIGUEL MAURÍCIO INÁCIO"
                },
                {
                    "codigo_aluno": "303(...)54",
                    "nome_aluno": "NÁDIA VIVIANA RODRIGUES MARTINS"
                },
                {
                    "codigo_aluno": "312(...)19",
                    "nome_aluno": "NUNO PEDRO FERNANDES FERREIRA AMORIM"
                },
                {
                    "codigo_aluno": "152(...)09",
                    "nome_aluno": "PATRÍCIA FEIO BORGES"
                },
                {
                    "codigo_aluno": "307(...)48",
                    "nome_aluno": "PAULA DANIELA MOREIRA MAGALHÃES"
                },
                {
                    "codigo_aluno": "152(...)00",
                    "nome_aluno": "PEDRO AFONSO ALMEIDA"
                },
                {
                    "codigo_aluno": "302(...)25",
                    "nome_aluno": "PEDRO JOSÉ AZEVEDO GERALDO"
                },
                {
                    "codigo_aluno": "314(...)01",
                    "nome_aluno": "RAFAEL ALEXANDRE FERNANDES COELHO"
                },
                {
                    "codigo_aluno": "153(...)15",
                    "nome_aluno": "RAFAEL DA SILVA MEIRELES"
                },
                {
                    "codigo_aluno": "317(...)78",
                    "nome_aluno": "RAFAELA JOÃO PEREIRA SILVA"
                },
                {
                    "codigo_aluno": "306(...)96",
                    "nome_aluno": "RAFAELA SOFIA DIAS CARDOSO"
                },
                {
                    "codigo_aluno": "306(...)49",
                    "nome_aluno": "RENATO GONÇALVES ALVES"
                },
                {
                    "codigo_aluno": "153(...)93",
                    "nome_aluno": "RICARDO ANDRÉ CARDOSO COSTA"
                },
                {
                    "codigo_aluno": "309(...)03",
                    "nome_aluno": "RICARDO FERNANDES PAIVA"
                },
                {
                    "codigo_aluno": "305(...)92",
                    "nome_aluno": "ROBERTO DA VEIGA FERNANDES"
                },
                {
                    "codigo_aluno": "307(...)39",
                    "nome_aluno": "RODRIGO JOÃO VILAS FRAGA DE CARVALHO"
                },
                {
                    "codigo_aluno": "307(...)67",
                    "nome_aluno": "RODRIGO MIGUEL DE SOUSA RIBEIRO"
                },
                {
                    "codigo_aluno": "303(...)22",
                    "nome_aluno": "RODRIGO PEIXOTO DE MATOS"
                },
                {
                    "codigo_aluno": "154(...)28",
                    "nome_aluno": "RODRIGO SILVA ANTUNES"
                },
                {
                    "codigo_aluno": "301(...)93",
                    "nome_aluno": "RÚBEN JOSÉ PEIXOTO AFONSO"
                },
                {
                    "codigo_aluno": "156(...)09",
                    "nome_aluno": "SARA BEATRIZ FILIPE CORDEIRO"
                },
                {
                    "codigo_aluno": "304(...)27",
                    "nome_aluno": "SARA LAGES BARRADAS"
                },
                {
                    "codigo_aluno": "154(...)06",
                    "nome_aluno": "SÉRGIO DOMINGOS PEREIRA GOMES"
                },
                {
                    "codigo_aluno": "306(...)97",
                    "nome_aluno": "SÉRGIO FILIPE FERREIRA DE ALMEIDA"
                },
                {
                    "codigo_aluno": "302(...)55",
                    "nome_aluno": "SÉRGIO GOMES DA CUNHA"
                },
                {
                    "codigo_aluno": "309(...)32",
                    "nome_aluno": "TIAGO CABRAL COSTA"
                },
                {
                    "codigo_aluno": "154(...)41",
                    "nome_aluno": "TIAGO FILIPE SEIXAS ROÇAS"
                },
                {
                    "codigo_aluno": "312(...)25",
                    "nome_aluno": "TIAGO MIGUEL ROCHA DE SOUSA"
                },
                {
                    "codigo_aluno": "303(...)26",
                    "nome_aluno": "TIAGO OLIVEIRA NOVO"
                },
                {
                    "codigo_aluno": "306(...)96",
                    "nome_aluno": "TIAGO RAFAEL DA SILVA TAVARES AMORIM"
                },
                {
                    "codigo_aluno": "303(...)90",
                    "nome_aluno": "TIAGO SILVA MARTINS"
                },
                {
                    "codigo_aluno": "311(...)49",
                    "nome_aluno": "TIAGO VAZ FERREIRA"
                },
                {
                    "codigo_aluno": "154(...)69",
                    "nome_aluno": "VASCO ANDRÉ FERNANDES RIBEIRO"
                },
                {
                    "codigo_aluno": "305(...)94",
                    "nome_aluno": "VASCO FERREIRA SOUSA"
                }
            ]
        },
        {
            "codigo_curso": "9761",
            "nome_curso": "9761 - Genética e Biotecnologia",
            "colocados": [
                {
                    "codigo_aluno": "301(...)13",
                    "nome_aluno": "ADRIANA MARIA MONTEIRO DE SOUSA"
                },
                {
                    "codigo_aluno": "153(...)33",
                    "nome_aluno": "AFONSO MONTEIRO PEREIRA"
                },
                {
                    "codigo_aluno": "307(...)77",
                    "nome_aluno": "ALEXANDRA FILIPA OLIVEIRA DO CARMO"
                },
                {
                    "codigo_aluno": "310(...)77",
                    "nome_aluno": "ANA RITA DA SILVA MACHADO"
                },
                {
                    "codigo_aluno": "301(...)09",
                    "nome_aluno": "ANA SOFIA OLIVEIRA DA CUNHA"
                },
                {
                    "codigo_aluno": "306(...)40",
                    "nome_aluno": "BÁRBARA PATRÍCIA DOMINGUES PIRES"
                },
                {
                    "codigo_aluno": "314(...)08",
                    "nome_aluno": "BEATRIZ SOFIA GUERREIRO FONSECA"
                },
                {
                    "codigo_aluno": "158(...)38",
                    "nome_aluno": "BRUNA FACEIRA CANELAS"
                },
                {
                    "codigo_aluno": "304(...)19",
                    "nome_aluno": "CATARINA LARANJEIRA PEREIRA"
                },
                {
                    "codigo_aluno": "152(...)31",
                    "nome_aluno": "DANIELA CRUZ CAÇÃO AFONSO"
                },
                {
                    "codigo_aluno": "158(...)23",
                    "nome_aluno": "DAVID SOUSA VAZ"
                },
                {
                    "codigo_aluno": "312(...)43",
                    "nome_aluno": "DAVIDE FERNANDES E BARATA"
                },
                {
                    "codigo_aluno": "306(...)43",
                    "nome_aluno": "FILIPE ALEXANDRE FERREIRA GUEDES DE CARVALHO"
                },
                {
                    "codigo_aluno": "315(...)76",
                    "nome_aluno": "FILIPE MIGUEL RODRIGUES CORREIA"
                },
                {
                    "codigo_aluno": "312(...)79",
                    "nome_aluno": "FRANCISCO LEITES TOMÉ"
                },
                {
                    "codigo_aluno": "313(...)09",
                    "nome_aluno": "GONÇALO GONÇALVES OLIVEIRA"
                },
                {
                    "codigo_aluno": "307(...)09",
                    "nome_aluno": "GUILHERME ALEXANDRE GOMES DOS SANTOS"
                },
                {
                    "codigo_aluno": "306(...)97",
                    "nome_aluno": "HELENA DE FÁTIMA VIEIRA MAGALHÃES"
                },
                {
                    "codigo_aluno": "300(...)95",
                    "nome_aluno": "ÍRIS COSTA FERNANDES"
                },
                {
                    "codigo_aluno": "307(...)30",
                    "nome_aluno": "ÍRIS SOFIA COELHO GONÇALVES"
                },
                {
                    "codigo_aluno": "159(...)34",
                    "nome_aluno": "IVO FILIPE RAJAO PINHEIRO"
                },
                {
                    "codigo_aluno": "154(...)42",
                    "nome_aluno": "JOANA GONÇALVES DURÃES"
                },
                {
                    "codigo_aluno": "308(...)33",
                    "nome_aluno": "JOANA SILVA LOPES"
                },
                {
                    "codigo_aluno": "313(...)30",
                    "nome_aluno": "JOÃO CARVALHO E SILVA"
                },
                {
                    "codigo_aluno": "306(...)00",
                    "nome_aluno": "JOEL DIOGO SAMPAIO RODRIGUES"
                },
                {
                    "codigo_aluno": "314(...)99",
                    "nome_aluno": "JORGE ALEXANDRE ARCAS CARRIL"
                },
                {
                    "codigo_aluno": "312(...)91",
                    "nome_aluno": "JULIANA CARDOSO CUNHA"
                },
                {
                    "codigo_aluno": "309(...)01",
                    "nome_aluno": "LAURA VALENTE COSTA"
                },
                {
                    "codigo_aluno": "324(...)17",
                    "nome_aluno": "LETÍCIA MEDRADO DE MARTA"
                },
                {
                    "codigo_aluno": "151(...)50",
                    "nome_aluno": "LIA REIS FARIA"
                },
                {
                    "codigo_aluno": "308(...)74",
                    "nome_aluno": "LUIS PEDRO CARVALHO MARTINS"
                },
                {
                    "codigo_aluno": "316(...)96",
                    "nome_aluno": "MAFALDA INÊS SILVA PORTO RAMOS FERREIRA"
                },
                {
                    "codigo_aluno": "305(...)01",
                    "nome_aluno": "MARGARIDA ISABEL MACHADO TEIXEIRA"
                },
                {
                    "codigo_aluno": "309(...)96",
                    "nome_aluno": "MARIA BEATRIZ RUALDE GUEDES"
                },
                {
                    "codigo_aluno": "317(...)25",
                    "nome_aluno": "MARIA INÊS DE ELVAS RAPOSO"
                },
                {
                    "codigo_aluno": "309(...)17",
                    "nome_aluno": "MARIA JOÃO MOREIRA DOS REIS"
                },
                {
                    "codigo_aluno": "308(...)47",
                    "nome_aluno": "MARIA JOÃO PINTO SILVA"
                },
                {
                    "codigo_aluno": "310(...)84",
                    "nome_aluno": "MARIANA MARTINHO FERREIRA"
                },
                {
                    "codigo_aluno": "154(...)85",
                    "nome_aluno": "MARÍLIA MENDES BRÁS"
                },
                {
                    "codigo_aluno": "151(...)79",
                    "nome_aluno": "MARTIM OLIVEIRA FONTES"
                },
                {
                    "codigo_aluno": "307(...)53",
                    "nome_aluno": "MATILDE FRAGUITO FRAGA"
                },
                {
                    "codigo_aluno": "309(...)38",
                    "nome_aluno": "NÁDIA DA SILVA SANTOS"
                },
                {
                    "codigo_aluno": "308(...)00",
                    "nome_aluno": "NÚRIA FILIPA ABREU BITARA"
                },
                {
                    "codigo_aluno": "303(...)28",
                    "nome_aluno": "PEDRO EMANUEL DA SILVA MAGALHÃES"
                },
                {
                    "codigo_aluno": "303(...)95",
                    "nome_aluno": "PEDRO MIGUEL PINTO MORAIS"
                },
                {
                    "codigo_aluno": "300(...)76",
                    "nome_aluno": "RAFAEL DA SILVA COSTA"
                },
                {
                    "codigo_aluno": "310(...)79",
                    "nome_aluno": "RODRIGO SANTOS DE SOUSA"
                },
                {
                    "codigo_aluno": "156(...)17",
                    "nome_aluno": "SALVADOR MARIA LEAL DUARTE LINDINHO SERRENHO"
                },
                {
                    "codigo_aluno": "307(...)74",
                    "nome_aluno": "TÂNIA ISABEL RAPOSO MARTINS"
                },
                {
                    "codigo_aluno": "153(...)28",
                    "nome_aluno": "TERESA CUNHA VALE"
                },
                {
                    "codigo_aluno": "307(...)62",
                    "nome_aluno": "TERESA ISABEL MEIRA DA COSTA MACEDO"
                },
                {
                    "codigo_aluno": "155(...)37",
                    "nome_aluno": "TOMÉ FERREIRA MOURA AFONSO"
                }
            ]
        }
    ]
}