{
    "codigo_universidade": "0911",
    "nome_universidade": "0911 - Universidade Nova de Lisboa - Faculdade de Direito",
    "cursos": [
        {
            "codigo_curso": "9078",
            "nome_curso": "9078 - Direito",
            "colocados": [
                {
                    "codigo_aluno": "303(...)43",
                    "nome_aluno": "ADRIANA GUERREIRO BRANCO ALAS"
                },
                {
                    "codigo_aluno": "152(...)30",
                    "nome_aluno": "AFONSO BAPTISTA DE FREITAS"
                },
                {
                    "codigo_aluno": "309(...)90",
                    "nome_aluno": "AFONSO MARIA RICARDO ANTUNES"
                },
                {
                    "codigo_aluno": "152(...)40",
                    "nome_aluno": "ALICE PIRES ESSLING"
                },
                {
                    "codigo_aluno": "157(...)10",
                    "nome_aluno": "ANA BEATRIZ DE AGUIAR MARTINS"
                },
                {
                    "codigo_aluno": "154(...)70",
                    "nome_aluno": "ANA LUÍSA ASSUNÇÃO DE MELO"
                },
                {
                    "codigo_aluno": "309(...)01",
                    "nome_aluno": "ANA TERESA MOURÃO BARBOSA"
                },
                {
                    "codigo_aluno": "154(...)01",
                    "nome_aluno": "BÁRBARA RODRIGUES VIEGAS GONÇALVES DUARTE"
                },
                {
                    "codigo_aluno": "152(...)72",
                    "nome_aluno": "BEATRIZ GUERREIRO ROCHA"
                },
                {
                    "codigo_aluno": "152(...)34",
                    "nome_aluno": "BEATRIZ PATRÍCIO RIBEIRO"
                },
                {
                    "codigo_aluno": "308(...)55",
                    "nome_aluno": "BERNARDO MIGUEL NUNES RODRIGUES"
                },
                {
                    "codigo_aluno": "151(...)90",
                    "nome_aluno": "CAMILA NAIR VEIGA E SOUSA"
                },
                {
                    "codigo_aluno": "306(...)41",
                    "nome_aluno": "CAROLINA DE ALMEIDA E SOUSA GONÇALVES PAULA"
                },
                {
                    "codigo_aluno": "152(...)57",
                    "nome_aluno": "CLARA BORGES DE OLIVEIRA"
                },
                {
                    "codigo_aluno": "151(...)25",
                    "nome_aluno": "CLARA MOIZÃO FERNANDES"
                },
                {
                    "codigo_aluno": "242(...)01",
                    "nome_aluno": "CLARA SANTOS COWLISHAW"
                },
                {
                    "codigo_aluno": "309(...)53",
                    "nome_aluno": "DAYITA TEODORO DOS SANTOS DE ALMEIDA FELICIANO"
                },
                {
                    "codigo_aluno": "152(...)38",
                    "nome_aluno": "DIOGO AFONSO DE JESUS RODRIGUES PINA"
                },
                {
                    "codigo_aluno": "306(...)42",
                    "nome_aluno": "DIOGO JOSÉ MOREIRA DA SILVA"
                },
                {
                    "codigo_aluno": "306(...)52",
                    "nome_aluno": "DIOGO SARAIVA FERREIRA SANTINHO FERNANDES"
                },
                {
                    "codigo_aluno": "153(...)25",
                    "nome_aluno": "EMA DE ALMEIDA ALUA"
                },
                {
                    "codigo_aluno": "159(...)48",
                    "nome_aluno": "FRANCISCO DE ANDRADE E SILVA AFONSO PEREIRA"
                },
                {
                    "codigo_aluno": "304(...)42",
                    "nome_aluno": "FREDERICA MARIA LOURENÇO MARQUES MARTINS CARRILHO"
                },
                {
                    "codigo_aluno": "307(...)67",
                    "nome_aluno": "GONÇALO ALBANO AMORIM PINTO"
                },
                {
                    "codigo_aluno": "309(...)94",
                    "nome_aluno": "GONÇALO JOSÉ CAROLA DOS SANTOS"
                },
                {
                    "codigo_aluno": "152(...)04",
                    "nome_aluno": "GUSTAVO EUGÉNIO FERRAZ FERREIRA"
                },
                {
                    "codigo_aluno": "304(...)20",
                    "nome_aluno": "HELENA MARGARIDA DE SOUSA TORRADINHAS"
                },
                {
                    "codigo_aluno": "316(...)34",
                    "nome_aluno": "INÊS AGOSTINHO PEREIRA"
                },
                {
                    "codigo_aluno": "305(...)75",
                    "nome_aluno": "INÊS ANDRADE FERNANDES"
                },
                {
                    "codigo_aluno": "307(...)85",
                    "nome_aluno": "INÊS BORRALHO CORREIA"
                },
                {
                    "codigo_aluno": "306(...)26",
                    "nome_aluno": "INÊS SOARES BARBOSA"
                },
                {
                    "codigo_aluno": "302(...)86",
                    "nome_aluno": "INÊS TAVARES RAMOS"
                },
                {
                    "codigo_aluno": "303(...)86",
                    "nome_aluno": "ISABEL DE ALMEIDA LOPES FRANÇA FÉLIX"
                },
                {
                    "codigo_aluno": "154(...)53",
                    "nome_aluno": "JOANA DE ABREU BATISTA LOUREIRO"
                },
                {
                    "codigo_aluno": "309(...)18",
                    "nome_aluno": "JOANA SANTOS DA PALMA"
                },
                {
                    "codigo_aluno": "152(...)61",
                    "nome_aluno": "JOÃO DIOGO AVEIRO FRANCO SANTOS CARDOSO"
                },
                {
                    "codigo_aluno": "309(...)50",
                    "nome_aluno": "JOÃO LAGINHA RIBEIRO SAMPAIO DOS SANTOS"
                },
                {
                    "codigo_aluno": "301(...)92",
                    "nome_aluno": "JOSEFA MARIA MARTINS MOURA"
                },
                {
                    "codigo_aluno": "306(...)94",
                    "nome_aluno": "JÚLIA ALVES SILVA"
                },
                {
                    "codigo_aluno": "156(...)13",
                    "nome_aluno": "JULIA RODRIGUES MACHADO"
                },
                {
                    "codigo_aluno": "302(...)47",
                    "nome_aluno": "LARA XAVIER RIBEIRO"
                },
                {
                    "codigo_aluno": "301(...)67",
                    "nome_aluno": "LEANDRO DE JESUS DA COSTA INGLÊS"
                },
                {
                    "codigo_aluno": "309(...)43",
                    "nome_aluno": "LEONARDO BRAGA DE MIRANDA RODRIGUES"
                },
                {
                    "codigo_aluno": "316(...)46",
                    "nome_aluno": "LEONARDO TAVARES DE MACEDO FERNANDES"
                },
                {
                    "codigo_aluno": "151(...)40",
                    "nome_aluno": "LEONOR BARTOLOMEU DUARTE"
                },
                {
                    "codigo_aluno": "154(...)57",
                    "nome_aluno": "LEONOR DIAS SANTOS SOARES"
                },
                {
                    "codigo_aluno": "307(...)63",
                    "nome_aluno": "LEONOR FILIPA MARTINS DE OLIVEIRA BERNARDES"
                },
                {
                    "codigo_aluno": "306(...)64",
                    "nome_aluno": "LEONOR GONÇALVES FERNANDES BASÍLIO DOS SANTOS"
                },
                {
                    "codigo_aluno": "312(...)48",
                    "nome_aluno": "LEONOR SANTOS GOMES"
                },
                {
                    "codigo_aluno": "302(...)63",
                    "nome_aluno": "LUÍSA NUNES NETO"
                },
                {
                    "codigo_aluno": "159(...)76",
                    "nome_aluno": "MADALENA ISABEL SALGUEIRO DIAS"
                },
                {
                    "codigo_aluno": "153(...)33",
                    "nome_aluno": "MAFALDA ANDRADE SUBICA"
                },
                {
                    "codigo_aluno": "306(...)34",
                    "nome_aluno": "MAFALDA LEAL RODRIGUES DE COIMBRA COSTA"
                },
                {
                    "codigo_aluno": "156(...)59",
                    "nome_aluno": "MAFALDA SANTOS DIAS"
                },
                {
                    "codigo_aluno": "155(...)08",
                    "nome_aluno": "MARGARIDA DUARTE SILVA DE MASCARENHAS ROS"
                },
                {
                    "codigo_aluno": "153(...)10",
                    "nome_aluno": "MARGARIDA LIVRAMENTO SANTOS"
                },
                {
                    "codigo_aluno": "153(...)45",
                    "nome_aluno": "MARGARIDA RIBEIRO VIEIRA GONÇALVES DE SOUSA"
                },
                {
                    "codigo_aluno": "246(...)11",
                    "nome_aluno": "MARIA ANTÓNIA FINDA INTCHAMA"
                },
                {
                    "codigo_aluno": "310(...)85",
                    "nome_aluno": "MARIA BÁRBARA RODRIGUES RIBEIRO DA COSTA TIMÓTEO"
                },
                {
                    "codigo_aluno": "154(...)46",
                    "nome_aluno": "MARIA BEATRIZ MENDES LUZIO"
                },
                {
                    "codigo_aluno": "302(...)36",
                    "nome_aluno": "MARIA BEATRIZ MOUTA MONTEZ"
                },
                {
                    "codigo_aluno": "307(...)81",
                    "nome_aluno": "MARIA BENEDITA VIDAL OLIVEIRA AGUAS"
                },
                {
                    "codigo_aluno": "152(...)43",
                    "nome_aluno": "MARIA CONSTANÇA COSTA OLIVEIRA CERQUEIRA DE QUEIRÓS"
                },
                {
                    "codigo_aluno": "150(...)31",
                    "nome_aluno": "MARIA DA GAMA ARAÚJO COSTA AZEVEDO"
                },
                {
                    "codigo_aluno": "300(...)95",
                    "nome_aluno": "MARIA DA GAMA BICA"
                },
                {
                    "codigo_aluno": "301(...)37",
                    "nome_aluno": "MARIA DUARTE SEQUEIRA DOS REMÉDIOS"
                },
                {
                    "codigo_aluno": "152(...)15",
                    "nome_aluno": "MARIA GLÓRIA COSTA NÓBREGA"
                },
                {
                    "codigo_aluno": "153(...)61",
                    "nome_aluno": "MARIA INÊS SIMÕES FIALHO"
                },
                {
                    "codigo_aluno": "307(...)88",
                    "nome_aluno": "MARIA JOSÉ DIONISIO GIRALDES PEREIRA DE FIGUEIREDO"
                },
                {
                    "codigo_aluno": "240(...)10",
                    "nome_aluno": "MARIA LAZUTINA"
                },
                {
                    "codigo_aluno": "304(...)11",
                    "nome_aluno": "MARIA LEONOR MARTINS LUCAS"
                },
                {
                    "codigo_aluno": "306(...)76",
                    "nome_aluno": "MARIANA CUNHA GARCÊS"
                },
                {
                    "codigo_aluno": "157(...)56",
                    "nome_aluno": "MARIANA DE ANDRADE MARQUES NUNES DE RESENDE"
                },
                {
                    "codigo_aluno": "158(...)78",
                    "nome_aluno": "MARIANA MARTINS TAVARES"
                },
                {
                    "codigo_aluno": "152(...)91",
                    "nome_aluno": "MARIANA MIGUEL PALHAU SERRANO MORA INÁCIO"
                },
                {
                    "codigo_aluno": "158(...)47",
                    "nome_aluno": "MARTA ALMEIDA TEIXEIRA NETO RODRIGUES"
                },
                {
                    "codigo_aluno": "328(...)85",
                    "nome_aluno": "MARTINA ISABELA TIUJO DE PINA DELGADO"
                },
                {
                    "codigo_aluno": "305(...)82",
                    "nome_aluno": "MATILDE ARANHA MENEZES CORREIA DA SILVA"
                },
                {
                    "codigo_aluno": "309(...)24",
                    "nome_aluno": "MATILDE DA CRUZ CORREIA NEFF DE ALMEIDA"
                },
                {
                    "codigo_aluno": "305(...)26",
                    "nome_aluno": "MATILDE DOS SANTOS GOMES"
                },
                {
                    "codigo_aluno": "156(...)41",
                    "nome_aluno": "MATILDE MARQUES LOPES"
                },
                {
                    "codigo_aluno": "151(...)22",
                    "nome_aluno": "MATILDE SOARES DA COSTA VILAR TORRES"
                },
                {
                    "codigo_aluno": "303(...)09",
                    "nome_aluno": "MIRIAM ABRANTES SALES"
                },
                {
                    "codigo_aluno": "154(...)09",
                    "nome_aluno": "NUNO FILIPE BOUÇA PEREIRA"
                },
                {
                    "codigo_aluno": "308(...)20",
                    "nome_aluno": "PEDRO AFONSO ASCENSÃO OLIVEIRA"
                },
                {
                    "codigo_aluno": "307(...)73",
                    "nome_aluno": "PEDRO PINTO GAMA DE CASTRO PEREIRA"
                },
                {
                    "codigo_aluno": "152(...)27",
                    "nome_aluno": "RAFAEL ROCHA RODRIGUES"
                },
                {
                    "codigo_aluno": "307(...)13",
                    "nome_aluno": "RAFAELA DUARTE SOARES GONÇALVES BARRETO"
                },
                {
                    "codigo_aluno": "154(...)80",
                    "nome_aluno": "RITA ESPERANÇA PINA E SARAIVA DE REFFÓIOS"
                },
                {
                    "codigo_aluno": "157(...)57",
                    "nome_aluno": "RITA MIGUEL PINHEIRO VIDINHA"
                },
                {
                    "codigo_aluno": "159(...)68",
                    "nome_aluno": "RITA TAVARES LOPES"
                },
                {
                    "codigo_aluno": "306(...)58",
                    "nome_aluno": "RODRIGO MIGUEL VALENTE MARTINS"
                },
                {
                    "codigo_aluno": "153(...)33",
                    "nome_aluno": "SANTIAGO PEREIRA RODRIGUES NUNES FERNANDES"
                },
                {
                    "codigo_aluno": "152(...)90",
                    "nome_aluno": "SOFIA ABREU SANTOS"
                },
                {
                    "codigo_aluno": "306(...)31",
                    "nome_aluno": "SOFIA DOS SANTOS FERRAZ DE MENEZES FALCÃO"
                },
                {
                    "codigo_aluno": "152(...)23",
                    "nome_aluno": "SOFIA MARTINS NEVES"
                },
                {
                    "codigo_aluno": "312(...)27",
                    "nome_aluno": "SÓNIA SOUSA PAULO"
                },
                {
                    "codigo_aluno": "306(...)13",
                    "nome_aluno": "TERESINHA DE JESUS ANTUNES VITORINO"
                },
                {
                    "codigo_aluno": "313(...)38",
                    "nome_aluno": "TIAGO ISIDORO DE SOUSA"
                },
                {
                    "codigo_aluno": "240(...)08",
                    "nome_aluno": "TÓNIA PATRÍCIA LANDIM DE RAMIRO FURTADO"
                }
            ]
        }
    ]
}