{
    "codigo_universidade": "0203",
    "nome_universidade": "0203 - Universidade do Algarve - Faculdade de Ciências e Tecnologia",
    "cursos": [
        {
            "codigo_curso": "9003",
            "nome_curso": "9003 - Agronomia",
            "colocados": [
                {
                    "codigo_aluno": "153(...)71",
                    "nome_aluno": "AFONSO GERMANO RAMOS"
                },
                {
                    "codigo_aluno": "155(...)79",
                    "nome_aluno": "AFONSO LUÍS LOPES RODRIGUES"
                },
                {
                    "codigo_aluno": "148(...)41",
                    "nome_aluno": "DAVID DIOGO XAVIER"
                },
                {
                    "codigo_aluno": "148(...)39",
                    "nome_aluno": "DUARTE DIOGO XAVIER"
                },
                {
                    "codigo_aluno": "159(...)50",
                    "nome_aluno": "GUILHERME NETO NUNES"
                },
                {
                    "codigo_aluno": "304(...)82",
                    "nome_aluno": "JOÃO MARIA DE OLIVEIRA NEVES MALVEIRO REVEZ"
                },
                {
                    "codigo_aluno": "309(...)09",
                    "nome_aluno": "MARGARIDA DA SILVA GUERREIRO"
                },
                {
                    "codigo_aluno": "303(...)15",
                    "nome_aluno": "MARIA INÊS MENDES PALMA"
                },
                {
                    "codigo_aluno": "151(...)51",
                    "nome_aluno": "MARTIM AFONSO TEIXEIRA GREGÓRIO"
                },
                {
                    "codigo_aluno": "314(...)35",
                    "nome_aluno": "MAURO RIBEIRO MARQUES"
                },
                {
                    "codigo_aluno": "240(...)15",
                    "nome_aluno": "MIGUELANGEL MONTAÑO ALVAREZ"
                },
                {
                    "codigo_aluno": "152(...)84",
                    "nome_aluno": "PEDRO DE SOUSA GONÇALVES"
                },
                {
                    "codigo_aluno": "306(...)97",
                    "nome_aluno": "PEDRO JOSÉ PALMA FERNANDES"
                },
                {
                    "codigo_aluno": "153(...)70",
                    "nome_aluno": "RAFAEL ANTONIO NORTE COELHO"
                },
                {
                    "codigo_aluno": "310(...)71",
                    "nome_aluno": "SALVADOR PEREIRA MÁRTIRES"
                },
                {
                    "codigo_aluno": "305(...)00",
                    "nome_aluno": "TIAGO GARCIA FRANCO FERREIRA"
                },
                {
                    "codigo_aluno": "157(...)74",
                    "nome_aluno": "TOMÉ VIEIRA DA SILVEIRA"
                }
            ]
        },
        {
            "codigo_curso": "8258",
            "nome_curso": "8258 - Arquitetura Paisagista",
            "colocados": [
                {
                    "codigo_aluno": "310(...)76",
                    "nome_aluno": "ANA BEATRIZ FERREIRA NOGUEIRA"
                },
                {
                    "codigo_aluno": "240(...)21",
                    "nome_aluno": "ANA CAROLINA DE SOUZA PADILHA"
                },
                {
                    "codigo_aluno": "320(...)89",
                    "nome_aluno": "ANDREIA REBECA VOEVOD"
                },
                {
                    "codigo_aluno": "317(...)35",
                    "nome_aluno": "ARIANA FERNANDA CALANCEA"
                },
                {
                    "codigo_aluno": "152(...)39",
                    "nome_aluno": "BEATRIZ SANTOS GUIA DA SILVA"
                },
                {
                    "codigo_aluno": "310(...)31",
                    "nome_aluno": "CARLOS EDUARDO LEAL CRAVO"
                },
                {
                    "codigo_aluno": "303(...)89",
                    "nome_aluno": "DORA RITA LOURENÇO AZEVEDO"
                },
                {
                    "codigo_aluno": "159(...)11",
                    "nome_aluno": "EVA PEDRO MELO BALINHA"
                },
                {
                    "codigo_aluno": "159(...)77",
                    "nome_aluno": "FRANCISCA VELOSO GOMES PELICA"
                },
                {
                    "codigo_aluno": "304(...)40",
                    "nome_aluno": "GABRIEL COELHO PEDRO"
                },
                {
                    "codigo_aluno": "312(...)51",
                    "nome_aluno": "GABRIEL RODRIGO CABRITA RODRIGUES"
                },
                {
                    "codigo_aluno": "151(...)07",
                    "nome_aluno": "GUILHERME DOS SANTOS PIMPÃO"
                },
                {
                    "codigo_aluno": "306(...)54",
                    "nome_aluno": "JOANA DE MATOS PISTA"
                },
                {
                    "codigo_aluno": "308(...)38",
                    "nome_aluno": "MARGARIDA SOFIA MARQUES CUNHA"
                },
                {
                    "codigo_aluno": "307(...)39",
                    "nome_aluno": "MARIA CLARA PERES DE ANDRADE"
                },
                {
                    "codigo_aluno": "154(...)02",
                    "nome_aluno": "MARIA INÊS DURÃES FERNANDES DO VALE"
                },
                {
                    "codigo_aluno": "157(...)85",
                    "nome_aluno": "MARIA RITA ALEXANDRE CERQUEIRA"
                },
                {
                    "codigo_aluno": "149(...)71",
                    "nome_aluno": "MATILDE FILIPA FELGUEIRAS PIMENTA COLUNAS"
                },
                {
                    "codigo_aluno": "240(...)32",
                    "nome_aluno": "SABRINA DE OLIVEIRA PEREIRA"
                },
                {
                    "codigo_aluno": "308(...)65",
                    "nome_aluno": "SIMONE PAULA ALBERTO LARCHER MACHADO"
                },
                {
                    "codigo_aluno": "308(...)62",
                    "nome_aluno": "TATIANA FILIPA SOBRAL ADELINO"
                }
            ]
        },
        {
            "codigo_curso": "9540",
            "nome_curso": "9540 - Bioengenharia",
            "colocados": [
                {
                    "codigo_aluno": "159(...)32",
                    "nome_aluno": "CATARINA MARTINS DA COSTA"
                },
                {
                    "codigo_aluno": "156(...)48",
                    "nome_aluno": "JOÃO PEDRO DOS SANTOS MARTINS"
                },
                {
                    "codigo_aluno": "317(...)76",
                    "nome_aluno": "MANUEL GUEIFÃO CARRILHO PIRES BARATA"
                },
                {
                    "codigo_aluno": "321(...)22",
                    "nome_aluno": "MARIA TERESA MARTINS ALTUVE"
                },
                {
                    "codigo_aluno": "306(...)27",
                    "nome_aluno": "MATILDE SOFIA CORREIA CANHOTO RODRIGUES SALDANHA"
                },
                {
                    "codigo_aluno": "153(...)71",
                    "nome_aluno": "MIGUEL CÂNDIDO SILVA DE SOUSA"
                },
                {
                    "codigo_aluno": "309(...)00",
                    "nome_aluno": "PEDRO AFONSO DE GUEDES MAROCO"
                },
                {
                    "codigo_aluno": "306(...)45",
                    "nome_aluno": "SIMAO MARCELO FIGUEIRAS"
                },
                {
                    "codigo_aluno": "157(...)64",
                    "nome_aluno": "TOMÁS ALEXANDRE GONÇALVES VICENTE"
                }
            ]
        },
        {
            "codigo_curso": "9011",
            "nome_curso": "9011 - Biologia",
            "colocados": [
                {
                    "codigo_aluno": "153(...)20",
                    "nome_aluno": "ALEXANDRA GOMES TAVARES"
                },
                {
                    "codigo_aluno": "306(...)01",
                    "nome_aluno": "ANA SOFIA ELIAS CANTEIRO NETO DE MATOS"
                },
                {
                    "codigo_aluno": "305(...)75",
                    "nome_aluno": "ANDREIA RIBEIRO LEAL"
                },
                {
                    "codigo_aluno": "308(...)29",
                    "nome_aluno": "BEATRIZ REIS LUIS CAROLA GALVAO"
                },
                {
                    "codigo_aluno": "153(...)56",
                    "nome_aluno": "CAROLINA BESSA CARVALHEIRO TEIXEIRA DINIZ"
                },
                {
                    "codigo_aluno": "240(...)16",
                    "nome_aluno": "CAROLINA MEIRELLES VICENTE DE AZEVEDO ROSSI"
                },
                {
                    "codigo_aluno": "303(...)97",
                    "nome_aluno": "CATARINA SIMAO LOPES"
                },
                {
                    "codigo_aluno": "306(...)95",
                    "nome_aluno": "DIANA VALADAS SARAIVA HORTA"
                },
                {
                    "codigo_aluno": "152(...)61",
                    "nome_aluno": "FILIPE CUNHA E COSTA SANTOS REIS"
                },
                {
                    "codigo_aluno": "154(...)09",
                    "nome_aluno": "GONÇALO GONÇALVES LIVRAMENTO"
                },
                {
                    "codigo_aluno": "156(...)77",
                    "nome_aluno": "GUILHERME LOURENÇO MASCARENHAS"
                },
                {
                    "codigo_aluno": "308(...)31",
                    "nome_aluno": "GUSTAVO COSTA SOARES"
                },
                {
                    "codigo_aluno": "158(...)83",
                    "nome_aluno": "GUSTAVO MIGUEL ANDREZ SUSTELO"
                },
                {
                    "codigo_aluno": "549(...)08",
                    "nome_aluno": "IAN ARAUJO DE VASCONCELOS"
                },
                {
                    "codigo_aluno": "301(...)41",
                    "nome_aluno": "INÊS SILVA INÁCIO"
                },
                {
                    "codigo_aluno": "312(...)78",
                    "nome_aluno": "JOANA COELHO MORAIS"
                },
                {
                    "codigo_aluno": "309(...)11",
                    "nome_aluno": "JOÃO AFONSO PALMEIRA LABISA SEQUEIRA"
                },
                {
                    "codigo_aluno": "312(...)60",
                    "nome_aluno": "JOÃO MÁRIO MARQUES EMÍDIO"
                },
                {
                    "codigo_aluno": "148(...)91",
                    "nome_aluno": "JONAS VALÉRIO SILVA"
                },
                {
                    "codigo_aluno": "305(...)65",
                    "nome_aluno": "JOSUÉ MIGUEL ROSA OLIVEIRA"
                },
                {
                    "codigo_aluno": "312(...)35",
                    "nome_aluno": "LAURA MARISA MARCELINO COELHO"
                },
                {
                    "codigo_aluno": "151(...)64",
                    "nome_aluno": "MADALENA SILVA VICENTE MONTEIRO"
                },
                {
                    "codigo_aluno": "153(...)06",
                    "nome_aluno": "MARIANA COUTO CHIBELES AMÁLIO"
                },
                {
                    "codigo_aluno": "300(...)81",
                    "nome_aluno": "MÁRIO JOSÉ DELGADO"
                },
                {
                    "codigo_aluno": "312(...)73",
                    "nome_aluno": "MARTA SOFIA DAMOS RITA"
                },
                {
                    "codigo_aluno": "155(...)14",
                    "nome_aluno": "MATEUS PEDRO NEPALANGA BALDÉ"
                },
                {
                    "codigo_aluno": "151(...)67",
                    "nome_aluno": "MATILDE FERNANDES CARDOSO"
                },
                {
                    "codigo_aluno": "305(...)38",
                    "nome_aluno": "MATILDE GONCALVES SANTOS"
                },
                {
                    "codigo_aluno": "153(...)24",
                    "nome_aluno": "NÁDIA SOFIA SILVA ROSAMONTE"
                },
                {
                    "codigo_aluno": "312(...)50",
                    "nome_aluno": "NUNO DIAS GUILHERME"
                },
                {
                    "codigo_aluno": "153(...)40",
                    "nome_aluno": "PEDRO SOARES PAULO SANTOS ALEXANDRE"
                },
                {
                    "codigo_aluno": "316(...)41",
                    "nome_aluno": "RAFAELA MARTINS DA SILVA"
                },
                {
                    "codigo_aluno": "151(...)47",
                    "nome_aluno": "RICARDO TOMÉ FERRONHA LOPES PARRACHO"
                },
                {
                    "codigo_aluno": "153(...)03",
                    "nome_aluno": "RITA DO CARMO MARQUES"
                },
                {
                    "codigo_aluno": "309(...)55",
                    "nome_aluno": "RITA MARIA LEMOS NEVES"
                },
                {
                    "codigo_aluno": "312(...)28",
                    "nome_aluno": "RODRIGO BARAONA CHAVEIRO LOUPA"
                },
                {
                    "codigo_aluno": "155(...)93",
                    "nome_aluno": "ROSÁRIO MARIA RODRIGUES NETO GOMES DA SILVA"
                },
                {
                    "codigo_aluno": "300(...)95",
                    "nome_aluno": "SALVADOR MACHADO DE ALMEIDA NETO"
                },
                {
                    "codigo_aluno": "314(...)14",
                    "nome_aluno": "SAMUEL RODRIGUES RAMOS"
                },
                {
                    "codigo_aluno": "154(...)92",
                    "nome_aluno": "SARA RAMOS MALVEIRO"
                },
                {
                    "codigo_aluno": "313(...)79",
                    "nome_aluno": "SIMÃO LOPES SALVADO"
                },
                {
                    "codigo_aluno": "308(...)83",
                    "nome_aluno": "SIMÃO MARIA VALADAS ALEIXO"
                }
            ]
        },
        {
            "codigo_curso": "9013",
            "nome_curso": "9013 - Biologia Marinha",
            "colocados": [
                {
                    "codigo_aluno": "156(...)33",
                    "nome_aluno": "ALEXANDRE MIGUEL DA SILVA MONTEIRO"
                },
                {
                    "codigo_aluno": "152(...)57",
                    "nome_aluno": "ALEXANDRE SANTOS SILVA"
                },
                {
                    "codigo_aluno": "156(...)58",
                    "nome_aluno": "ALICE SILVA ROQUE"
                },
                {
                    "codigo_aluno": "155(...)72",
                    "nome_aluno": "ALICE TELES DUARTE MENDES MARIA"
                },
                {
                    "codigo_aluno": "158(...)20",
                    "nome_aluno": "ANDRÉ SALDANHA JARDIM"
                },
                {
                    "codigo_aluno": "152(...)80",
                    "nome_aluno": "ANTÓNIO POMBO CARDOSO CATRICA SILVA"
                },
                {
                    "codigo_aluno": "156(...)47",
                    "nome_aluno": "BEATRIZ BATISTA MARQUES"
                },
                {
                    "codigo_aluno": "302(...)88",
                    "nome_aluno": "BEATRIZ DOS REIS ALEIXO CORREIA DIAS"
                },
                {
                    "codigo_aluno": "157(...)80",
                    "nome_aluno": "BEATRIZ SOARES FERREIRA"
                },
                {
                    "codigo_aluno": "301(...)61",
                    "nome_aluno": "BERNARDO AFONSO GOMES"
                },
                {
                    "codigo_aluno": "310(...)08",
                    "nome_aluno": "CAROLINA LOPES BALASTEIRO"
                },
                {
                    "codigo_aluno": "156(...)34",
                    "nome_aluno": "CAROLINA MACEDO FARIA"
                },
                {
                    "codigo_aluno": "307(...)46",
                    "nome_aluno": "CAROLINA MARQUES DA COSTA"
                },
                {
                    "codigo_aluno": "301(...)04",
                    "nome_aluno": "CATARINA GARCÊS DE FREITAS"
                },
                {
                    "codigo_aluno": "310(...)44",
                    "nome_aluno": "CATARINA ISABEL PIMENTEL DUARTE"
                },
                {
                    "codigo_aluno": "153(...)69",
                    "nome_aluno": "CATARINA PITI LOPES"
                },
                {
                    "codigo_aluno": "152(...)77",
                    "nome_aluno": "DINIS BARROS DE CARVALHO"
                },
                {
                    "codigo_aluno": "307(...)68",
                    "nome_aluno": "DIOGO MENDES ANDRADE"
                },
                {
                    "codigo_aluno": "308(...)54",
                    "nome_aluno": "DUARTE MARIA BARTOLOMEU GOMES DE CAMACHO SIMÕES"
                },
                {
                    "codigo_aluno": "308(...)70",
                    "nome_aluno": "ERICA DANIELA PIRES SOUSA RATO"
                },
                {
                    "codigo_aluno": "301(...)74",
                    "nome_aluno": "EVA CASTRO FERNANDES"
                },
                {
                    "codigo_aluno": "152(...)42",
                    "nome_aluno": "FILIPA ALEXANDRA FARIA MILA"
                },
                {
                    "codigo_aluno": "307(...)36",
                    "nome_aluno": "FILIPA TANGANHO CRESPO"
                },
                {
                    "codigo_aluno": "306(...)65",
                    "nome_aluno": "FRANCISCA RAMOS DIAS DA VEIGA NUNES"
                },
                {
                    "codigo_aluno": "317(...)50",
                    "nome_aluno": "FRANCISCO BARBEDO RAMALHO FIGUEIREDO TAVARES"
                },
                {
                    "codigo_aluno": "302(...)81",
                    "nome_aluno": "HELENA COELHO APOLO"
                },
                {
                    "codigo_aluno": "302(...)76",
                    "nome_aluno": "INÊS CORREIA MENDES DE LACERDA MACHADO"
                },
                {
                    "codigo_aluno": "153(...)62",
                    "nome_aluno": "INÊS DA SILVA FERREIRA"
                },
                {
                    "codigo_aluno": "157(...)84",
                    "nome_aluno": "INÊS DE MELLO SANTOS ARANTES E OLIVEIRA"
                },
                {
                    "codigo_aluno": "312(...)39",
                    "nome_aluno": "INÊS VENÂNCIO GOMES VELEZ"
                },
                {
                    "codigo_aluno": "156(...)12",
                    "nome_aluno": "JACIRA OLIVEIRA CRUZ ESTRELA"
                },
                {
                    "codigo_aluno": "154(...)36",
                    "nome_aluno": "JOANA DE VASCONCELOS LUZINI BRANCO FREIRE"
                },
                {
                    "codigo_aluno": "155(...)95",
                    "nome_aluno": "JOANA RIBEIRO FERREIRA DE ABREU CASTELO BRANCO"
                },
                {
                    "codigo_aluno": "157(...)76",
                    "nome_aluno": "JOÃO ANDRÉ GONÇALVES CARVALHO"
                },
                {
                    "codigo_aluno": "300(...)91",
                    "nome_aluno": "JOÃO PAULO CALÇADA CARRAPATOSO"
                },
                {
                    "codigo_aluno": "154(...)68",
                    "nome_aluno": "JOSÉ LUIS MARCELINO ALEXANDRE"
                },
                {
                    "codigo_aluno": "154(...)09",
                    "nome_aluno": "MANUEL TIAGO AMADO VICENTE DE CORDOVA BANDEIRA"
                },
                {
                    "codigo_aluno": "307(...)44",
                    "nome_aluno": "MARGARIDA MACHADO MAIÉ FERNANDES"
                },
                {
                    "codigo_aluno": "303(...)93",
                    "nome_aluno": "MARIA INES CARNEIRO AMORIM GUERRA"
                },
                {
                    "codigo_aluno": "158(...)88",
                    "nome_aluno": "MARIA LEONOR ALBARRAN OLIVEIRA DE MATOS COSTA"
                },
                {
                    "codigo_aluno": "153(...)11",
                    "nome_aluno": "MARIA LEONOR LOPES ANDRADE"
                },
                {
                    "codigo_aluno": "159(...)32",
                    "nome_aluno": "MARIA MARQUÊS DOS SANTOS NUNES MARTINS"
                },
                {
                    "codigo_aluno": "302(...)68",
                    "nome_aluno": "MARIANA ALEXANDRE DA SILVA CORREIA"
                },
                {
                    "codigo_aluno": "152(...)61",
                    "nome_aluno": "MARIANA ANDRADE DIACOV"
                },
                {
                    "codigo_aluno": "309(...)94",
                    "nome_aluno": "MARIANA BATISTA RICARDO"
                },
                {
                    "codigo_aluno": "152(...)05",
                    "nome_aluno": "MARIANA DOMINGOS GOMES"
                },
                {
                    "codigo_aluno": "151(...)66",
                    "nome_aluno": "MARIANA FERREIRA BASÍLIO"
                },
                {
                    "codigo_aluno": "157(...)57",
                    "nome_aluno": "MARIANA OLIVEIRA BRITES"
                },
                {
                    "codigo_aluno": "303(...)84",
                    "nome_aluno": "MARIANA RODRIGUES PINHEIRO MOGO SEQUEIRA"
                },
                {
                    "codigo_aluno": "303(...)93",
                    "nome_aluno": "MARTA BEJA COELHO"
                },
                {
                    "codigo_aluno": "303(...)02",
                    "nome_aluno": "MATILDE MARIA GODINHO ABREU"
                },
                {
                    "codigo_aluno": "158(...)59",
                    "nome_aluno": "MATILDE MECO PILÓ"
                },
                {
                    "codigo_aluno": "301(...)45",
                    "nome_aluno": "MATILDE PEREIRA RISSO"
                },
                {
                    "codigo_aluno": "308(...)88",
                    "nome_aluno": "MATILDE VARELA GUERREIRO"
                },
                {
                    "codigo_aluno": "159(...)51",
                    "nome_aluno": "MIGUEL CORREIA PEDRO"
                },
                {
                    "codigo_aluno": "154(...)86",
                    "nome_aluno": "MONICA FILIPA MADEIRA AFONSO"
                },
                {
                    "codigo_aluno": "152(...)37",
                    "nome_aluno": "NÉLIO AFONSO GOMES GONÇALVES"
                },
                {
                    "codigo_aluno": "307(...)57",
                    "nome_aluno": "NUNO LUÍS DOS SANTOS NORTE PEREIRA LANGER"
                },
                {
                    "codigo_aluno": "315(...)58",
                    "nome_aluno": "NUNO MIGUEL PEREIRA SALSINHA CARVALHO"
                },
                {
                    "codigo_aluno": "314(...)40",
                    "nome_aluno": "PEDRO MARIA CORREIA E GOMES"
                },
                {
                    "codigo_aluno": "312(...)14",
                    "nome_aluno": "RUI MOUTINHO DA CUNHA CORREIA"
                },
                {
                    "codigo_aluno": "309(...)70",
                    "nome_aluno": "SEBASTIÃO BOUCINHA VASCONCELOS"
                },
                {
                    "codigo_aluno": "301(...)38",
                    "nome_aluno": "TATIANA SOFIA COELHO ANTUNES CARVALHO"
                },
                {
                    "codigo_aluno": "159(...)96",
                    "nome_aluno": "TIAGO MIGUEL RODAM GUERRA DE FIGUEIREDO"
                }
            ]
        },
        {
            "codigo_curso": "9015",
            "nome_curso": "9015 - Bioquímica",
            "colocados": [
                {
                    "codigo_aluno": "309(...)90",
                    "nome_aluno": "ANA RAQUEL MONTEIRO DE SOUSA"
                },
                {
                    "codigo_aluno": "156(...)28",
                    "nome_aluno": "ANA RITA CARNEIRO ANDRADE"
                },
                {
                    "codigo_aluno": "308(...)38",
                    "nome_aluno": "ANDRÉ OLIVEIRA JOSÉ"
                },
                {
                    "codigo_aluno": "327(...)59",
                    "nome_aluno": "AUANY SOUZA PEIXOTO"
                },
                {
                    "codigo_aluno": "152(...)67",
                    "nome_aluno": "BEATRIZ GOUVEIA VAZ"
                },
                {
                    "codigo_aluno": "154(...)22",
                    "nome_aluno": "CAROLINA MARTA ESTEVENS"
                },
                {
                    "codigo_aluno": "154(...)48",
                    "nome_aluno": "DINIS MIGUEL DOS SANTOS RAMOS"
                },
                {
                    "codigo_aluno": "155(...)30",
                    "nome_aluno": "EMANUEL CALVINHO BENTO"
                },
                {
                    "codigo_aluno": "152(...)87",
                    "nome_aluno": "GABRIEL HENRIQUES ARTUR ALMEIDA OLIVEIRA"
                },
                {
                    "codigo_aluno": "302(...)01",
                    "nome_aluno": "GUSTAVO DANIEL VIEIRA FRANQUEIRA"
                },
                {
                    "codigo_aluno": "314(...)60",
                    "nome_aluno": "INÊS ISABEL MARQUES LANÇA"
                },
                {
                    "codigo_aluno": "155(...)95",
                    "nome_aluno": "JOAO ANDRÉ BOAVIDA DA SILVA"
                },
                {
                    "codigo_aluno": "304(...)33",
                    "nome_aluno": "LEONOR BRÁSIO CLEMENTE"
                },
                {
                    "codigo_aluno": "153(...)03",
                    "nome_aluno": "LEONOR DA SILVA DOMINGUES"
                },
                {
                    "codigo_aluno": "306(...)82",
                    "nome_aluno": "LEONOR SOFIA FERREIRA DIONÍSIO"
                },
                {
                    "codigo_aluno": "155(...)09",
                    "nome_aluno": "LIA PALMA DA LUZ"
                },
                {
                    "codigo_aluno": "149(...)69",
                    "nome_aluno": "MARIA MIGUEL FERNANDES"
                },
                {
                    "codigo_aluno": "152(...)23",
                    "nome_aluno": "MARIA RAQUEL LAGES GOMES DA FONSECA PINTO"
                },
                {
                    "codigo_aluno": "240(...)03",
                    "nome_aluno": "MAYA MARAMOROSZ"
                },
                {
                    "codigo_aluno": "314(...)20",
                    "nome_aluno": "SALVADOR VAZ DINIZ"
                },
                {
                    "codigo_aluno": "152(...)72",
                    "nome_aluno": "SANTIAGO DAVI DA SILVA CORREIA"
                },
                {
                    "codigo_aluno": "310(...)69",
                    "nome_aluno": "SOFIA ISABEL GORGULHO BENTO"
                }
            ]
        },
        {
            "codigo_curso": "9016",
            "nome_curso": "9016 - Biotecnologia",
            "colocados": [
                {
                    "codigo_aluno": "153(...)51",
                    "nome_aluno": "AFONSO MIGUEL NOBRE INEZ"
                },
                {
                    "codigo_aluno": "300(...)28",
                    "nome_aluno": "AFONSO TAVARES MOUTA"
                },
                {
                    "codigo_aluno": "314(...)16",
                    "nome_aluno": "BEATRIZ RIBEIRO DA SILVA"
                },
                {
                    "codigo_aluno": "240(...)74",
                    "nome_aluno": "CLÁUDIA SIMONE QUENE SANCHES"
                },
                {
                    "codigo_aluno": "304(...)08",
                    "nome_aluno": "DIANA MOSNEAGA LOPES"
                },
                {
                    "codigo_aluno": "309(...)78",
                    "nome_aluno": "DIOGO MIGUEL MARTINS GUERREIRO"
                },
                {
                    "codigo_aluno": "240(...)01",
                    "nome_aluno": "EMANUELA GONÇALVES VIEIRA"
                },
                {
                    "codigo_aluno": "152(...)80",
                    "nome_aluno": "FÁBIO MARTINS DE CASTRO"
                },
                {
                    "codigo_aluno": "301(...)41",
                    "nome_aluno": "GUILHERME DA SILVA MOURA"
                },
                {
                    "codigo_aluno": "159(...)97",
                    "nome_aluno": "GUILHERME RICARDO SOARES"
                },
                {
                    "codigo_aluno": "240(...)02",
                    "nome_aluno": "GUILHERME VERAS LACERDA"
                },
                {
                    "codigo_aluno": "306(...)88",
                    "nome_aluno": "HENRIQUE CRISTÓVÃO DA PALMA"
                },
                {
                    "codigo_aluno": "159(...)57",
                    "nome_aluno": "JOÃO MIGUEL RODEIA CALADO NUNES"
                },
                {
                    "codigo_aluno": "301(...)42",
                    "nome_aluno": "JOÃO PEDRO PAULINO MADEIRA"
                },
                {
                    "codigo_aluno": "158(...)78",
                    "nome_aluno": "JÓNATAS IAN LOURENÇO RODRIGUES MALACHOSKI"
                },
                {
                    "codigo_aluno": "155(...)57",
                    "nome_aluno": "LEONOR RODRIGUES DUARTE"
                },
                {
                    "codigo_aluno": "309(...)42",
                    "nome_aluno": "LEONOR TENIL PEDRO"
                },
                {
                    "codigo_aluno": "302(...)38",
                    "nome_aluno": "MARGARIDA CALADO DE SOUSA"
                },
                {
                    "codigo_aluno": "156(...)48",
                    "nome_aluno": "MARIA FERREIRA CAMPOS"
                },
                {
                    "codigo_aluno": "310(...)47",
                    "nome_aluno": "ROBERTO DA SILVA PIRES"
                },
                {
                    "codigo_aluno": "305(...)25",
                    "nome_aluno": "RODRIGO NETO GUERREIRO PARDAL"
                }
            ]
        },
        {
            "codigo_curso": "9494",
            "nome_curso": "9494 - Ciências Farmacêuticas",
            "colocados": [
                {
                    "codigo_aluno": "300(...)32",
                    "nome_aluno": "AÇUCENA BATISTA SANTA RITA"
                },
                {
                    "codigo_aluno": "154(...)14",
                    "nome_aluno": "AFONSO TOMÁS CORREIA DUARTE"
                },
                {
                    "codigo_aluno": "330(...)40",
                    "nome_aluno": "ANA CAROLINA BAHENS CORREIA"
                },
                {
                    "codigo_aluno": "307(...)26",
                    "nome_aluno": "ANA CLARA DA SILVA REBECA"
                },
                {
                    "codigo_aluno": "310(...)97",
                    "nome_aluno": "ANA RITA RODRIGUES MORAIS"
                },
                {
                    "codigo_aluno": "159(...)04",
                    "nome_aluno": "ANDRE BARTOLOMEU RODRIGUES"
                },
                {
                    "codigo_aluno": "304(...)77",
                    "nome_aluno": "BEATRIZ ALEXANDRA LUZIA HILARIO"
                },
                {
                    "codigo_aluno": "309(...)59",
                    "nome_aluno": "BEATRIZ FILIPA JOSÉ GUERREIRO"
                },
                {
                    "codigo_aluno": "159(...)83",
                    "nome_aluno": "BEATRIZ MARIA VIEIRA DE OLIVEIRA"
                },
                {
                    "codigo_aluno": "159(...)86",
                    "nome_aluno": "BERNARDO RIBEIRO FERREIRA GOMES"
                },
                {
                    "codigo_aluno": "158(...)09",
                    "nome_aluno": "BRUNA DOMINGUES FRANCO"
                },
                {
                    "codigo_aluno": "240(...)17",
                    "nome_aluno": "BRUNO VICENTE FRARE DOS SANTOS"
                },
                {
                    "codigo_aluno": "155(...)94",
                    "nome_aluno": "CAROLINA DE BRITO FERREIRA"
                },
                {
                    "codigo_aluno": "302(...)26",
                    "nome_aluno": "CAROLINA MATOSO BICO"
                },
                {
                    "codigo_aluno": "158(...)78",
                    "nome_aluno": "CAROLINA NICOLE PETKOVA BERNARDINO"
                },
                {
                    "codigo_aluno": "328(...)22",
                    "nome_aluno": "DANIELA IBRAIMOVA KOCHANLIEVA"
                },
                {
                    "codigo_aluno": "303(...)05",
                    "nome_aluno": "ÉRICA LEONOR PORTO"
                },
                {
                    "codigo_aluno": "157(...)81",
                    "nome_aluno": "FILIPA MARGARIDA BENTO DA COSTA"
                },
                {
                    "codigo_aluno": "155(...)02",
                    "nome_aluno": "FRANCISCA DA COSTA SOARES"
                },
                {
                    "codigo_aluno": "156(...)07",
                    "nome_aluno": "FRANCISCO RIBEIRO FARINHA TEIXEIRA BOAVIDA"
                },
                {
                    "codigo_aluno": "307(...)43",
                    "nome_aluno": "GABRIEL REIS DOMINGOS"
                },
                {
                    "codigo_aluno": "159(...)80",
                    "nome_aluno": "INÊS ALVES CARVALHO LOURENÇO"
                },
                {
                    "codigo_aluno": "309(...)03",
                    "nome_aluno": "INES DE ALMEIDA SANTOS PINTO MATEUS"
                },
                {
                    "codigo_aluno": "152(...)16",
                    "nome_aluno": "ISAAC MACHADO CRUZ OLIVEIRA CASEIRO"
                },
                {
                    "codigo_aluno": "158(...)27",
                    "nome_aluno": "JOANA FILIPA MARTINS DIAS"
                },
                {
                    "codigo_aluno": "154(...)35",
                    "nome_aluno": "JOÃO DUARTE PARREIRA MIGUEL"
                },
                {
                    "codigo_aluno": "309(...)23",
                    "nome_aluno": "JOSE PEDRO PILÃO MAGALHÃES"
                },
                {
                    "codigo_aluno": "152(...)31",
                    "nome_aluno": "LEONOR DA ENCARNAÇÃO PEREIRA"
                },
                {
                    "codigo_aluno": "315(...)85",
                    "nome_aluno": "LEONOR FANTASIA COELHO DOS SANTOS"
                },
                {
                    "codigo_aluno": "308(...)38",
                    "nome_aluno": "LETÍCIA DA CONCEIÇÃO VALENTE"
                },
                {
                    "codigo_aluno": "240(...)05",
                    "nome_aluno": "LORENA GEOVANA SÁ CAZER"
                },
                {
                    "codigo_aluno": "241(...)07",
                    "nome_aluno": "LUIGI STEFANO TEIXEIRA BONITO"
                },
                {
                    "codigo_aluno": "306(...)72",
                    "nome_aluno": "MARGARIDA RAMOS DE BRITO"
                },
                {
                    "codigo_aluno": "153(...)17",
                    "nome_aluno": "MARIA FRANCISCA DA COSTA E TACO MAGALHÃES DE MALHEIRO"
                },
                {
                    "codigo_aluno": "152(...)01",
                    "nome_aluno": "MARIA INÊS MARTINS RODRIGUES"
                },
                {
                    "codigo_aluno": "154(...)69",
                    "nome_aluno": "MARIA MARQUES GONÇALVES"
                },
                {
                    "codigo_aluno": "158(...)89",
                    "nome_aluno": "MARIANA AGOSTINHO MARTINS"
                },
                {
                    "codigo_aluno": "158(...)23",
                    "nome_aluno": "MARIANA LEONOR PAIS PARREIRA"
                },
                {
                    "codigo_aluno": "307(...)55",
                    "nome_aluno": "MATILDE CALDAS MATOS"
                },
                {
                    "codigo_aluno": "303(...)08",
                    "nome_aluno": "MELINA CESÁRIO MOURÃO"
                },
                {
                    "codigo_aluno": "315(...)16",
                    "nome_aluno": "MURIEL JOÃO DA CUNHA COSTA"
                },
                {
                    "codigo_aluno": "309(...)15",
                    "nome_aluno": "PATRÍCIA CORREIA FERREIRA"
                },
                {
                    "codigo_aluno": "152(...)87",
                    "nome_aluno": "RAFAEL ALVES CHAVEIRO"
                },
                {
                    "codigo_aluno": "312(...)70",
                    "nome_aluno": "RITA PRADO DOS SANTOS SILVA"
                },
                {
                    "codigo_aluno": "153(...)11",
                    "nome_aluno": "RONALDO FERNANDES CRISTINO"
                },
                {
                    "codigo_aluno": "151(...)59",
                    "nome_aluno": "SARA BATISTA DO SERRO"
                },
                {
                    "codigo_aluno": "155(...)14",
                    "nome_aluno": "SARA CATARINA LOPES MARTINS"
                },
                {
                    "codigo_aluno": "156(...)67",
                    "nome_aluno": "SOFIA MOURATO RODRIGO"
                },
                {
                    "codigo_aluno": "306(...)71",
                    "nome_aluno": "SOFIA RAMOS DE BRITO"
                },
                {
                    "codigo_aluno": "308(...)28",
                    "nome_aluno": "TOMAS VINTEM CARPINTEIRO"
                }
            ]
        },
        {
            "codigo_curso": "9119",
            "nome_curso": "9119 - Engenharia Informática",
            "colocados": [
                {
                    "codigo_aluno": "240(...)12",
                    "nome_aluno": "AASHMA PANDEY"
                },
                {
                    "codigo_aluno": "157(...)40",
                    "nome_aluno": "AFONSO ALEXANDRE MENDES DA SILVA GAGO"
                },
                {
                    "codigo_aluno": "307(...)88",
                    "nome_aluno": "AFONSO DA SILVA FRANCISCO"
                },
                {
                    "codigo_aluno": "300(...)59",
                    "nome_aluno": "AFONSO DO NASCIMENTO SILVA"
                },
                {
                    "codigo_aluno": "307(...)39",
                    "nome_aluno": "AFONSO EMANUEL GONÇALVES CHIU"
                },
                {
                    "codigo_aluno": "308(...)77",
                    "nome_aluno": "AFONSO GUERREIRO AMADOR"
                },
                {
                    "codigo_aluno": "159(...)43",
                    "nome_aluno": "AFONSO JOÃO DAS NEVES BARRETO"
                },
                {
                    "codigo_aluno": "307(...)60",
                    "nome_aluno": "AFONSO SILVA FELICIDADE"
                },
                {
                    "codigo_aluno": "301(...)94",
                    "nome_aluno": "ALEXANDRE MIGUEL SOARES GUERREIRO"
                },
                {
                    "codigo_aluno": "240(...)07",
                    "nome_aluno": "ANA PAULA LOPEZ VERA"
                },
                {
                    "codigo_aluno": "152(...)19",
                    "nome_aluno": "ANA SOFIA PALMA ALMEIDA"
                },
                {
                    "codigo_aluno": "147(...)63",
                    "nome_aluno": "ANDRÉ DOUBOVIK DA ENCARNAÇÃO"
                },
                {
                    "codigo_aluno": "154(...)73",
                    "nome_aluno": "ANDRÉ FAUSTINO NETO"
                },
                {
                    "codigo_aluno": "156(...)74",
                    "nome_aluno": "ANDRÉ HORTA SOPA"
                },
                {
                    "codigo_aluno": "154(...)56",
                    "nome_aluno": "ANTÓNIO ALEXANDRE LAVRISHCHEV"
                },
                {
                    "codigo_aluno": "309(...)53",
                    "nome_aluno": "BEATRIZ MATEIA ALEXANDRE"
                },
                {
                    "codigo_aluno": "152(...)10",
                    "nome_aluno": "BERNARDO SPRANGER RODRIGUES FREITAS"
                },
                {
                    "codigo_aluno": "152(...)18",
                    "nome_aluno": "BRUNO GONÇALVES HORTA"
                },
                {
                    "codigo_aluno": "323(...)87",
                    "nome_aluno": "DEYVID RIZOV DURAKOV"
                },
                {
                    "codigo_aluno": "155(...)07",
                    "nome_aluno": "DINIS SALVADOR SOUSA VAIA"
                },
                {
                    "codigo_aluno": "305(...)27",
                    "nome_aluno": "DINIS SAMOKHVALOV"
                },
                {
                    "codigo_aluno": "154(...)00",
                    "nome_aluno": "DIOGO FILIPE PAIS MARTINS"
                },
                {
                    "codigo_aluno": "317(...)19",
                    "nome_aluno": "DIOGO LIN JIN"
                },
                {
                    "codigo_aluno": "314(...)67",
                    "nome_aluno": "DUARTE MANUEL RODRIGUES NICOLAU"
                },
                {
                    "codigo_aluno": "152(...)53",
                    "nome_aluno": "EMANUEL AFONSO FONSECA INÁCIO PINTO GAGO"
                },
                {
                    "codigo_aluno": "307(...)15",
                    "nome_aluno": "FÁBIO LORENZO REI"
                },
                {
                    "codigo_aluno": "152(...)75",
                    "nome_aluno": "FILIPE PINHEIRO DA PALMA"
                },
                {
                    "codigo_aluno": "152(...)38",
                    "nome_aluno": "GABRIEL JOAQUIM FAÍSCA PIRES SOUSA"
                },
                {
                    "codigo_aluno": "307(...)22",
                    "nome_aluno": "GONÇALO AFONSO GUERREIRO ALEGRIA"
                },
                {
                    "codigo_aluno": "307(...)58",
                    "nome_aluno": "GONÇALO LUÍS CORREIA COSTA"
                },
                {
                    "codigo_aluno": "152(...)70",
                    "nome_aluno": "GUILHERME ALEXANDRE SEMIÃO BACÔCO"
                },
                {
                    "codigo_aluno": "158(...)51",
                    "nome_aluno": "GUILHERME DA COSTA SOARES"
                },
                {
                    "codigo_aluno": "310(...)87",
                    "nome_aluno": "GUILHERME FILIPE DIAS FORMIGA"
                },
                {
                    "codigo_aluno": "312(...)05",
                    "nome_aluno": "GUILHERME FREITAS SOARES"
                },
                {
                    "codigo_aluno": "155(...)29",
                    "nome_aluno": "GUILHERME INÁCIO GUERREIRO"
                },
                {
                    "codigo_aluno": "305(...)74",
                    "nome_aluno": "GUILHERME SANTIAGO CERQUEIRA DA SILVA"
                },
                {
                    "codigo_aluno": "154(...)87",
                    "nome_aluno": "GUSTAVO ALEXANDRE MARTINS SEQUEIRA JERONIMO"
                },
                {
                    "codigo_aluno": "312(...)35",
                    "nome_aluno": "GUSTAVO ALEXANDRE SAMPAIO MARÇAL"
                },
                {
                    "codigo_aluno": "240(...)42",
                    "nome_aluno": "ILIA SINIUKOV"
                },
                {
                    "codigo_aluno": "306(...)73",
                    "nome_aluno": "IVAN DANIEL MOZULENKO GUEDES"
                },
                {
                    "codigo_aluno": "306(...)27",
                    "nome_aluno": "JOÃO PEDRO NEVES TEIXEIRA"
                },
                {
                    "codigo_aluno": "315(...)02",
                    "nome_aluno": "JOÃO TOMÁS DE ALMEIDA MENDONÇA"
                },
                {
                    "codigo_aluno": "157(...)65",
                    "nome_aluno": "JOSÉ DIOGO DUARTE GODINHO DE SOUSA"
                },
                {
                    "codigo_aluno": "306(...)90",
                    "nome_aluno": "LEANDRO ALMEIDA ROCHA"
                },
                {
                    "codigo_aluno": "312(...)73",
                    "nome_aluno": "LOURENÇO TAVARES DO PASSO ANDRADE"
                },
                {
                    "codigo_aluno": "157(...)80",
                    "nome_aluno": "LUIS RODRIGO GOMES BERENGUER"
                },
                {
                    "codigo_aluno": "304(...)38",
                    "nome_aluno": "MANUEL BICA CABRITA"
                },
                {
                    "codigo_aluno": "156(...)58",
                    "nome_aluno": "MANUEL FERREIRA DE ALMEIDA"
                },
                {
                    "codigo_aluno": "155(...)89",
                    "nome_aluno": "MARTIM GONÇALVES CALAPEZ"
                },
                {
                    "codigo_aluno": "303(...)14",
                    "nome_aluno": "MARTIM MANUEL GUERREIRO BAÍA"
                },
                {
                    "codigo_aluno": "304(...)76",
                    "nome_aluno": "MARTIM MATILDE DOMINGOS"
                },
                {
                    "codigo_aluno": "156(...)57",
                    "nome_aluno": "MARTIM ROBERTO GOMES"
                },
                {
                    "codigo_aluno": "306(...)27",
                    "nome_aluno": "MIGUEL EUGÉNIO GORGULHO"
                },
                {
                    "codigo_aluno": "302(...)36",
                    "nome_aluno": "MIGUEL RIBEIROS DE SOUSA"
                },
                {
                    "codigo_aluno": "302(...)98",
                    "nome_aluno": "NUNO FILIPE DA GAMA PIMENTEL DOS SANTOS FONSECA"
                },
                {
                    "codigo_aluno": "152(...)01",
                    "nome_aluno": "PAULO DI GRAZIA BARBOSA"
                },
                {
                    "codigo_aluno": "303(...)84",
                    "nome_aluno": "PEDRO ALVES AMBRÓSIO"
                },
                {
                    "codigo_aluno": "315(...)01",
                    "nome_aluno": "PEDRO PICOITO PINHEIRO"
                },
                {
                    "codigo_aluno": "300(...)24",
                    "nome_aluno": "RAFAEL MENDES CUNHA"
                },
                {
                    "codigo_aluno": "240(...)09",
                    "nome_aluno": "RICHARDO EDUARDO CHITAS"
                },
                {
                    "codigo_aluno": "302(...)82",
                    "nome_aluno": "RODRIGO FARIA DA SILVA"
                },
                {
                    "codigo_aluno": "154(...)78",
                    "nome_aluno": "RODRIGO FAUSTINO NETO"
                },
                {
                    "codigo_aluno": "153(...)40",
                    "nome_aluno": "RODRIGO FILIPE BARRACHA SEMIÃO"
                },
                {
                    "codigo_aluno": "148(...)96",
                    "nome_aluno": "RODRIGO FILIPE DOMINGOS GOMES"
                },
                {
                    "codigo_aluno": "306(...)41",
                    "nome_aluno": "RODRIGO GUERREIRO DAS NEVES"
                },
                {
                    "codigo_aluno": "311(...)60",
                    "nome_aluno": "RODRIGO MANUEL GONÇALVES DOS SANTOS"
                },
                {
                    "codigo_aluno": "157(...)16",
                    "nome_aluno": "RODRIGO MATA DIAS"
                },
                {
                    "codigo_aluno": "147(...)13",
                    "nome_aluno": "RODRIGO RODRIGUES PALMA"
                },
                {
                    "codigo_aluno": "306(...)68",
                    "nome_aluno": "RUI JORGE MOREIRA CARVALHO"
                },
                {
                    "codigo_aluno": "308(...)33",
                    "nome_aluno": "SALVADOR JOSÉ SANTOS DE OLIVEIRA"
                },
                {
                    "codigo_aluno": "308(...)30",
                    "nome_aluno": "SEBASTIÃO DUARTE LUCAS"
                },
                {
                    "codigo_aluno": "310(...)04",
                    "nome_aluno": "SIMÃO ALEXANDRE LUCAS DOS REIS"
                },
                {
                    "codigo_aluno": "310(...)24",
                    "nome_aluno": "SIMÃO JESUS CONCEIÇÃO DOMINGUES"
                },
                {
                    "codigo_aluno": "301(...)88",
                    "nome_aluno": "SOFIA ISABEL FORTUNA RODRIGUES ROSA"
                },
                {
                    "codigo_aluno": "240(...)04",
                    "nome_aluno": "TETIANA BRYK"
                },
                {
                    "codigo_aluno": "240(...)01",
                    "nome_aluno": "TETIANA POPILEVYCH"
                },
                {
                    "codigo_aluno": "303(...)42",
                    "nome_aluno": "TIAGO ALEXANDRE RIBEIRO PONTES"
                },
                {
                    "codigo_aluno": "301(...)95",
                    "nome_aluno": "TIAGO MIGUEL PIRES E FARO"
                },
                {
                    "codigo_aluno": "314(...)29",
                    "nome_aluno": "TOMÁS ANTÓNIO SEGURADO"
                },
                {
                    "codigo_aluno": "308(...)29",
                    "nome_aluno": "TOMÁS PIMENTA SEQUEIRA"
                },
                {
                    "codigo_aluno": "302(...)91",
                    "nome_aluno": "VASCO DUARTE FERNANDES BARROS"
                },
                {
                    "codigo_aluno": "303(...)82",
                    "nome_aluno": "WILSON FERREIRA MARTINS"
                }
            ]
        },
        {
            "codigo_curso": "L123",
            "nome_curso": "L123 - Gestão Marinha e Costeira",
            "colocados": [
                {
                    "codigo_aluno": "159(...)11",
                    "nome_aluno": "AFONSO BERNARDO RUSSO DA SILVA"
                },
                {
                    "codigo_aluno": "300(...)78",
                    "nome_aluno": "ANDRÉ DOS SANTOS NÓBREGA"
                },
                {
                    "codigo_aluno": "300(...)07",
                    "nome_aluno": "ANTONIO FARINHA PEREIRA"
                },
                {
                    "codigo_aluno": "155(...)43",
                    "nome_aluno": "CLARA SOUSA BOTELHO DE ASSUNÇÃO"
                },
                {
                    "codigo_aluno": "152(...)10",
                    "nome_aluno": "DIOGO GENEROSO SEBASTIÃO"
                },
                {
                    "codigo_aluno": "151(...)78",
                    "nome_aluno": "FÁBIO MANUEL RASQUINHO LOUPAS"
                },
                {
                    "codigo_aluno": "307(...)03",
                    "nome_aluno": "FRANCISCA ROSA CORDEIRO"
                },
                {
                    "codigo_aluno": "310(...)94",
                    "nome_aluno": "GONÇALO ANDRÉ CORREIA GONÇALVES"
                },
                {
                    "codigo_aluno": "310(...)14",
                    "nome_aluno": "GUILHERME ALEXANDRE GUERREIRO MENDES"
                },
                {
                    "codigo_aluno": "156(...)92",
                    "nome_aluno": "GUILHERME MIGUEL ROSA ROMBINHA"
                },
                {
                    "codigo_aluno": "154(...)42",
                    "nome_aluno": "IARA FILIPA COSTA SEQUEIRA"
                },
                {
                    "codigo_aluno": "240(...)13",
                    "nome_aluno": "JUDE DAVID HOLDER"
                },
                {
                    "codigo_aluno": "312(...)54",
                    "nome_aluno": "LUCAS EDUARDO DE OLIVEIRA AURELIO"
                },
                {
                    "codigo_aluno": "303(...)96",
                    "nome_aluno": "MADALENA BATISTA AGOSTINHO"
                },
                {
                    "codigo_aluno": "305(...)71",
                    "nome_aluno": "MARCOS FILIPE MOURA CHAVES"
                },
                {
                    "codigo_aluno": "313(...)99",
                    "nome_aluno": "MARIANA SIMÕES DOS REIS"
                },
                {
                    "codigo_aluno": "155(...)87",
                    "nome_aluno": "MARTIM PUGA LOURENÇO"
                },
                {
                    "codigo_aluno": "304(...)31",
                    "nome_aluno": "MIRIAM MARTINS SANTOS"
                },
                {
                    "codigo_aluno": "309(...)43",
                    "nome_aluno": "NÉMOH MARTINS LECONTE"
                },
                {
                    "codigo_aluno": "304(...)49",
                    "nome_aluno": "PABLO SAUVAL GONÇALVES"
                },
                {
                    "codigo_aluno": "314(...)56",
                    "nome_aluno": "RAFAEL MARTINS MATOS"
                },
                {
                    "codigo_aluno": "154(...)52",
                    "nome_aluno": "SARA SEQUEIRA REBELO"
                },
                {
                    "codigo_aluno": "152(...)53",
                    "nome_aluno": "SOFIA ALEXANDRA SOUSA GUERREIRO"
                },
                {
                    "codigo_aluno": "240(...)02",
                    "nome_aluno": "THALES DOS SANTOS LEAL"
                },
                {
                    "codigo_aluno": "304(...)41",
                    "nome_aluno": "THOMAS DUARTE DE SÁ RODRIGUES"
                },
                {
                    "codigo_aluno": "305(...)93",
                    "nome_aluno": "VICENTE CAPÍTULO GUERREIRO"
                }
            ]
        },
        {
            "codigo_curso": "9210",
            "nome_curso": "9210 - Matemática Aplicada à Economia e à Gestão",
            "colocados": [
                {
                    "codigo_aluno": "240(...)28",
                    "nome_aluno": "ANNA PERCIUC"
                },
                {
                    "codigo_aluno": "305(...)87",
                    "nome_aluno": "BEATRIZ ISABEL CARNEIRO LEANDRO"
                },
                {
                    "codigo_aluno": "159(...)52",
                    "nome_aluno": "GABRIEL CRUZ ACÁCIO COSTA"
                },
                {
                    "codigo_aluno": "307(...)78",
                    "nome_aluno": "INÊS SANTOS SILVA"
                },
                {
                    "codigo_aluno": "306(...)98",
                    "nome_aluno": "JOANA DOS SANTOS PARRA"
                },
                {
                    "codigo_aluno": "308(...)15",
                    "nome_aluno": "JOANA ISABEL CUNHA DA LUZ PEDRO"
                },
                {
                    "codigo_aluno": "309(...)86",
                    "nome_aluno": "JOÃO PEDRO MARTINS GONÇALVES"
                },
                {
                    "codigo_aluno": "156(...)30",
                    "nome_aluno": "LEONOR ALVES DA SILVA"
                },
                {
                    "codigo_aluno": "306(...)36",
                    "nome_aluno": "LUÍS GUILHERME AFONSO DIAS"
                },
                {
                    "codigo_aluno": "307(...)23",
                    "nome_aluno": "LUIS MIGUEL SOUSA SANTOS"
                },
                {
                    "codigo_aluno": "153(...)83",
                    "nome_aluno": "MARGARIDA FRANCISCO VALAGÃO AGOSTINHO"
                },
                {
                    "codigo_aluno": "150(...)62",
                    "nome_aluno": "MARIANA VIVEIROS RODRIGUES"
                },
                {
                    "codigo_aluno": "157(...)27",
                    "nome_aluno": "MIGUEL AFONSO CARDOSO DOS SANTOS"
                },
                {
                    "codigo_aluno": "306(...)87",
                    "nome_aluno": "PEDRO NUNO GOMES DA SILVA"
                },
                {
                    "codigo_aluno": "153(...)14",
                    "nome_aluno": "TIAGO SANTANA GOUVEIA DA COSTA"
                }
            ]
        }
    ]
}