{
    "codigo_universidade": "0160",
    "nome_universidade": "0160 - Universidade dos Açores - Faculdade de Ciências e Tecnologia",
    "cursos": [
        {
            "codigo_curso": "9011",
            "nome_curso": "9011 - Biologia",
            "colocados": [
                {
                    "codigo_aluno": "157(...)29",
                    "nome_aluno": "AFONSO MELO COSTA"
                },
                {
                    "codigo_aluno": "154(...)93",
                    "nome_aluno": "ALEXANDRE RAPOSO ORNELAS"
                },
                {
                    "codigo_aluno": "310(...)41",
                    "nome_aluno": "ANA BEATRIZ DA SILVA TAVARES"
                },
                {
                    "codigo_aluno": "307(...)08",
                    "nome_aluno": "ARTUR MIGUEL DE MELO CÃMARA MIRANDA"
                },
                {
                    "codigo_aluno": "153(...)38",
                    "nome_aluno": "BEATRIZ CRUZ TRINDADE"
                },
                {
                    "codigo_aluno": "152(...)48",
                    "nome_aluno": "BRENO PEREIRA FRANQUE"
                },
                {
                    "codigo_aluno": "157(...)24",
                    "nome_aluno": "CATARINA RODRIGUES AFONSO"
                },
                {
                    "codigo_aluno": "157(...)07",
                    "nome_aluno": "DAVID MARTINS BRULIN"
                },
                {
                    "codigo_aluno": "306(...)53",
                    "nome_aluno": "DAVID TOMÁS SOARES REBELO"
                },
                {
                    "codigo_aluno": "309(...)59",
                    "nome_aluno": "DINIS LOPES ABRANTES"
                },
                {
                    "codigo_aluno": "153(...)45",
                    "nome_aluno": "DRAYKO ALEXANDRE DE FIGUEIREDO CABOUCO"
                },
                {
                    "codigo_aluno": "152(...)27",
                    "nome_aluno": "IAGO VALENTIM FALEIRO"
                },
                {
                    "codigo_aluno": "157(...)85",
                    "nome_aluno": "INÊS JANUÁRIO LEAL FERREIRA"
                },
                {
                    "codigo_aluno": "151(...)09",
                    "nome_aluno": "ISABEL BATISTA AVELAR"
                },
                {
                    "codigo_aluno": "316(...)53",
                    "nome_aluno": "ISABEL DOMINGOS GUISADO"
                },
                {
                    "codigo_aluno": "158(...)52",
                    "nome_aluno": "JOÃO PEDRO GOMES"
                },
                {
                    "codigo_aluno": "304(...)35",
                    "nome_aluno": "JULIA GARCIA BRUM"
                },
                {
                    "codigo_aluno": "153(...)83",
                    "nome_aluno": "LORENA LOURENÇO SOUZA"
                },
                {
                    "codigo_aluno": "150(...)67",
                    "nome_aluno": "MAFALDA FERREIRA MARTINS"
                },
                {
                    "codigo_aluno": "157(...)10",
                    "nome_aluno": "MARGARIDA ROCHA MIRA"
                },
                {
                    "codigo_aluno": "152(...)17",
                    "nome_aluno": "MARIA AMÁLIA DA SILVA QUELHAS CAMPINOS POÇAS"
                },
                {
                    "codigo_aluno": "300(...)50",
                    "nome_aluno": "MARTA SOFIA ARRUDA COSME"
                },
                {
                    "codigo_aluno": "303(...)98",
                    "nome_aluno": "MATEUS SILVA CARREIRO"
                },
                {
                    "codigo_aluno": "305(...)37",
                    "nome_aluno": "MATILDE GASPAR NOBRE RODRIGUES"
                },
                {
                    "codigo_aluno": "240(...)35",
                    "nome_aluno": "SAMIRA GONÇALVES FERREIRA PEREIRA"
                },
                {
                    "codigo_aluno": "153(...)77",
                    "nome_aluno": "VANESSA SOUSA MARQUES"
                },
                {
                    "codigo_aluno": "154(...)05",
                    "nome_aluno": "VITOR JOSÉ VICENTE DE SOUSA"
                },
                {
                    "codigo_aluno": "303(...)95",
                    "nome_aluno": "VITÓRIA FARIAS CARVALHO"
                }
            ]
        },
        {
            "codigo_curso": "8083",
            "nome_curso": "8083 - Ciclo Básico de Medicina",
            "colocados": [
                {
                    "codigo_aluno": "309(...)15",
                    "nome_aluno": "BEATRIZ PAVÃO GARCIA"
                },
                {
                    "codigo_aluno": "309(...)71",
                    "nome_aluno": "BEATRIZ SANDE AMOROSO DUARTE SIMÕES"
                },
                {
                    "codigo_aluno": "154(...)49",
                    "nome_aluno": "BIANCA MENDONÇA COUTO"
                },
                {
                    "codigo_aluno": "302(...)09",
                    "nome_aluno": "BRUNA ALEXANDRA SILVA FIGUEIREDO"
                },
                {
                    "codigo_aluno": "307(...)61",
                    "nome_aluno": "CAROLINA DE ALMEIDA LIMA"
                },
                {
                    "codigo_aluno": "157(...)84",
                    "nome_aluno": "CAROLINA NOVAIS MOURA"
                },
                {
                    "codigo_aluno": "156(...)53",
                    "nome_aluno": "CATARINA RIBEIRO LOPES"
                },
                {
                    "codigo_aluno": "300(...)89",
                    "nome_aluno": "CLARA INES BATISTA BISCA"
                },
                {
                    "codigo_aluno": "306(...)56",
                    "nome_aluno": "CLAUDIO ALEXANDRE ALVES COUTO"
                },
                {
                    "codigo_aluno": "155(...)76",
                    "nome_aluno": "CONSTANÇA MATEUS DE SAMPAIO DOS SANTOS CIPRIANO"
                },
                {
                    "codigo_aluno": "310(...)16",
                    "nome_aluno": "DANIELA PEREIRA CABRAL"
                },
                {
                    "codigo_aluno": "151(...)33",
                    "nome_aluno": "DAVID GARCIA CORREIA"
                },
                {
                    "codigo_aluno": "152(...)43",
                    "nome_aluno": "GONÇALO DA SILVA SOUSA"
                },
                {
                    "codigo_aluno": "154(...)79",
                    "nome_aluno": "GONÇALO RODRIGUES ELOY"
                },
                {
                    "codigo_aluno": "157(...)84",
                    "nome_aluno": "HELENA SOFIA AZEVEDO PINTO"
                },
                {
                    "codigo_aluno": "154(...)82",
                    "nome_aluno": "HENRIQUE OLIVEIRA DIAS"
                },
                {
                    "codigo_aluno": "306(...)00",
                    "nome_aluno": "IARA MARINHEIRA GRANJA"
                },
                {
                    "codigo_aluno": "158(...)33",
                    "nome_aluno": "INÊS DE VIVEIROS FURTADO BOTELHO"
                },
                {
                    "codigo_aluno": "306(...)55",
                    "nome_aluno": "INÊS PATRÍCIA NASCIMENTO ALVES"
                },
                {
                    "codigo_aluno": "305(...)39",
                    "nome_aluno": "ÍRIS ALEXANDRA RODRIGUES OLIVEIRA"
                },
                {
                    "codigo_aluno": "306(...)32",
                    "nome_aluno": "JOAO TOMÁS PARREIRA GAMA BARROSO"
                },
                {
                    "codigo_aluno": "154(...)42",
                    "nome_aluno": "LARA SOARES FREIRE"
                },
                {
                    "codigo_aluno": "156(...)68",
                    "nome_aluno": "LEONOR DE FREITAS MOREIRA MOURA FERNANDES"
                },
                {
                    "codigo_aluno": "152(...)66",
                    "nome_aluno": "LEONOR LARANJEIRA LOPES"
                },
                {
                    "codigo_aluno": "153(...)54",
                    "nome_aluno": "LEONOR MARTINS CASCAREJO CORREIA DA SILVA"
                },
                {
                    "codigo_aluno": "312(...)50",
                    "nome_aluno": "LEONOR VIEIRA DE JESUS"
                },
                {
                    "codigo_aluno": "304(...)51",
                    "nome_aluno": "LUANA BRANCO SOUSA BRAGA"
                },
                {
                    "codigo_aluno": "151(...)55",
                    "nome_aluno": "LUÍS ALEXANDRE DO CARMO MEIRELES"
                },
                {
                    "codigo_aluno": "151(...)74",
                    "nome_aluno": "MADALENA MARIA CAMPBELL ALVES DA SILVA ROCHA"
                },
                {
                    "codigo_aluno": "151(...)00",
                    "nome_aluno": "MAGDA DE MELO FONTES"
                },
                {
                    "codigo_aluno": "153(...)31",
                    "nome_aluno": "MARGARIDA LEMOS ALVES"
                },
                {
                    "codigo_aluno": "157(...)50",
                    "nome_aluno": "MARIA ANTÓNIA MENESES DA COSTA DA ROCHA ALVES"
                },
                {
                    "codigo_aluno": "159(...)05",
                    "nome_aluno": "MARIA MACHADO RATES"
                },
                {
                    "codigo_aluno": "158(...)84",
                    "nome_aluno": "MARIANA REIS SILVARES"
                },
                {
                    "codigo_aluno": "153(...)19",
                    "nome_aluno": "MÁRIO ÂNGELO VINHAS TOMAS"
                },
                {
                    "codigo_aluno": "153(...)04",
                    "nome_aluno": "MARTA DOURADO MONTEIRO"
                },
                {
                    "codigo_aluno": "159(...)75",
                    "nome_aluno": "MATILDE MACIEL FAGUNDO DE ANDRADE"
                },
                {
                    "codigo_aluno": "152(...)31",
                    "nome_aluno": "MATILDE SOUSA COUTO"
                },
                {
                    "codigo_aluno": "305(...)91",
                    "nome_aluno": "MIGUEL FARIAS ESPÍNOLA"
                },
                {
                    "codigo_aluno": "157(...)27",
                    "nome_aluno": "NISIA SOFIA COELHO OLIVEIRA"
                },
                {
                    "codigo_aluno": "152(...)41",
                    "nome_aluno": "PEDRO MIGUEL DA SILVA SOUSA"
                },
                {
                    "codigo_aluno": "240(...)01",
                    "nome_aluno": "RAWAN ABDULHALEEM HAFEDH AL-RUBAYE"
                },
                {
                    "codigo_aluno": "152(...)21",
                    "nome_aluno": "RENATA MEDEIROS FONSECA OLIVEIRA AMARAL"
                },
                {
                    "codigo_aluno": "304(...)41",
                    "nome_aluno": "RODRIGO MIGUEL CARVALHO SOUSA"
                },
                {
                    "codigo_aluno": "156(...)70",
                    "nome_aluno": "SARA MELO LEITE"
                },
                {
                    "codigo_aluno": "306(...)64",
                    "nome_aluno": "SOFIA GOUVEIA BERNARDO"
                },
                {
                    "codigo_aluno": "303(...)95",
                    "nome_aluno": "SOFIA MARIA PONTE PASCOAL BOTELHO"
                },
                {
                    "codigo_aluno": "302(...)56",
                    "nome_aluno": "VASCO ALEIXO FURTADO ÁVILA"
                },
                {
                    "codigo_aluno": "309(...)97",
                    "nome_aluno": "VICENTE BARROS PEQUENO CAMPOS CORREIA"
                },
                {
                    "codigo_aluno": "300(...)19",
                    "nome_aluno": "VITÓRIA CONSTANTINO MEDEIROS"
                }
            ]
        },
        {
            "codigo_curso": "8571",
            "nome_curso": "8571 - Ciênc de Engenharia-Eng Mecânica; Eng Eletrotécnica e de Computadores (Pre)",
            "colocados": [
                {
                    "codigo_aluno": "158(...)58",
                    "nome_aluno": "DAVID FIGUEIREDO FERREIRA"
                },
                {
                    "codigo_aluno": "159(...)61",
                    "nome_aluno": "FERNANDO DE CASTRO RAPOSO BARBOSA DA ROCHA"
                },
                {
                    "codigo_aluno": "153(...)80",
                    "nome_aluno": "FRANCISCO ALEXANDRE TORRES DIAS D' ALMEIDA PEREIRA"
                },
                {
                    "codigo_aluno": "305(...)81",
                    "nome_aluno": "GONÇALO CARNEIRO VELHO ARRUDA"
                },
                {
                    "codigo_aluno": "151(...)67",
                    "nome_aluno": "GONÇALO CESAR ANACLETO"
                },
                {
                    "codigo_aluno": "152(...)47",
                    "nome_aluno": "GUILHERME CARVALHAL DO CANTO SILVA TEIXEIRA"
                },
                {
                    "codigo_aluno": "157(...)68",
                    "nome_aluno": "HENRIQUE TAVARES ALVES DA SILVA"
                },
                {
                    "codigo_aluno": "308(...)36",
                    "nome_aluno": "JOÃO PEDRO SILVA FERREIRA"
                },
                {
                    "codigo_aluno": "156(...)05",
                    "nome_aluno": "JULIA ALBERNAZ RAPOSO"
                },
                {
                    "codigo_aluno": "303(...)79",
                    "nome_aluno": "LEANDRO LIMA CABRAL"
                },
                {
                    "codigo_aluno": "303(...)35",
                    "nome_aluno": "MARTIM REGO TAVARES"
                },
                {
                    "codigo_aluno": "306(...)66",
                    "nome_aluno": "MIGUEL SILVA E CÂMARA"
                }
            ]
        },
        {
            "codigo_curso": "9185",
            "nome_curso": "9185 - Informática",
            "colocados": [
                {
                    "codigo_aluno": "309(...)86",
                    "nome_aluno": "ADRIANO FURTADO ARRUDA"
                },
                {
                    "codigo_aluno": "159(...)41",
                    "nome_aluno": "DAVID JORGE REPOLHO CARDOSO"
                },
                {
                    "codigo_aluno": "159(...)22",
                    "nome_aluno": "GONÇALO COSTA ARRUDA"
                },
                {
                    "codigo_aluno": "304(...)27",
                    "nome_aluno": "HERNÂNI FILIPE PACHECO ARAÚJO"
                },
                {
                    "codigo_aluno": "148(...)39",
                    "nome_aluno": "JOÃO PAULO GALEGO DA SILVA BENTO"
                },
                {
                    "codigo_aluno": "314(...)05",
                    "nome_aluno": "LEANDRO ARRUDA COSME"
                },
                {
                    "codigo_aluno": "158(...)15",
                    "nome_aluno": "MANUEL MELO SANTOS"
                },
                {
                    "codigo_aluno": "301(...)59",
                    "nome_aluno": "MIGUEL ALEXANDRE MEDEIROS ALBERNAZ"
                },
                {
                    "codigo_aluno": "148(...)24",
                    "nome_aluno": "MIGUEL CORREIA MEDEIROS"
                },
                {
                    "codigo_aluno": "304(...)07",
                    "nome_aluno": "MIGUEL OLIVEIRA MATOS"
                },
                {
                    "codigo_aluno": "153(...)32",
                    "nome_aluno": "MIGUEL REGO BRAZ"
                },
                {
                    "codigo_aluno": "306(...)44",
                    "nome_aluno": "NELSON PACHECO PONTE"
                },
                {
                    "codigo_aluno": "159(...)85",
                    "nome_aluno": "RAFAEL MIGUEL DIAS"
                },
                {
                    "codigo_aluno": "301(...)29",
                    "nome_aluno": "RAFAEL VIEIRA MEDEIROS"
                },
                {
                    "codigo_aluno": "151(...)33",
                    "nome_aluno": "RAUL ALVES VERDADEIRO MARQUES"
                },
                {
                    "codigo_aluno": "151(...)67",
                    "nome_aluno": "SARA CRISTINA RAPOSO FREIRE"
                },
                {
                    "codigo_aluno": "156(...)07",
                    "nome_aluno": "SÉRGIO MONIZ CABRAL"
                },
                {
                    "codigo_aluno": "153(...)08",
                    "nome_aluno": "TOMÁS MIGUEL MELO COUTO"
                },
                {
                    "codigo_aluno": "309(...)10",
                    "nome_aluno": "TOMÁS MIGUEL VENTURA MELO"
                },
                {
                    "codigo_aluno": "155(...)72",
                    "nome_aluno": "TOMÁS RAPOSO PACHECO"
                },
                {
                    "codigo_aluno": "156(...)99",
                    "nome_aluno": "YURI DANIEL ROCHA MOREIRA"
                }
            ]
        },
        {
            "codigo_curso": "8524",
            "nome_curso": "8524 - Proteção Civil e Gestão de Riscos",
            "colocados": [
                {
                    "codigo_aluno": "314(...)52",
                    "nome_aluno": "ALICE AMARO PASCOAL"
                },
                {
                    "codigo_aluno": "306(...)90",
                    "nome_aluno": "ANDRÉ FILIPE CORDEIRO AGUIAR"
                },
                {
                    "codigo_aluno": "307(...)29",
                    "nome_aluno": "ÉRICA MONIZ ALVES"
                },
                {
                    "codigo_aluno": "302(...)23",
                    "nome_aluno": "FRANCISCO DA SILVA VITORINO"
                },
                {
                    "codigo_aluno": "310(...)54",
                    "nome_aluno": "GONÇALO AGUIAR BRANCO"
                },
                {
                    "codigo_aluno": "154(...)11",
                    "nome_aluno": "GUILHERME GOMES MARQUES ROSA"
                },
                {
                    "codigo_aluno": "306(...)76",
                    "nome_aluno": "JOÃO CARVALHO BORGES"
                },
                {
                    "codigo_aluno": "153(...)00",
                    "nome_aluno": "JOÃO PEDRO MATIAS ANDRADE"
                },
                {
                    "codigo_aluno": "306(...)85",
                    "nome_aluno": "MATILDE DE SOUSA DIAS"
                },
                {
                    "codigo_aluno": "152(...)07",
                    "nome_aluno": "RAQUEL PUJOL PINTO"
                },
                {
                    "codigo_aluno": "152(...)22",
                    "nome_aluno": "TIAGO ANDRÉ VELOSA FIGUEIRA"
                }
            ]
        }
    ]
}