{
    "codigo_universidade": "1114",
    "nome_universidade": "1114 - Universidade do Porto - Faculdade de Direito",
    "cursos": [
        {
            "codigo_curso": "9066",
            "nome_curso": "9066 - Criminologia",
            "colocados": [
                {
                    "codigo_aluno": "316(...)84",
                    "nome_aluno": "ALEXANDRE CÂNDIDO MAGINA DOS SANTOS"
                },
                {
                    "codigo_aluno": "155(...)60",
                    "nome_aluno": "ANA BEATRIZ ALVES FERNANDES"
                },
                {
                    "codigo_aluno": "316(...)60",
                    "nome_aluno": "ANA BEATRIZ PEIXOTO DOS SANTOS"
                },
                {
                    "codigo_aluno": "312(...)26",
                    "nome_aluno": "BÁRBARA BARBOSA NOZES TAVARES"
                },
                {
                    "codigo_aluno": "316(...)22",
                    "nome_aluno": "BEATRIZ FERNANDA MAGALHÃES COUTO"
                },
                {
                    "codigo_aluno": "312(...)73",
                    "nome_aluno": "BEATRIZ LOPES DE OLIVEIRA"
                },
                {
                    "codigo_aluno": "306(...)77",
                    "nome_aluno": "BEATRIZ NUNES BENTO DE PINHO"
                },
                {
                    "codigo_aluno": "311(...)24",
                    "nome_aluno": "BEATRIZ RAQUEL DE JESUS PIMENTEL"
                },
                {
                    "codigo_aluno": "306(...)88",
                    "nome_aluno": "BEATRIZ TEIXEIRA GUERRA"
                },
                {
                    "codigo_aluno": "159(...)55",
                    "nome_aluno": "BRUNA SOFIA GONÇALVES PEREIRA DA SILVA"
                },
                {
                    "codigo_aluno": "154(...)13",
                    "nome_aluno": "CARLOTA JARDIM AVEIRO"
                },
                {
                    "codigo_aluno": "307(...)27",
                    "nome_aluno": "CATARINA OLIVEIRA LIMA"
                },
                {
                    "codigo_aluno": "304(...)38",
                    "nome_aluno": "CLARA BEATRIZ VIEIRA DA ROCHA"
                },
                {
                    "codigo_aluno": "307(...)76",
                    "nome_aluno": "CLARISSE MARIA CABRAL BRANDÃO FIGUEIREDO"
                },
                {
                    "codigo_aluno": "302(...)04",
                    "nome_aluno": "CONSTANÇA LEITÃO PEREIRA"
                },
                {
                    "codigo_aluno": "300(...)58",
                    "nome_aluno": "DIANA SILVA FERREIRA"
                },
                {
                    "codigo_aluno": "306(...)80",
                    "nome_aluno": "FILIPA TEIXEIRA DA COSTA"
                },
                {
                    "codigo_aluno": "305(...)48",
                    "nome_aluno": "FRANCISCA DOS SANTOS FRASCO"
                },
                {
                    "codigo_aluno": "152(...)59",
                    "nome_aluno": "GABRIEL SANTOS COSTA"
                },
                {
                    "codigo_aluno": "148(...)33",
                    "nome_aluno": "IARA MONTEIRO BRANDÃO"
                },
                {
                    "codigo_aluno": "304(...)19",
                    "nome_aluno": "INÊS AGUILAR APOLINÁRIO CORREIA"
                },
                {
                    "codigo_aluno": "153(...)81",
                    "nome_aluno": "INÊS RIBEIRO"
                },
                {
                    "codigo_aluno": "303(...)77",
                    "nome_aluno": "JOANA DE OLIVEIRA BERNARDINO"
                },
                {
                    "codigo_aluno": "318(...)62",
                    "nome_aluno": "JOANA SOFIA SALAZAR ROCHA"
                },
                {
                    "codigo_aluno": "153(...)98",
                    "nome_aluno": "JOSÉ MANUEL FERNANDES DE SOUSA MARQUES"
                },
                {
                    "codigo_aluno": "240(...)07",
                    "nome_aluno": "JULIA GOMES CARVALHO DE OLIVEIRA"
                },
                {
                    "codigo_aluno": "314(...)67",
                    "nome_aluno": "LARA FILIPA ALMEIDA CARDOSO"
                },
                {
                    "codigo_aluno": "303(...)31",
                    "nome_aluno": "LEONOR DOS SANTOS MAGALHÃES"
                },
                {
                    "codigo_aluno": "154(...)92",
                    "nome_aluno": "LEONOR GOMES FONSECA"
                },
                {
                    "codigo_aluno": "157(...)81",
                    "nome_aluno": "LEONOR LOPES CARVALHO"
                },
                {
                    "codigo_aluno": "152(...)40",
                    "nome_aluno": "LETÍCIA MARIA PIMENTEL DA SILVA RIBEIRO CORREIA"
                },
                {
                    "codigo_aluno": "322(...)14",
                    "nome_aluno": "LUIZ ALBERTO MARQUES PINHEIRO"
                },
                {
                    "codigo_aluno": "306(...)33",
                    "nome_aluno": "MAFALDA ASCENSA COSTA CABRITA MARTINS"
                },
                {
                    "codigo_aluno": "310(...)57",
                    "nome_aluno": "MARIANA SÁ OLIVEIRA"
                },
                {
                    "codigo_aluno": "154(...)17",
                    "nome_aluno": "MARTA ALEXANDRA CARVALHO COUTO"
                },
                {
                    "codigo_aluno": "150(...)32",
                    "nome_aluno": "MARTA SOFIA SILVA CASTRO SOUSA"
                },
                {
                    "codigo_aluno": "153(...)48",
                    "nome_aluno": "PATRÍCIA SOARES BARBOSA"
                },
                {
                    "codigo_aluno": "309(...)12",
                    "nome_aluno": "RAQUEL SOFIA MARTINS PIRES"
                },
                {
                    "codigo_aluno": "310(...)24",
                    "nome_aluno": "RODRIGO GUEDES OLIVEIRA"
                },
                {
                    "codigo_aluno": "302(...)50",
                    "nome_aluno": "SALVADOR DE OLIVEIRA PEREIRA"
                },
                {
                    "codigo_aluno": "155(...)01",
                    "nome_aluno": "SOFIA MEDEIROS SILVA"
                },
                {
                    "codigo_aluno": "154(...)99",
                    "nome_aluno": "SOFIA MIGUEL SOUSA MONTEIRO FREIRE PIRES"
                },
                {
                    "codigo_aluno": "318(...)04",
                    "nome_aluno": "TAMARA LIA SIMÕES CRUZ"
                },
                {
                    "codigo_aluno": "305(...)39",
                    "nome_aluno": "TÂNIA ISABEL PIRES AFONSO"
                },
                {
                    "codigo_aluno": "312(...)80",
                    "nome_aluno": "TOMÁS DOS SANTOS"
                },
                {
                    "codigo_aluno": "307(...)36",
                    "nome_aluno": "VASCO PINTASSILGO GOMES"
                },
                {
                    "codigo_aluno": "149(...)73",
                    "nome_aluno": "VERÓNICA MERCEDES VIVAS MOREIRA"
                }
            ]
        },
        {
            "codigo_curso": "9078",
            "nome_curso": "9078 - Direito",
            "colocados": [
                {
                    "codigo_aluno": "241(...)01",
                    "nome_aluno": "ADRIELLI CRISTINA MARÇAL FUKUDA"
                },
                {
                    "codigo_aluno": "156(...)30",
                    "nome_aluno": "AFONSO DE FIGUEIREDO DIAS"
                },
                {
                    "codigo_aluno": "316(...)63",
                    "nome_aluno": "AFONSO PIMENTA DE EÇA GUIMARÃES"
                },
                {
                    "codigo_aluno": "152(...)05",
                    "nome_aluno": "AFONSO TEIXEIRA MONTEIRO DA SILVA"
                },
                {
                    "codigo_aluno": "158(...)14",
                    "nome_aluno": "ALEXANDRE ROMUALDO RUBIO"
                },
                {
                    "codigo_aluno": "332(...)12",
                    "nome_aluno": "ALICE FIGUEIRA DE ASSIS BRASIL"
                },
                {
                    "codigo_aluno": "309(...)55",
                    "nome_aluno": "ANA BEATRIZ MENDES BORGES COSTA LIMA"
                },
                {
                    "codigo_aluno": "158(...)27",
                    "nome_aluno": "ANA CLARA AZEVEDO TEIXEIRA ESCUDEIRO AIRES"
                },
                {
                    "codigo_aluno": "315(...)80",
                    "nome_aluno": "ANA DA SILVA VIEIRA"
                },
                {
                    "codigo_aluno": "307(...)25",
                    "nome_aluno": "ANA FILIPA ROCHA GONÇALVES"
                },
                {
                    "codigo_aluno": "153(...)30",
                    "nome_aluno": "ANA FRANCISCA CASTRO CARVALHO"
                },
                {
                    "codigo_aluno": "156(...)21",
                    "nome_aluno": "ANA JORGE FERREIRA BATISTA"
                },
                {
                    "codigo_aluno": "153(...)22",
                    "nome_aluno": "ANA LISA FERREIRA AFONSO PINHEIRO"
                },
                {
                    "codigo_aluno": "308(...)92",
                    "nome_aluno": "ANA LUÍSA ROCHA FERREIRA"
                },
                {
                    "codigo_aluno": "153(...)53",
                    "nome_aluno": "ANA RITA ESTEVES RAPOSO"
                },
                {
                    "codigo_aluno": "154(...)98",
                    "nome_aluno": "ANDREIA ELIANA DA CUNHA VASCONCELOS"
                },
                {
                    "codigo_aluno": "159(...)14",
                    "nome_aluno": "ANTÓNIO JEREMIAS RIBAU TEIXEIRA CARLOS PINHO"
                },
                {
                    "codigo_aluno": "159(...)72",
                    "nome_aluno": "ANTÓNIO MARINHO FOLHADELA MOREIRA"
                },
                {
                    "codigo_aluno": "156(...)34",
                    "nome_aluno": "ANTÓNIO VICENTE ADÃO DA FONSECA DA SILVEIRA MONTENEGRO"
                },
                {
                    "codigo_aluno": "312(...)54",
                    "nome_aluno": "BÁRBARA GONÇALVES BELÍSSIMO"
                },
                {
                    "codigo_aluno": "304(...)13",
                    "nome_aluno": "BÁRBARA RIBEIRO MOREIRA"
                },
                {
                    "codigo_aluno": "332(...)82",
                    "nome_aluno": "BEATRIZ GIDI DOMINGUES"
                },
                {
                    "codigo_aluno": "312(...)11",
                    "nome_aluno": "BEATRIZ MORIM FERNANDES"
                },
                {
                    "codigo_aluno": "159(...)86",
                    "nome_aluno": "BEATRIZ NEVES DA SILVA"
                },
                {
                    "codigo_aluno": "154(...)68",
                    "nome_aluno": "BERNARDO MARTIM DA CUNHA LEITE CALDAS FERREIRA"
                },
                {
                    "codigo_aluno": "305(...)53",
                    "nome_aluno": "BRUNA CRISTIANA MAGALHÃES PINHEIRO"
                },
                {
                    "codigo_aluno": "306(...)82",
                    "nome_aluno": "CAMILA VALENTINA GONZALEZ DE GOUVEIA"
                },
                {
                    "codigo_aluno": "152(...)78",
                    "nome_aluno": "CARLOS DANIEL RODRIGUES FIGUEIRA"
                },
                {
                    "codigo_aluno": "315(...)47",
                    "nome_aluno": "CAROLINA ALÃO FELGUEIRAS"
                },
                {
                    "codigo_aluno": "153(...)04",
                    "nome_aluno": "CAROLINA BATISTA E CASTRO BIRRA"
                },
                {
                    "codigo_aluno": "303(...)64",
                    "nome_aluno": "CAROLINA BORGES BARBOSA LEÃO GOMES"
                },
                {
                    "codigo_aluno": "156(...)49",
                    "nome_aluno": "CAROLINA COSTA LUCAS"
                },
                {
                    "codigo_aluno": "303(...)66",
                    "nome_aluno": "CAROLINA GUIMARÃES SOARES DA SILVA"
                },
                {
                    "codigo_aluno": "152(...)54",
                    "nome_aluno": "CAROLINA MAGDALENA FONSECA GUIMARAENS BRANDAO"
                },
                {
                    "codigo_aluno": "300(...)34",
                    "nome_aluno": "CAROLINA PEREIRA COROAS CASIMIRO DE ALMEIDA"
                },
                {
                    "codigo_aluno": "301(...)01",
                    "nome_aluno": "CATARINA BELO FERNANDES"
                },
                {
                    "codigo_aluno": "242(...)03",
                    "nome_aluno": "CLARA WILD"
                },
                {
                    "codigo_aluno": "318(...)27",
                    "nome_aluno": "CRISTIANA AURORA SOUSA CORREIA"
                },
                {
                    "codigo_aluno": "157(...)19",
                    "nome_aluno": "CRISTIANA SOFIA MATOS BOTELHO"
                },
                {
                    "codigo_aluno": "303(...)25",
                    "nome_aluno": "DANIEL FILIPE TEIXEIRA MOREIRA"
                },
                {
                    "codigo_aluno": "304(...)14",
                    "nome_aluno": "DANIELA FILIPA MARRACHO COSTA"
                },
                {
                    "codigo_aluno": "157(...)44",
                    "nome_aluno": "DAVID PINTO ARAÚJO"
                },
                {
                    "codigo_aluno": "154(...)46",
                    "nome_aluno": "DIANA CRISTINA NÓBREGA GONÇALVES"
                },
                {
                    "codigo_aluno": "152(...)22",
                    "nome_aluno": "DINIS MIGUEL FANGUEIRO PIETRZYKOWSKI PATRICIO RELVEIRO"
                },
                {
                    "codigo_aluno": "312(...)91",
                    "nome_aluno": "DUARTE ROCHA SANTOS"
                },
                {
                    "codigo_aluno": "303(...)27",
                    "nome_aluno": "EDUARDA CAROLINA FERNANDES CORREIA"
                },
                {
                    "codigo_aluno": "157(...)33",
                    "nome_aluno": "EDUARDO PACHECO NEVES"
                },
                {
                    "codigo_aluno": "151(...)08",
                    "nome_aluno": "ESTÊVÃO GONÇALVES FERREIRA MAGALHÃES DE SOTTOMAYOR"
                },
                {
                    "codigo_aluno": "151(...)67",
                    "nome_aluno": "FÁTIMA ISABEL MARQUES FRANCISCO"
                },
                {
                    "codigo_aluno": "309(...)54",
                    "nome_aluno": "FILIPA MIGUEL PAIS MONTEIRO"
                },
                {
                    "codigo_aluno": "158(...)60",
                    "nome_aluno": "FILIPE PEREIRA MAIA LOBO DE ARAÚJO"
                },
                {
                    "codigo_aluno": "304(...)11",
                    "nome_aluno": "FRANCISCA SEYBERT DO AMARAL PINTO JESUS"
                },
                {
                    "codigo_aluno": "303(...)38",
                    "nome_aluno": "FRANCISCO MIGUEL DE MOURA MARINHO DA CUNHA ROMUALDO"
                },
                {
                    "codigo_aluno": "324(...)13",
                    "nome_aluno": "GABRIEL EDUARDO ROCHA INOCÊNCIO"
                },
                {
                    "codigo_aluno": "307(...)93",
                    "nome_aluno": "GABRIELA GILDE BRANDÃO"
                },
                {
                    "codigo_aluno": "309(...)40",
                    "nome_aluno": "GABRIELA SANTOS BALTAZAR"
                },
                {
                    "codigo_aluno": "159(...)10",
                    "nome_aluno": "GONÇALO DE SOUSA MARTINS"
                },
                {
                    "codigo_aluno": "313(...)61",
                    "nome_aluno": "GONÇALO PINTO LEITE TEIXEIRA"
                },
                {
                    "codigo_aluno": "316(...)82",
                    "nome_aluno": "GUILHERME DOS SANTOS GOMES"
                },
                {
                    "codigo_aluno": "157(...)13",
                    "nome_aluno": "GUILHERME MAIA ALMEIDA"
                },
                {
                    "codigo_aluno": "303(...)63",
                    "nome_aluno": "HELENA CONSTANÇA DA SILVA FILIPE CARDOSO TEIXEIRA"
                },
                {
                    "codigo_aluno": "150(...)38",
                    "nome_aluno": "HUGO HENRIQUE MIRANDA FREITAS"
                },
                {
                    "codigo_aluno": "304(...)99",
                    "nome_aluno": "IARA ALEXANDRA TEIXEIRA BRAZÃO"
                },
                {
                    "codigo_aluno": "310(...)29",
                    "nome_aluno": "INÊS CAMPOS COSTA"
                },
                {
                    "codigo_aluno": "303(...)57",
                    "nome_aluno": "INÊS MARIA PINHO GUIMARÃES"
                },
                {
                    "codigo_aluno": "303(...)74",
                    "nome_aluno": "INÊS PIRES DE SOUSA"
                },
                {
                    "codigo_aluno": "305(...)14",
                    "nome_aluno": "ISABEL CACHEDA CARNEIRO"
                },
                {
                    "codigo_aluno": "151(...)96",
                    "nome_aluno": "JOANA SERÔDIO FERNANDES DA GRAÇA MOURA"
                },
                {
                    "codigo_aluno": "154(...)60",
                    "nome_aluno": "JOANA SOFIA SANTOS SILVA"
                },
                {
                    "codigo_aluno": "301(...)17",
                    "nome_aluno": "JOANA WANDSCHNEIDER ABREU OLIVEIRA"
                },
                {
                    "codigo_aluno": "317(...)71",
                    "nome_aluno": "JOÃO ANTÓNIO FIGUEIREDO SEVERINO"
                },
                {
                    "codigo_aluno": "153(...)89",
                    "nome_aluno": "JOÃO FRANCISCO MARTINS PIMENTA DE ALMEIDA SAMPAIO"
                },
                {
                    "codigo_aluno": "154(...)72",
                    "nome_aluno": "JOÃO MARIA PATRÍCIO PORTUGAL ENES"
                },
                {
                    "codigo_aluno": "309(...)35",
                    "nome_aluno": "JOÃO MIGUEL MONSANTO PEREIRA"
                },
                {
                    "codigo_aluno": "151(...)51",
                    "nome_aluno": "JOÃO MONTEIRO DE QUEIRÓS FERNANDES DE OLIVEIRA"
                },
                {
                    "codigo_aluno": "151(...)26",
                    "nome_aluno": "JOSÉ ALBERTO DE ALMEIDA MOREIRA"
                },
                {
                    "codigo_aluno": "302(...)36",
                    "nome_aluno": "JOSÉ MIGUEL DA SILVA ALMEIDA"
                },
                {
                    "codigo_aluno": "310(...)22",
                    "nome_aluno": "JULIANA FIGUEIREDO DOS SANTOS"
                },
                {
                    "codigo_aluno": "158(...)51",
                    "nome_aluno": "KIZZY SOUTO PEREIRA"
                },
                {
                    "codigo_aluno": "310(...)84",
                    "nome_aluno": "LARA CUNHA SÁ"
                },
                {
                    "codigo_aluno": "308(...)16",
                    "nome_aluno": "LARA ESTEVES MACHADO"
                },
                {
                    "codigo_aluno": "307(...)31",
                    "nome_aluno": "LARA GOMES REGUFE"
                },
                {
                    "codigo_aluno": "152(...)60",
                    "nome_aluno": "LARA ISABEL MOREIRA DE SOUSA"
                },
                {
                    "codigo_aluno": "152(...)11",
                    "nome_aluno": "LAURA FREITAS DOS SANTOS"
                },
                {
                    "codigo_aluno": "240(...)06",
                    "nome_aluno": "LAURA MARQUES QUINTAL"
                },
                {
                    "codigo_aluno": "309(...)78",
                    "nome_aluno": "LEONOR GUIMARÃES DE SOUSA NUNES"
                },
                {
                    "codigo_aluno": "157(...)01",
                    "nome_aluno": "LEONOR MARIA DE CARVALHO RIBAS FERREIRA"
                },
                {
                    "codigo_aluno": "306(...)41",
                    "nome_aluno": "LEONOR OLIVEIRA DA SILVA"
                },
                {
                    "codigo_aluno": "315(...)14",
                    "nome_aluno": "LEONOR SOARES BASTOS LEITE DO COUTO"
                },
                {
                    "codigo_aluno": "315(...)71",
                    "nome_aluno": "LETÍCIA FREITAS COSTA"
                },
                {
                    "codigo_aluno": "153(...)82",
                    "nome_aluno": "LUÍSA SOUSA PEREIRA ORTIGÃO DE OLIVEIRA"
                },
                {
                    "codigo_aluno": "306(...)78",
                    "nome_aluno": "MAFALDA FERNANDES BRANCO"
                },
                {
                    "codigo_aluno": "156(...)92",
                    "nome_aluno": "MANUEL SALVADOR DA FONSECA FERREIRA SANTOS"
                },
                {
                    "codigo_aluno": "157(...)15",
                    "nome_aluno": "MARGARIDA AFONSO DA ROCHA PEIXOTO LEAL"
                },
                {
                    "codigo_aluno": "307(...)61",
                    "nome_aluno": "MARGARIDA ALVES SALVADOR"
                },
                {
                    "codigo_aluno": "314(...)73",
                    "nome_aluno": "MARGARIDA DA COSTA ÁLVARO"
                },
                {
                    "codigo_aluno": "306(...)84",
                    "nome_aluno": "MARGARIDA DIAS COELHO"
                },
                {
                    "codigo_aluno": "309(...)95",
                    "nome_aluno": "MARIA AGUIAR DA COSTA MAGALHÃES MOREIRA"
                },
                {
                    "codigo_aluno": "159(...)00",
                    "nome_aluno": "MARIA CAROLINA PANARRA ALMEIDA DA SILVA"
                },
                {
                    "codigo_aluno": "318(...)39",
                    "nome_aluno": "MARIA CLARA MENDONÇA VIEIRA DE SOUSA"
                },
                {
                    "codigo_aluno": "152(...)14",
                    "nome_aluno": "MARIA CORREIA DIAS"
                },
                {
                    "codigo_aluno": "310(...)07",
                    "nome_aluno": "MARIA INÊS MADUREIRA XAVIER"
                },
                {
                    "codigo_aluno": "155(...)31",
                    "nome_aluno": "MARIA INÊS SALGADO MACIEL DE SOUSA AGUIAR"
                },
                {
                    "codigo_aluno": "309(...)05",
                    "nome_aluno": "MARIA JOÃO MACHADO SILVA ATILANO"
                },
                {
                    "codigo_aluno": "310(...)82",
                    "nome_aluno": "MARIA LUÍSA ISIDRO FERREIRA"
                },
                {
                    "codigo_aluno": "303(...)53",
                    "nome_aluno": "MARIA MACHADO GUIMARAES BALDAQUE DA SILVA"
                },
                {
                    "codigo_aluno": "302(...)30",
                    "nome_aluno": "MARIA MARQUES ABREU"
                },
                {
                    "codigo_aluno": "156(...)16",
                    "nome_aluno": "MARIA MIGUEL RIBAS GALIZA ARANDA MONTEIRO"
                },
                {
                    "codigo_aluno": "154(...)08",
                    "nome_aluno": "MARIA SOFIA FERREIRA DA CUNHA QUINTELA MALHEIRO"
                },
                {
                    "codigo_aluno": "309(...)80",
                    "nome_aluno": "MARIA VIEIRA DE SOUSA TEIXEIRA"
                },
                {
                    "codigo_aluno": "306(...)57",
                    "nome_aluno": "MARIANA BARROSO REIS"
                },
                {
                    "codigo_aluno": "317(...)97",
                    "nome_aluno": "MARIANA FILIPA SILVA LARANJA"
                },
                {
                    "codigo_aluno": "302(...)51",
                    "nome_aluno": "MARIANA INÊS SILVA ROCHA"
                },
                {
                    "codigo_aluno": "154(...)72",
                    "nome_aluno": "MARIANA LINHARES CARRILHO MARTINS DA COSTA"
                },
                {
                    "codigo_aluno": "152(...)48",
                    "nome_aluno": "MARIANA PEREIRA GONÇALVES"
                },
                {
                    "codigo_aluno": "307(...)92",
                    "nome_aluno": "MARIANA RITA ABREU CARVALHO"
                },
                {
                    "codigo_aluno": "240(...)15",
                    "nome_aluno": "MARIANNA MUZITANO"
                },
                {
                    "codigo_aluno": "301(...)92",
                    "nome_aluno": "MARTA VASCONCELOS LORRE"
                },
                {
                    "codigo_aluno": "153(...)21",
                    "nome_aluno": "MATILDE CERVI TEIXEIRA"
                },
                {
                    "codigo_aluno": "302(...)70",
                    "nome_aluno": "MATILDE DA SILVA OLIVEIRA"
                },
                {
                    "codigo_aluno": "303(...)87",
                    "nome_aluno": "MATILDE DE FÁTIMA MEDEIROS SOUSA"
                },
                {
                    "codigo_aluno": "310(...)31",
                    "nome_aluno": "MATILDE FRANCISCA REIS PAIS PEREIRA"
                },
                {
                    "codigo_aluno": "159(...)19",
                    "nome_aluno": "MATILDE LESSA FERREIRA"
                },
                {
                    "codigo_aluno": "154(...)25",
                    "nome_aluno": "MATILDE LUCAS QUEIRÓS"
                },
                {
                    "codigo_aluno": "309(...)38",
                    "nome_aluno": "MATILDE MAGALHÃES GOMES"
                },
                {
                    "codigo_aluno": "151(...)41",
                    "nome_aluno": "MATILDE RAMOS FERREIRA"
                },
                {
                    "codigo_aluno": "323(...)35",
                    "nome_aluno": "MATTEO JOAQUIM COIMBRA"
                },
                {
                    "codigo_aluno": "158(...)78",
                    "nome_aluno": "MIGUEL ÂNGELO DA SILVA ALMEIDA"
                },
                {
                    "codigo_aluno": "157(...)82",
                    "nome_aluno": "MIGUEL DINIS PEIXOTO CUNHA"
                },
                {
                    "codigo_aluno": "306(...)17",
                    "nome_aluno": "MIGUEL SARMENTO PLÁCIDO PEIXOTO VERÍSSIMO"
                },
                {
                    "codigo_aluno": "150(...)99",
                    "nome_aluno": "NATACHA PINTO PERES TEIXEIRA DA SILVA"
                },
                {
                    "codigo_aluno": "155(...)01",
                    "nome_aluno": "NUNO MIGUEL DOS SANTOS CARVALHO E QUELHAS"
                },
                {
                    "codigo_aluno": "155(...)26",
                    "nome_aluno": "PEDRO ANTONIO FURTADO BATISTA"
                },
                {
                    "codigo_aluno": "159(...)33",
                    "nome_aluno": "RAFAEL SOUSA E SILVA"
                },
                {
                    "codigo_aluno": "309(...)93",
                    "nome_aluno": "RITA DE JESUS GASPAR PINTO"
                },
                {
                    "codigo_aluno": "159(...)30",
                    "nome_aluno": "RITA DO CARMO CRUZ E SILVA SANTOS"
                },
                {
                    "codigo_aluno": "305(...)19",
                    "nome_aluno": "RITA LEONOR MACEDO VILAÇA"
                },
                {
                    "codigo_aluno": "315(...)38",
                    "nome_aluno": "RITA SÁ FERREIRA"
                },
                {
                    "codigo_aluno": "310(...)10",
                    "nome_aluno": "RODRIGO CALHAU FRIAS"
                },
                {
                    "codigo_aluno": "314(...)12",
                    "nome_aluno": "RODRIGO SANTOS TEIXEIRA"
                },
                {
                    "codigo_aluno": "152(...)49",
                    "nome_aluno": "RUI PEDRO DOMINGOS CONCEIÇÃO"
                },
                {
                    "codigo_aluno": "317(...)26",
                    "nome_aluno": "SAMARA SARAY BETECA FERREIRA"
                },
                {
                    "codigo_aluno": "152(...)82",
                    "nome_aluno": "SAMUEL REIS PACO"
                },
                {
                    "codigo_aluno": "307(...)38",
                    "nome_aluno": "SARA DE BABO CARVALHO CUNHA"
                },
                {
                    "codigo_aluno": "312(...)11",
                    "nome_aluno": "SARA FILIPA BOALHOSA FERREIRA"
                },
                {
                    "codigo_aluno": "301(...)94",
                    "nome_aluno": "SARA ISABEL ARAÚJO VIEIRA"
                },
                {
                    "codigo_aluno": "153(...)61",
                    "nome_aluno": "SARA SEABRA PEIXOTO"
                },
                {
                    "codigo_aluno": "310(...)13",
                    "nome_aluno": "SÉRGIO MANUEL MAGALHÃES JESUS"
                },
                {
                    "codigo_aluno": "307(...)24",
                    "nome_aluno": "SOFIA ANTUNES MACHADO"
                },
                {
                    "codigo_aluno": "307(...)17",
                    "nome_aluno": "SOFIA ARIANA VAZ INOCÊNCIO"
                },
                {
                    "codigo_aluno": "312(...)26",
                    "nome_aluno": "SOFIA COSTA DA PONTE"
                },
                {
                    "codigo_aluno": "306(...)84",
                    "nome_aluno": "SOFIA DA COSTA MIRANDA"
                },
                {
                    "codigo_aluno": "309(...)57",
                    "nome_aluno": "SOFIA MACHADO FERREIRA"
                },
                {
                    "codigo_aluno": "300(...)11",
                    "nome_aluno": "VASCO LOBO FERREIRA REIS"
                },
                {
                    "codigo_aluno": "317(...)21",
                    "nome_aluno": "VASCO MANUEL BARREIRO GRAÇA"
                },
                {
                    "codigo_aluno": "151(...)82",
                    "nome_aluno": "XÉNIO DIOGO AMADA UNG"
                }
            ]
        }
    ]
}