{
    "codigo_universidade": "1510",
    "nome_universidade": "1510 - Universidade de Lisboa - Faculdade de Motricidade Humana",
    "cursos": [
        {
            "codigo_curso": "9707",
            "nome_curso": "9707 - Ciências do Desporto",
            "colocados": [
                {
                    "codigo_aluno": "304(...)42",
                    "nome_aluno": "AFONSO ESTEVES VERÍSSIMO"
                },
                {
                    "codigo_aluno": "151(...)15",
                    "nome_aluno": "AFONSO HENRIQUE SANTOS LEITÃO"
                },
                {
                    "codigo_aluno": "309(...)72",
                    "nome_aluno": "AFONSO JOÃO COELHO ARANHA"
                },
                {
                    "codigo_aluno": "309(...)53",
                    "nome_aluno": "AFONSO MANUEL DE SOUSA FERRAZ"
                },
                {
                    "codigo_aluno": "303(...)83",
                    "nome_aluno": "AFONSO RIBEIRINHO SOUSA"
                },
                {
                    "codigo_aluno": "306(...)90",
                    "nome_aluno": "ALEXANDRE AGUIAR LOBO"
                },
                {
                    "codigo_aluno": "151(...)10",
                    "nome_aluno": "ALEXANDRE DINIS ESTEVES MATOS"
                },
                {
                    "codigo_aluno": "306(...)65",
                    "nome_aluno": "ALEXANDRE HENRIQUES DE SOUSA SANTOS FERREIRA"
                },
                {
                    "codigo_aluno": "300(...)67",
                    "nome_aluno": "ALEXANDRE MARTINS PEREIRA"
                },
                {
                    "codigo_aluno": "320(...)49",
                    "nome_aluno": "ALINE DE SOUZA ARAUJO FERARI"
                },
                {
                    "codigo_aluno": "313(...)62",
                    "nome_aluno": "ANA ISABEL DOS SANTOS ALVES"
                },
                {
                    "codigo_aluno": "305(...)58",
                    "nome_aluno": "ANA MADEIRA DE BARROS"
                },
                {
                    "codigo_aluno": "153(...)45",
                    "nome_aluno": "ANA MARGARIDA FRÓIS GOMES"
                },
                {
                    "codigo_aluno": "309(...)93",
                    "nome_aluno": "ANA TERESA BRAVO MARTINS"
                },
                {
                    "codigo_aluno": "301(...)42",
                    "nome_aluno": "ANDRÉ ANTUNES RODRIGUES SALDANHA MARIA"
                },
                {
                    "codigo_aluno": "307(...)29",
                    "nome_aluno": "ANDRÉ MAURÍCIO DOS SANTOS"
                },
                {
                    "codigo_aluno": "303(...)11",
                    "nome_aluno": "ANDRÉ MONTEIRO AFONSO TORRES NETO"
                },
                {
                    "codigo_aluno": "155(...)56",
                    "nome_aluno": "ANDRÉ NERY BALBY PINTO"
                },
                {
                    "codigo_aluno": "154(...)44",
                    "nome_aluno": "ANDRÉ TAVARES MOREIRA"
                },
                {
                    "codigo_aluno": "300(...)06",
                    "nome_aluno": "ARTUR PEDRO FONSECA ARAÚJO LOUREIRO CABAÇO"
                },
                {
                    "codigo_aluno": "303(...)55",
                    "nome_aluno": "BERNARDO AREIAS FARINHA"
                },
                {
                    "codigo_aluno": "306(...)81",
                    "nome_aluno": "BERNARDO FILIPE TORCATO NORONHA"
                },
                {
                    "codigo_aluno": "305(...)12",
                    "nome_aluno": "BRUNO DANIEL LEIRIA MACHADO"
                },
                {
                    "codigo_aluno": "305(...)59",
                    "nome_aluno": "CARMO DA MATA CERQUEIRA DA SILVA"
                },
                {
                    "codigo_aluno": "152(...)51",
                    "nome_aluno": "CAROLINA MORGADO LOURENÇO"
                },
                {
                    "codigo_aluno": "306(...)14",
                    "nome_aluno": "DANIEL BICHO FILIPE"
                },
                {
                    "codigo_aluno": "153(...)12",
                    "nome_aluno": "DANIELA DIAS COUTINHO"
                },
                {
                    "codigo_aluno": "308(...)18",
                    "nome_aluno": "DAVID JOÃO DE JESUS FERREIRA"
                },
                {
                    "codigo_aluno": "153(...)07",
                    "nome_aluno": "DAVID MIGUEL RATAJCZAK AZEVEDO"
                },
                {
                    "codigo_aluno": "155(...)93",
                    "nome_aluno": "DINIS FILIPE DE JESUS SOUSA"
                },
                {
                    "codigo_aluno": "152(...)53",
                    "nome_aluno": "DIOGO DE SOUSA MARQUES"
                },
                {
                    "codigo_aluno": "314(...)45",
                    "nome_aluno": "DIOGO FLORÊNCIO CHAVES"
                },
                {
                    "codigo_aluno": "314(...)47",
                    "nome_aluno": "DIOGO HENRIQUE DA ASSUNÇÃO MESSIAS"
                },
                {
                    "codigo_aluno": "151(...)73",
                    "nome_aluno": "DIOGO LUÍS DOMINGUES FERREIRA"
                },
                {
                    "codigo_aluno": "155(...)83",
                    "nome_aluno": "DIOGO SILVA MACHADO ESTEVES"
                },
                {
                    "codigo_aluno": "309(...)81",
                    "nome_aluno": "DIOGO SILVA MONIZ"
                },
                {
                    "codigo_aluno": "309(...)93",
                    "nome_aluno": "DIOGO VENTURA RIBEIRO"
                },
                {
                    "codigo_aluno": "308(...)61",
                    "nome_aluno": "DIOGO VIEIRA DOS SANTOS"
                },
                {
                    "codigo_aluno": "303(...)25",
                    "nome_aluno": "DUARTE BERNARDINO LOPES"
                },
                {
                    "codigo_aluno": "313(...)56",
                    "nome_aluno": "DUARTE PEREIRA SARAIVA"
                },
                {
                    "codigo_aluno": "154(...)12",
                    "nome_aluno": "DUARTE SARDINHEIRO GALVÃO"
                },
                {
                    "codigo_aluno": "158(...)75",
                    "nome_aluno": "ERIC LEANDRO GALIANO LOPES"
                },
                {
                    "codigo_aluno": "300(...)96",
                    "nome_aluno": "FILIPE DIAS ESTANQUEIRO ALDEIAS"
                },
                {
                    "codigo_aluno": "311(...)93",
                    "nome_aluno": "FILIPE NUNES PITAÇA"
                },
                {
                    "codigo_aluno": "152(...)37",
                    "nome_aluno": "FRANCISCO COSTA SILVA PAIS"
                },
                {
                    "codigo_aluno": "155(...)24",
                    "nome_aluno": "FRANCISCO MARQUES PEREIRA"
                },
                {
                    "codigo_aluno": "303(...)59",
                    "nome_aluno": "FRANCISCO MIGUEL RAMOS TOMÉ MIRANDA"
                },
                {
                    "codigo_aluno": "150(...)12",
                    "nome_aluno": "GABRIEL DEL RIO RIBEIRO NEVES"
                },
                {
                    "codigo_aluno": "145(...)47",
                    "nome_aluno": "GABRIEL FILIPE COSTA GOMES"
                },
                {
                    "codigo_aluno": "301(...)18",
                    "nome_aluno": "GONÇALO ANTUNES COIMBRA DE CASTRO"
                },
                {
                    "codigo_aluno": "156(...)29",
                    "nome_aluno": "GONÇALO BORGES MOTA"
                },
                {
                    "codigo_aluno": "302(...)78",
                    "nome_aluno": "GONÇALO DE ALMEIDA DAMAS"
                },
                {
                    "codigo_aluno": "152(...)93",
                    "nome_aluno": "GONÇALO DUARTE PERES"
                },
                {
                    "codigo_aluno": "149(...)18",
                    "nome_aluno": "GONÇALO LOPES SANT'ANA"
                },
                {
                    "codigo_aluno": "306(...)32",
                    "nome_aluno": "GONÇALO MARIA LOBATO DA SILVA DE VASCONCELOS"
                },
                {
                    "codigo_aluno": "307(...)53",
                    "nome_aluno": "GONÇALO MIGUEL MOURA SIMÕES CHURRO FERREIRA"
                },
                {
                    "codigo_aluno": "311(...)20",
                    "nome_aluno": "GUILHERME CARRASCAL SOUSA"
                },
                {
                    "codigo_aluno": "307(...)22",
                    "nome_aluno": "GUILHERME CONDE E SILVA DE COSTA MARTINS"
                },
                {
                    "codigo_aluno": "159(...)00",
                    "nome_aluno": "GUILHERME DA ROCHA CAMPOS"
                },
                {
                    "codigo_aluno": "153(...)97",
                    "nome_aluno": "GUILHERME GANCHINHO GOMES"
                },
                {
                    "codigo_aluno": "303(...)83",
                    "nome_aluno": "GUILHERME GUERREIRO CAMACHO PREGO SIMÕES"
                },
                {
                    "codigo_aluno": "304(...)78",
                    "nome_aluno": "GUILHERME MARTINS GONÇALVES"
                },
                {
                    "codigo_aluno": "314(...)75",
                    "nome_aluno": "GUILHERME PINHEIRO PENA E SILVA"
                },
                {
                    "codigo_aluno": "309(...)29",
                    "nome_aluno": "GUILHERME SILVA ROCHA"
                },
                {
                    "codigo_aluno": "155(...)46",
                    "nome_aluno": "GUSTAVO DE SOUSA ALHINHO ALVES RIJO"
                },
                {
                    "codigo_aluno": "159(...)44",
                    "nome_aluno": "GUSTAVO FARIA DA SILVA SANTOS DIAS"
                },
                {
                    "codigo_aluno": "307(...)39",
                    "nome_aluno": "HÉLIO BALEJO BARROSO OLIVEIRA MONTEIRO"
                },
                {
                    "codigo_aluno": "304(...)24",
                    "nome_aluno": "HENRIQUE DA QUINTA ORGE"
                },
                {
                    "codigo_aluno": "327(...)08",
                    "nome_aluno": "HENRIQUE GONÇALVES ABRANTES"
                },
                {
                    "codigo_aluno": "152(...)09",
                    "nome_aluno": "HENRIQUE MARCELINO DUARTE"
                },
                {
                    "codigo_aluno": "301(...)90",
                    "nome_aluno": "HUGO MARQUES FERREIRA"
                },
                {
                    "codigo_aluno": "152(...)03",
                    "nome_aluno": "HUGO MIGUEL FERREIRA DA ROSA"
                },
                {
                    "codigo_aluno": "153(...)62",
                    "nome_aluno": "INÊS DA CONCEIÇÃO MARQUES"
                },
                {
                    "codigo_aluno": "159(...)29",
                    "nome_aluno": "INÊS DE MARTINS FILIPE"
                },
                {
                    "codigo_aluno": "153(...)51",
                    "nome_aluno": "INÊS DOS ANJOS JORGE"
                },
                {
                    "codigo_aluno": "154(...)52",
                    "nome_aluno": "INÊS SOFIA SIMÕES RODRIGUES"
                },
                {
                    "codigo_aluno": "152(...)00",
                    "nome_aluno": "JOANA GEADAS ARROMBA"
                },
                {
                    "codigo_aluno": "303(...)45",
                    "nome_aluno": "JOAO DIOGO CALDEIRA GUERREIRO ESTAÇO"
                },
                {
                    "codigo_aluno": "315(...)14",
                    "nome_aluno": "JOÃO FILIPE JACINTO SILVA"
                },
                {
                    "codigo_aluno": "310(...)83",
                    "nome_aluno": "JOÃO FRANCISCO PACHECO FERREIRA"
                },
                {
                    "codigo_aluno": "306(...)44",
                    "nome_aluno": "JOÃO MARIA DA SILVA SANTOS"
                },
                {
                    "codigo_aluno": "301(...)34",
                    "nome_aluno": "JOÃO MARIA GONÇALVES FERREIRA AFONSO CAPELA"
                },
                {
                    "codigo_aluno": "306(...)49",
                    "nome_aluno": "JOAO PEDRO ALVES SILVA POLA MENDES"
                },
                {
                    "codigo_aluno": "304(...)53",
                    "nome_aluno": "JOAO PEDRO DA SILVA LIMA"
                },
                {
                    "codigo_aluno": "309(...)10",
                    "nome_aluno": "JOÃO PEDRO DE ALMEIDA MORAIS"
                },
                {
                    "codigo_aluno": "301(...)58",
                    "nome_aluno": "JOAO PEDRO HORTA FERREIRA BORGES"
                },
                {
                    "codigo_aluno": "300(...)40",
                    "nome_aluno": "JOÃO PEDRO LANDEIRO MARQUES TOMÁS"
                },
                {
                    "codigo_aluno": "151(...)55",
                    "nome_aluno": "JOÃO PEDRO PIALGATA MOURA"
                },
                {
                    "codigo_aluno": "152(...)94",
                    "nome_aluno": "JOSÉ FILIPE DOS SANTOS FERREIRA"
                },
                {
                    "codigo_aluno": "304(...)24",
                    "nome_aluno": "JOSÉ MIGUEL DIAS DE OLIVEIRA TEIXEIRA MARTINS"
                },
                {
                    "codigo_aluno": "151(...)13",
                    "nome_aluno": "JOSE MIGUEL DOS SANTOS BAPTISTA MONTEIRO"
                },
                {
                    "codigo_aluno": "301(...)99",
                    "nome_aluno": "JOSÉ PEDRO RIBEIRO BRANCO BARTILOTTI ROXO"
                },
                {
                    "codigo_aluno": "300(...)88",
                    "nome_aluno": "JOSÉ TIAGO CARVALHO GONÇALVES"
                },
                {
                    "codigo_aluno": "152(...)94",
                    "nome_aluno": "JOSEF ALVES DEISENHOFER"
                },
                {
                    "codigo_aluno": "152(...)33",
                    "nome_aluno": "LAURA DE ANDRADE BALTAZAR"
                },
                {
                    "codigo_aluno": "152(...)93",
                    "nome_aluno": "LAURA MARIANA SILVA REIS"
                },
                {
                    "codigo_aluno": "157(...)27",
                    "nome_aluno": "LEONARDO HENRIQUE DE CASTRO BARDUZZI"
                },
                {
                    "codigo_aluno": "149(...)34",
                    "nome_aluno": "LEONARDO MIGUEL DUARTE FERNANDES"
                },
                {
                    "codigo_aluno": "158(...)09",
                    "nome_aluno": "LOURENÇO ANTÓNIO RODRIGUES DE VIVEIROS"
                },
                {
                    "codigo_aluno": "240(...)08",
                    "nome_aluno": "LUCAS ALVES DE SOUZA"
                },
                {
                    "codigo_aluno": "156(...)00",
                    "nome_aluno": "LUCAS PARREIRA KELLY"
                },
                {
                    "codigo_aluno": "155(...)63",
                    "nome_aluno": "MADALENA PINHEIRO DE LACERDA GONÇALVES"
                },
                {
                    "codigo_aluno": "306(...)02",
                    "nome_aluno": "MANUEL JIMENEZ CAETANO"
                },
                {
                    "codigo_aluno": "158(...)90",
                    "nome_aluno": "MARGARIDA ANTUNES GÓIAS"
                },
                {
                    "codigo_aluno": "316(...)22",
                    "nome_aluno": "MARGARIDA FERREIRA DA CUNHA FÉLIX"
                },
                {
                    "codigo_aluno": "151(...)90",
                    "nome_aluno": "MARGARIDA FOLQUES MARQUÊS"
                },
                {
                    "codigo_aluno": "313(...)15",
                    "nome_aluno": "MARGARIDA RODRIGUES VIEIRA"
                },
                {
                    "codigo_aluno": "154(...)50",
                    "nome_aluno": "MARIA ESTEVES VALENTE"
                },
                {
                    "codigo_aluno": "309(...)37",
                    "nome_aluno": "MARIA MORUJO BAPTISTA"
                },
                {
                    "codigo_aluno": "157(...)33",
                    "nome_aluno": "MARIA VALENTIM MONTEIRO"
                },
                {
                    "codigo_aluno": "157(...)86",
                    "nome_aluno": "MÁRIO JORGE FERNANDES ALMADA"
                },
                {
                    "codigo_aluno": "147(...)36",
                    "nome_aluno": "MARISA FIGUEIREDO MOREIRA"
                },
                {
                    "codigo_aluno": "158(...)62",
                    "nome_aluno": "MARTIM EDUARDO GORDINHO"
                },
                {
                    "codigo_aluno": "302(...)00",
                    "nome_aluno": "MATILDE DOS REIS VIEIRA"
                },
                {
                    "codigo_aluno": "310(...)30",
                    "nome_aluno": "MATILDE PINTO DOS SANTOS"
                },
                {
                    "codigo_aluno": "154(...)51",
                    "nome_aluno": "MIGUEL ALEXANDRE DUARTE CAETANO"
                },
                {
                    "codigo_aluno": "310(...)61",
                    "nome_aluno": "MIGUEL ALEXANDRE EVARISTO GUERREIRO"
                },
                {
                    "codigo_aluno": "159(...)72",
                    "nome_aluno": "MIGUEL ALEXANDRE PEDROSO DUARTE"
                },
                {
                    "codigo_aluno": "151(...)27",
                    "nome_aluno": "MIGUEL ANTUNES LEANDRO"
                },
                {
                    "codigo_aluno": "304(...)87",
                    "nome_aluno": "MIGUEL BETTENCOURT ROQUE ROSA"
                },
                {
                    "codigo_aluno": "151(...)61",
                    "nome_aluno": "MIGUEL DA SILVA MORAIS ALVES CORREIA"
                },
                {
                    "codigo_aluno": "304(...)68",
                    "nome_aluno": "MIGUEL DIOGO CALDEIRA ISIDORO"
                },
                {
                    "codigo_aluno": "157(...)89",
                    "nome_aluno": "MIGUEL DOS SANTOS BICHO"
                },
                {
                    "codigo_aluno": "154(...)87",
                    "nome_aluno": "MIGUEL MORGADO PATINHA"
                },
                {
                    "codigo_aluno": "151(...)86",
                    "nome_aluno": "MIGUEL PEREIRA DE MELO"
                },
                {
                    "codigo_aluno": "306(...)63",
                    "nome_aluno": "NUNO FREDERICO MARINHO BAIÃO"
                },
                {
                    "codigo_aluno": "305(...)27",
                    "nome_aluno": "NUNO MIGUEL RODRIGUES SOUSA"
                },
                {
                    "codigo_aluno": "307(...)49",
                    "nome_aluno": "PEDRO ALMEIDA FARINHA"
                },
                {
                    "codigo_aluno": "324(...)31",
                    "nome_aluno": "PEDRO HENRIQUE MENDES BIASOTTO"
                },
                {
                    "codigo_aluno": "305(...)94",
                    "nome_aluno": "PEDRO MATEUS MARTINS"
                },
                {
                    "codigo_aluno": "306(...)29",
                    "nome_aluno": "RAFAEL CUNHA ESTÊVÃO"
                },
                {
                    "codigo_aluno": "304(...)68",
                    "nome_aluno": "RAFAEL HENRIQUE MAIA CANDEIAS"
                },
                {
                    "codigo_aluno": "145(...)58",
                    "nome_aluno": "RAFAEL OLIVEIRA CARDOSO"
                },
                {
                    "codigo_aluno": "159(...)96",
                    "nome_aluno": "RAQUEL BORGES DE BARROS"
                },
                {
                    "codigo_aluno": "145(...)57",
                    "nome_aluno": "RAQUEL TOMÁS DE MELO"
                },
                {
                    "codigo_aluno": "308(...)00",
                    "nome_aluno": "RICARDO GARBOA DEUS"
                },
                {
                    "codigo_aluno": "156(...)26",
                    "nome_aluno": "RICARDO MATOS SOUSA"
                },
                {
                    "codigo_aluno": "309(...)46",
                    "nome_aluno": "RICARDO MIGUEL CARDOSO FIGUEIREDO"
                },
                {
                    "codigo_aluno": "154(...)16",
                    "nome_aluno": "RICARDO PEDRO PAOUR LEITÃO CIRILO GIL"
                },
                {
                    "codigo_aluno": "158(...)48",
                    "nome_aluno": "RINALDO RUBEN MARCU"
                },
                {
                    "codigo_aluno": "304(...)51",
                    "nome_aluno": "RITA CHANÇA TEREZO"
                },
                {
                    "codigo_aluno": "154(...)35",
                    "nome_aluno": "RITA HENRIQUES VIEIRA"
                },
                {
                    "codigo_aluno": "304(...)22",
                    "nome_aluno": "RODRIGO ALEXANDRE MAIA CANDEIAS"
                },
                {
                    "codigo_aluno": "308(...)58",
                    "nome_aluno": "RODRIGO BALEIZÃO DE OLIVEIRA FANECO"
                },
                {
                    "codigo_aluno": "150(...)76",
                    "nome_aluno": "RODRIGO CORREIA DE OLIVEIRA"
                },
                {
                    "codigo_aluno": "314(...)83",
                    "nome_aluno": "RODRIGO DE ALBUQUERQUE PEREIRA JORGE"
                },
                {
                    "codigo_aluno": "305(...)90",
                    "nome_aluno": "RODRIGO DE TIMÓTEO LEITE"
                },
                {
                    "codigo_aluno": "312(...)38",
                    "nome_aluno": "RODRIGO MARIA VIOTTY VICENTE"
                },
                {
                    "codigo_aluno": "306(...)37",
                    "nome_aluno": "RODRIGO NOGUEIRA PARREIRA"
                },
                {
                    "codigo_aluno": "149(...)05",
                    "nome_aluno": "RODRIGO VELOSO SANTOS"
                },
                {
                    "codigo_aluno": "305(...)04",
                    "nome_aluno": "RÚBEN AFONSO FRANCO"
                },
                {
                    "codigo_aluno": "313(...)55",
                    "nome_aluno": "RUBEN ALEXANDRE OLIVEIRA MAGALHAES"
                },
                {
                    "codigo_aluno": "149(...)73",
                    "nome_aluno": "RÚBEN CORDEIRO MAIA"
                },
                {
                    "codigo_aluno": "304(...)64",
                    "nome_aluno": "RUI MIGUEL FRANCISCO BORGES RODRIGUES"
                },
                {
                    "codigo_aluno": "305(...)97",
                    "nome_aluno": "SEBASTIÃO CORREIA VAZ NUNES DA SILVA"
                },
                {
                    "codigo_aluno": "306(...)72",
                    "nome_aluno": "SIMÃO DIAS RODRIGUES"
                },
                {
                    "codigo_aluno": "306(...)22",
                    "nome_aluno": "SIMÃO FERREIRA REIS MOREIRA"
                },
                {
                    "codigo_aluno": "309(...)25",
                    "nome_aluno": "SIMÃO PEDRO ALVES DE MATOS"
                },
                {
                    "codigo_aluno": "312(...)94",
                    "nome_aluno": "SIMÃO PEDRO DA COSTA ALEXANDRE"
                },
                {
                    "codigo_aluno": "155(...)27",
                    "nome_aluno": "SOFIA MONTALTO MATOS"
                },
                {
                    "codigo_aluno": "303(...)40",
                    "nome_aluno": "SOFIA SANTOS ROCHA"
                },
                {
                    "codigo_aluno": "302(...)82",
                    "nome_aluno": "TIAGO ALVES BRANCO"
                },
                {
                    "codigo_aluno": "151(...)92",
                    "nome_aluno": "TIAGO ANDRE DOS SANTOS RIBEIRO"
                },
                {
                    "codigo_aluno": "159(...)45",
                    "nome_aluno": "TIAGO BERNARDES BARATA"
                },
                {
                    "codigo_aluno": "152(...)83",
                    "nome_aluno": "TIAGO PINA GONÇALVES SANTOS RANA"
                },
                {
                    "codigo_aluno": "159(...)32",
                    "nome_aluno": "TIAGO TELHEIRO GOMES"
                },
                {
                    "codigo_aluno": "305(...)58",
                    "nome_aluno": "TOMÁS NUNES DAS NEVES"
                },
                {
                    "codigo_aluno": "301(...)94",
                    "nome_aluno": "TOMÁS PEDRO DA COSTA"
                },
                {
                    "codigo_aluno": "153(...)96",
                    "nome_aluno": "TOMÁS SIMÕES DOS SANTOS MARTINS"
                },
                {
                    "codigo_aluno": "305(...)40",
                    "nome_aluno": "TOMÁS TABORDA GOMES DA CUNHA MARQUES"
                },
                {
                    "codigo_aluno": "309(...)39",
                    "nome_aluno": "VICENTE LÚCIO MARQUES"
                }
            ]
        },
        {
            "codigo_curso": "9068",
            "nome_curso": "9068 - Dança",
            "colocados": [
                {
                    "codigo_aluno": "149(...)50",
                    "nome_aluno": "ANDREIA MENDES MELO"
                },
                {
                    "codigo_aluno": "305(...)06",
                    "nome_aluno": "BEATRIZ DUARTE VENTURA"
                },
                {
                    "codigo_aluno": "313(...)94",
                    "nome_aluno": "CAROLINA DA SILVA RAMOS FERREIRA"
                },
                {
                    "codigo_aluno": "151(...)20",
                    "nome_aluno": "CAROLINA LOPES NOGUEIRA"
                },
                {
                    "codigo_aluno": "316(...)47",
                    "nome_aluno": "DANIEL RODRIGUES ROCHA"
                },
                {
                    "codigo_aluno": "300(...)74",
                    "nome_aluno": "DANIELA LAGE BASTO"
                },
                {
                    "codigo_aluno": "302(...)63",
                    "nome_aluno": "GABRIELA BERTINI AZEVEDO LOPES"
                },
                {
                    "codigo_aluno": "318(...)85",
                    "nome_aluno": "GUILHERME FLOR SANTOS"
                },
                {
                    "codigo_aluno": "240(...)45",
                    "nome_aluno": "LAURA ALBUQUERQUE DE MELO"
                },
                {
                    "codigo_aluno": "303(...)71",
                    "nome_aluno": "LEONOR CORREIA REIS"
                },
                {
                    "codigo_aluno": "301(...)65",
                    "nome_aluno": "LEONOR SOARES DE FREITAS AFONSO CORREIA"
                },
                {
                    "codigo_aluno": "309(...)60",
                    "nome_aluno": "LINA DROGA LUCAS"
                },
                {
                    "codigo_aluno": "148(...)62",
                    "nome_aluno": "LUNA DE JESUS FONTES"
                },
                {
                    "codigo_aluno": "316(...)43",
                    "nome_aluno": "MARIA COSTA VIEIRA MOIA DA SILVA"
                },
                {
                    "codigo_aluno": "310(...)81",
                    "nome_aluno": "MARIA GRAÇA DE SOUSA"
                },
                {
                    "codigo_aluno": "305(...)03",
                    "nome_aluno": "MARIA MADALENA GASPAR TEOTÓNIO"
                },
                {
                    "codigo_aluno": "150(...)26",
                    "nome_aluno": "MATILDE SALAVESSA MOURA MORGADO"
                },
                {
                    "codigo_aluno": "307(...)27",
                    "nome_aluno": "RAQUEL ALEXANDRA LAMPREIA CUNHA"
                },
                {
                    "codigo_aluno": "304(...)47",
                    "nome_aluno": "RAQUEL LOPES ARCADINHO"
                },
                {
                    "codigo_aluno": "157(...)47",
                    "nome_aluno": "TOMÁS MENDES FERREIRA"
                }
            ]
        },
        {
            "codigo_curso": "9162",
            "nome_curso": "9162 - Gestão do Desporto",
            "colocados": [
                {
                    "codigo_aluno": "152(...)97",
                    "nome_aluno": "AFONSO FILIPE DOS SANTOS FERREIRA"
                },
                {
                    "codigo_aluno": "155(...)89",
                    "nome_aluno": "AMÂNCIO FILIPE NAZARÉ CONCEIÇÃO TRINDADE"
                },
                {
                    "codigo_aluno": "306(...)39",
                    "nome_aluno": "BEATRIZ BARRADAS GUERRA"
                },
                {
                    "codigo_aluno": "151(...)53",
                    "nome_aluno": "CONSTANÇA MENDES PIMENTA DE CASTRO VASCO"
                },
                {
                    "codigo_aluno": "302(...)72",
                    "nome_aluno": "DANIEL DOS SANTOS FERNANDES"
                },
                {
                    "codigo_aluno": "314(...)84",
                    "nome_aluno": "DAVID GONÇALVES FILIPE CAETANO DE SOUSA"
                },
                {
                    "codigo_aluno": "152(...)94",
                    "nome_aluno": "DINIS DE ABREU LEIRIA PELICANO VIEIRA"
                },
                {
                    "codigo_aluno": "309(...)82",
                    "nome_aluno": "GABRIEL DE PAIVA CARVALHO CERQUEIRA"
                },
                {
                    "codigo_aluno": "156(...)17",
                    "nome_aluno": "GONÇALO FINOTE LOPES ALMEIDA"
                },
                {
                    "codigo_aluno": "151(...)85",
                    "nome_aluno": "GONÇALO SILVA FARIA"
                },
                {
                    "codigo_aluno": "152(...)61",
                    "nome_aluno": "GUILHERME SÁ ROBALO"
                },
                {
                    "codigo_aluno": "309(...)93",
                    "nome_aluno": "JOÃO BERNARDO GONÇALVES LAMY"
                },
                {
                    "codigo_aluno": "304(...)52",
                    "nome_aluno": "LEONOR ISABEL MOREIRA MARICATO"
                },
                {
                    "codigo_aluno": "309(...)92",
                    "nome_aluno": "LOURENÇO MANUEL MOREIRA CABRAL MARTINS"
                },
                {
                    "codigo_aluno": "306(...)48",
                    "nome_aluno": "MARIA HELENA DE ALMEIDA MARTINS"
                },
                {
                    "codigo_aluno": "152(...)07",
                    "nome_aluno": "MATILDE MARIA DE AZEREDO DA COSTA LUZ"
                },
                {
                    "codigo_aluno": "306(...)58",
                    "nome_aluno": "MIGUEL SARAIVA E SILVA RIBEIRO ESTEVES"
                },
                {
                    "codigo_aluno": "154(...)65",
                    "nome_aluno": "OMAR ABDELRAHAM ABDELSALAM"
                },
                {
                    "codigo_aluno": "310(...)05",
                    "nome_aluno": "PEDRO FERREIRA GONÇALVES"
                },
                {
                    "codigo_aluno": "303(...)17",
                    "nome_aluno": "PEDRO FRANCISCO SERRANO DE CASTRO"
                },
                {
                    "codigo_aluno": "180(...)73",
                    "nome_aluno": "PEDRO HENRIQUE XAVIER ARAUJO ATANASIO"
                },
                {
                    "codigo_aluno": "145(...)74",
                    "nome_aluno": "PEDRO IÚRI DOS SANTOS GONÇALVES"
                },
                {
                    "codigo_aluno": "153(...)63",
                    "nome_aluno": "PEDRO SANTIAGO MENDONÇA DA CÂMARA"
                },
                {
                    "codigo_aluno": "308(...)88",
                    "nome_aluno": "RICARDO MARCELINO GOMES"
                },
                {
                    "codigo_aluno": "153(...)95",
                    "nome_aluno": "RITA CRUZ DE VASCONCELOS"
                },
                {
                    "codigo_aluno": "309(...)61",
                    "nome_aluno": "RODRIGO BARROSO MANSILHA"
                },
                {
                    "codigo_aluno": "159(...)72",
                    "nome_aluno": "SAMUEL LEON REIS DOMINGUES"
                },
                {
                    "codigo_aluno": "314(...)19",
                    "nome_aluno": "SEBASTIÃO DE SOUSA BROGUEIRA BALIXA-FARIA"
                },
                {
                    "codigo_aluno": "306(...)82",
                    "nome_aluno": "SOFIA GONÇALVES GAMA"
                },
                {
                    "codigo_aluno": "306(...)69",
                    "nome_aluno": "TIAGO MARQUES CORREIA"
                },
                {
                    "codigo_aluno": "154(...)10",
                    "nome_aluno": "VASCO MARIA COUCEIRO DAGNINO"
                }
            ]
        },
        {
            "codigo_curso": "9841",
            "nome_curso": "9841 - Reabilitação Psicomotora",
            "colocados": [
                {
                    "codigo_aluno": "147(...)75",
                    "nome_aluno": "AISHA AMIN ISMAIL"
                },
                {
                    "codigo_aluno": "159(...)91",
                    "nome_aluno": "ANA BEATRIZ LUIS MARECOS"
                },
                {
                    "codigo_aluno": "159(...)60",
                    "nome_aluno": "ANA LEONOR CORREIA DE CAMPOS GUEDES CRUZ"
                },
                {
                    "codigo_aluno": "155(...)64",
                    "nome_aluno": "ANA SOFIA DE ALCOBIA PIRES"
                },
                {
                    "codigo_aluno": "306(...)32",
                    "nome_aluno": "BÁRBARA CORREIA BORGES"
                },
                {
                    "codigo_aluno": "307(...)04",
                    "nome_aluno": "BIANCA ISIDRO VITORINO"
                },
                {
                    "codigo_aluno": "300(...)46",
                    "nome_aluno": "BRUNA DANIELA COSTA SILVA"
                },
                {
                    "codigo_aluno": "302(...)99",
                    "nome_aluno": "CASSANDRA DIÉB GARCIA ROSA"
                },
                {
                    "codigo_aluno": "301(...)73",
                    "nome_aluno": "CONSTANÇA MARIA MARGARIDO CORREIA DOS SANTOS SILVA"
                },
                {
                    "codigo_aluno": "152(...)51",
                    "nome_aluno": "DANIELA ARAÚJO RIBEIRO RAMOS"
                },
                {
                    "codigo_aluno": "306(...)24",
                    "nome_aluno": "DANIELA FILIPA GARCIA NEVES"
                },
                {
                    "codigo_aluno": "151(...)05",
                    "nome_aluno": "FILIPA PEREIRA MESTRE"
                },
                {
                    "codigo_aluno": "309(...)47",
                    "nome_aluno": "GUILHERME JORDÃO FERREIRA"
                },
                {
                    "codigo_aluno": "306(...)91",
                    "nome_aluno": "HUGO PATRÍCIO ANTUNES"
                },
                {
                    "codigo_aluno": "159(...)58",
                    "nome_aluno": "IARA ALEXANDRA FERNANDES LEMOS"
                },
                {
                    "codigo_aluno": "306(...)98",
                    "nome_aluno": "INES DA SILVA LEITAO"
                },
                {
                    "codigo_aluno": "149(...)19",
                    "nome_aluno": "INÊS ISABEL MAIA CHINITA"
                },
                {
                    "codigo_aluno": "149(...)53",
                    "nome_aluno": "INÊS SOARES GERMANO DOS SANTOS"
                },
                {
                    "codigo_aluno": "159(...)87",
                    "nome_aluno": "INÊS SOFIA FIGUEIREDO ALVES"
                },
                {
                    "codigo_aluno": "318(...)07",
                    "nome_aluno": "JANAINA ROCHA DE SOUZA RODRIGUES DE OLIVEIRA"
                },
                {
                    "codigo_aluno": "300(...)82",
                    "nome_aluno": "JOANA COELHO FERREIRA MATEUS"
                },
                {
                    "codigo_aluno": "305(...)84",
                    "nome_aluno": "JOÃO ALMEIDA GOMES"
                },
                {
                    "codigo_aluno": "309(...)51",
                    "nome_aluno": "LARA FILIPE LOURENÇO"
                },
                {
                    "codigo_aluno": "157(...)93",
                    "nome_aluno": "LAURA BEATRIZ AZEVEDO TEIXEIRA"
                },
                {
                    "codigo_aluno": "304(...)18",
                    "nome_aluno": "LAURA ESPÍNOLA E BARBEITO"
                },
                {
                    "codigo_aluno": "151(...)55",
                    "nome_aluno": "LAURA MARQUES COELHO"
                },
                {
                    "codigo_aluno": "302(...)07",
                    "nome_aluno": "LEONARDO DIONÍSIO GODINHO"
                },
                {
                    "codigo_aluno": "159(...)96",
                    "nome_aluno": "LIA PEREIRA GUEDES"
                },
                {
                    "codigo_aluno": "300(...)10",
                    "nome_aluno": "LOURENÇO ROQUE AMARO"
                },
                {
                    "codigo_aluno": "303(...)66",
                    "nome_aluno": "LUÍSA DE MENESES CUNHA CARVALHAL"
                },
                {
                    "codigo_aluno": "154(...)06",
                    "nome_aluno": "LUZ MARTINA RODRIGUES COSTAGUTA"
                },
                {
                    "codigo_aluno": "152(...)15",
                    "nome_aluno": "MADALENA CAMPOS PEREIRA"
                },
                {
                    "codigo_aluno": "159(...)67",
                    "nome_aluno": "MARA CAETANO PAIS"
                },
                {
                    "codigo_aluno": "149(...)18",
                    "nome_aluno": "MARIA DO MAR VERÍSSIMO FERNANDES SOBRINHO GONÇALVES"
                },
                {
                    "codigo_aluno": "303(...)93",
                    "nome_aluno": "MARIA FRAGOSO MARTINS"
                },
                {
                    "codigo_aluno": "305(...)17",
                    "nome_aluno": "MARIANA CRUZ BAETA"
                },
                {
                    "codigo_aluno": "315(...)64",
                    "nome_aluno": "MARIANA FILIPA DA COSTA FIGUEIREDO"
                },
                {
                    "codigo_aluno": "306(...)09",
                    "nome_aluno": "MATIAS FERREIRA MARTINS"
                },
                {
                    "codigo_aluno": "306(...)20",
                    "nome_aluno": "MATILDE COIMBRA DOS SANTOS"
                },
                {
                    "codigo_aluno": "309(...)16",
                    "nome_aluno": "MAURO PAIVA FONSECA"
                },
                {
                    "codigo_aluno": "307(...)68",
                    "nome_aluno": "RAFAEL ALEXANDRE FERREIRA MOREIRA"
                },
                {
                    "codigo_aluno": "301(...)18",
                    "nome_aluno": "RAFAELA LOPES COSTA"
                },
                {
                    "codigo_aluno": "310(...)56",
                    "nome_aluno": "RAQUEL SOFIA BATISTA DE SOUSA CORREIA DA COSTA"
                },
                {
                    "codigo_aluno": "300(...)27",
                    "nome_aluno": "SIMÃO FREITAS SILVA"
                },
                {
                    "codigo_aluno": "307(...)19",
                    "nome_aluno": "SOFIA TOMÁS DOS SANTOS ARAÚJO"
                },
                {
                    "codigo_aluno": "300(...)14",
                    "nome_aluno": "TELMA SOFIA TEIXEIRA DOS SANTOS"
                },
                {
                    "codigo_aluno": "305(...)43",
                    "nome_aluno": "TERESA LINO ALVES"
                },
                {
                    "codigo_aluno": "154(...)18",
                    "nome_aluno": "VASCO XAVIER ABREU DE SOUSA"
                },
                {
                    "codigo_aluno": "155(...)71",
                    "nome_aluno": "VICENTE MARIA LEAL CAMEJO BUÉRI MARTINHO"
                }
            ]
        }
    ]
}