{
    "codigo_universidade": "0502",
    "nome_universidade": "0502 - Universidade de Coimbra - Faculdade de Direito",
    "cursos": [
        {
            "codigo_curso": "8067",
            "nome_curso": "8067 - Administração Público-Privada",
            "colocados": [
                {
                    "codigo_aluno": "302(...)74",
                    "nome_aluno": "ADRIANA CASTANHO MARQUES"
                },
                {
                    "codigo_aluno": "310(...)99",
                    "nome_aluno": "ALEXANDRE FERNANDES MARQUES"
                },
                {
                    "codigo_aluno": "309(...)39",
                    "nome_aluno": "ANA BEATRIZ MINGACHOS FERREIRA"
                },
                {
                    "codigo_aluno": "306(...)51",
                    "nome_aluno": "ANA FRANCISCA MEDA COSTA"
                },
                {
                    "codigo_aluno": "151(...)55",
                    "nome_aluno": "ANDRÉ CARLOS DESIDÉRIO DA SILVA SANTOS PEREIRA"
                },
                {
                    "codigo_aluno": "309(...)43",
                    "nome_aluno": "BEATRIZ FERREIRA COSTA"
                },
                {
                    "codigo_aluno": "306(...)87",
                    "nome_aluno": "BEATRIZ SALGUINHO MINGATOS"
                },
                {
                    "codigo_aluno": "159(...)70",
                    "nome_aluno": "BERNARDO CRUZ NEVES DA COSTA VASA"
                },
                {
                    "codigo_aluno": "307(...)06",
                    "nome_aluno": "BERNARDO JOSÉ DOS SANTOS BARREIRA"
                },
                {
                    "codigo_aluno": "158(...)81",
                    "nome_aluno": "BRUNA ALEXANDRA SILVA ROCHA"
                },
                {
                    "codigo_aluno": "309(...)17",
                    "nome_aluno": "CAMILA ANDREIA SANTOS RODRIGUES"
                },
                {
                    "codigo_aluno": "151(...)05",
                    "nome_aluno": "CONSTANÇA SARAGOÇA FILIPE"
                },
                {
                    "codigo_aluno": "329(...)43",
                    "nome_aluno": "DANIEL LUTSENKO"
                },
                {
                    "codigo_aluno": "240(...)18",
                    "nome_aluno": "DARLENE SANTOS DA CRUZ"
                },
                {
                    "codigo_aluno": "240(...)07",
                    "nome_aluno": "ESMÉE BARBARA CLEMENTINE BRAKENHOFF"
                },
                {
                    "codigo_aluno": "158(...)51",
                    "nome_aluno": "FERNANDO ANTÓNIO REGULA PROENÇA HENRIQUES"
                },
                {
                    "codigo_aluno": "152(...)33",
                    "nome_aluno": "GABRIELA MARIA DE JESUS RIBEIRO"
                },
                {
                    "codigo_aluno": "156(...)95",
                    "nome_aluno": "INÊS FERREIRA GONÇALVES"
                },
                {
                    "codigo_aluno": "304(...)98",
                    "nome_aluno": "ÍRIS HENRIQUES BARBOSA"
                },
                {
                    "codigo_aluno": "152(...)25",
                    "nome_aluno": "JÉSSICA ALEXANDRA PESTANA ALBUQUERQUE"
                },
                {
                    "codigo_aluno": "312(...)22",
                    "nome_aluno": "JOANA NEVES DOS SANTOS"
                },
                {
                    "codigo_aluno": "240(...)18",
                    "nome_aluno": "JOELMA FILOMENA JOSÉ SONGA"
                },
                {
                    "codigo_aluno": "302(...)05",
                    "nome_aluno": "JOSÉ MIGUEL CIPRIANO LOPES"
                },
                {
                    "codigo_aluno": "317(...)47",
                    "nome_aluno": "LARA CRISTINA PINTO FIGUEIREDO"
                },
                {
                    "codigo_aluno": "303(...)08",
                    "nome_aluno": "LEONOR VICENTE AZEVEDO"
                },
                {
                    "codigo_aluno": "314(...)13",
                    "nome_aluno": "LIANE FILIPA OLIVEIRA CUCO"
                },
                {
                    "codigo_aluno": "150(...)99",
                    "nome_aluno": "LUCAS MIGUEL VIEIRA DE JESUS"
                },
                {
                    "codigo_aluno": "309(...)11",
                    "nome_aluno": "MARIA CONTREIRAS FLORENTINO DE MATOS DELGADO"
                },
                {
                    "codigo_aluno": "151(...)22",
                    "nome_aluno": "MARIA INÊS CARLOS PERDIZ"
                },
                {
                    "codigo_aluno": "304(...)50",
                    "nome_aluno": "MARIA LEONOR RIBEIRO DINIS"
                },
                {
                    "codigo_aluno": "305(...)74",
                    "nome_aluno": "MARIANA RODRIGUES FERREIRA DA SILVA LOPES"
                },
                {
                    "codigo_aluno": "150(...)80",
                    "nome_aluno": "MARIANA TAVARES VIEIRA"
                },
                {
                    "codigo_aluno": "307(...)40",
                    "nome_aluno": "MARTA NASCIMENTO ARAUJO"
                },
                {
                    "codigo_aluno": "307(...)33",
                    "nome_aluno": "MATILDE FONSECA SEIXAS"
                },
                {
                    "codigo_aluno": "308(...)53",
                    "nome_aluno": "MATILDE RODRIGUES MADUREIRA SALGUEIRO"
                },
                {
                    "codigo_aluno": "309(...)59",
                    "nome_aluno": "MIGUEL JOSÉ LUÍS MARTINS"
                },
                {
                    "codigo_aluno": "154(...)63",
                    "nome_aluno": "MIRIAN KARAJE COUTINHO GOMES"
                },
                {
                    "codigo_aluno": "317(...)24",
                    "nome_aluno": "NUNO MIGUEL CAMPELOS MARTINS DIAS"
                },
                {
                    "codigo_aluno": "157(...)60",
                    "nome_aluno": "RODRIGO MATOS DE PASSOS"
                },
                {
                    "codigo_aluno": "310(...)55",
                    "nome_aluno": "VALTER ALEXANDRE MORGADO COSTA PONTE MEDEIROS"
                },
                {
                    "codigo_aluno": "303(...)97",
                    "nome_aluno": "VITÓRIA FONSECA ALBUQUERQUE DOS SANTOS"
                },
                {
                    "codigo_aluno": "309(...)16",
                    "nome_aluno": "XAVIER MIGUEL DOS SANTOS VENTURA"
                }
            ]
        },
        {
            "codigo_curso": "9078",
            "nome_curso": "9078 - Direito",
            "colocados": [
                {
                    "codigo_aluno": "240(...)03",
                    "nome_aluno": "ABRAÃO RICARDO DOROT"
                },
                {
                    "codigo_aluno": "150(...)39",
                    "nome_aluno": "ADRIANA DA COSTA BARCELOS"
                },
                {
                    "codigo_aluno": "155(...)80",
                    "nome_aluno": "AFONSO BESSA E SILVA DE ARAÚJO BARBOSA"
                },
                {
                    "codigo_aluno": "303(...)46",
                    "nome_aluno": "AFONSO CORREIA ALVES"
                },
                {
                    "codigo_aluno": "307(...)14",
                    "nome_aluno": "AFONSO VAIRINHOS GUERREIRO"
                },
                {
                    "codigo_aluno": "156(...)55",
                    "nome_aluno": "ALEXANDRA FERNANDES SANTIAGO"
                },
                {
                    "codigo_aluno": "307(...)70",
                    "nome_aluno": "ALEXANDRE FERREIRA DA VEIGA"
                },
                {
                    "codigo_aluno": "304(...)93",
                    "nome_aluno": "ALEXANDRE MIGUEL FERREIRA PIMENTA"
                },
                {
                    "codigo_aluno": "312(...)29",
                    "nome_aluno": "ALEXANDRE RAFAEL SILVA AZEVEDO"
                },
                {
                    "codigo_aluno": "314(...)52",
                    "nome_aluno": "ALEXIA CRISTINA GARCIA PEREIRA"
                },
                {
                    "codigo_aluno": "307(...)37",
                    "nome_aluno": "ALEXIA DIAS REBELO"
                },
                {
                    "codigo_aluno": "240(...)18",
                    "nome_aluno": "ALICE LIRA OLIVEIRA"
                },
                {
                    "codigo_aluno": "154(...)12",
                    "nome_aluno": "ALICE NETO SANTOS NASCIMENTO"
                },
                {
                    "codigo_aluno": "152(...)54",
                    "nome_aluno": "AMÁLIA MARIA SILVA BARROS"
                },
                {
                    "codigo_aluno": "240(...)14",
                    "nome_aluno": "AMPELY BERNARDINO DA SILVA"
                },
                {
                    "codigo_aluno": "306(...)34",
                    "nome_aluno": "ANA BEATRIZ AGUIAR PONTE"
                },
                {
                    "codigo_aluno": "317(...)38",
                    "nome_aluno": "ANA BEATRIZ SNEAPOTA"
                },
                {
                    "codigo_aluno": "154(...)17",
                    "nome_aluno": "ANA CAROLINA ABREU DE OLIVEIRA"
                },
                {
                    "codigo_aluno": "311(...)31",
                    "nome_aluno": "ANA CAROLINA GUEDES LEIROSA"
                },
                {
                    "codigo_aluno": "157(...)91",
                    "nome_aluno": "ANA CLARA FARIA CANARIAS"
                },
                {
                    "codigo_aluno": "156(...)10",
                    "nome_aluno": "ANA DA SILVA FIGUEIREDO"
                },
                {
                    "codigo_aluno": "317(...)61",
                    "nome_aluno": "ANA FILIPA DE JESUS RIBEIRO"
                },
                {
                    "codigo_aluno": "309(...)37",
                    "nome_aluno": "ANA FRANCISCA RODRIGUES BERNARDO"
                },
                {
                    "codigo_aluno": "314(...)64",
                    "nome_aluno": "ANA ISABEL FILIPE CIRNE PEREIRA CABRAL"
                },
                {
                    "codigo_aluno": "152(...)67",
                    "nome_aluno": "ANA LAURA BARBOSA BARROSO"
                },
                {
                    "codigo_aluno": "304(...)45",
                    "nome_aluno": "ANA LUÍSA PINTO BARREIRA DE OLIVEIRA"
                },
                {
                    "codigo_aluno": "150(...)05",
                    "nome_aluno": "ANA MADALENA BENTINHO DE MAGALHÃES"
                },
                {
                    "codigo_aluno": "152(...)61",
                    "nome_aluno": "ANA MAFALDA BATISTA ROSA MANO"
                },
                {
                    "codigo_aluno": "152(...)72",
                    "nome_aluno": "ANA MARGARIDA DA SILVA GOMES"
                },
                {
                    "codigo_aluno": "314(...)92",
                    "nome_aluno": "ANA ORQUÍDEA PEREIRA FIGUEIREDO"
                },
                {
                    "codigo_aluno": "153(...)57",
                    "nome_aluno": "ANA TERESA GARGALO MARQUES"
                },
                {
                    "codigo_aluno": "157(...)30",
                    "nome_aluno": "ANDRÉ MIGUEL DIAS BRAGANÇA"
                },
                {
                    "codigo_aluno": "330(...)68",
                    "nome_aluno": "ANGELINA MARTINS LEAL"
                },
                {
                    "codigo_aluno": "316(...)47",
                    "nome_aluno": "ANNA CAROLINA CAPPELLINI LOPES"
                },
                {
                    "codigo_aluno": "240(...)01",
                    "nome_aluno": "ANNA YAISHA BOER"
                },
                {
                    "codigo_aluno": "306(...)45",
                    "nome_aluno": "ANTÓNIO GABRIEL NUNES MARTINS"
                },
                {
                    "codigo_aluno": "314(...)14",
                    "nome_aluno": "ANTÓNIO PEREIRA"
                },
                {
                    "codigo_aluno": "323(...)41",
                    "nome_aluno": "ARISTÉIAS MARTINA MENDES GONÇALVES LOPES COUTINHO"
                },
                {
                    "codigo_aluno": "302(...)25",
                    "nome_aluno": "ASSUNÇÃO NORTON DOS REIS ALARCÃO TRONI"
                },
                {
                    "codigo_aluno": "156(...)32",
                    "nome_aluno": "BÁRBARA DE OLIVEIRA INÁCIO"
                },
                {
                    "codigo_aluno": "305(...)36",
                    "nome_aluno": "BÁRBARA GONÇALVES GAMEIRO"
                },
                {
                    "codigo_aluno": "315(...)01",
                    "nome_aluno": "BÁRBARA HENRIQUES DA GAMA"
                },
                {
                    "codigo_aluno": "152(...)79",
                    "nome_aluno": "BÁRBARA MATOS GONÇALVES"
                },
                {
                    "codigo_aluno": "159(...)21",
                    "nome_aluno": "BARBARA PARREIRA RUIVO"
                },
                {
                    "codigo_aluno": "153(...)66",
                    "nome_aluno": "BARBARA RODRIGUES REBELO"
                },
                {
                    "codigo_aluno": "155(...)99",
                    "nome_aluno": "BEATRIZ ALMEIDA CALHÔA MACEDO DE SOUSA"
                },
                {
                    "codigo_aluno": "156(...)93",
                    "nome_aluno": "BEATRIZ DE FREITAS NUNES"
                },
                {
                    "codigo_aluno": "307(...)10",
                    "nome_aluno": "BEATRIZ DE PORTUGAL CARDOSO"
                },
                {
                    "codigo_aluno": "158(...)27",
                    "nome_aluno": "BEATRIZ DUARTE COSTA"
                },
                {
                    "codigo_aluno": "310(...)80",
                    "nome_aluno": "BEATRIZ FERNANDES BATANETE MALDONADO"
                },
                {
                    "codigo_aluno": "312(...)60",
                    "nome_aluno": "BEATRIZ FERREIRA LEITE"
                },
                {
                    "codigo_aluno": "153(...)82",
                    "nome_aluno": "BEATRIZ HORTA DE OLIVEIRA"
                },
                {
                    "codigo_aluno": "307(...)13",
                    "nome_aluno": "BEATRIZ ISABEL GAMEIRO CARDOSO"
                },
                {
                    "codigo_aluno": "318(...)81",
                    "nome_aluno": "BEATRIZ ISABEL SOARES REGO"
                },
                {
                    "codigo_aluno": "307(...)12",
                    "nome_aluno": "BEATRIZ PEREIRA COUTINHO"
                },
                {
                    "codigo_aluno": "307(...)49",
                    "nome_aluno": "BEATRIZ PIMENTA MANUEL SOARES DA SILVA"
                },
                {
                    "codigo_aluno": "307(...)38",
                    "nome_aluno": "BENEDITA COURAS FERNANDES SILVA"
                },
                {
                    "codigo_aluno": "308(...)97",
                    "nome_aluno": "BERNARDO ANTUNES MORGADO"
                },
                {
                    "codigo_aluno": "146(...)30",
                    "nome_aluno": "BERNARDO DA CUNHA NUNES"
                },
                {
                    "codigo_aluno": "154(...)83",
                    "nome_aluno": "BIANCA ALVES DINIS FERREIRA"
                },
                {
                    "codigo_aluno": "156(...)78",
                    "nome_aluno": "BRUNA BATISTA DA FONSECA"
                },
                {
                    "codigo_aluno": "155(...)52",
                    "nome_aluno": "BRUNA FILIPA PIRES DE JESUS"
                },
                {
                    "codigo_aluno": "152(...)49",
                    "nome_aluno": "BRUNA LETICIA REBELO GABRIEL"
                },
                {
                    "codigo_aluno": "240(...)21",
                    "nome_aluno": "BRUNO ROMERO COELHO DA SILVA"
                },
                {
                    "codigo_aluno": "322(...)20",
                    "nome_aluno": "CAIO AUGUSTO MENEZES DA SILVA"
                },
                {
                    "codigo_aluno": "159(...)33",
                    "nome_aluno": "CAMILA GONÇALVES FERRÃO"
                },
                {
                    "codigo_aluno": "159(...)92",
                    "nome_aluno": "CAMILA RAPOSO FERREIRA"
                },
                {
                    "codigo_aluno": "306(...)27",
                    "nome_aluno": "CARINA RODRIGUES AGUIAR"
                },
                {
                    "codigo_aluno": "312(...)55",
                    "nome_aluno": "CARLOS DANIEL ALMEIDA DE SOUSA"
                },
                {
                    "codigo_aluno": "154(...)40",
                    "nome_aluno": "CARLOTA COELHO FICHER"
                },
                {
                    "codigo_aluno": "152(...)50",
                    "nome_aluno": "CAROLINA CORREIA CONCEIÇÃO"
                },
                {
                    "codigo_aluno": "305(...)19",
                    "nome_aluno": "CAROLINA COSTA MAIA"
                },
                {
                    "codigo_aluno": "303(...)73",
                    "nome_aluno": "CAROLINA DE AGUIAR ROCHA E NEVES ROSÁRIO"
                },
                {
                    "codigo_aluno": "154(...)43",
                    "nome_aluno": "CAROLINA HELENA RAMOS DA SILVA CARVALHO"
                },
                {
                    "codigo_aluno": "307(...)68",
                    "nome_aluno": "CAROLINA ISABEL DUARTE BRAVO"
                },
                {
                    "codigo_aluno": "309(...)23",
                    "nome_aluno": "CAROLINA PAIVA MOREIRA"
                },
                {
                    "codigo_aluno": "305(...)79",
                    "nome_aluno": "CAROLINA RIBEIRO BRANCO"
                },
                {
                    "codigo_aluno": "156(...)09",
                    "nome_aluno": "CAROLINA SOARES DE CARVALHO DE ARAUJO"
                },
                {
                    "codigo_aluno": "302(...)80",
                    "nome_aluno": "CATARINA ALEXANDRA PINTO ALVES"
                },
                {
                    "codigo_aluno": "303(...)15",
                    "nome_aluno": "CATARINA ROLDÃO MARTINHO AFONSO FIALHO"
                },
                {
                    "codigo_aluno": "157(...)08",
                    "nome_aluno": "CATARINA VIEIRA FERNANDES"
                },
                {
                    "codigo_aluno": "307(...)95",
                    "nome_aluno": "CÁTIA DA COSTA FERREIRA"
                },
                {
                    "codigo_aluno": "302(...)41",
                    "nome_aluno": "DANIELA ALEXANDRA FERREIRA RIBEIRO"
                },
                {
                    "codigo_aluno": "300(...)83",
                    "nome_aluno": "DANIELA ALMEIDA CABRAL"
                },
                {
                    "codigo_aluno": "312(...)52",
                    "nome_aluno": "DANIELA SEQUEIRA FERRO SANTOS"
                },
                {
                    "codigo_aluno": "304(...)58",
                    "nome_aluno": "DANIELA SOFIA INOCÊNCIO BRITES"
                },
                {
                    "codigo_aluno": "300(...)87",
                    "nome_aluno": "DAVID FERREIRA DOS SANTOS"
                },
                {
                    "codigo_aluno": "304(...)52",
                    "nome_aluno": "DIANA ISABEL ROSA RICARDO"
                },
                {
                    "codigo_aluno": "307(...)07",
                    "nome_aluno": "DIANA LAGOA BAROSA"
                },
                {
                    "codigo_aluno": "154(...)11",
                    "nome_aluno": "DIANA MARGARIDA FERREIRA E FIGUEIREDO"
                },
                {
                    "codigo_aluno": "314(...)17",
                    "nome_aluno": "DIANA SOFIA FERREIRA ÁLVARO"
                },
                {
                    "codigo_aluno": "159(...)57",
                    "nome_aluno": "DINIS NAZARÉ SANTOS FELÍCIO"
                },
                {
                    "codigo_aluno": "310(...)99",
                    "nome_aluno": "DIOGO FRANCISCO DA FONSECA FACHADA"
                },
                {
                    "codigo_aluno": "156(...)75",
                    "nome_aluno": "DIOGO MARIA PINHEIRO GARCIA BARRETO ARCHER"
                },
                {
                    "codigo_aluno": "158(...)47",
                    "nome_aluno": "EDUARDA FILIPA SALES FANECO"
                },
                {
                    "codigo_aluno": "305(...)69",
                    "nome_aluno": "EDUARDA MENDONÇA LEÃO"
                },
                {
                    "codigo_aluno": "149(...)39",
                    "nome_aluno": "EDUARDA RAQUEL FARIA SANTOS"
                },
                {
                    "codigo_aluno": "325(...)12",
                    "nome_aluno": "ERIC DANIEL CAVALEIRO RANGEL"
                },
                {
                    "codigo_aluno": "312(...)30",
                    "nome_aluno": "ERICA CRISTINA DA CUNHA PEREIRA"
                },
                {
                    "codigo_aluno": "153(...)10",
                    "nome_aluno": "ÉRICA DE SOUSA FERREIRA"
                },
                {
                    "codigo_aluno": "154(...)04",
                    "nome_aluno": "ÉRICA ROMERO RIBEIRO"
                },
                {
                    "codigo_aluno": "318(...)00",
                    "nome_aluno": "EUNICE ALMEIDA CORREIA"
                },
                {
                    "codigo_aluno": "305(...)84",
                    "nome_aluno": "EVA DE SOUSA GONÇALVES"
                },
                {
                    "codigo_aluno": "152(...)55",
                    "nome_aluno": "EVA SILVA RUMOR"
                },
                {
                    "codigo_aluno": "303(...)83",
                    "nome_aluno": "EZEQUIEL AMARAL CÂMARA"
                },
                {
                    "codigo_aluno": "154(...)03",
                    "nome_aluno": "FILIPA LOPES REIS DE BASTOS OLIVEIRA"
                },
                {
                    "codigo_aluno": "307(...)70",
                    "nome_aluno": "FILIPA SOFIA FERREIRA FIGUEIREDO"
                },
                {
                    "codigo_aluno": "303(...)95",
                    "nome_aluno": "FRANCISCA ABREU ANTUNES DE AZEVEDO"
                },
                {
                    "codigo_aluno": "153(...)70",
                    "nome_aluno": "FRANCISCA BAIXINHO DIREITO"
                },
                {
                    "codigo_aluno": "153(...)03",
                    "nome_aluno": "FRANCISCA ISABEL FIGUEIRA NÓBREGA"
                },
                {
                    "codigo_aluno": "152(...)66",
                    "nome_aluno": "FRANCISCO ANDRÉ RODRIGUES ROCHA"
                },
                {
                    "codigo_aluno": "310(...)72",
                    "nome_aluno": "FRANCISCO MIGUEL ROSA RODRIGO"
                },
                {
                    "codigo_aluno": "314(...)96",
                    "nome_aluno": "FREDERICO MARTINS ALBUQUERQUE ROÇA"
                },
                {
                    "codigo_aluno": "312(...)51",
                    "nome_aluno": "GABRIEL REIS SILVA FILIPE PURIFICAÇÃO"
                },
                {
                    "codigo_aluno": "304(...)85",
                    "nome_aluno": "GABRIELA DIAS CORREIA"
                },
                {
                    "codigo_aluno": "309(...)21",
                    "nome_aluno": "GONÇALO AUGUSTO COSME PINHO"
                },
                {
                    "codigo_aluno": "154(...)01",
                    "nome_aluno": "GONÇALO DINIS ANDREZO BASTOS"
                },
                {
                    "codigo_aluno": "151(...)99",
                    "nome_aluno": "GONÇALO DINIS FERREIRA DE CARVALHO DUARTE"
                },
                {
                    "codigo_aluno": "309(...)94",
                    "nome_aluno": "GONÇALO DINIS PINHO TEIXEIRA"
                },
                {
                    "codigo_aluno": "306(...)90",
                    "nome_aluno": "GUILHERME CARDOSO LADEIRA"
                },
                {
                    "codigo_aluno": "314(...)27",
                    "nome_aluno": "GUILHERME GONÇALVES FERREIRA"
                },
                {
                    "codigo_aluno": "306(...)15",
                    "nome_aluno": "GUILHERME VARELA SECO"
                },
                {
                    "codigo_aluno": "310(...)02",
                    "nome_aluno": "GUILHERME VENÂNCIO ALVES"
                },
                {
                    "codigo_aluno": "305(...)77",
                    "nome_aluno": "GUSTAVO DOMINGUEZ MARTINHO"
                },
                {
                    "codigo_aluno": "152(...)33",
                    "nome_aluno": "HENRIQUE LEITÃO OLIVEIRA"
                },
                {
                    "codigo_aluno": "241(...)03",
                    "nome_aluno": "IAN BRANDÃO NASCIMENTO"
                },
                {
                    "codigo_aluno": "309(...)72",
                    "nome_aluno": "INÊS DA SILVA PARAÍSO"
                },
                {
                    "codigo_aluno": "152(...)50",
                    "nome_aluno": "INÊS DE ALMEIDA TEIXEIRA"
                },
                {
                    "codigo_aluno": "313(...)15",
                    "nome_aluno": "INÊS FILIPA NEVES"
                },
                {
                    "codigo_aluno": "148(...)89",
                    "nome_aluno": "INÊS FILIPA SARMENTO ALVES"
                },
                {
                    "codigo_aluno": "304(...)64",
                    "nome_aluno": "INÊS GIRGIN TEIXEIRA"
                },
                {
                    "codigo_aluno": "157(...)56",
                    "nome_aluno": "INÊS LIMA AMORIM"
                },
                {
                    "codigo_aluno": "304(...)19",
                    "nome_aluno": "INÊS MARGARIDA PIMPÃO QUEIMADO"
                },
                {
                    "codigo_aluno": "307(...)35",
                    "nome_aluno": "INÊS MARIA DOS SANTOS CORTIÇOS"
                },
                {
                    "codigo_aluno": "304(...)78",
                    "nome_aluno": "INÊS MARIANA DIAS MOURA"
                },
                {
                    "codigo_aluno": "157(...)88",
                    "nome_aluno": "INÊS MOREIRAS SAMPAIO"
                },
                {
                    "codigo_aluno": "310(...)81",
                    "nome_aluno": "INES PINTO DA CUNHA CRUZ OLIVEIRA"
                },
                {
                    "codigo_aluno": "157(...)57",
                    "nome_aluno": "INÊS RAFAEL ROCHA LOPES RIBEIRO"
                },
                {
                    "codigo_aluno": "314(...)88",
                    "nome_aluno": "INÊS RAFAELA PINTO AZEREDO"
                },
                {
                    "codigo_aluno": "153(...)33",
                    "nome_aluno": "ISABEL CALDEIRA VILELA"
                },
                {
                    "codigo_aluno": "152(...)07",
                    "nome_aluno": "ISABEL MARIA COSTA RAPOSO DA PONTE MEDINA"
                },
                {
                    "codigo_aluno": "307(...)50",
                    "nome_aluno": "JÉSSICA DANIELA TEIXEIRA DA SILVA"
                },
                {
                    "codigo_aluno": "305(...)57",
                    "nome_aluno": "JOANA CATARINA SILVA CARNEIRO"
                },
                {
                    "codigo_aluno": "159(...)29",
                    "nome_aluno": "JOANA DE SOUSA PIRES"
                },
                {
                    "codigo_aluno": "240(...)60",
                    "nome_aluno": "JOANA FRANCISCO PEREIRA NOGUEIRA NETTO"
                },
                {
                    "codigo_aluno": "314(...)02",
                    "nome_aluno": "JOANA ISABEL JESUS PEREIRA PINTO LEAL"
                },
                {
                    "codigo_aluno": "316(...)03",
                    "nome_aluno": "JOANA LEONOR MENDES ALVES SALGADO"
                },
                {
                    "codigo_aluno": "316(...)59",
                    "nome_aluno": "JOANA LEONOR VIEIRA DIAS"
                },
                {
                    "codigo_aluno": "156(...)22",
                    "nome_aluno": "JOANA MARIA MERÊNCIO MOREIRA"
                },
                {
                    "codigo_aluno": "309(...)14",
                    "nome_aluno": "JOANA PEDRO CRUZ"
                },
                {
                    "codigo_aluno": "312(...)85",
                    "nome_aluno": "JOANA RODRIGUES MIRANDA"
                },
                {
                    "codigo_aluno": "302(...)18",
                    "nome_aluno": "JOÃO AFONSO DE SOUSA PEREIRA"
                },
                {
                    "codigo_aluno": "304(...)85",
                    "nome_aluno": "JOÃO ANTÓNIO MONTEIRO FIGUEIREDO"
                },
                {
                    "codigo_aluno": "152(...)07",
                    "nome_aluno": "JOÃO CÉSAR MENDES CÂNDIDO"
                },
                {
                    "codigo_aluno": "159(...)98",
                    "nome_aluno": "JOÃO DIOGO INÁCIO SÁ MORAIS DE SOUSA"
                },
                {
                    "codigo_aluno": "152(...)58",
                    "nome_aluno": "JOÃO FILIPE CADETE TOMÁS"
                },
                {
                    "codigo_aluno": "159(...)41",
                    "nome_aluno": "JOÃO JÁCOME MOREIRA"
                },
                {
                    "codigo_aluno": "302(...)34",
                    "nome_aluno": "JOAO MARTIM EVA MIGUEIS LOURENÇO"
                },
                {
                    "codigo_aluno": "302(...)33",
                    "nome_aluno": "JOÃO PAULO BARROS PAIVA"
                },
                {
                    "codigo_aluno": "309(...)83",
                    "nome_aluno": "JOÃO PAULO DOS SANTOS MARTINS"
                },
                {
                    "codigo_aluno": "311(...)57",
                    "nome_aluno": "JOÃO PEDRO ALVES DE MATOS"
                },
                {
                    "codigo_aluno": "153(...)40",
                    "nome_aluno": "JOÃO PEDRO FERREIRA MARQUES DA SILVA"
                },
                {
                    "codigo_aluno": "159(...)69",
                    "nome_aluno": "JOAO TIAGO OLIVEIRA SETIM"
                },
                {
                    "codigo_aluno": "310(...)48",
                    "nome_aluno": "JOÃO TOMÁS MACHADO CARVALHO"
                },
                {
                    "codigo_aluno": "315(...)96",
                    "nome_aluno": "JOSÉ ROBERTO PEDRO AZEVEDO"
                },
                {
                    "codigo_aluno": "306(...)30",
                    "nome_aluno": "JÚLIA DANIELA ABRUNHOSA TIAGO"
                },
                {
                    "codigo_aluno": "158(...)97",
                    "nome_aluno": "JULIANA BRANDÃO GASPAR"
                },
                {
                    "codigo_aluno": "313(...)93",
                    "nome_aluno": "JULIANA DANIELA RIBEIRO CAMÕES"
                },
                {
                    "codigo_aluno": "152(...)17",
                    "nome_aluno": "KIARA GOMES"
                },
                {
                    "codigo_aluno": "303(...)73",
                    "nome_aluno": "LARA FILIPA PEREIRA ABREU"
                },
                {
                    "codigo_aluno": "301(...)39",
                    "nome_aluno": "LARA GAMA TELES"
                },
                {
                    "codigo_aluno": "307(...)17",
                    "nome_aluno": "LARA ISABEL GUERREIRO RODRIGUES"
                },
                {
                    "codigo_aluno": "312(...)18",
                    "nome_aluno": "LARA MARGARIDA MONTEIRO DA SILVA"
                },
                {
                    "codigo_aluno": "310(...)57",
                    "nome_aluno": "LARA SOFIA MARINHO MATIAS"
                },
                {
                    "codigo_aluno": "317(...)87",
                    "nome_aluno": "LAURA BARREIROS BARÃO"
                },
                {
                    "codigo_aluno": "302(...)85",
                    "nome_aluno": "LAURA FERREIRA DE MATOS PINHEIRO HENRIQUES"
                },
                {
                    "codigo_aluno": "301(...)04",
                    "nome_aluno": "LAURA ISABEL MOREIRA GABRIEL PENA"
                },
                {
                    "codigo_aluno": "309(...)06",
                    "nome_aluno": "LEONOR AZEREDO CABRAL BERGANO"
                },
                {
                    "codigo_aluno": "306(...)33",
                    "nome_aluno": "LEONOR DE ALMEIDA AMBRÓSIO DUARTE COELHO"
                },
                {
                    "codigo_aluno": "309(...)99",
                    "nome_aluno": "LEONOR DOS REIS BENTO ANDRADE"
                },
                {
                    "codigo_aluno": "152(...)13",
                    "nome_aluno": "LEONOR FERREIRA CURTO"
                },
                {
                    "codigo_aluno": "309(...)07",
                    "nome_aluno": "LEONOR GOUVEIA COQUIM"
                },
                {
                    "codigo_aluno": "153(...)92",
                    "nome_aluno": "LEONOR MADUREIRA DOS SANTOS"
                },
                {
                    "codigo_aluno": "309(...)46",
                    "nome_aluno": "LEONOR MATIAS FIDALGO"
                },
                {
                    "codigo_aluno": "309(...)54",
                    "nome_aluno": "LEONOR PEREIRA FERNANDES"
                },
                {
                    "codigo_aluno": "309(...)57",
                    "nome_aluno": "LEONOR RODRIGUES COSTA"
                },
                {
                    "codigo_aluno": "310(...)39",
                    "nome_aluno": "LEONOR SANTOS MOREIRA MARANTE"
                },
                {
                    "codigo_aluno": "315(...)97",
                    "nome_aluno": "LEONOR VEIGA QUEIROZ MONTEIRO"
                },
                {
                    "codigo_aluno": "305(...)81",
                    "nome_aluno": "LETÍCIA CRISTIANA CASTRO FERREIRA"
                },
                {
                    "codigo_aluno": "151(...)58",
                    "nome_aluno": "LETICIA SOFIA VELASQUEZ BERNARDO"
                },
                {
                    "codigo_aluno": "300(...)12",
                    "nome_aluno": "LÍLIA SOFIA PIRES BORGES"
                },
                {
                    "codigo_aluno": "304(...)17",
                    "nome_aluno": "LUANA BEATRIZ MONTEIRO FERNANDES"
                },
                {
                    "codigo_aluno": "153(...)66",
                    "nome_aluno": "LUANA CÁCIA BRITO GONCALVES"
                },
                {
                    "codigo_aluno": "151(...)42",
                    "nome_aluno": "LUIS AFONSO SANTOS AGUIAR"
                },
                {
                    "codigo_aluno": "151(...)43",
                    "nome_aluno": "LUÍSA DAVID DE ALMEIDA SANTOS"
                },
                {
                    "codigo_aluno": "313(...)99",
                    "nome_aluno": "LUÍSA TEIXEIRA TRIGO ANTUNES FILIPE"
                },
                {
                    "codigo_aluno": "153(...)28",
                    "nome_aluno": "LUÍSA VEIGA BENTO E SILVA"
                },
                {
                    "codigo_aluno": "314(...)64",
                    "nome_aluno": "MADALENA FONTIELA PEDRO"
                },
                {
                    "codigo_aluno": "302(...)53",
                    "nome_aluno": "MADALENA LOURENÇO GRALHO MENDONÇA"
                },
                {
                    "codigo_aluno": "157(...)83",
                    "nome_aluno": "MADALENA SOFIA VASCONCELOS PEREIRA FERNANDES LUÍS"
                },
                {
                    "codigo_aluno": "156(...)38",
                    "nome_aluno": "MAFALDA BENTO BARBOSA"
                },
                {
                    "codigo_aluno": "155(...)70",
                    "nome_aluno": "MAFALDA DA COSTA NUNES"
                },
                {
                    "codigo_aluno": "307(...)32",
                    "nome_aluno": "MAFALDA DA SILVA NEVES REIS MOUTINHO"
                },
                {
                    "codigo_aluno": "306(...)98",
                    "nome_aluno": "MAFALDA SOFIA CORREIA AMARO"
                },
                {
                    "codigo_aluno": "153(...)15",
                    "nome_aluno": "MAFALDA VICENTE DA SILVA COELHO"
                },
                {
                    "codigo_aluno": "300(...)94",
                    "nome_aluno": "MANUEL FRANCA CARDOSO PESTANA"
                },
                {
                    "codigo_aluno": "309(...)48",
                    "nome_aluno": "MANUEL REBANDA MARQUES PEREIRA"
                },
                {
                    "codigo_aluno": "153(...)41",
                    "nome_aluno": "MANUEL RUFINO GORDINHO SILVA"
                },
                {
                    "codigo_aluno": "159(...)93",
                    "nome_aluno": "MÁRCIA SOFIA CUNHA DA SILVA"
                },
                {
                    "codigo_aluno": "311(...)46",
                    "nome_aluno": "MARGARIDA ALBUQUERQUE GOMES MAGALHÃES"
                },
                {
                    "codigo_aluno": "151(...)24",
                    "nome_aluno": "MARGARIDA CANIÇO MOREIRA"
                },
                {
                    "codigo_aluno": "309(...)88",
                    "nome_aluno": "MARGARIDA DE CARVALHO DIAS"
                },
                {
                    "codigo_aluno": "309(...)39",
                    "nome_aluno": "MARGARIDA LUZ COSTA DE ALMEIDA"
                },
                {
                    "codigo_aluno": "306(...)51",
                    "nome_aluno": "MARGARIDA OLIVEIRA HENRIQUES"
                },
                {
                    "codigo_aluno": "159(...)71",
                    "nome_aluno": "MARIA ADELINA DE JESUS CARREIRA"
                },
                {
                    "codigo_aluno": "307(...)57",
                    "nome_aluno": "MARIA ANA BARBOSA AMARELO"
                },
                {
                    "codigo_aluno": "157(...)05",
                    "nome_aluno": "MARIA BEATRIZ ALVES DE SOUSA MENDES"
                },
                {
                    "codigo_aluno": "309(...)70",
                    "nome_aluno": "MARIA BEATRIZ DE QUEIROZ RATO NINA MARTINS"
                },
                {
                    "codigo_aluno": "302(...)90",
                    "nome_aluno": "MARIA BEATRIZ FALCÃO MOREIRA GONÇALVES CATARINO"
                },
                {
                    "codigo_aluno": "308(...)22",
                    "nome_aluno": "MARIA BORGES CUNHA"
                },
                {
                    "codigo_aluno": "300(...)96",
                    "nome_aluno": "MARIA BORGES NEVES"
                },
                {
                    "codigo_aluno": "153(...)47",
                    "nome_aluno": "MARIA CARRASQUEIRO FERREIRA"
                },
                {
                    "codigo_aluno": "156(...)15",
                    "nome_aluno": "MARIA DE ANDRADE RAMALHÃO FERREIRA DA COSTA"
                },
                {
                    "codigo_aluno": "152(...)34",
                    "nome_aluno": "MARIA DO MAR ALVES DE ALMEIDA"
                },
                {
                    "codigo_aluno": "307(...)50",
                    "nome_aluno": "MARIA FRANCISCA LOPES DE ALVES MARQUES"
                },
                {
                    "codigo_aluno": "303(...)56",
                    "nome_aluno": "MARIA INÊS DE OLIVEIRA SILVEIRA ALVES FERREIRA"
                },
                {
                    "codigo_aluno": "302(...)94",
                    "nome_aluno": "MARIA INÊS MANAIA DE OLIVEIRA PAIVA"
                },
                {
                    "codigo_aluno": "159(...)12",
                    "nome_aluno": "MARIA INÊS MENDONÇA DE ASSUNÇÃO DAMAS PEREIRA"
                },
                {
                    "codigo_aluno": "302(...)55",
                    "nome_aluno": "MARIA JOÃO SILVA FERREIRA"
                },
                {
                    "codigo_aluno": "304(...)65",
                    "nome_aluno": "MARIA LAURA NOGUEIRA LEITÃO TENREIRO ARAÚJO"
                },
                {
                    "codigo_aluno": "306(...)45",
                    "nome_aluno": "MARIA LEONOR BASTOS FERNANDES"
                },
                {
                    "codigo_aluno": "300(...)49",
                    "nome_aluno": "MARIA LEONOR CRUZEIRO SANTOS"
                },
                {
                    "codigo_aluno": "154(...)87",
                    "nome_aluno": "MARIA LEONOR MARTINS FERRO"
                },
                {
                    "codigo_aluno": "151(...)95",
                    "nome_aluno": "MARIA LEONOR PASSEIRA ROSA"
                },
                {
                    "codigo_aluno": "302(...)98",
                    "nome_aluno": "MARIA LEONOR PIRES ARAÚJO CRUZ"
                },
                {
                    "codigo_aluno": "308(...)06",
                    "nome_aluno": "MARIA LUÍS RENTE"
                },
                {
                    "codigo_aluno": "314(...)58",
                    "nome_aluno": "MARIA LUIS SANTIAGO DOS REIS"
                },
                {
                    "codigo_aluno": "303(...)19",
                    "nome_aluno": "MARIA MARGARIDA AMADO CARAMELO FILIPE MARTINS"
                },
                {
                    "codigo_aluno": "300(...)52",
                    "nome_aluno": "MARIA MARGARIDA COSTA MARTINS"
                },
                {
                    "codigo_aluno": "152(...)33",
                    "nome_aluno": "MARIA MIGUEL FONTES PEREIRA"
                },
                {
                    "codigo_aluno": "157(...)95",
                    "nome_aluno": "MARIA MOREIRA DE MAIA MENDES"
                },
                {
                    "codigo_aluno": "304(...)80",
                    "nome_aluno": "MARIA TEIXEIRA VIEIRA"
                },
                {
                    "codigo_aluno": "310(...)69",
                    "nome_aluno": "MARIA TERESA ALMEIDA REBELO"
                },
                {
                    "codigo_aluno": "307(...)61",
                    "nome_aluno": "MARIA TERESA DE SOUSA KAIZELER MIGUEL PALHOTA"
                },
                {
                    "codigo_aluno": "314(...)42",
                    "nome_aluno": "MARIANA BOLARINHO PIMENTEL"
                },
                {
                    "codigo_aluno": "154(...)95",
                    "nome_aluno": "MARIANA FÉLIX JACINTO"
                },
                {
                    "codigo_aluno": "309(...)90",
                    "nome_aluno": "MARIANA ISABEL SANTOS DAVID"
                },
                {
                    "codigo_aluno": "159(...)62",
                    "nome_aluno": "MARIANA JORGE PIRES MORAIS"
                },
                {
                    "codigo_aluno": "309(...)70",
                    "nome_aluno": "MARIANA OLIVEIRA E SILVA LARANJEIRO"
                },
                {
                    "codigo_aluno": "159(...)73",
                    "nome_aluno": "MARIANA RAQUEL MORGADO MARTINS"
                },
                {
                    "codigo_aluno": "309(...)39",
                    "nome_aluno": "MARIANA RODRIGUES PINTO"
                },
                {
                    "codigo_aluno": "309(...)05",
                    "nome_aluno": "MARIANA SIMÕES"
                },
                {
                    "codigo_aluno": "306(...)89",
                    "nome_aluno": "MARIANA SOFIA LEMOS GUEDES"
                },
                {
                    "codigo_aluno": "305(...)23",
                    "nome_aluno": "MARINA PEREIRA DA MOTTA"
                },
                {
                    "codigo_aluno": "156(...)80",
                    "nome_aluno": "MARTA ALEXANDRA ALVES LEI OLIVEIRA"
                },
                {
                    "codigo_aluno": "305(...)17",
                    "nome_aluno": "MARTA MARTINS PRATA DA SILVA"
                },
                {
                    "codigo_aluno": "153(...)91",
                    "nome_aluno": "MARTA MONTEIRO E COSTA MEDINA DE FIGUEIREDO"
                },
                {
                    "codigo_aluno": "151(...)59",
                    "nome_aluno": "MARTIM JOSÉ NEVES CAPONTES"
                },
                {
                    "codigo_aluno": "318(...)89",
                    "nome_aluno": "MARTIM MIGUEL MORAIS GOMES"
                },
                {
                    "codigo_aluno": "154(...)95",
                    "nome_aluno": "MARTINHO DA PONTE CERDEIRA"
                },
                {
                    "codigo_aluno": "309(...)82",
                    "nome_aluno": "MATILDE AMARANTE DE MAGALHÃES"
                },
                {
                    "codigo_aluno": "158(...)15",
                    "nome_aluno": "MATILDE DE COSTA MIRANDA COELHO DO AMARAL"
                },
                {
                    "codigo_aluno": "308(...)84",
                    "nome_aluno": "MATILDE DE OLIVEIRA GRÁCIO"
                },
                {
                    "codigo_aluno": "309(...)18",
                    "nome_aluno": "MATILDE ESTEVES FERREIRA"
                },
                {
                    "codigo_aluno": "309(...)30",
                    "nome_aluno": "MATILDE ISABEL FERREIRA VIEIRA"
                },
                {
                    "codigo_aluno": "306(...)16",
                    "nome_aluno": "MATILDE LOURO NASCIMENTO"
                },
                {
                    "codigo_aluno": "314(...)03",
                    "nome_aluno": "MATILDE NEVES BERNARDO"
                },
                {
                    "codigo_aluno": "152(...)67",
                    "nome_aluno": "MATILDE PORTELA BRÁS SOARES DE ALBERGARIA"
                },
                {
                    "codigo_aluno": "312(...)05",
                    "nome_aluno": "MATILDE TORRES MINISTRO"
                },
                {
                    "codigo_aluno": "300(...)97",
                    "nome_aluno": "MIGUEL AFONSO SEQUEIRA LOBO BENTO VENTURA"
                },
                {
                    "codigo_aluno": "308(...)34",
                    "nome_aluno": "MIGUEL ALEXANDRE ENCARNAÇÃO MARTINS"
                },
                {
                    "codigo_aluno": "300(...)23",
                    "nome_aluno": "MIGUEL ANTÓNIO GALHARDO SAMPAIO"
                },
                {
                    "codigo_aluno": "154(...)53",
                    "nome_aluno": "MIGUEL LIMA DA SILVA"
                },
                {
                    "codigo_aluno": "308(...)92",
                    "nome_aluno": "MIGUEL PRATA ESTIMA"
                },
                {
                    "codigo_aluno": "153(...)99",
                    "nome_aluno": "MIRIAM MENDES DIAS"
                },
                {
                    "codigo_aluno": "310(...)33",
                    "nome_aluno": "MÓNICA ALEXANDRA RODRIGUES QUENTAL"
                },
                {
                    "codigo_aluno": "319(...)14",
                    "nome_aluno": "NATHALIA SOUZA DE MATOS"
                },
                {
                    "codigo_aluno": "308(...)64",
                    "nome_aluno": "PATRÍCIA RODRIGUES SOARES"
                },
                {
                    "codigo_aluno": "312(...)86",
                    "nome_aluno": "PAULA BEATRIZ VIEIRA BOTELHO"
                },
                {
                    "codigo_aluno": "154(...)28",
                    "nome_aluno": "PEDRO HENRIQUE FERREIRA TEIXEIRA"
                },
                {
                    "codigo_aluno": "303(...)79",
                    "nome_aluno": "PEDRO MIGUEL COSTA MARQUES"
                },
                {
                    "codigo_aluno": "309(...)30",
                    "nome_aluno": "PEDRO MIGUEL SOUSA RIBEIRO"
                },
                {
                    "codigo_aluno": "155(...)21",
                    "nome_aluno": "RAFAEL ALEXANDRE CAMPOS FERREIRA"
                },
                {
                    "codigo_aluno": "151(...)57",
                    "nome_aluno": "RAFAEL JOSÉ ESTEVES CACHO"
                },
                {
                    "codigo_aluno": "155(...)52",
                    "nome_aluno": "RAFAELA LUÍS DIAS"
                },
                {
                    "codigo_aluno": "306(...)25",
                    "nome_aluno": "RAFAELA MARTINS LOPES"
                },
                {
                    "codigo_aluno": "153(...)25",
                    "nome_aluno": "RAQUEL ALEXANDRA ROMERO FREIRE DELGADO PIRES"
                },
                {
                    "codigo_aluno": "305(...)90",
                    "nome_aluno": "RAQUEL LOPES ALBUQUERQUE"
                },
                {
                    "codigo_aluno": "301(...)35",
                    "nome_aluno": "RAQUEL PIRES FERNANDES"
                },
                {
                    "codigo_aluno": "309(...)46",
                    "nome_aluno": "RITA AIRES FERREIRA"
                },
                {
                    "codigo_aluno": "157(...)29",
                    "nome_aluno": "RITA ANTUNES MARQUES"
                },
                {
                    "codigo_aluno": "303(...)39",
                    "nome_aluno": "RITA FREITAS FARIA"
                },
                {
                    "codigo_aluno": "309(...)40",
                    "nome_aluno": "RITA MOTA MACHADO"
                },
                {
                    "codigo_aluno": "309(...)03",
                    "nome_aluno": "RITA PEIXOTO FALCO"
                },
                {
                    "codigo_aluno": "159(...)55",
                    "nome_aluno": "RITA SÁ SILVANO"
                },
                {
                    "codigo_aluno": "312(...)88",
                    "nome_aluno": "RITA VIEIRA DA SILVA"
                },
                {
                    "codigo_aluno": "318(...)18",
                    "nome_aluno": "RODRIGO FILIPE ROCHA SOUSA"
                },
                {
                    "codigo_aluno": "154(...)29",
                    "nome_aluno": "RODRIGO MARIA MESQUITA DE ARAUJO CORDEIRO DA SILVEIRA"
                },
                {
                    "codigo_aluno": "153(...)50",
                    "nome_aluno": "RODRIGO MARQUES FONSECA"
                },
                {
                    "codigo_aluno": "316(...)34",
                    "nome_aluno": "RODRIGO RIBEIRO SOARES"
                },
                {
                    "codigo_aluno": "300(...)78",
                    "nome_aluno": "RÚBEN ALEXANDRE ALMERINDO DELARES"
                },
                {
                    "codigo_aluno": "314(...)32",
                    "nome_aluno": "RUI FERNANDO SILVA DIAS"
                },
                {
                    "codigo_aluno": "309(...)40",
                    "nome_aluno": "RUI GABRIEL MENDES SANTOS CARRILHO"
                },
                {
                    "codigo_aluno": "242(...)10",
                    "nome_aluno": "SABRINA UMAROVA"
                },
                {
                    "codigo_aluno": "153(...)81",
                    "nome_aluno": "SANDRA BEATRIZ DE MOURA GOMES"
                },
                {
                    "codigo_aluno": "301(...)67",
                    "nome_aluno": "SANTIAGO SOUSA FÉLIX"
                },
                {
                    "codigo_aluno": "157(...)83",
                    "nome_aluno": "SARA DE JESUS TOMÉ"
                },
                {
                    "codigo_aluno": "154(...)64",
                    "nome_aluno": "SARA ISABEL MARTINS DA SILVA"
                },
                {
                    "codigo_aluno": "154(...)23",
                    "nome_aluno": "SARA JORGE DA CÃMARA MACHADO CABRAL MORENO"
                },
                {
                    "codigo_aluno": "316(...)48",
                    "nome_aluno": "SARA MARGARIDA BERNARDINO RAMOS"
                },
                {
                    "codigo_aluno": "154(...)34",
                    "nome_aluno": "SARA MIGUEL FERREIRA DUARTE"
                },
                {
                    "codigo_aluno": "307(...)52",
                    "nome_aluno": "SARA RITA RODRIGUES MAIA"
                },
                {
                    "codigo_aluno": "310(...)64",
                    "nome_aluno": "SERENA ALEXANDRA HAYES RANGEL"
                },
                {
                    "codigo_aluno": "303(...)78",
                    "nome_aluno": "SIMÃO LOPES OLIVEIRA"
                },
                {
                    "codigo_aluno": "158(...)17",
                    "nome_aluno": "SIMÃO MARQUES COSTA"
                },
                {
                    "codigo_aluno": "156(...)20",
                    "nome_aluno": "SIMÃO PEDRO MORAIS FONSECA"
                },
                {
                    "codigo_aluno": "305(...)80",
                    "nome_aluno": "SIMÃO SABINO VIEGAS"
                },
                {
                    "codigo_aluno": "300(...)32",
                    "nome_aluno": "SIMONE COSTA MELO"
                },
                {
                    "codigo_aluno": "309(...)53",
                    "nome_aluno": "SOFIA ALVES LAGE"
                },
                {
                    "codigo_aluno": "153(...)95",
                    "nome_aluno": "SOFIA CATARINA SOARES TEIXEIRA"
                },
                {
                    "codigo_aluno": "309(...)73",
                    "nome_aluno": "SOFIA RAMOS PEDRO"
                },
                {
                    "codigo_aluno": "309(...)84",
                    "nome_aluno": "SORAIA ISABEL LIMA CORREIA"
                },
                {
                    "codigo_aluno": "302(...)04",
                    "nome_aluno": "SORAIA SOARES GOMES"
                },
                {
                    "codigo_aluno": "300(...)00",
                    "nome_aluno": "STEFANY DE MENEZES AGUIAR"
                },
                {
                    "codigo_aluno": "156(...)98",
                    "nome_aluno": "TATIANA MEDINA MONTEIRO"
                },
                {
                    "codigo_aluno": "159(...)67",
                    "nome_aluno": "TIAGO BENTO DUARTE"
                },
                {
                    "codigo_aluno": "153(...)22",
                    "nome_aluno": "TIAGO FERREIRA MILEU"
                },
                {
                    "codigo_aluno": "309(...)30",
                    "nome_aluno": "TIAGO FILIPE FATÉRIO GAMEIRO"
                },
                {
                    "codigo_aluno": "152(...)29",
                    "nome_aluno": "TIAGO PITA HOMEM"
                },
                {
                    "codigo_aluno": "302(...)47",
                    "nome_aluno": "TIAGO RODRIGUES QUEIROZ VIEIRA"
                },
                {
                    "codigo_aluno": "303(...)53",
                    "nome_aluno": "TOMÁS BORGES DE PINHO E MENEZES VILÃO"
                },
                {
                    "codigo_aluno": "158(...)99",
                    "nome_aluno": "TOMÁS DE MELO FERREIRA"
                },
                {
                    "codigo_aluno": "153(...)30",
                    "nome_aluno": "TOMÁS FERREIRA PAIVA"
                },
                {
                    "codigo_aluno": "151(...)24",
                    "nome_aluno": "TOMÁS MEDEIROS ÁVILA DINIS"
                },
                {
                    "codigo_aluno": "159(...)24",
                    "nome_aluno": "TOMÁS SANTOS GOUVEIA"
                },
                {
                    "codigo_aluno": "159(...)19",
                    "nome_aluno": "VANESSA FILIPA MAGALHÃES TEIXEIRA"
                },
                {
                    "codigo_aluno": "310(...)75",
                    "nome_aluno": "VASCO MIGUEL DA SILVA PETIZ VARANDAS GUEDES"
                },
                {
                    "codigo_aluno": "152(...)80",
                    "nome_aluno": "VASCO VALERIO LUCAS DA SILVA GONÇALVES"
                },
                {
                    "codigo_aluno": "303(...)01",
                    "nome_aluno": "VICENTE MARIA PINTO CORREIA DE ALVES RIBEIRO"
                },
                {
                    "codigo_aluno": "311(...)08",
                    "nome_aluno": "XAVIER SIMÕES DUARTE"
                }
            ]
        }
    ]
}