{
    "codigo_universidade": "0150",
    "nome_universidade": "0150 - Universidade dos Açores - Faculdade de Ciências Sociais e Humanas",
    "cursos": [
        {
            "codigo_curso": "9652",
            "nome_curso": "9652 - Comunicação e Relações Públicas",
            "colocados": [
                {
                    "codigo_aluno": "300(...)11",
                    "nome_aluno": "ANDREIA DE MELO JESUS"
                },
                {
                    "codigo_aluno": "304(...)35",
                    "nome_aluno": "ANTÓNIO MANUEL OLIVEIRA MEDEIROS"
                },
                {
                    "codigo_aluno": "300(...)24",
                    "nome_aluno": "ARIANA DA COSTA AVILA MIGUEL"
                },
                {
                    "codigo_aluno": "309(...)53",
                    "nome_aluno": "BEATRIZ MARTINS MACHADO"
                },
                {
                    "codigo_aluno": "312(...)77",
                    "nome_aluno": "BEATRIZ RAFAELA MONIZ FERREIRA"
                },
                {
                    "codigo_aluno": "306(...)81",
                    "nome_aluno": "CAROLINA GONÇALVES FERNANDES"
                },
                {
                    "codigo_aluno": "154(...)46",
                    "nome_aluno": "CÁTIA SOFIA REGO MELO"
                },
                {
                    "codigo_aluno": "153(...)18",
                    "nome_aluno": "CONSTANÇA SOUSA FURTADO"
                },
                {
                    "codigo_aluno": "148(...)83",
                    "nome_aluno": "DANIELA COUTO COSTA"
                },
                {
                    "codigo_aluno": "153(...)12",
                    "nome_aluno": "DANIELA GARCIA DAMIÃO DA SILVA PEREIRA"
                },
                {
                    "codigo_aluno": "303(...)32",
                    "nome_aluno": "DANIELA SOFIA CORDEIRO RAPOSO"
                },
                {
                    "codigo_aluno": "303(...)03",
                    "nome_aluno": "DIOGO DE CARVALHO PONTES"
                },
                {
                    "codigo_aluno": "306(...)91",
                    "nome_aluno": "DIOGO FURTADO COSTA"
                },
                {
                    "codigo_aluno": "151(...)22",
                    "nome_aluno": "FRANCISCO ADELINO MENEZES PAIVA"
                },
                {
                    "codigo_aluno": "303(...)71",
                    "nome_aluno": "HEITOR PAULO PAIVA COSTA"
                },
                {
                    "codigo_aluno": "155(...)12",
                    "nome_aluno": "HULDA MARIA ROCHA DUARTE"
                },
                {
                    "codigo_aluno": "303(...)46",
                    "nome_aluno": "INÊS LOPES SIMAS"
                },
                {
                    "codigo_aluno": "304(...)03",
                    "nome_aluno": "INÊS SOUSA PEREIRA"
                },
                {
                    "codigo_aluno": "303(...)36",
                    "nome_aluno": "JOANA COSTA COUTO"
                },
                {
                    "codigo_aluno": "156(...)15",
                    "nome_aluno": "JÚLIA TAVARES VARÃO"
                },
                {
                    "codigo_aluno": "301(...)53",
                    "nome_aluno": "LETÍCIA CARVALHO TAVARES"
                },
                {
                    "codigo_aluno": "151(...)79",
                    "nome_aluno": "LILIANA OLIVEIRA LEITÃO"
                },
                {
                    "codigo_aluno": "155(...)63",
                    "nome_aluno": "LUANA SILVA PINTO"
                },
                {
                    "codigo_aluno": "308(...)68",
                    "nome_aluno": "LUCAS DA SILVA BOTELHO"
                },
                {
                    "codigo_aluno": "310(...)24",
                    "nome_aluno": "LUÍS FILIPE POMBEIRO JANEIRO"
                },
                {
                    "codigo_aluno": "150(...)02",
                    "nome_aluno": "MAFALDA FERNANDES DUARTE"
                },
                {
                    "codigo_aluno": "155(...)83",
                    "nome_aluno": "MARCELO HENRIQUE CORDEIRO TAVARES"
                },
                {
                    "codigo_aluno": "150(...)60",
                    "nome_aluno": "MARIA ANTONIA SOUSA ALCINO"
                },
                {
                    "codigo_aluno": "158(...)76",
                    "nome_aluno": "MARIA DO CARMO DOMINGUES GONÇALVES"
                },
                {
                    "codigo_aluno": "304(...)10",
                    "nome_aluno": "MARIA FRANCO DA CRUZ LOPES"
                },
                {
                    "codigo_aluno": "301(...)84",
                    "nome_aluno": "MARIA FURTADO SILVA"
                },
                {
                    "codigo_aluno": "306(...)86",
                    "nome_aluno": "MARIANA ALMEIDA PEREIRA"
                },
                {
                    "codigo_aluno": "156(...)02",
                    "nome_aluno": "MARIANA CANDEIAS LEAL"
                },
                {
                    "codigo_aluno": "155(...)47",
                    "nome_aluno": "MARTA JOSÉ MARTINS DUARTE"
                },
                {
                    "codigo_aluno": "159(...)37",
                    "nome_aluno": "NEUZA FILIPA PAVÃO BOTELHO"
                },
                {
                    "codigo_aluno": "307(...)81",
                    "nome_aluno": "NICOLE MACHADO TAVARES"
                },
                {
                    "codigo_aluno": "309(...)58",
                    "nome_aluno": "RAFAEL MARTINS MACHADO"
                },
                {
                    "codigo_aluno": "300(...)45",
                    "nome_aluno": "RAQUEL SANTOS LEITE CABRAL"
                },
                {
                    "codigo_aluno": "151(...)86",
                    "nome_aluno": "RITA MOURA LISBOA"
                },
                {
                    "codigo_aluno": "145(...)24",
                    "nome_aluno": "SARA DA PONTE KIM"
                },
                {
                    "codigo_aluno": "149(...)91",
                    "nome_aluno": "VITÓRIA REIS CHIVARAN"
                }
            ]
        },
        {
            "codigo_curso": "9853",
            "nome_curso": "9853 - Educação Básica",
            "colocados": [
                {
                    "codigo_aluno": "306(...)17",
                    "nome_aluno": "ALEXANDRA ARRUDA SILVA"
                },
                {
                    "codigo_aluno": "157(...)94",
                    "nome_aluno": "ANA BEATRIZ DA SILVA GOMES"
                },
                {
                    "codigo_aluno": "156(...)07",
                    "nome_aluno": "ANA ISABEL VIEIRA SOUSA"
                },
                {
                    "codigo_aluno": "306(...)83",
                    "nome_aluno": "ANA RITA CABRAL SANTOS"
                },
                {
                    "codigo_aluno": "303(...)17",
                    "nome_aluno": "ANA RITA GOMES SILVA CARVALHO"
                },
                {
                    "codigo_aluno": "151(...)80",
                    "nome_aluno": "BEATRIZ DE SÁ QUENTAL ROSA MEDEIROS"
                },
                {
                    "codigo_aluno": "156(...)41",
                    "nome_aluno": "BIANCA SANTO CRISTO AZEVEDO"
                },
                {
                    "codigo_aluno": "303(...)43",
                    "nome_aluno": "CAROLINA CORREIA CAMPOS"
                },
                {
                    "codigo_aluno": "156(...)90",
                    "nome_aluno": "CAROLINA PONTE FERREIRA"
                },
                {
                    "codigo_aluno": "150(...)01",
                    "nome_aluno": "CATARINA PINHEIRO ABREU"
                },
                {
                    "codigo_aluno": "309(...)71",
                    "nome_aluno": "FRANCISCO REGO SILVA"
                },
                {
                    "codigo_aluno": "308(...)94",
                    "nome_aluno": "INÊS PACHECO SPÍNOLA"
                },
                {
                    "codigo_aluno": "158(...)03",
                    "nome_aluno": "ISABEL PAIVA ALVES"
                },
                {
                    "codigo_aluno": "306(...)74",
                    "nome_aluno": "JOANA AGUIAR CABRAL"
                },
                {
                    "codigo_aluno": "306(...)12",
                    "nome_aluno": "LEONOR MARIA DINIS SERPA"
                },
                {
                    "codigo_aluno": "303(...)62",
                    "nome_aluno": "LETÍCIA PIMENTEL CORREIA"
                },
                {
                    "codigo_aluno": "300(...)95",
                    "nome_aluno": "MARGARIDA ALMEIDA PONTE"
                },
                {
                    "codigo_aluno": "152(...)77",
                    "nome_aluno": "MARIA RITA SOARES ANDRÉ ANDRADE ÁVILA"
                },
                {
                    "codigo_aluno": "306(...)45",
                    "nome_aluno": "MARIANA FURTADO DO REGO MACHADO"
                },
                {
                    "codigo_aluno": "306(...)62",
                    "nome_aluno": "NATACHA DE MEDEIROS BIZARRIA"
                },
                {
                    "codigo_aluno": "311(...)35",
                    "nome_aluno": "SORAIA MARIA RODRIGUES CORREIA"
                },
                {
                    "codigo_aluno": "313(...)25",
                    "nome_aluno": "VITÓRIA ALMEIDA BENEVIDES"
                }
            ]
        },
        {
            "codigo_curso": "9135",
            "nome_curso": "9135 - Estudos Europeus",
            "colocados": [
                {
                    "codigo_aluno": "155(...)72",
                    "nome_aluno": "ABEL CABRAL COSTA"
                },
                {
                    "codigo_aluno": "152(...)91",
                    "nome_aluno": "AFONSO PATRÍCIO BACALHAU"
                },
                {
                    "codigo_aluno": "155(...)90",
                    "nome_aluno": "ANTÓNIO AUGUSTO OLIVEIRA DA PONTE"
                },
                {
                    "codigo_aluno": "152(...)67",
                    "nome_aluno": "DALILA VIDAL BARBOSA"
                },
                {
                    "codigo_aluno": "307(...)05",
                    "nome_aluno": "FRANCISCO MANUEL SEBASTIÃO VILELA SANTOS AMBRÓSIO"
                },
                {
                    "codigo_aluno": "153(...)97",
                    "nome_aluno": "GUILHERME FILIPE DA SILVA FARIAS RODRIGUES FURTADO"
                },
                {
                    "codigo_aluno": "306(...)66",
                    "nome_aluno": "HUGO BRANCO CABRAL"
                },
                {
                    "codigo_aluno": "303(...)53",
                    "nome_aluno": "JOANA DE CASTRO JESUS ELOÍ DE SOUSA"
                },
                {
                    "codigo_aluno": "302(...)37",
                    "nome_aluno": "JOÃO AFONSO PACHECO VIANA"
                },
                {
                    "codigo_aluno": "153(...)18",
                    "nome_aluno": "MAFALDA ESCOBAR PERES"
                },
                {
                    "codigo_aluno": "303(...)34",
                    "nome_aluno": "MANUEL RAPOSO SILVESTRE"
                },
                {
                    "codigo_aluno": "150(...)49",
                    "nome_aluno": "MARIANA CORREIA PEREIRA"
                },
                {
                    "codigo_aluno": "301(...)30",
                    "nome_aluno": "PAULO HENRIQUE PACHECO DE SOUSA DUARTE"
                },
                {
                    "codigo_aluno": "146(...)90",
                    "nome_aluno": "RODRIGO LEDO RAPOSO DE SOUSA FURTADO"
                },
                {
                    "codigo_aluno": "240(...)10",
                    "nome_aluno": "RUTH MANUEL DA CONCEÇÃO PEDRO"
                },
                {
                    "codigo_aluno": "310(...)33",
                    "nome_aluno": "SORAIA BRITO GIL"
                },
                {
                    "codigo_aluno": "300(...)41",
                    "nome_aluno": "TOMÁS JESUS DA SILVA"
                }
            ]
        },
        {
            "codigo_curso": "L041",
            "nome_curso": "L041 - Estudos Portugueses e Ingleses",
            "colocados": [
                {
                    "codigo_aluno": "309(...)54",
                    "nome_aluno": "ALEX SANDRO PACHECO CABRAL"
                },
                {
                    "codigo_aluno": "149(...)95",
                    "nome_aluno": "ALEXANDRE MIGUEL SANTOS CHU"
                },
                {
                    "codigo_aluno": "158(...)89",
                    "nome_aluno": "ANDREIA JARDIM BOLARINHO"
                },
                {
                    "codigo_aluno": "307(...)03",
                    "nome_aluno": "BEATRIZ MEDEIROS SILVA"
                },
                {
                    "codigo_aluno": "330(...)01",
                    "nome_aluno": "CIERRA SOARES DA SILVA"
                },
                {
                    "codigo_aluno": "306(...)90",
                    "nome_aluno": "FILIPA CHAVES PEREIRA"
                },
                {
                    "codigo_aluno": "304(...)07",
                    "nome_aluno": "IARA MARIA MENDONÇA CÂMARA"
                },
                {
                    "codigo_aluno": "304(...)32",
                    "nome_aluno": "INÊS PIMENTEL PACHECO"
                },
                {
                    "codigo_aluno": "152(...)18",
                    "nome_aluno": "INÊS TAVARES ANDRADE"
                },
                {
                    "codigo_aluno": "313(...)10",
                    "nome_aluno": "LAURA PONTE PIMENTEL"
                },
                {
                    "codigo_aluno": "155(...)80",
                    "nome_aluno": "LUCAS TOMÁS DIONÍSIO DE NUNES LOPES"
                },
                {
                    "codigo_aluno": "308(...)65",
                    "nome_aluno": "LUIS PEDRO ANDRADE CORREIA"
                },
                {
                    "codigo_aluno": "158(...)93",
                    "nome_aluno": "MARIA JOÃO PACHECO CORREIA"
                },
                {
                    "codigo_aluno": "150(...)46",
                    "nome_aluno": "MARIA TERESA CABRAL SILVA MATOS DE ALMEIDA"
                },
                {
                    "codigo_aluno": "301(...)83",
                    "nome_aluno": "MARTA ALMEIDA CHAVES"
                },
                {
                    "codigo_aluno": "309(...)13",
                    "nome_aluno": "MARTIM MORAIS SA"
                },
                {
                    "codigo_aluno": "153(...)77",
                    "nome_aluno": "MATILDE MEDEIROS DOS SANTOS"
                },
                {
                    "codigo_aluno": "303(...)78",
                    "nome_aluno": "MIGUEL BORGES MEDEIROS"
                },
                {
                    "codigo_aluno": "152(...)36",
                    "nome_aluno": "MÓNICA BOLARINHO ANDRADE"
                },
                {
                    "codigo_aluno": "302(...)12",
                    "nome_aluno": "RAQUEL VENTURA CANEJO"
                },
                {
                    "codigo_aluno": "152(...)04",
                    "nome_aluno": "RUI PEDRO COSTA RODRIGUES"
                },
                {
                    "codigo_aluno": "303(...)34",
                    "nome_aluno": "SELENA MARIA CUSTÓDIO SILVEIRA"
                },
                {
                    "codigo_aluno": "300(...)49",
                    "nome_aluno": "SOFIA SANTOS BOTELHO"
                },
                {
                    "codigo_aluno": "309(...)87",
                    "nome_aluno": "WILSON TORRES MEDEIROS"
                }
            ]
        },
        {
            "codigo_curso": "9181",
            "nome_curso": "9181 - História",
            "colocados": [
                {
                    "codigo_aluno": "159(...)50",
                    "nome_aluno": "ALEX CAETANO ESTRELA"
                },
                {
                    "codigo_aluno": "320(...)36",
                    "nome_aluno": "ANA VITÓRIA OLIVEIRA DO NASCIMENTO"
                },
                {
                    "codigo_aluno": "306(...)99",
                    "nome_aluno": "CARINA SOFIA PONTE GOMES"
                },
                {
                    "codigo_aluno": "144(...)54",
                    "nome_aluno": "CARLOS DANIEL PERDIGÃO GONÇALVES"
                },
                {
                    "codigo_aluno": "155(...)40",
                    "nome_aluno": "GONÇALO LOPES CAETANO"
                },
                {
                    "codigo_aluno": "154(...)61",
                    "nome_aluno": "GUILHERME PAULO DA SILVA BETTENCOURT"
                },
                {
                    "codigo_aluno": "151(...)70",
                    "nome_aluno": "HENRIQUE ANDRÉ DA SILVA GASPAR"
                },
                {
                    "codigo_aluno": "309(...)46",
                    "nome_aluno": "JOANA COTA OLIVEIRA"
                },
                {
                    "codigo_aluno": "157(...)21",
                    "nome_aluno": "JOÃO GIL SIMÕES DO COUTO PINTO"
                },
                {
                    "codigo_aluno": "149(...)07",
                    "nome_aluno": "JOAO GUILHERME CALACA FREITAS"
                },
                {
                    "codigo_aluno": "304(...)06",
                    "nome_aluno": "JOSÉ PEDRO SILVA BETTENCOURT"
                },
                {
                    "codigo_aluno": "151(...)84",
                    "nome_aluno": "LILIANA VARELA RODRIGUES"
                },
                {
                    "codigo_aluno": "314(...)65",
                    "nome_aluno": "MARCÍLIA DE FÁTIMA SOARES MEDEIROS"
                },
                {
                    "codigo_aluno": "157(...)26",
                    "nome_aluno": "MARCO ANTÓNIO SILVEIRA LIMA"
                },
                {
                    "codigo_aluno": "159(...)33",
                    "nome_aluno": "MARTA RESENDES FERREIRA"
                },
                {
                    "codigo_aluno": "152(...)30",
                    "nome_aluno": "MARTIM CÂMARA DOS REIS"
                },
                {
                    "codigo_aluno": "307(...)81",
                    "nome_aluno": "PAULO JORGE REGO FELEJA"
                },
                {
                    "codigo_aluno": "152(...)67",
                    "nome_aluno": "PEDRO OLIVEIRA FRANCO"
                },
                {
                    "codigo_aluno": "313(...)05",
                    "nome_aluno": "SABRINA FILIPA BOTELHO MONTEIRO"
                },
                {
                    "codigo_aluno": "306(...)56",
                    "nome_aluno": "SIMÃO GABRIEL SERPA PEREIRA"
                }
            ]
        },
        {
            "codigo_curso": "9219",
            "nome_curso": "9219 - Psicologia",
            "colocados": [
                {
                    "codigo_aluno": "152(...)85",
                    "nome_aluno": "ANA LUÍSA MARÇALO EMÍDIO D'ÁGUEDA"
                },
                {
                    "codigo_aluno": "154(...)42",
                    "nome_aluno": "ANDRÉ VERÍSSIMO ROSA ARAÚJO"
                },
                {
                    "codigo_aluno": "301(...)71",
                    "nome_aluno": "BEATRIZ COSTA PINHO"
                },
                {
                    "codigo_aluno": "307(...)31",
                    "nome_aluno": "BEATRIZ FERREIRA PIRES DA CUNHA"
                },
                {
                    "codigo_aluno": "151(...)36",
                    "nome_aluno": "BEATRIZ MACHADO DUARTE"
                },
                {
                    "codigo_aluno": "155(...)57",
                    "nome_aluno": "CARLOTA SOUSA BRANCO"
                },
                {
                    "codigo_aluno": "154(...)26",
                    "nome_aluno": "CATARINA DE ALMEIDA CORREIA BASTOS"
                },
                {
                    "codigo_aluno": "310(...)52",
                    "nome_aluno": "DANIELA ALEXANDRA MARQUES CARREIRA"
                },
                {
                    "codigo_aluno": "300(...)91",
                    "nome_aluno": "DANIELA MARIA MACHADO MIRANDA"
                },
                {
                    "codigo_aluno": "317(...)74",
                    "nome_aluno": "DANIELA MEDEIROS TRAVASSOS"
                },
                {
                    "codigo_aluno": "303(...)48",
                    "nome_aluno": "DIANA LOPES DE MATOS"
                },
                {
                    "codigo_aluno": "152(...)54",
                    "nome_aluno": "DUARTE MELO MORENO"
                },
                {
                    "codigo_aluno": "303(...)30",
                    "nome_aluno": "ÉRICA PACHECO ALMEIDA"
                },
                {
                    "codigo_aluno": "153(...)52",
                    "nome_aluno": "INÊS DUARTE DE MATOS E SOARES"
                },
                {
                    "codigo_aluno": "303(...)84",
                    "nome_aluno": "JÚLIA PEREIRA MENDES"
                },
                {
                    "codigo_aluno": "314(...)09",
                    "nome_aluno": "LARA SOFIA SAMPAIO AZEVEDO"
                },
                {
                    "codigo_aluno": "307(...)70",
                    "nome_aluno": "LEONOR JOSÉ ABREU SOUSA"
                },
                {
                    "codigo_aluno": "154(...)75",
                    "nome_aluno": "LILIANA BATISTA MELO"
                },
                {
                    "codigo_aluno": "157(...)96",
                    "nome_aluno": "LUNA ALEXANDRA DE SOUSA FARRICA"
                },
                {
                    "codigo_aluno": "154(...)77",
                    "nome_aluno": "MARIANA LOURO VAZ"
                },
                {
                    "codigo_aluno": "153(...)48",
                    "nome_aluno": "MARIANA MEDEIROS CIMBRON"
                },
                {
                    "codigo_aluno": "315(...)76",
                    "nome_aluno": "MARIANA TEIXEIRA PEREIRA"
                },
                {
                    "codigo_aluno": "156(...)12",
                    "nome_aluno": "MATILDE AMARAL FONSECA"
                },
                {
                    "codigo_aluno": "152(...)87",
                    "nome_aluno": "MIGUEL MEDEIROS MASSA"
                },
                {
                    "codigo_aluno": "159(...)02",
                    "nome_aluno": "MIGUEL MESSIAS SOARES"
                },
                {
                    "codigo_aluno": "152(...)56",
                    "nome_aluno": "NATACHA VIEIRA"
                },
                {
                    "codigo_aluno": "302(...)08",
                    "nome_aluno": "NICOLE ALEXANDRA SOARES MEDEIROS"
                },
                {
                    "codigo_aluno": "300(...)92",
                    "nome_aluno": "NÍDIA ALEXANDRA CRUZ DIAS"
                },
                {
                    "codigo_aluno": "301(...)27",
                    "nome_aluno": "NINA DE FÁTIMA MIRANDA SILVA"
                },
                {
                    "codigo_aluno": "302(...)32",
                    "nome_aluno": "RUTE FURTADO PAVÃO"
                },
                {
                    "codigo_aluno": "152(...)26",
                    "nome_aluno": "SOFIA SOARES BARBOSA"
                },
                {
                    "codigo_aluno": "241(...)01",
                    "nome_aluno": "SOFIIA SHUMAILOVA"
                },
                {
                    "codigo_aluno": "150(...)27",
                    "nome_aluno": "VERA CADETE CABRAL PINTO"
                }
            ]
        },
        {
            "codigo_curso": "9238",
            "nome_curso": "9238 - Serviço Social",
            "colocados": [
                {
                    "codigo_aluno": "300(...)92",
                    "nome_aluno": "ALICE MONIZ LOPES"
                },
                {
                    "codigo_aluno": "310(...)72",
                    "nome_aluno": "ANDREIA RAQUEL ALVES AZEVEDO"
                },
                {
                    "codigo_aluno": "307(...)95",
                    "nome_aluno": "BEATRIZ PAIVA DA SILVA"
                },
                {
                    "codigo_aluno": "311(...)26",
                    "nome_aluno": "CARLOTA RAPOSO LEITE BETTENCOURT"
                },
                {
                    "codigo_aluno": "157(...)04",
                    "nome_aluno": "CAROLINA BRASIL SILVA MENDES"
                },
                {
                    "codigo_aluno": "313(...)01",
                    "nome_aluno": "CAROLINA SOARES COSTA"
                },
                {
                    "codigo_aluno": "149(...)04",
                    "nome_aluno": "CAROLINA VASCONCELOS DE AMARAL GOYANES MACHADO"
                },
                {
                    "codigo_aluno": "147(...)35",
                    "nome_aluno": "CONSTANÇA MONIZ BOTELHO"
                },
                {
                    "codigo_aluno": "303(...)59",
                    "nome_aluno": "DANIELA RODRIGUES MEDEIROS"
                },
                {
                    "codigo_aluno": "154(...)94",
                    "nome_aluno": "ÉRICA MARTINS GOMES"
                },
                {
                    "codigo_aluno": "152(...)99",
                    "nome_aluno": "EVANDRO DANIEL CASTRO FONSECA"
                },
                {
                    "codigo_aluno": "306(...)66",
                    "nome_aluno": "FILIPA PACHECO CARDOSO"
                },
                {
                    "codigo_aluno": "158(...)26",
                    "nome_aluno": "FILIPA RAQUEL OLIVEIRA MEDEIROS"
                },
                {
                    "codigo_aluno": "155(...)33",
                    "nome_aluno": "FRANCISCA JOSÉ RAIMUNDO ALBINO"
                },
                {
                    "codigo_aluno": "240(...)23",
                    "nome_aluno": "GABRIELLE CRISTINA DA SILVA"
                },
                {
                    "codigo_aluno": "304(...)96",
                    "nome_aluno": "JOANA ALMEIDA SILVA"
                },
                {
                    "codigo_aluno": "300(...)61",
                    "nome_aluno": "JORJA MADALENA ANJOS DE SOUSA GALEGO MENDONÇA"
                },
                {
                    "codigo_aluno": "314(...)39",
                    "nome_aluno": "MÁRCIA DE JESUS MEDEIROS REGO"
                },
                {
                    "codigo_aluno": "304(...)43",
                    "nome_aluno": "MARIA DE FÁTIMA MACEDO PEREIRA"
                },
                {
                    "codigo_aluno": "300(...)59",
                    "nome_aluno": "MARIA DE MEDEIROS GUALTER BAPTISTA DE VASCONCELOS"
                },
                {
                    "codigo_aluno": "309(...)90",
                    "nome_aluno": "MARIA INÊS DA SILVA FRIAS"
                },
                {
                    "codigo_aluno": "156(...)47",
                    "nome_aluno": "MARIA JOAO AGUIAR MELO"
                },
                {
                    "codigo_aluno": "153(...)27",
                    "nome_aluno": "MARIANA TEIXEIRA BRANCO"
                },
                {
                    "codigo_aluno": "152(...)08",
                    "nome_aluno": "MARINA RODRIGUES LOPES"
                },
                {
                    "codigo_aluno": "306(...)91",
                    "nome_aluno": "MATILDE BOTELHO PEREIRA"
                },
                {
                    "codigo_aluno": "159(...)09",
                    "nome_aluno": "MATILDE DA PONTE ROCHA"
                },
                {
                    "codigo_aluno": "303(...)75",
                    "nome_aluno": "NINA FONTES PEREIRA"
                },
                {
                    "codigo_aluno": "305(...)39",
                    "nome_aluno": "PEDRO DE SOUSA MEDEIROS"
                },
                {
                    "codigo_aluno": "314(...)25",
                    "nome_aluno": "RAISSA DE SOUSA BENEVIDES"
                },
                {
                    "codigo_aluno": "154(...)02",
                    "nome_aluno": "RAQUEL ALEXANDRA TEIXEIRA FELICIANO"
                },
                {
                    "codigo_aluno": "302(...)78",
                    "nome_aluno": "RUI FILIPE SILVA PIMENTEL"
                },
                {
                    "codigo_aluno": "157(...)20",
                    "nome_aluno": "RUTE COSTA BENEVIDES"
                },
                {
                    "codigo_aluno": "157(...)60",
                    "nome_aluno": "SARA TAVARES SEBASTIÃO"
                },
                {
                    "codigo_aluno": "308(...)48",
                    "nome_aluno": "SOFIA OLIVEIRA AGUIAR"
                },
                {
                    "codigo_aluno": "314(...)33",
                    "nome_aluno": "SOLANGE TAVARES FURTADO"
                },
                {
                    "codigo_aluno": "156(...)15",
                    "nome_aluno": "VITÓRIA MATOS MEDEIROS"
                }
            ]
        },
        {
            "codigo_curso": "9240",
            "nome_curso": "9240 - Sociologia",
            "colocados": [
                {
                    "codigo_aluno": "307(...)55",
                    "nome_aluno": "AFONSO RICARDO MOREIRA PATRÍCIO"
                },
                {
                    "codigo_aluno": "159(...)27",
                    "nome_aluno": "ANA BEATRIZ BORGES GASPAR"
                },
                {
                    "codigo_aluno": "303(...)15",
                    "nome_aluno": "ANA CAROLINA FERREIRA CABITO"
                },
                {
                    "codigo_aluno": "159(...)86",
                    "nome_aluno": "ANDRÉ FILIPE VIEIRA DE MELO"
                },
                {
                    "codigo_aluno": "180(...)59",
                    "nome_aluno": "ANDREI GUSTAVO DA COSTA GONÇALVES"
                },
                {
                    "codigo_aluno": "155(...)88",
                    "nome_aluno": "BÁRBARA BARBOSA BATISTA"
                },
                {
                    "codigo_aluno": "309(...)35",
                    "nome_aluno": "BÁRBARA COSTA BARROS"
                },
                {
                    "codigo_aluno": "301(...)03",
                    "nome_aluno": "BEATRIZ INÁCIO BICHO"
                },
                {
                    "codigo_aluno": "307(...)51",
                    "nome_aluno": "BIANCA BRANCO BORGES"
                },
                {
                    "codigo_aluno": "310(...)04",
                    "nome_aluno": "CATARINA ROQUES RODRIGUES"
                },
                {
                    "codigo_aluno": "302(...)88",
                    "nome_aluno": "DANIELA CABRAL CÂMARA"
                },
                {
                    "codigo_aluno": "145(...)35",
                    "nome_aluno": "DIANA FILIPA MELO PAVÃO"
                },
                {
                    "codigo_aluno": "240(...)07",
                    "nome_aluno": "ELAINE NETO FERNANDES LIMA DO NASCIMENTO"
                },
                {
                    "codigo_aluno": "154(...)84",
                    "nome_aluno": "FRANCISCA MOREIRA MENDES"
                },
                {
                    "codigo_aluno": "152(...)65",
                    "nome_aluno": "JASMINE PORTAS LOPES"
                },
                {
                    "codigo_aluno": "310(...)69",
                    "nome_aluno": "JULIA ANDRADE REBELO"
                },
                {
                    "codigo_aluno": "152(...)68",
                    "nome_aluno": "LILIANE DE SOUSA VIEIRA"
                },
                {
                    "codigo_aluno": "152(...)02",
                    "nome_aluno": "LISANDRA FREITAS DE JESUS"
                },
                {
                    "codigo_aluno": "302(...)02",
                    "nome_aluno": "MADALENA SILVA CORREIA"
                },
                {
                    "codigo_aluno": "152(...)67",
                    "nome_aluno": "MARIA DA CONCEIÇÃO BENEVIDES SOUSA"
                },
                {
                    "codigo_aluno": "303(...)64",
                    "nome_aluno": "MARIA INÊS TOMÉ RAMOS"
                },
                {
                    "codigo_aluno": "151(...)82",
                    "nome_aluno": "MARIANA DE GUEDES SOUSA"
                },
                {
                    "codigo_aluno": "306(...)80",
                    "nome_aluno": "MAURA SOUSA CARVALHO"
                },
                {
                    "codigo_aluno": "304(...)13",
                    "nome_aluno": "MIGUEL DE MELO TAVARES"
                },
                {
                    "codigo_aluno": "306(...)53",
                    "nome_aluno": "PRISCILA RÓIAS RIBEIRO"
                },
                {
                    "codigo_aluno": "156(...)54",
                    "nome_aluno": "RAFAEL TRINDADE PEREIRA"
                },
                {
                    "codigo_aluno": "154(...)94",
                    "nome_aluno": "SOFIA DE MOURA GIRÃO MACHADO FELGAR"
                },
                {
                    "codigo_aluno": "302(...)57",
                    "nome_aluno": "SOFIA REIS MELO"
                },
                {
                    "codigo_aluno": "302(...)09",
                    "nome_aluno": "SOFIA SÃO PEDRO MARTINS"
                }
            ]
        }
    ]
}