{
    "codigo_universidade": "0504",
    "nome_universidade": "0504 - Universidade de Coimbra - Faculdade de Farmácia",
    "cursos": [
        {
            "codigo_curso": "9819",
            "nome_curso": "9819 - Ciências Bioanalíticas",
            "colocados": [
                {
                    "codigo_aluno": "309(...)08",
                    "nome_aluno": "ALÍCIA MARGARIDA FERREIRA MONTEIRO"
                },
                {
                    "codigo_aluno": "155(...)08",
                    "nome_aluno": "ALQUIRIA RITA LIMA AFONSO"
                },
                {
                    "codigo_aluno": "309(...)46",
                    "nome_aluno": "ANA FERREIRA SANTOS"
                },
                {
                    "codigo_aluno": "311(...)65",
                    "nome_aluno": "ANA LUÍSA MELO LOPES"
                },
                {
                    "codigo_aluno": "308(...)83",
                    "nome_aluno": "BEATRIZ FERREIRA ALVES"
                },
                {
                    "codigo_aluno": "301(...)42",
                    "nome_aluno": "BEATRIZ MARISA SOARES MONTEIRO"
                },
                {
                    "codigo_aluno": "152(...)02",
                    "nome_aluno": "BEATRIZ RATO REBIMBA"
                },
                {
                    "codigo_aluno": "309(...)86",
                    "nome_aluno": "CAROLINA MARIA LABELA GONÇALVES LUCAS"
                },
                {
                    "codigo_aluno": "151(...)72",
                    "nome_aluno": "DIANA FILIPA SOARES DA SILVA"
                },
                {
                    "codigo_aluno": "310(...)18",
                    "nome_aluno": "DÓRIS JORGE ALEXANDRE"
                },
                {
                    "codigo_aluno": "157(...)62",
                    "nome_aluno": "EVA MARREIROS AFONSO"
                },
                {
                    "codigo_aluno": "159(...)15",
                    "nome_aluno": "GUILHERME ROSA FERREIRA"
                },
                {
                    "codigo_aluno": "305(...)43",
                    "nome_aluno": "GUIOMAR REGALO MÕES"
                },
                {
                    "codigo_aluno": "304(...)65",
                    "nome_aluno": "JOANA BARBOSA DIAS"
                },
                {
                    "codigo_aluno": "303(...)99",
                    "nome_aluno": "JOAQUIM MATEUS DO ROSÁRIO COELHO LÚCIO"
                },
                {
                    "codigo_aluno": "307(...)85",
                    "nome_aluno": "LARA RODRIGUES FARIAS"
                },
                {
                    "codigo_aluno": "159(...)87",
                    "nome_aluno": "MARIA DE OLIVEIRA BARRADAS"
                },
                {
                    "codigo_aluno": "155(...)02",
                    "nome_aluno": "MARIA LEONOR FREITAS SILVA"
                },
                {
                    "codigo_aluno": "158(...)16",
                    "nome_aluno": "MARIA LEONOR SIMÕES MARTINHO"
                },
                {
                    "codigo_aluno": "300(...)79",
                    "nome_aluno": "MARIANA DOS REIS BARROS"
                },
                {
                    "codigo_aluno": "152(...)16",
                    "nome_aluno": "MATILDE CAETANA MATOS GRAZINA"
                },
                {
                    "codigo_aluno": "300(...)35",
                    "nome_aluno": "MATILDE DE MOREIRA MESQUITA COSTA ALEMÃO"
                },
                {
                    "codigo_aluno": "310(...)28",
                    "nome_aluno": "MATILDE VIEIRA MATOS"
                },
                {
                    "codigo_aluno": "309(...)92",
                    "nome_aluno": "RITA SEQUEIRA RODRIGUES"
                },
                {
                    "codigo_aluno": "152(...)41",
                    "nome_aluno": "RODRIGO FELÍCIO SOARES DA SILVA"
                },
                {
                    "codigo_aluno": "306(...)61",
                    "nome_aluno": "SOFIA MARTINS SAÚDE"
                },
                {
                    "codigo_aluno": "309(...)83",
                    "nome_aluno": "VASCO NÓBREGA CALDEIRA DE MATOS SABOGA"
                }
            ]
        },
        {
            "codigo_curso": "9494",
            "nome_curso": "9494 - Ciências Farmacêuticas",
            "colocados": [
                {
                    "codigo_aluno": "306(...)19",
                    "nome_aluno": "ADRIANA NEVES MACHADO"
                },
                {
                    "codigo_aluno": "157(...)86",
                    "nome_aluno": "AFONSO LUÍS SARABANDO RAMIRO"
                },
                {
                    "codigo_aluno": "156(...)20",
                    "nome_aluno": "ANA ANDRE FERNANDES RIBEIRO DA SILVA"
                },
                {
                    "codigo_aluno": "300(...)17",
                    "nome_aluno": "ANA FILIPA DE OLIVEIRA ALVES"
                },
                {
                    "codigo_aluno": "309(...)04",
                    "nome_aluno": "ANA GASPAR AMORIM MATOS E SA"
                },
                {
                    "codigo_aluno": "305(...)40",
                    "nome_aluno": "ANA LUÍSA DA SILVA PEREIRA"
                },
                {
                    "codigo_aluno": "313(...)01",
                    "nome_aluno": "ANA LUÍSA SILVA LOPES"
                },
                {
                    "codigo_aluno": "302(...)36",
                    "nome_aluno": "ANA MARIA FAGUNDO ÂNGELO"
                },
                {
                    "codigo_aluno": "309(...)30",
                    "nome_aluno": "ANA RITA ALMEIDA BAPTISTA"
                },
                {
                    "codigo_aluno": "302(...)70",
                    "nome_aluno": "ANA RITA DE ALMEIDA LEITE"
                },
                {
                    "codigo_aluno": "159(...)84",
                    "nome_aluno": "ANA RITA VELHO DA ROCHA"
                },
                {
                    "codigo_aluno": "305(...)58",
                    "nome_aluno": "ANA SOFIA SACRAS VIEIRA"
                },
                {
                    "codigo_aluno": "306(...)60",
                    "nome_aluno": "ANA TERESA PARENTE SALGADO"
                },
                {
                    "codigo_aluno": "301(...)95",
                    "nome_aluno": "ANDRÉ ALVES NEVES"
                },
                {
                    "codigo_aluno": "300(...)09",
                    "nome_aluno": "ANDRÉ GARRIDO MARTINS"
                },
                {
                    "codigo_aluno": "154(...)96",
                    "nome_aluno": "ANDRÉ MIGUEL SILVA MATEUS GONÇALVES"
                },
                {
                    "codigo_aluno": "240(...)50",
                    "nome_aluno": "ANDRE MORETTI FERREIRA DE TOLEDO"
                },
                {
                    "codigo_aluno": "306(...)04",
                    "nome_aluno": "ANDREIA FILIPA TEIXEIRA DA SILVA"
                },
                {
                    "codigo_aluno": "300(...)06",
                    "nome_aluno": "ÂNIA FILIPA COSTA DE SOUSA"
                },
                {
                    "codigo_aluno": "309(...)68",
                    "nome_aluno": "BEATRIZ ABRANTES SILVA"
                },
                {
                    "codigo_aluno": "306(...)49",
                    "nome_aluno": "BEATRIZ ALEXANDRINO CARREIRÓ"
                },
                {
                    "codigo_aluno": "309(...)17",
                    "nome_aluno": "BEATRIZ ANDRADE LIMA"
                },
                {
                    "codigo_aluno": "305(...)64",
                    "nome_aluno": "BEATRIZ CARVALHO SOARES"
                },
                {
                    "codigo_aluno": "310(...)70",
                    "nome_aluno": "BEATRIZ DE MATOS SOUSA"
                },
                {
                    "codigo_aluno": "156(...)15",
                    "nome_aluno": "BEATRIZ GOMES E SILVA"
                },
                {
                    "codigo_aluno": "158(...)48",
                    "nome_aluno": "BEATRIZ GONÇALVES PESTANA"
                },
                {
                    "codigo_aluno": "308(...)79",
                    "nome_aluno": "BEATRIZ MARQUES FERNANDES"
                },
                {
                    "codigo_aluno": "317(...)36",
                    "nome_aluno": "BEATRIZ MARQUES OLIVEIRA"
                },
                {
                    "codigo_aluno": "311(...)23",
                    "nome_aluno": "BEATRIZ PEREIRA RODRIGUES"
                },
                {
                    "codigo_aluno": "316(...)72",
                    "nome_aluno": "BEATRIZ RAQUEL CARVALHO SERRA"
                },
                {
                    "codigo_aluno": "306(...)27",
                    "nome_aluno": "BEATRIZ ROSA FERNANDES"
                },
                {
                    "codigo_aluno": "158(...)48",
                    "nome_aluno": "BERNARDO ALVES MENDONÇA"
                },
                {
                    "codigo_aluno": "152(...)18",
                    "nome_aluno": "BRUNA ALEXANDRA NOBRE OLIVEIRA"
                },
                {
                    "codigo_aluno": "155(...)72",
                    "nome_aluno": "BRUNA ALEXANDRA SANTOS FERNANDES"
                },
                {
                    "codigo_aluno": "308(...)71",
                    "nome_aluno": "BRUNA DANIELA OLIVEIRA CRUZ"
                },
                {
                    "codigo_aluno": "159(...)05",
                    "nome_aluno": "BRUNA FERNANDES CASTELA SIMÕES"
                },
                {
                    "codigo_aluno": "309(...)18",
                    "nome_aluno": "CAROLINA AFONSO DOS SANTOS MILHARIÇA"
                },
                {
                    "codigo_aluno": "159(...)58",
                    "nome_aluno": "CAROLINA CORREIA DAS NEVES"
                },
                {
                    "codigo_aluno": "153(...)93",
                    "nome_aluno": "CAROLINA JORGE DAMIÃO PEREIRA FIRMO MINEIRO"
                },
                {
                    "codigo_aluno": "158(...)64",
                    "nome_aluno": "CAROLINA MAGALHÃES SIMÕES"
                },
                {
                    "codigo_aluno": "153(...)91",
                    "nome_aluno": "CAROLINA MARQUES TOMÉ"
                },
                {
                    "codigo_aluno": "157(...)74",
                    "nome_aluno": "CAROLINA MARTINS BENTO"
                },
                {
                    "codigo_aluno": "309(...)85",
                    "nome_aluno": "CAROLINA PINHEIRO RIBEIRO"
                },
                {
                    "codigo_aluno": "305(...)08",
                    "nome_aluno": "CATARINA COSTA CORTES MARTINS"
                },
                {
                    "codigo_aluno": "309(...)28",
                    "nome_aluno": "CATARINA VASSALO FERREIRA"
                },
                {
                    "codigo_aluno": "307(...)68",
                    "nome_aluno": "CÍNTIA FILIPA DOMINGUES LOUREIRO"
                },
                {
                    "codigo_aluno": "154(...)26",
                    "nome_aluno": "CLAUDIA VICTORIA MORATO SALPICO SILVA"
                },
                {
                    "codigo_aluno": "306(...)71",
                    "nome_aluno": "CONSTANÇA CAPILÉ DE ARAÚJO"
                },
                {
                    "codigo_aluno": "154(...)96",
                    "nome_aluno": "CONSTANÇA VALE DE TÁVORA"
                },
                {
                    "codigo_aluno": "153(...)70",
                    "nome_aluno": "CRISTIANA MACHADO TAVARES DA TERRA MELO"
                },
                {
                    "codigo_aluno": "306(...)94",
                    "nome_aluno": "CRISTIANA PATRÍCIA CARVALHO DA SILVA"
                },
                {
                    "codigo_aluno": "152(...)28",
                    "nome_aluno": "DANIELA CRUZ CAMPOS"
                },
                {
                    "codigo_aluno": "315(...)07",
                    "nome_aluno": "DANIELA KOLTUN"
                },
                {
                    "codigo_aluno": "317(...)13",
                    "nome_aluno": "DANIELA KOVALOVA"
                },
                {
                    "codigo_aluno": "316(...)82",
                    "nome_aluno": "DANIELA SILVESTRE PEIXE MONTEIRO"
                },
                {
                    "codigo_aluno": "316(...)71",
                    "nome_aluno": "DIANA CATARINA BELINQUETE CARREIRA"
                },
                {
                    "codigo_aluno": "307(...)36",
                    "nome_aluno": "DIANA MAFALDA LISBOA MATIAS"
                },
                {
                    "codigo_aluno": "309(...)84",
                    "nome_aluno": "DIANA SOFIA CAETANO"
                },
                {
                    "codigo_aluno": "309(...)80",
                    "nome_aluno": "DIOGO ANDRÉ DOS SANTOS NETO"
                },
                {
                    "codigo_aluno": "310(...)19",
                    "nome_aluno": "DIOGO JOSÉ GOMES DIAS"
                },
                {
                    "codigo_aluno": "157(...)16",
                    "nome_aluno": "DIOGO PEDRO MALEIRO"
                },
                {
                    "codigo_aluno": "152(...)91",
                    "nome_aluno": "EVA SANTOS DE ALMEIDA"
                },
                {
                    "codigo_aluno": "308(...)93",
                    "nome_aluno": "EVA SOFIA COELHO LOPES"
                },
                {
                    "codigo_aluno": "306(...)57",
                    "nome_aluno": "FRANCISCA DA SILVA MARQUES"
                },
                {
                    "codigo_aluno": "309(...)84",
                    "nome_aluno": "FRANCISCA DE SOUSA MARQUES"
                },
                {
                    "codigo_aluno": "154(...)06",
                    "nome_aluno": "FRANCISCA LOPES DOS SANTOS"
                },
                {
                    "codigo_aluno": "309(...)44",
                    "nome_aluno": "FRANCISCA MELO OLIVEIRA"
                },
                {
                    "codigo_aluno": "317(...)12",
                    "nome_aluno": "FRANCISCA PINA MARTINS LOBO VARELA"
                },
                {
                    "codigo_aluno": "307(...)11",
                    "nome_aluno": "FRANCISCO ALEXANDRE ANTÓNIO SILVA MARTINS"
                },
                {
                    "codigo_aluno": "306(...)87",
                    "nome_aluno": "FRANCISCO CARVALHO HENRIQUES"
                },
                {
                    "codigo_aluno": "306(...)35",
                    "nome_aluno": "GABRIEL TIAGO GUINÉ DA PAZ"
                },
                {
                    "codigo_aluno": "308(...)26",
                    "nome_aluno": "GABRIELA NUNES PITTÉ MONTEIRO"
                },
                {
                    "codigo_aluno": "309(...)39",
                    "nome_aluno": "GONÇALO MACHADO RODRIGUES"
                },
                {
                    "codigo_aluno": "152(...)49",
                    "nome_aluno": "GONÇALO TRANCHETE MOREIRA"
                },
                {
                    "codigo_aluno": "309(...)72",
                    "nome_aluno": "IARA MIGUELO FÉLIX"
                },
                {
                    "codigo_aluno": "157(...)11",
                    "nome_aluno": "INÊS DA SILVA LANÇÃO"
                },
                {
                    "codigo_aluno": "304(...)70",
                    "nome_aluno": "INÊS PRATES AURELIANO"
                },
                {
                    "codigo_aluno": "313(...)13",
                    "nome_aluno": "INÊS RODRIGUES DE ALMEIDA"
                },
                {
                    "codigo_aluno": "303(...)43",
                    "nome_aluno": "INÊS SANTOS PEDROSA"
                },
                {
                    "codigo_aluno": "155(...)35",
                    "nome_aluno": "INES SEQUEIRA FLOR"
                },
                {
                    "codigo_aluno": "309(...)09",
                    "nome_aluno": "INÊS TAVARES DA FONSECA"
                },
                {
                    "codigo_aluno": "309(...)32",
                    "nome_aluno": "ÍRIS CANDEIAS CALÉ MARTA"
                },
                {
                    "codigo_aluno": "309(...)25",
                    "nome_aluno": "IVO DA SILVA DOMINGUES DE MOURA"
                },
                {
                    "codigo_aluno": "302(...)49",
                    "nome_aluno": "JOANA AMÂNCIO DA SILVA"
                },
                {
                    "codigo_aluno": "311(...)24",
                    "nome_aluno": "JOANA FILIPA ALVES SILVA"
                },
                {
                    "codigo_aluno": "159(...)57",
                    "nome_aluno": "JOANA FILIPA CAMAZ MATEUS"
                },
                {
                    "codigo_aluno": "150(...)02",
                    "nome_aluno": "JOANA MARGARIDA SOUSA CALDEIRA"
                },
                {
                    "codigo_aluno": "159(...)29",
                    "nome_aluno": "JOANA PATRÍCIA MALHÓ ANTUNES"
                },
                {
                    "codigo_aluno": "300(...)43",
                    "nome_aluno": "JOANA PORTELA DE SOUSA RIBEIRO"
                },
                {
                    "codigo_aluno": "152(...)11",
                    "nome_aluno": "JOANA ROMÃO PECHINCHA NORO"
                },
                {
                    "codigo_aluno": "153(...)88",
                    "nome_aluno": "JOANA SILVA DIAS"
                },
                {
                    "codigo_aluno": "310(...)18",
                    "nome_aluno": "JOANA SOFIA ROSADO CUPIDO DOS SANTOS"
                },
                {
                    "codigo_aluno": "308(...)06",
                    "nome_aluno": "JOÃO GONÇALO AVELEIRA GONÇALVES"
                },
                {
                    "codigo_aluno": "158(...)01",
                    "nome_aluno": "JOÃO MIGUEL DOS REIS ÂNGELO SIMÕES"
                },
                {
                    "codigo_aluno": "310(...)87",
                    "nome_aluno": "JOÃO PEDRO GONÇALVES POMBO SOARES"
                },
                {
                    "codigo_aluno": "303(...)21",
                    "nome_aluno": "JOÃO PEDRO RODRIGUES DIAS"
                },
                {
                    "codigo_aluno": "307(...)02",
                    "nome_aluno": "JOAO TOMÁS AIRES MONTEIRO"
                },
                {
                    "codigo_aluno": "310(...)37",
                    "nome_aluno": "JOÃO VASCO COSTA SERRA"
                },
                {
                    "codigo_aluno": "309(...)43",
                    "nome_aluno": "JOSÉ CARLOS FERREIRA ALMEIDA"
                },
                {
                    "codigo_aluno": "305(...)28",
                    "nome_aluno": "JÚLIA RAFAELA DA SILVA PEDROSA CEREJO"
                },
                {
                    "codigo_aluno": "156(...)48",
                    "nome_aluno": "JULIANA GONÇALVES RODRIGUES"
                },
                {
                    "codigo_aluno": "302(...)80",
                    "nome_aluno": "JULIANA LEAL SILVA"
                },
                {
                    "codigo_aluno": "302(...)24",
                    "nome_aluno": "LARA ALEXANDRA CORDEIRO BANDEIRAS"
                },
                {
                    "codigo_aluno": "309(...)50",
                    "nome_aluno": "LARA CARVALHO SANTOS"
                },
                {
                    "codigo_aluno": "300(...)14",
                    "nome_aluno": "LARA COELHO MARIANO"
                },
                {
                    "codigo_aluno": "304(...)42",
                    "nome_aluno": "LARA DANIELA SILVA CARVALHO"
                },
                {
                    "codigo_aluno": "159(...)57",
                    "nome_aluno": "LARA FABIANA FERREIRA DE JESUS"
                },
                {
                    "codigo_aluno": "152(...)96",
                    "nome_aluno": "LARA GODINHO LEAL"
                },
                {
                    "codigo_aluno": "301(...)77",
                    "nome_aluno": "LARA GOMES SABENÇA"
                },
                {
                    "codigo_aluno": "314(...)05",
                    "nome_aluno": "LAURA CALHÔA SOARES DE MIRANDA FERREIRA"
                },
                {
                    "codigo_aluno": "300(...)05",
                    "nome_aluno": "LAURA CRISTINA TELES SILVA"
                },
                {
                    "codigo_aluno": "307(...)83",
                    "nome_aluno": "LAURA GASPAR DIAS"
                },
                {
                    "codigo_aluno": "313(...)91",
                    "nome_aluno": "LEONOR BONDOSO SALGUEIRO"
                },
                {
                    "codigo_aluno": "153(...)22",
                    "nome_aluno": "LEONOR COSTA NEVES"
                },
                {
                    "codigo_aluno": "158(...)47",
                    "nome_aluno": "LEONOR CRISÓSTOMO COSTA"
                },
                {
                    "codigo_aluno": "307(...)30",
                    "nome_aluno": "LEONOR JOÃO SALDANHA LOUREIRO"
                },
                {
                    "codigo_aluno": "312(...)43",
                    "nome_aluno": "LEONOR MOTA DIAS FERREIRA"
                },
                {
                    "codigo_aluno": "300(...)92",
                    "nome_aluno": "LETÍCIA JESUS PEREIRA"
                },
                {
                    "codigo_aluno": "306(...)45",
                    "nome_aluno": "LETÍCIA MENDES GOMES"
                },
                {
                    "codigo_aluno": "155(...)67",
                    "nome_aluno": "LETÍCIA MOREIRA DA CUNHA"
                },
                {
                    "codigo_aluno": "309(...)77",
                    "nome_aluno": "LILIANA SEQUEIRA ALMEIDA"
                },
                {
                    "codigo_aluno": "152(...)71",
                    "nome_aluno": "LUANA PINA PAIS DE FIGUEIREDO"
                },
                {
                    "codigo_aluno": "311(...)44",
                    "nome_aluno": "LUNA MARIA FORTES MOREIRA"
                },
                {
                    "codigo_aluno": "304(...)62",
                    "nome_aluno": "MADALENA GOMES MARQUES"
                },
                {
                    "codigo_aluno": "300(...)75",
                    "nome_aluno": "MAFALDA DUARTE ALMEIDA"
                },
                {
                    "codigo_aluno": "304(...)50",
                    "nome_aluno": "MARGARIDA DE ALMEIDA RODRIGUES"
                },
                {
                    "codigo_aluno": "157(...)22",
                    "nome_aluno": "MARGARIDA FERREIRA MAIA"
                },
                {
                    "codigo_aluno": "310(...)89",
                    "nome_aluno": "MARGARIDA GOMES MESQUITA"
                },
                {
                    "codigo_aluno": "154(...)85",
                    "nome_aluno": "MARGARIDA ISABEL FLORÊNCIO SALGUEIRA"
                },
                {
                    "codigo_aluno": "308(...)45",
                    "nome_aluno": "MARGARIDA ROSMANINHO COELHO"
                },
                {
                    "codigo_aluno": "301(...)92",
                    "nome_aluno": "MARGARIDA VIEIRA OLIVEIRA RAINHA RAPOSO"
                },
                {
                    "codigo_aluno": "300(...)62",
                    "nome_aluno": "MARGARIDA VIVEIROS CARVALHO"
                },
                {
                    "codigo_aluno": "310(...)72",
                    "nome_aluno": "MARIA ALVES FERNANDES"
                },
                {
                    "codigo_aluno": "303(...)32",
                    "nome_aluno": "MARIA ANA MONTEIRO MATIAS"
                },
                {
                    "codigo_aluno": "240(...)32",
                    "nome_aluno": "MARIA ANTÔNIA CASTELLÓN DA CRUZ"
                },
                {
                    "codigo_aluno": "302(...)98",
                    "nome_aluno": "MARIA CRUZ MAIA"
                },
                {
                    "codigo_aluno": "309(...)76",
                    "nome_aluno": "MARIA CURVELO BAETA LEITÃO CARDOSO"
                },
                {
                    "codigo_aluno": "300(...)05",
                    "nome_aluno": "MARIA DAVID MACEIRAS COELHO"
                },
                {
                    "codigo_aluno": "305(...)59",
                    "nome_aluno": "MARIA DE ANDRÉ RODRIGUES"
                },
                {
                    "codigo_aluno": "300(...)46",
                    "nome_aluno": "MARIA DEL MAR COSTA GUIOTE"
                },
                {
                    "codigo_aluno": "157(...)79",
                    "nome_aluno": "MARIA DO ROSÁRIO GASPAR RODRIGUES"
                },
                {
                    "codigo_aluno": "158(...)66",
                    "nome_aluno": "MARIA HELENA FIRMO CORTESÃO LOPES DA CUNHA"
                },
                {
                    "codigo_aluno": "309(...)86",
                    "nome_aluno": "MARIA INÊS ARCANJO ESTEVES"
                },
                {
                    "codigo_aluno": "157(...)56",
                    "nome_aluno": "MARIA INÊS MOTA BORGES"
                },
                {
                    "codigo_aluno": "304(...)14",
                    "nome_aluno": "MARIA INÊS NUNES DA SILVA TOMÉ"
                },
                {
                    "codigo_aluno": "151(...)03",
                    "nome_aluno": "MARIA INÊS PIRES LAVAREDAS LEITÃO DE SOUSA"
                },
                {
                    "codigo_aluno": "301(...)16",
                    "nome_aluno": "MARIA INÊS RIBEIRO MENDES"
                },
                {
                    "codigo_aluno": "154(...)02",
                    "nome_aluno": "MARIA JOANA ABREU DA SILVA"
                },
                {
                    "codigo_aluno": "309(...)54",
                    "nome_aluno": "MARIA JOÃO RODRIGUES DUARTE"
                },
                {
                    "codigo_aluno": "300(...)45",
                    "nome_aluno": "MARIA LEONOR MORAIS PAIS"
                },
                {
                    "codigo_aluno": "303(...)48",
                    "nome_aluno": "MARIA LEONOR TOMÉ GIL DOS REIS"
                },
                {
                    "codigo_aluno": "300(...)34",
                    "nome_aluno": "MARIA PEDRO NEVES SANTOS"
                },
                {
                    "codigo_aluno": "309(...)52",
                    "nome_aluno": "MARIA RITA VICENTE PAULINO"
                },
                {
                    "codigo_aluno": "312(...)50",
                    "nome_aluno": "MARIA TERESA SANTOS"
                },
                {
                    "codigo_aluno": "301(...)09",
                    "nome_aluno": "MARIANA AMADO MARGARIDO"
                },
                {
                    "codigo_aluno": "309(...)82",
                    "nome_aluno": "MARIANA DA SILVA ANTUNES"
                },
                {
                    "codigo_aluno": "305(...)70",
                    "nome_aluno": "MARIANA FERRÃO NUNES"
                },
                {
                    "codigo_aluno": "158(...)81",
                    "nome_aluno": "MARIANA GONÇALVES DE SOUSA"
                },
                {
                    "codigo_aluno": "309(...)53",
                    "nome_aluno": "MARIANA HENRIQUES MOREIRA"
                },
                {
                    "codigo_aluno": "154(...)88",
                    "nome_aluno": "MARIANA MARQUES DE AZEVEDO"
                },
                {
                    "codigo_aluno": "153(...)27",
                    "nome_aluno": "MARIANA MELIM DE SOUSA"
                },
                {
                    "codigo_aluno": "304(...)09",
                    "nome_aluno": "MARIANA MIRANDA CASTANHEIRA"
                },
                {
                    "codigo_aluno": "309(...)59",
                    "nome_aluno": "MARIANA NUNES CARPINTEIRO"
                },
                {
                    "codigo_aluno": "310(...)31",
                    "nome_aluno": "MARTA ALVES BARRETO"
                },
                {
                    "codigo_aluno": "152(...)99",
                    "nome_aluno": "MARTA DUARTE TACANHO"
                },
                {
                    "codigo_aluno": "314(...)21",
                    "nome_aluno": "MARTA JOSÉ RODRIGUES LOURENÇO"
                },
                {
                    "codigo_aluno": "154(...)85",
                    "nome_aluno": "MARTA MARTINS CANADA"
                },
                {
                    "codigo_aluno": "314(...)14",
                    "nome_aluno": "MARTIM MENDES ROCHA"
                },
                {
                    "codigo_aluno": "155(...)25",
                    "nome_aluno": "MARTIM RAIMUNDO CALÊTA"
                },
                {
                    "codigo_aluno": "314(...)04",
                    "nome_aluno": "MATILDE ABREU NEVES"
                },
                {
                    "codigo_aluno": "304(...)39",
                    "nome_aluno": "MATILDE ALFAIA SERAFIM"
                },
                {
                    "codigo_aluno": "157(...)95",
                    "nome_aluno": "MATILDE FERREIRA DE ALMEIDA TEMIDO MENDES"
                },
                {
                    "codigo_aluno": "309(...)14",
                    "nome_aluno": "MATILDE FRESCO ANGELO"
                },
                {
                    "codigo_aluno": "306(...)22",
                    "nome_aluno": "MATILDE ISABEL FERREIRA PEREIRA"
                },
                {
                    "codigo_aluno": "303(...)05",
                    "nome_aluno": "MATILDE RAMOS PIRES"
                },
                {
                    "codigo_aluno": "306(...)83",
                    "nome_aluno": "MATILDE ROSA DO CARMO CAMPOS"
                },
                {
                    "codigo_aluno": "154(...)24",
                    "nome_aluno": "MATILDE SOARES LOURENÇO BORGES"
                },
                {
                    "codigo_aluno": "303(...)44",
                    "nome_aluno": "MELISSA SILVESTRE MIGUEL"
                },
                {
                    "codigo_aluno": "154(...)33",
                    "nome_aluno": "MIGUEL BONDARCIUC"
                },
                {
                    "codigo_aluno": "158(...)50",
                    "nome_aluno": "MIGUEL DIOGO MARTINS DOS SANTOS"
                },
                {
                    "codigo_aluno": "307(...)72",
                    "nome_aluno": "MIGUEL GUERREIRO COSTA"
                },
                {
                    "codigo_aluno": "315(...)93",
                    "nome_aluno": "MIGUEL SALABARDA ALDRABINHA"
                },
                {
                    "codigo_aluno": "152(...)79",
                    "nome_aluno": "MIRIAM DA SILVA CRUZ"
                },
                {
                    "codigo_aluno": "307(...)14",
                    "nome_aluno": "NAIR BENEDITA DE SÁ CASIMIRO LOPES FIGUEIREDO"
                },
                {
                    "codigo_aluno": "240(...)06",
                    "nome_aluno": "NATAN DE BARROS NUNES"
                },
                {
                    "codigo_aluno": "153(...)45",
                    "nome_aluno": "NUNO MIGUEL FORTE DIOGO FACHADA PEREIRA"
                },
                {
                    "codigo_aluno": "305(...)02",
                    "nome_aluno": "OUREANA FERNANDES ANTUNES DO ESPÍRITO SANTO"
                },
                {
                    "codigo_aluno": "309(...)02",
                    "nome_aluno": "PATRÍCIA ALVES PEREIRA"
                },
                {
                    "codigo_aluno": "305(...)76",
                    "nome_aluno": "PEDRO AFONSO SOARES DE ALMEIDA SIMÕES"
                },
                {
                    "codigo_aluno": "156(...)71",
                    "nome_aluno": "PEDRO BRANDÃO CARVALHO RAMOS CARROLA"
                },
                {
                    "codigo_aluno": "153(...)92",
                    "nome_aluno": "RAFAELA DOS SANTOS PALHAIS"
                },
                {
                    "codigo_aluno": "153(...)64",
                    "nome_aluno": "RAQUEL CRISTINA MARTINS LEAL"
                },
                {
                    "codigo_aluno": "300(...)29",
                    "nome_aluno": "RITA BRIGOLAS SOUSA CARVALHO"
                },
                {
                    "codigo_aluno": "152(...)53",
                    "nome_aluno": "SARA BOTELHO SIMÃO"
                },
                {
                    "codigo_aluno": "303(...)79",
                    "nome_aluno": "SARA DE CASTRO MADUREIRA E BORGES DE CARVALHO"
                },
                {
                    "codigo_aluno": "310(...)28",
                    "nome_aluno": "SARA ISABEL LEAL DA SILVA"
                },
                {
                    "codigo_aluno": "158(...)91",
                    "nome_aluno": "SARA MARIA CÂNDIDO LAMEIRO"
                },
                {
                    "codigo_aluno": "309(...)47",
                    "nome_aluno": "SARA MARIANA DIAS DE OLIVEIRA"
                },
                {
                    "codigo_aluno": "309(...)82",
                    "nome_aluno": "SARA SOFIA NETO FERREIRA"
                },
                {
                    "codigo_aluno": "309(...)26",
                    "nome_aluno": "SARA VIEIRA NUNES FONTE MOREIRA"
                },
                {
                    "codigo_aluno": "155(...)89",
                    "nome_aluno": "SEBASTIÃO DE ROCHA PRATA"
                },
                {
                    "codigo_aluno": "306(...)23",
                    "nome_aluno": "SIMÃO REIS RIBEIRO"
                },
                {
                    "codigo_aluno": "303(...)28",
                    "nome_aluno": "SOFIA GARCIA DE JESUS"
                },
                {
                    "codigo_aluno": "308(...)38",
                    "nome_aluno": "SOFIA MARGARIDA DIAS HALL"
                },
                {
                    "codigo_aluno": "152(...)53",
                    "nome_aluno": "SUSANA AYMARA MIRANDA CONTRERAS"
                },
                {
                    "codigo_aluno": "309(...)34",
                    "nome_aluno": "TALLY FERNANDA CATARINO"
                },
                {
                    "codigo_aluno": "313(...)81",
                    "nome_aluno": "TIAGO MIGUEL LOPES FERNANDES"
                },
                {
                    "codigo_aluno": "152(...)90",
                    "nome_aluno": "TIAGO MIGUEL SILVA ALVES"
                },
                {
                    "codigo_aluno": "156(...)87",
                    "nome_aluno": "TIAGO PEREIRA TEIGA PEIXE"
                },
                {
                    "codigo_aluno": "302(...)43",
                    "nome_aluno": "TIAGO SILVA DE CARVALHO"
                },
                {
                    "codigo_aluno": "309(...)58",
                    "nome_aluno": "VASCO PRATA ROSINHA"
                },
                {
                    "codigo_aluno": "153(...)20",
                    "nome_aluno": "VERA ALEXANDRA FERREIRA MARTINS"
                }
            ]
        },
        {
            "codigo_curso": "9832",
            "nome_curso": "9832 - Farmácia Biomédica",
            "colocados": [
                {
                    "codigo_aluno": "152(...)34",
                    "nome_aluno": "ANA CATARINA PEREIRA PINHO"
                },
                {
                    "codigo_aluno": "306(...)11",
                    "nome_aluno": "BEATRIZ DA SILVA CRUZ"
                },
                {
                    "codigo_aluno": "300(...)35",
                    "nome_aluno": "BENEDITA VICTORIA E CAMARA"
                },
                {
                    "codigo_aluno": "180(...)18",
                    "nome_aluno": "CAMILLY EDUARDA LUQUE DA SILVA"
                },
                {
                    "codigo_aluno": "302(...)03",
                    "nome_aluno": "CARLOTA MARIA FILIPE DE MATOS RIBEIRO DA CUNHA"
                },
                {
                    "codigo_aluno": "158(...)94",
                    "nome_aluno": "CATARINA CARRASCO REIS"
                },
                {
                    "codigo_aluno": "301(...)59",
                    "nome_aluno": "CATARINA MADEIRA D'ASCENSÃO LAGE CORREIA"
                },
                {
                    "codigo_aluno": "309(...)80",
                    "nome_aluno": "CATARINA MARQUES CORREIA"
                },
                {
                    "codigo_aluno": "308(...)05",
                    "nome_aluno": "DAVID ANTUNES FREITAS"
                },
                {
                    "codigo_aluno": "303(...)69",
                    "nome_aluno": "DINIS ROSEIRO DE ALMEIDA"
                },
                {
                    "codigo_aluno": "309(...)27",
                    "nome_aluno": "FELICIANA RODRIGUES MARTO"
                },
                {
                    "codigo_aluno": "308(...)42",
                    "nome_aluno": "FRANCISCA MARIA TORRÃO SIMÕES GONÇALVES"
                },
                {
                    "codigo_aluno": "304(...)61",
                    "nome_aluno": "INÊS DOMINGUES DOS SANTOS"
                },
                {
                    "codigo_aluno": "317(...)45",
                    "nome_aluno": "LAURA ELIAS PAULO"
                },
                {
                    "codigo_aluno": "304(...)85",
                    "nome_aluno": "LAURA MARQUES DOMINGUES"
                },
                {
                    "codigo_aluno": "300(...)22",
                    "nome_aluno": "MARGARIDA ANDRÉ SEQUEIRA MESTRE"
                },
                {
                    "codigo_aluno": "307(...)58",
                    "nome_aluno": "MARGARIDA PEREIRA DA SILVA"
                },
                {
                    "codigo_aluno": "309(...)08",
                    "nome_aluno": "MARIA DE ALMEIDA MOTA VIEIRA"
                },
                {
                    "codigo_aluno": "306(...)32",
                    "nome_aluno": "MARIA EDUARDA GABRIEL FERNANDES SILVA SOARES"
                },
                {
                    "codigo_aluno": "240(...)47",
                    "nome_aluno": "MARIA RAFAELA DO ESPÍRITO SANTO FONTOURA NOGUEIRA"
                },
                {
                    "codigo_aluno": "154(...)11",
                    "nome_aluno": "MARIA TELO BARRADAS VILHENA RODRIGUES"
                },
                {
                    "codigo_aluno": "152(...)66",
                    "nome_aluno": "MARIA VITÓRIA RÊGO DE LEMOS TELES GRILO"
                },
                {
                    "codigo_aluno": "155(...)58",
                    "nome_aluno": "MARIANA FERNANDES SILVA"
                },
                {
                    "codigo_aluno": "309(...)38",
                    "nome_aluno": "MARLENE LOURENÇO SILVA"
                },
                {
                    "codigo_aluno": "326(...)73",
                    "nome_aluno": "MATHEUS GARCIA COSTA"
                },
                {
                    "codigo_aluno": "149(...)20",
                    "nome_aluno": "NIKOLE NASSAR MARTINS"
                },
                {
                    "codigo_aluno": "305(...)61",
                    "nome_aluno": "RAFAELA DE JESUS AMORIM PINHAL"
                },
                {
                    "codigo_aluno": "308(...)19",
                    "nome_aluno": "RAFAELA DIAS PIMENTA"
                },
                {
                    "codigo_aluno": "309(...)97",
                    "nome_aluno": "RAFAELA FERREIRA MIGUEL"
                },
                {
                    "codigo_aluno": "154(...)49",
                    "nome_aluno": "SOFIA PENETRA DIAS DOS SANTOS"
                }
            ]
        }
    ]
}