{
    "codigo_universidade": "1110",
    "nome_universidade": "1110 - Universidade do Porto - Instituto de Ciências Biomédicas Abel Salazar",
    "cursos": [
        {
            "codigo_curso": "9708",
            "nome_curso": "9708 - Ciências do Meio Aquático",
            "colocados": [
                {
                    "codigo_aluno": "315(...)82",
                    "nome_aluno": "AFONSO LEITE RIBEIRO BOTAS PATEIRO"
                },
                {
                    "codigo_aluno": "153(...)26",
                    "nome_aluno": "AFONSO LIMA PEREIRA"
                },
                {
                    "codigo_aluno": "305(...)50",
                    "nome_aluno": "ANA BEATRIZ FIGUEIREDO CORREIA"
                },
                {
                    "codigo_aluno": "300(...)35",
                    "nome_aluno": "ANA LUISA ANDRADE CORREIA"
                },
                {
                    "codigo_aluno": "307(...)12",
                    "nome_aluno": "BEATRIZ RIBEIRO BROCHADO"
                },
                {
                    "codigo_aluno": "152(...)30",
                    "nome_aluno": "CAROLINA MARIA DA SILVA DESIDÉRIO"
                },
                {
                    "codigo_aluno": "155(...)63",
                    "nome_aluno": "CÁTIA SOFIA BAPTISTA PINTO"
                },
                {
                    "codigo_aluno": "156(...)44",
                    "nome_aluno": "CONSTANÇA BUGALLO DE MATOS VIEGAS"
                },
                {
                    "codigo_aluno": "307(...)50",
                    "nome_aluno": "ESTER DE ANDRADE E SILVA DE SOUSA BARROS"
                },
                {
                    "codigo_aluno": "152(...)21",
                    "nome_aluno": "FRANCISCA BARJA DE BRITO"
                },
                {
                    "codigo_aluno": "159(...)02",
                    "nome_aluno": "GABRIEL MOREIRA FERREIRA"
                },
                {
                    "codigo_aluno": "315(...)05",
                    "nome_aluno": "GABRIELA OLIVEIRA DA SILVA"
                },
                {
                    "codigo_aluno": "154(...)72",
                    "nome_aluno": "INEZ BAPTISTA COELHO"
                },
                {
                    "codigo_aluno": "304(...)00",
                    "nome_aluno": "JOÃO PEDRO FERNANDES FERREIRA"
                },
                {
                    "codigo_aluno": "301(...)48",
                    "nome_aluno": "LEONOR GARCIA NEVES"
                },
                {
                    "codigo_aluno": "309(...)24",
                    "nome_aluno": "LEONOR ISABEL LOPES CORREIA"
                },
                {
                    "codigo_aluno": "305(...)70",
                    "nome_aluno": "LEONOR MARINHO QUELHAS PINTO FILHOTE"
                },
                {
                    "codigo_aluno": "156(...)72",
                    "nome_aluno": "LEONOR OLIVEIRA MOURA DA COSTA"
                },
                {
                    "codigo_aluno": "307(...)01",
                    "nome_aluno": "LETÍCIA PAIVA DE OLIVEIRA"
                },
                {
                    "codigo_aluno": "159(...)61",
                    "nome_aluno": "LUCIANA INÊS DA SILVA PEREIRA"
                },
                {
                    "codigo_aluno": "306(...)02",
                    "nome_aluno": "MAFALDA RIBEIRO DE CAMPOS CASTRO"
                },
                {
                    "codigo_aluno": "151(...)00",
                    "nome_aluno": "MAFALDA VALENTE RODRIGUES DE CAMPOS SEBASTIÃO"
                },
                {
                    "codigo_aluno": "307(...)25",
                    "nome_aluno": "MARGARIDA DOS SANTOS RODRIGUES"
                },
                {
                    "codigo_aluno": "300(...)07",
                    "nome_aluno": "MARGARIDA NUNES LIMA RIBEIRO DE ALMEIDA"
                },
                {
                    "codigo_aluno": "151(...)71",
                    "nome_aluno": "MARIANA SERRA CARVALHO"
                },
                {
                    "codigo_aluno": "310(...)45",
                    "nome_aluno": "MARTA SOFIA CASTRO BARBOSA"
                },
                {
                    "codigo_aluno": "157(...)88",
                    "nome_aluno": "MATILDE ALLEN VALENTE CARDOSO DA SILVA"
                },
                {
                    "codigo_aluno": "157(...)88",
                    "nome_aluno": "MATILDE FARIA DE OLIVEIRA"
                },
                {
                    "codigo_aluno": "300(...)82",
                    "nome_aluno": "MATILDE GASPAR ROSA"
                },
                {
                    "codigo_aluno": "151(...)39",
                    "nome_aluno": "RITA DE SOUSA PAUPÉRIO FOLHA"
                },
                {
                    "codigo_aluno": "308(...)87",
                    "nome_aluno": "SAMUEL SAAVEDRA DE PINHO NEGRÃO ANDRADE"
                },
                {
                    "codigo_aluno": "156(...)73",
                    "nome_aluno": "SARA ISABEL SILVA FERREIRA DA COSTA"
                },
                {
                    "codigo_aluno": "300(...)84",
                    "nome_aluno": "TIAGO FANGUEIRO NOVO"
                },
                {
                    "codigo_aluno": "302(...)87",
                    "nome_aluno": "TOMÁS PEREIRA RAMOS"
                },
                {
                    "codigo_aluno": "301(...)38",
                    "nome_aluno": "VASCO DA SILVA BERNARDO"
                }
            ]
        },
        {
            "codigo_curso": "9813",
            "nome_curso": "9813 - Medicina",
            "colocados": [
                {
                    "codigo_aluno": "149(...)80",
                    "nome_aluno": "AFONSO CALDEIRA PIRES SOARES ALVES"
                },
                {
                    "codigo_aluno": "306(...)30",
                    "nome_aluno": "AFONSO DE SOUSA RICARDO"
                },
                {
                    "codigo_aluno": "152(...)93",
                    "nome_aluno": "AFONSO HENRIQUE NUNES LUÍS"
                },
                {
                    "codigo_aluno": "307(...)06",
                    "nome_aluno": "AFONSO MARIA DE SOUSA TELES MACHADO BRAZ"
                },
                {
                    "codigo_aluno": "151(...)87",
                    "nome_aluno": "ANA BEATRIZ DOS SANTOS PIMENTA CASTANHEIRA DO VALE"
                },
                {
                    "codigo_aluno": "304(...)35",
                    "nome_aluno": "ANA BEATRIZ TRONJO RAMOS"
                },
                {
                    "codigo_aluno": "309(...)09",
                    "nome_aluno": "ANA CAROLINA DE SOUSA MOREIRA"
                },
                {
                    "codigo_aluno": "301(...)15",
                    "nome_aluno": "ANA DE ALMEIDA DUARTE SERRA E MOURA"
                },
                {
                    "codigo_aluno": "152(...)04",
                    "nome_aluno": "ANA FRANCISCA BENTO VELEZ"
                },
                {
                    "codigo_aluno": "309(...)36",
                    "nome_aluno": "ANA FRANCISCA PEREIRA BARBOSA"
                },
                {
                    "codigo_aluno": "309(...)81",
                    "nome_aluno": "ANA INÊS MARQUES SERRÃO"
                },
                {
                    "codigo_aluno": "306(...)93",
                    "nome_aluno": "ANA LUÍSA DE CARVALHO CRUZ"
                },
                {
                    "codigo_aluno": "242(...)01",
                    "nome_aluno": "ANA LUIZA KAARNA PINHEIRO"
                },
                {
                    "codigo_aluno": "152(...)72",
                    "nome_aluno": "ANA MARGARIDA FERNANDES LIMA"
                },
                {
                    "codigo_aluno": "156(...)50",
                    "nome_aluno": "ANA MARTA FERREIRA MAIA"
                },
                {
                    "codigo_aluno": "309(...)15",
                    "nome_aluno": "ANA RITA BORGES XAVIER"
                },
                {
                    "codigo_aluno": "305(...)01",
                    "nome_aluno": "ANA RITA DE MORAIS E MARQUES"
                },
                {
                    "codigo_aluno": "300(...)95",
                    "nome_aluno": "ANA RITA MARQUES FERNANDES MACHADO"
                },
                {
                    "codigo_aluno": "308(...)68",
                    "nome_aluno": "ANA TERESA DA SILVA MACHADO PINTO"
                },
                {
                    "codigo_aluno": "151(...)26",
                    "nome_aluno": "ANDRÉ SILVA BARRETO"
                },
                {
                    "codigo_aluno": "304(...)10",
                    "nome_aluno": "ANDREIA FILIPA SOARES FERREIRA"
                },
                {
                    "codigo_aluno": "304(...)15",
                    "nome_aluno": "ANTÓNIO PEDRO DA COSTA FRAGA BASTOS TORRES"
                },
                {
                    "codigo_aluno": "314(...)99",
                    "nome_aluno": "ANTÓNIO PEDRO NUNES SOARES"
                },
                {
                    "codigo_aluno": "156(...)20",
                    "nome_aluno": "ANTÓNIO PEDRO PORTUGAL GOMES REBELO"
                },
                {
                    "codigo_aluno": "156(...)18",
                    "nome_aluno": "BEATRIZ BORGES PINTO"
                },
                {
                    "codigo_aluno": "300(...)26",
                    "nome_aluno": "BEATRIZ CAMPOS RAMOS"
                },
                {
                    "codigo_aluno": "152(...)44",
                    "nome_aluno": "BEATRIZ CARNEIRO COELHO"
                },
                {
                    "codigo_aluno": "307(...)19",
                    "nome_aluno": "BEATRIZ DE AZEVEDO BARRETO"
                },
                {
                    "codigo_aluno": "158(...)34",
                    "nome_aluno": "BEATRIZ PEREIRA PAIVA"
                },
                {
                    "codigo_aluno": "304(...)76",
                    "nome_aluno": "BEATRIZ SANTOS MARTINS"
                },
                {
                    "codigo_aluno": "302(...)48",
                    "nome_aluno": "BEATRIZ SOARES DA SILVA MOURA"
                },
                {
                    "codigo_aluno": "151(...)15",
                    "nome_aluno": "BERNARDO SARMENTO LOPES PINTO"
                },
                {
                    "codigo_aluno": "303(...)48",
                    "nome_aluno": "BERNARDO TAVARES ANTUNES"
                },
                {
                    "codigo_aluno": "302(...)88",
                    "nome_aluno": "BIANCA CRUZ CORREIA"
                },
                {
                    "codigo_aluno": "153(...)00",
                    "nome_aluno": "CAMILA DA SILVA RODRIGUES MAGALHÃES MOREIRA"
                },
                {
                    "codigo_aluno": "151(...)97",
                    "nome_aluno": "CAROLINA SOFIA LEAL BAPTISTA"
                },
                {
                    "codigo_aluno": "155(...)42",
                    "nome_aluno": "CATARINA ARBUÉS PEDROLA TEIXEIRA"
                },
                {
                    "codigo_aluno": "154(...)10",
                    "nome_aluno": "CATARINA BARROS DA COSTA FERNANDES"
                },
                {
                    "codigo_aluno": "157(...)70",
                    "nome_aluno": "CATARINA RAMOS ALVES"
                },
                {
                    "codigo_aluno": "300(...)09",
                    "nome_aluno": "CATARINA RAQUEL FREIRE BESSA MESQUITA"
                },
                {
                    "codigo_aluno": "301(...)57",
                    "nome_aluno": "CATARINA VILARES FERREIRA ARRIFANA"
                },
                {
                    "codigo_aluno": "310(...)17",
                    "nome_aluno": "DANIELA MIGUEL ALVES BESSA"
                },
                {
                    "codigo_aluno": "152(...)28",
                    "nome_aluno": "DAVID SILVA DE CARVALHO"
                },
                {
                    "codigo_aluno": "312(...)33",
                    "nome_aluno": "DINIS DOS SANTOS ROSA"
                },
                {
                    "codigo_aluno": "300(...)52",
                    "nome_aluno": "DINIS MANUEL ANDRADE BARROS"
                },
                {
                    "codigo_aluno": "310(...)58",
                    "nome_aluno": "DINIS ROCHA DE ALMEIDA MENDES"
                },
                {
                    "codigo_aluno": "307(...)74",
                    "nome_aluno": "DIOGO NOGUEIRA PINTO"
                },
                {
                    "codigo_aluno": "304(...)76",
                    "nome_aluno": "EDGAR GUILHERME ABRANTES ANICETO"
                },
                {
                    "codigo_aluno": "305(...)24",
                    "nome_aluno": "FRANCISCO BRAZ ADEGAS"
                },
                {
                    "codigo_aluno": "240(...)31",
                    "nome_aluno": "GIOVANNA NASCIMENTO PIMENTEL"
                },
                {
                    "codigo_aluno": "305(...)93",
                    "nome_aluno": "GONÇALO ANDRÉ PEREIRA LOPES"
                },
                {
                    "codigo_aluno": "157(...)53",
                    "nome_aluno": "GONÇALO MARTINS TORRÃO"
                },
                {
                    "codigo_aluno": "317(...)42",
                    "nome_aluno": "HELENA RODRIGUES ASSUNÇÃO FERREIRA MARTINS"
                },
                {
                    "codigo_aluno": "300(...)13",
                    "nome_aluno": "HUGO MOTA FREITAS LOPES"
                },
                {
                    "codigo_aluno": "307(...)50",
                    "nome_aluno": "IARA CARDOSO ALMEIDA"
                },
                {
                    "codigo_aluno": "306(...)66",
                    "nome_aluno": "IARA MARGARIDA CORREIA FERREIRA"
                },
                {
                    "codigo_aluno": "156(...)00",
                    "nome_aluno": "INÊS BESSA PEIXOTO FERRAZ FERREIRA"
                },
                {
                    "codigo_aluno": "300(...)32",
                    "nome_aluno": "INÊS DE OLIVEIRA SÁ"
                },
                {
                    "codigo_aluno": "300(...)11",
                    "nome_aluno": "INÊS FERNANDES VIEIRA"
                },
                {
                    "codigo_aluno": "307(...)99",
                    "nome_aluno": "INÊS QUINTELA DE MATOS"
                },
                {
                    "codigo_aluno": "314(...)91",
                    "nome_aluno": "INÊS RAMOS LOUREIRO"
                },
                {
                    "codigo_aluno": "151(...)46",
                    "nome_aluno": "INÊS ROMEIRA FARIA"
                },
                {
                    "codigo_aluno": "310(...)05",
                    "nome_aluno": "INÊS SILVA CORREIA AMARAL MENDES"
                },
                {
                    "codigo_aluno": "307(...)36",
                    "nome_aluno": "JOANA BARREIRO GONÇALVES"
                },
                {
                    "codigo_aluno": "303(...)34",
                    "nome_aluno": "JOANA DO VALE QUINTELA"
                },
                {
                    "codigo_aluno": "314(...)93",
                    "nome_aluno": "JOANA EMANUEL PINTO DE SOUSA"
                },
                {
                    "codigo_aluno": "152(...)45",
                    "nome_aluno": "JOANA LUÍSA FONTES SAMPAIO"
                },
                {
                    "codigo_aluno": "312(...)66",
                    "nome_aluno": "JOÃO AVIDES MOREIRA PIRES DE LIMA"
                },
                {
                    "codigo_aluno": "309(...)24",
                    "nome_aluno": "JOÃO DA CUNHA RODRIGUES"
                },
                {
                    "codigo_aluno": "300(...)97",
                    "nome_aluno": "JOÃO GUILHERME FERREIRA DO CARMO"
                },
                {
                    "codigo_aluno": "308(...)18",
                    "nome_aluno": "JOÃO LUÍS VISO GONÇALVES"
                },
                {
                    "codigo_aluno": "303(...)73",
                    "nome_aluno": "JOÃO MIGUEL LOPES DA SILVA PIRES"
                },
                {
                    "codigo_aluno": "155(...)18",
                    "nome_aluno": "JOSÉ DUARTE DE SOUSA CARDOSO FREITAS"
                },
                {
                    "codigo_aluno": "154(...)28",
                    "nome_aluno": "LARA BEATRIZ LEAL SOUSA"
                },
                {
                    "codigo_aluno": "303(...)73",
                    "nome_aluno": "LARA BEATRIZ MARTINS NEVES"
                },
                {
                    "codigo_aluno": "309(...)53",
                    "nome_aluno": "LARA RAFAELA OLIVEIRA VALENTE"
                },
                {
                    "codigo_aluno": "153(...)00",
                    "nome_aluno": "LARA ROCHA NETO"
                },
                {
                    "codigo_aluno": "309(...)73",
                    "nome_aluno": "LEONOR DA SILVA MOITA LAIRES"
                },
                {
                    "codigo_aluno": "155(...)31",
                    "nome_aluno": "LEONOR MAIA ROCHA"
                },
                {
                    "codigo_aluno": "307(...)61",
                    "nome_aluno": "LEONOR PINHO FERNANDES SILVA CUNHA"
                },
                {
                    "codigo_aluno": "305(...)56",
                    "nome_aluno": "LUÍS ALEXANDRE DIAS DELGADO"
                },
                {
                    "codigo_aluno": "157(...)05",
                    "nome_aluno": "LUÍS MIGUEL BEITES GONÇALVES"
                },
                {
                    "codigo_aluno": "307(...)52",
                    "nome_aluno": "MADALENA CATARINA MONTEIRO LEAL FERREIRA"
                },
                {
                    "codigo_aluno": "156(...)56",
                    "nome_aluno": "MAFALDA ISABEL PINHO OLIVEIRA PINHEIRO"
                },
                {
                    "codigo_aluno": "307(...)70",
                    "nome_aluno": "MARCO OLIVEIRA LOPES"
                },
                {
                    "codigo_aluno": "302(...)98",
                    "nome_aluno": "MARGARIDA ALVES SANTOS"
                },
                {
                    "codigo_aluno": "155(...)90",
                    "nome_aluno": "MARGARIDA COVAS DE SÁ"
                },
                {
                    "codigo_aluno": "153(...)40",
                    "nome_aluno": "MARGARIDA DOS SANTOS GAMA"
                },
                {
                    "codigo_aluno": "151(...)05",
                    "nome_aluno": "MARGARIDA GABRIELA TAVARES MARTINS"
                },
                {
                    "codigo_aluno": "152(...)28",
                    "nome_aluno": "MARGARIDA ISABEL FARIA SOUSA"
                },
                {
                    "codigo_aluno": "159(...)08",
                    "nome_aluno": "MARGARIDA MONTEIRO GOMES"
                },
                {
                    "codigo_aluno": "156(...)34",
                    "nome_aluno": "MARIA BENEDITA CARDOSO FONSECA SEARLE MARTINS"
                },
                {
                    "codigo_aluno": "309(...)24",
                    "nome_aluno": "MARIA CARLOTA AVIDES MOREIRA SANTIAGO SOTTOMAYOR"
                },
                {
                    "codigo_aluno": "151(...)72",
                    "nome_aluno": "MARIA CARNEIRO DA COSTA"
                },
                {
                    "codigo_aluno": "152(...)44",
                    "nome_aluno": "MARIA DE SÁ E SILVA FERREIRA"
                },
                {
                    "codigo_aluno": "152(...)78",
                    "nome_aluno": "MARIA EDUARDA MOTA VIVEIROS"
                },
                {
                    "codigo_aluno": "309(...)33",
                    "nome_aluno": "MARIA FRANCISCA AVIDES MOREIRA SANTIAGO SOTTOMAYOR"
                },
                {
                    "codigo_aluno": "153(...)72",
                    "nome_aluno": "MARIA FRANCISCA SIMOES MIRANDA"
                },
                {
                    "codigo_aluno": "305(...)56",
                    "nome_aluno": "MARIA INÊS OLIVEIRA FERREIRA"
                },
                {
                    "codigo_aluno": "309(...)81",
                    "nome_aluno": "MARIA JOÃO ESTEVES MENDONÇA"
                },
                {
                    "codigo_aluno": "151(...)16",
                    "nome_aluno": "MARIA JOÃO FERNANDES DA COSTA CARVALHO"
                },
                {
                    "codigo_aluno": "152(...)35",
                    "nome_aluno": "MARIA JOÃO TEIXEIRA FERREIRA"
                },
                {
                    "codigo_aluno": "304(...)68",
                    "nome_aluno": "MARIA LUÍS VIEIRA FERREIRA"
                },
                {
                    "codigo_aluno": "152(...)20",
                    "nome_aluno": "MARIA LUÍSA PINTO ALVES NEIVA ROSA"
                },
                {
                    "codigo_aluno": "303(...)77",
                    "nome_aluno": "MARIA MARGARIDA DUARTE MARQUES FIGUEIREDO RIBEIRO"
                },
                {
                    "codigo_aluno": "306(...)61",
                    "nome_aluno": "MARIA MIGUEL MARTINS PINHEIRO"
                },
                {
                    "codigo_aluno": "300(...)12",
                    "nome_aluno": "MARIA MIGUEL SA TEIXEIRA"
                },
                {
                    "codigo_aluno": "309(...)20",
                    "nome_aluno": "MARIA MIGUEL SAMPAIO FIGUEIREDO"
                },
                {
                    "codigo_aluno": "153(...)42",
                    "nome_aluno": "MARIA SANTOS RODRIGUES"
                },
                {
                    "codigo_aluno": "159(...)75",
                    "nome_aluno": "MARIANA ARAUJO DE FERREIRA"
                },
                {
                    "codigo_aluno": "314(...)37",
                    "nome_aluno": "MARIANA CAVALEIRO PACHECO"
                },
                {
                    "codigo_aluno": "309(...)28",
                    "nome_aluno": "MARIANA DE BASTOS CORREIA ANTUNES"
                },
                {
                    "codigo_aluno": "302(...)62",
                    "nome_aluno": "MARIANA FALÉ RAMALHO SIMÕES"
                },
                {
                    "codigo_aluno": "309(...)00",
                    "nome_aluno": "MARIANA FERREIRA ENES AZEVEDO"
                },
                {
                    "codigo_aluno": "151(...)14",
                    "nome_aluno": "MARIANA FERREIRA TORRES"
                },
                {
                    "codigo_aluno": "150(...)15",
                    "nome_aluno": "MARIANA FILIPA FERNANDES"
                },
                {
                    "codigo_aluno": "306(...)82",
                    "nome_aluno": "MARIANA NEVES CORREIA"
                },
                {
                    "codigo_aluno": "305(...)00",
                    "nome_aluno": "MARIANA PINTO DA SILVA"
                },
                {
                    "codigo_aluno": "154(...)88",
                    "nome_aluno": "MARIANA SIDÓNIO DOURADO DA SILVA"
                },
                {
                    "codigo_aluno": "159(...)10",
                    "nome_aluno": "MARIANA SOFIA PEREIRA ALVES"
                },
                {
                    "codigo_aluno": "306(...)62",
                    "nome_aluno": "MARTA MANUEL MONTENEGRO LOUREIRO RAMOS"
                },
                {
                    "codigo_aluno": "300(...)58",
                    "nome_aluno": "MATIAS ALEXANDRE DE JESUS SANTOS"
                },
                {
                    "codigo_aluno": "312(...)14",
                    "nome_aluno": "MATILDE CORREIA VINTÉM"
                },
                {
                    "codigo_aluno": "306(...)00",
                    "nome_aluno": "MATILDE FREITAS DAVID PEREIRA"
                },
                {
                    "codigo_aluno": "305(...)80",
                    "nome_aluno": "MATILDE MARIA TAVARES ANTUNES"
                },
                {
                    "codigo_aluno": "301(...)01",
                    "nome_aluno": "MATILDE PINTO COUTO"
                },
                {
                    "codigo_aluno": "154(...)15",
                    "nome_aluno": "MIGUEL AGUIAR MAGANINHO DA CUNHA MOREIRA"
                },
                {
                    "codigo_aluno": "154(...)04",
                    "nome_aluno": "MIGUEL ANTONIO DA SILVA MARTINEZ"
                },
                {
                    "codigo_aluno": "304(...)75",
                    "nome_aluno": "MIGUEL FERNANDO RODRIGUES MESQUITA"
                },
                {
                    "codigo_aluno": "154(...)85",
                    "nome_aluno": "MIGUEL PEREIRA SARDÃO"
                },
                {
                    "codigo_aluno": "154(...)39",
                    "nome_aluno": "MIGUEL SANTOS CARDOSO FERNANDES DA SILVA"
                },
                {
                    "codigo_aluno": "154(...)35",
                    "nome_aluno": "NOUR CHERIF SALEM GOMAA"
                },
                {
                    "codigo_aluno": "154(...)25",
                    "nome_aluno": "NUNA MARIA PEREIRA DA COSTA"
                },
                {
                    "codigo_aluno": "313(...)56",
                    "nome_aluno": "PATRÍCIA DA SECA TAVARES"
                },
                {
                    "codigo_aluno": "301(...)19",
                    "nome_aluno": "PEDRO DE ALMEIDA MICHAILOWSKY"
                },
                {
                    "codigo_aluno": "305(...)02",
                    "nome_aluno": "PEDRO EMANUEL CINTRA DE MATOS"
                },
                {
                    "codigo_aluno": "315(...)90",
                    "nome_aluno": "PEDRO MIGUEL SANTOS SOUSA"
                },
                {
                    "codigo_aluno": "152(...)47",
                    "nome_aluno": "PEDRO PEREIRA DA SILVA NUNES"
                },
                {
                    "codigo_aluno": "158(...)33",
                    "nome_aluno": "PEDRO PINHO GUIMARÃES DE CASTRO PINTADO"
                },
                {
                    "codigo_aluno": "158(...)83",
                    "nome_aluno": "RAFAELA SOARES GRILO"
                },
                {
                    "codigo_aluno": "157(...)77",
                    "nome_aluno": "RENATA MOREIRA PINTO"
                },
                {
                    "codigo_aluno": "159(...)38",
                    "nome_aluno": "RODRIGO CAMPOS BASÍLIO"
                },
                {
                    "codigo_aluno": "151(...)91",
                    "nome_aluno": "RODRIGO CORREIA BARROS DE SOUSA"
                },
                {
                    "codigo_aluno": "159(...)22",
                    "nome_aluno": "RODRIGO MENDES PEREIRA"
                },
                {
                    "codigo_aluno": "304(...)21",
                    "nome_aluno": "RODRIGO NUNO GOMES DE SOUSA"
                },
                {
                    "codigo_aluno": "152(...)47",
                    "nome_aluno": "RODRIGO RODRIGUES NUNES"
                },
                {
                    "codigo_aluno": "301(...)29",
                    "nome_aluno": "SARA FILIPA ARAÚJO FERREIRA"
                },
                {
                    "codigo_aluno": "309(...)02",
                    "nome_aluno": "SARA FILIPA BALDAIA PIRES"
                },
                {
                    "codigo_aluno": "242(...)01",
                    "nome_aluno": "SHUHUI ZHANG"
                },
                {
                    "codigo_aluno": "154(...)71",
                    "nome_aluno": "SOFIA ALEXANDRA JACO RAMOS"
                },
                {
                    "codigo_aluno": "155(...)73",
                    "nome_aluno": "TÂNIA RAQUEL MOREIRA BARROS"
                },
                {
                    "codigo_aluno": "154(...)60",
                    "nome_aluno": "TERESA BRITO VALENTE OLIVEIRA BASTOS"
                },
                {
                    "codigo_aluno": "309(...)65",
                    "nome_aluno": "TIAGO MENDES PEREIRA DE MORAIS MARTINS"
                },
                {
                    "codigo_aluno": "150(...)06",
                    "nome_aluno": "TOMAS PINTO RAMOS"
                },
                {
                    "codigo_aluno": "155(...)72",
                    "nome_aluno": "VASCO GOMES MARQUES ALVES CORREIA CORTESÃO"
                }
            ]
        },
        {
            "codigo_curso": "9847",
            "nome_curso": "9847 - Medicina Veterinária",
            "colocados": [
                {
                    "codigo_aluno": "158(...)49",
                    "nome_aluno": "ANA BEATRIZ GONÇALVES LOBO"
                },
                {
                    "codigo_aluno": "315(...)48",
                    "nome_aluno": "ANA BEATRIZ MOREIRA DA CUNHA MAGALHÃES"
                },
                {
                    "codigo_aluno": "153(...)49",
                    "nome_aluno": "ANA BEATRIZ TINOCO CARDOSO TEIXEIRA"
                },
                {
                    "codigo_aluno": "304(...)05",
                    "nome_aluno": "ANA CAROLINA FERREIRA DA SILVA"
                },
                {
                    "codigo_aluno": "311(...)20",
                    "nome_aluno": "ANA MARTA DA SILVA NUNES"
                },
                {
                    "codigo_aluno": "307(...)76",
                    "nome_aluno": "ANA RITA SILVA MARTINS"
                },
                {
                    "codigo_aluno": "309(...)43",
                    "nome_aluno": "ANITA AMARAL PACHECO"
                },
                {
                    "codigo_aluno": "311(...)80",
                    "nome_aluno": "BÁRBARA SOFIA BENTA ANDRÉ"
                },
                {
                    "codigo_aluno": "157(...)40",
                    "nome_aluno": "BEATRIZ SANTOS NEVES"
                },
                {
                    "codigo_aluno": "157(...)28",
                    "nome_aluno": "CARLOTA PAIXÃO DE PÃO"
                },
                {
                    "codigo_aluno": "156(...)83",
                    "nome_aluno": "CAROLINA OLIVEIRA RAFAEL DA MOTA"
                },
                {
                    "codigo_aluno": "309(...)92",
                    "nome_aluno": "CAROLINA ROSA NOGUEIRA CASQUEIRO"
                },
                {
                    "codigo_aluno": "312(...)17",
                    "nome_aluno": "CÉSAR AUGUSTO MAIA DE SOUSA"
                },
                {
                    "codigo_aluno": "157(...)22",
                    "nome_aluno": "DANIEL CATALÃO ANDRADE"
                },
                {
                    "codigo_aluno": "304(...)82",
                    "nome_aluno": "DIANA ISABEL LOPES CAMPOS"
                },
                {
                    "codigo_aluno": "149(...)59",
                    "nome_aluno": "DIANA MANUEL CORREIA DE OLIVEIRA LEMOS DE AZEVEDO"
                },
                {
                    "codigo_aluno": "302(...)47",
                    "nome_aluno": "DUARTE MIGUEL FERNANDES HIPÓLITO"
                },
                {
                    "codigo_aluno": "314(...)67",
                    "nome_aluno": "ELIANA MARGARIDA MONTEIRO CARVALHO"
                },
                {
                    "codigo_aluno": "309(...)41",
                    "nome_aluno": "FABIANA DA SILVA FONSECA"
                },
                {
                    "codigo_aluno": "314(...)92",
                    "nome_aluno": "FILIPA PINHEIRO PENA E SILVA"
                },
                {
                    "codigo_aluno": "310(...)76",
                    "nome_aluno": "FRANCISCA CUNHA VALES PINHEIRO COSTA"
                },
                {
                    "codigo_aluno": "151(...)79",
                    "nome_aluno": "FRANCISCO FERREIRA BAPTISTA"
                },
                {
                    "codigo_aluno": "154(...)17",
                    "nome_aluno": "GONÇALO FILIPE CAMPELO MIRANDA"
                },
                {
                    "codigo_aluno": "307(...)05",
                    "nome_aluno": "GONÇALO MANUEL ALMEIDA DA SILVA"
                },
                {
                    "codigo_aluno": "312(...)12",
                    "nome_aluno": "HUGO MÁRCIO DA SILVA SOARES"
                },
                {
                    "codigo_aluno": "302(...)76",
                    "nome_aluno": "INÊS MARQUES REBELO"
                },
                {
                    "codigo_aluno": "157(...)50",
                    "nome_aluno": "IOLANDA COSTA FERREIRA"
                },
                {
                    "codigo_aluno": "300(...)19",
                    "nome_aluno": "JOÃO FILIPE CALÓ FERNANDES"
                },
                {
                    "codigo_aluno": "151(...)67",
                    "nome_aluno": "JOÃO MIGUEL RAPOSO SERRA FORTE"
                },
                {
                    "codigo_aluno": "314(...)36",
                    "nome_aluno": "JOSÉ CARLOS CLEMENTE FELÍCIO"
                },
                {
                    "codigo_aluno": "158(...)72",
                    "nome_aluno": "JOSÉ MIGUEL RODRIGUES COSTA"
                },
                {
                    "codigo_aluno": "159(...)56",
                    "nome_aluno": "JULIANA FILIPA LIMA PINTO"
                },
                {
                    "codigo_aluno": "151(...)75",
                    "nome_aluno": "LEONOR DE OLIVEIRA LOUSADA"
                },
                {
                    "codigo_aluno": "312(...)45",
                    "nome_aluno": "LEONOR DUARTE GONÇALVES"
                },
                {
                    "codigo_aluno": "302(...)78",
                    "nome_aluno": "LUANA DE CARVALHO"
                },
                {
                    "codigo_aluno": "158(...)00",
                    "nome_aluno": "LUANA DIAS DE AVELLAR PEREIRA"
                },
                {
                    "codigo_aluno": "154(...)73",
                    "nome_aluno": "LÚCIA FILIPE DE SOUSA CIRNE SANTOS"
                },
                {
                    "codigo_aluno": "159(...)09",
                    "nome_aluno": "LUÍS SALVADOR MOREIRA RAMOS"
                },
                {
                    "codigo_aluno": "306(...)76",
                    "nome_aluno": "LUÍSA MARIA AIRES LOPES"
                },
                {
                    "codigo_aluno": "304(...)12",
                    "nome_aluno": "MARIA DE CASTRO NEVES"
                },
                {
                    "codigo_aluno": "301(...)39",
                    "nome_aluno": "MARIA FILIPA DOS SANTOS ALVES"
                },
                {
                    "codigo_aluno": "304(...)84",
                    "nome_aluno": "MARIA INÊS CARVALHO BESSA SEVERINO"
                },
                {
                    "codigo_aluno": "159(...)74",
                    "nome_aluno": "MARIA LEONOR SEMEDO PEREIRA"
                },
                {
                    "codigo_aluno": "157(...)37",
                    "nome_aluno": "MARIANA CASTRO RODRIGUES"
                },
                {
                    "codigo_aluno": "312(...)49",
                    "nome_aluno": "MARIANA SILVA LOPES"
                },
                {
                    "codigo_aluno": "306(...)76",
                    "nome_aluno": "MARTA FILIPA OLIVEIRA MACEDO"
                },
                {
                    "codigo_aluno": "313(...)48",
                    "nome_aluno": "MATIAS MARTINS DE LEMOS"
                },
                {
                    "codigo_aluno": "305(...)02",
                    "nome_aluno": "MATILDE PEREIRA FERNANDES ALVES BAILAO"
                },
                {
                    "codigo_aluno": "240(...)19",
                    "nome_aluno": "NATHALIA WIECHERT"
                },
                {
                    "codigo_aluno": "153(...)57",
                    "nome_aluno": "PEDRO DA SILVA SANTANA"
                },
                {
                    "codigo_aluno": "312(...)93",
                    "nome_aluno": "RENATO RAMOS MATEUS"
                },
                {
                    "codigo_aluno": "154(...)50",
                    "nome_aluno": "RITA ALBERGARIA MARINHO"
                },
                {
                    "codigo_aluno": "154(...)23",
                    "nome_aluno": "RODRIGO DINIS FONSECA"
                },
                {
                    "codigo_aluno": "309(...)75",
                    "nome_aluno": "RODRIGO TOMÁS ALVES RODRIGUES"
                },
                {
                    "codigo_aluno": "309(...)74",
                    "nome_aluno": "SANTIAGO ARADAS RIBEIRO"
                },
                {
                    "codigo_aluno": "307(...)20",
                    "nome_aluno": "SARA LUNA MENDES PEREIRA"
                },
                {
                    "codigo_aluno": "306(...)71",
                    "nome_aluno": "SIMÃO MATIAS DA SILVA"
                },
                {
                    "codigo_aluno": "304(...)71",
                    "nome_aluno": "SOFIA BRAGA DE SOUSA"
                },
                {
                    "codigo_aluno": "154(...)34",
                    "nome_aluno": "SOFIA DAYANA FIGUEIRA DOS RAMOS"
                },
                {
                    "codigo_aluno": "153(...)25",
                    "nome_aluno": "TERESA MOREIRA FIGUEIREDO"
                },
                {
                    "codigo_aluno": "153(...)63",
                    "nome_aluno": "TIAGO MONTEIRO MESSIAS"
                },
                {
                    "codigo_aluno": "309(...)12",
                    "nome_aluno": "VASCO MANUEL ALVES VIEIRA DA SILVA"
                },
                {
                    "codigo_aluno": "242(...)09",
                    "nome_aluno": "VÍTOR LINCK TREVISAN"
                }
            ]
        }
    ]
}