{
    "codigo_universidade": "1108",
    "nome_universidade": "1108 - Universidade do Porto - Faculdade de Medicina",
    "cursos": [
        {
            "codigo_curso": "9813",
            "nome_curso": "9813 - Medicina",
            "colocados": [
                {
                    "codigo_aluno": "309(...)78",
                    "nome_aluno": "AFONSO FILIPE DE SILVA E CUNHA MARGATO"
                },
                {
                    "codigo_aluno": "148(...)98",
                    "nome_aluno": "AFONSO MOURA TEIXEIRA"
                },
                {
                    "codigo_aluno": "157(...)15",
                    "nome_aluno": "AFONSO PONTES DOS SANTOS TEIXEIRA RIBEIRO"
                },
                {
                    "codigo_aluno": "155(...)17",
                    "nome_aluno": "ALEXANDRE JOSEPH FERREIRA MAUDSLAY BARBOSA"
                },
                {
                    "codigo_aluno": "306(...)38",
                    "nome_aluno": "AMÉLIA MARIA SALVADOR MÁXIMO"
                },
                {
                    "codigo_aluno": "313(...)85",
                    "nome_aluno": "ANA CAROLINA MACHADO SOUSA PEREIRA TORRÃO"
                },
                {
                    "codigo_aluno": "309(...)17",
                    "nome_aluno": "ANA CAROLINA MOREIRA DOS SANTOS"
                },
                {
                    "codigo_aluno": "314(...)01",
                    "nome_aluno": "ANA CATARINA MARTINS DE OLIVEIRA"
                },
                {
                    "codigo_aluno": "153(...)19",
                    "nome_aluno": "ANA FILIPA COSTA FERREIRA"
                },
                {
                    "codigo_aluno": "329(...)66",
                    "nome_aluno": "ANA FLAVIA LADEIRA PINTO"
                },
                {
                    "codigo_aluno": "158(...)76",
                    "nome_aluno": "ANA ISABEL DE ALMEIDA NOGUEIRA FONSECA DA SILVA"
                },
                {
                    "codigo_aluno": "156(...)08",
                    "nome_aluno": "ANA ISABEL MARTINS MONTEIRO"
                },
                {
                    "codigo_aluno": "318(...)04",
                    "nome_aluno": "ANA JOÃO PADEZ OLIVEIRA"
                },
                {
                    "codigo_aluno": "158(...)56",
                    "nome_aluno": "ANA LUIS MARIZ RODRIGUES RIO"
                },
                {
                    "codigo_aluno": "300(...)88",
                    "nome_aluno": "ANA LUISA RIBEIRO TOMÁS"
                },
                {
                    "codigo_aluno": "154(...)72",
                    "nome_aluno": "ANA MAFALDA VILAÇA AZEVEDO"
                },
                {
                    "codigo_aluno": "152(...)48",
                    "nome_aluno": "ANA MARGARIDA MONTEIRO SOARES"
                },
                {
                    "codigo_aluno": "158(...)50",
                    "nome_aluno": "ANA RITA DOS SANTOS BARREIRO"
                },
                {
                    "codigo_aluno": "154(...)28",
                    "nome_aluno": "ANA SOFIA ALVITES MORAIS"
                },
                {
                    "codigo_aluno": "156(...)14",
                    "nome_aluno": "ANA SOFIA CORREIA COUTINHO"
                },
                {
                    "codigo_aluno": "300(...)76",
                    "nome_aluno": "ANA SOFIA NUNES GALVÃO SANTOS"
                },
                {
                    "codigo_aluno": "157(...)64",
                    "nome_aluno": "ANA SOFIA OLIVEIRA RIBEIRO NOVERÇA RODRIGUES"
                },
                {
                    "codigo_aluno": "306(...)09",
                    "nome_aluno": "ANDRÉ AUGUSTO RAMOS MAGALHÃES"
                },
                {
                    "codigo_aluno": "154(...)99",
                    "nome_aluno": "ANDREIA NATACHA DE MELO GASPAR"
                },
                {
                    "codigo_aluno": "309(...)73",
                    "nome_aluno": "ANITA NICOLA DA COSTA ARAÚJO BESSA"
                },
                {
                    "codigo_aluno": "240(...)30",
                    "nome_aluno": "ARTHUR VINICIUS DUARTE"
                },
                {
                    "codigo_aluno": "549(...)28",
                    "nome_aluno": "AVA AFROOZIFAR"
                },
                {
                    "codigo_aluno": "154(...)53",
                    "nome_aluno": "BÁRBARA CARNEIRO MILHEIRO"
                },
                {
                    "codigo_aluno": "154(...)29",
                    "nome_aluno": "BÁRBARA HENRIQUES DE OLIVEIRA"
                },
                {
                    "codigo_aluno": "151(...)81",
                    "nome_aluno": "BÁRBARA ZULUETA LIMA SALGADO"
                },
                {
                    "codigo_aluno": "306(...)53",
                    "nome_aluno": "BEATRIZ ALVES MARQUES DE QUEIRÓS"
                },
                {
                    "codigo_aluno": "156(...)71",
                    "nome_aluno": "BEATRIZ DOS SANTOS SOUSA"
                },
                {
                    "codigo_aluno": "151(...)00",
                    "nome_aluno": "BEATRIZ GÓIS FREIRE"
                },
                {
                    "codigo_aluno": "159(...)84",
                    "nome_aluno": "BEATRIZ JOÃO NUNES GUIOMAR"
                },
                {
                    "codigo_aluno": "157(...)31",
                    "nome_aluno": "BEATRIZ LEMOS BARBOSA"
                },
                {
                    "codigo_aluno": "301(...)28",
                    "nome_aluno": "BEATRIZ MARIA AFONSO AÇO"
                },
                {
                    "codigo_aluno": "155(...)32",
                    "nome_aluno": "BEATRIZ MARTINHO RODRIGUES"
                },
                {
                    "codigo_aluno": "156(...)61",
                    "nome_aluno": "BEATRIZ SOARES PEIXOTO"
                },
                {
                    "codigo_aluno": "301(...)37",
                    "nome_aluno": "BEATRIZ SOFIA FERRÁS MAGALHÃES"
                },
                {
                    "codigo_aluno": "159(...)60",
                    "nome_aluno": "BERNARDO HOLLANDA ALVES PARAISO LAMAS"
                },
                {
                    "codigo_aluno": "151(...)26",
                    "nome_aluno": "BERNARDO MATIAS CORREIA LOPES MACHADO DA SILVA"
                },
                {
                    "codigo_aluno": "154(...)19",
                    "nome_aluno": "BERNARDO MOTA MAIA DE FERRAZ FONSECA"
                },
                {
                    "codigo_aluno": "310(...)93",
                    "nome_aluno": "BRUNA ALEXANDRA LOURENÇO VILARINHO"
                },
                {
                    "codigo_aluno": "302(...)89",
                    "nome_aluno": "BRUNA CRISTINA DA CRUZ SANTOS"
                },
                {
                    "codigo_aluno": "153(...)90",
                    "nome_aluno": "BRUNA LEITE MOTA"
                },
                {
                    "codigo_aluno": "308(...)23",
                    "nome_aluno": "BRUNO DIOGO TEIXEIRA DIAS"
                },
                {
                    "codigo_aluno": "309(...)99",
                    "nome_aluno": "CAROLINA CARDOSO LOUREIRO"
                },
                {
                    "codigo_aluno": "157(...)99",
                    "nome_aluno": "CAROLINA DE ALMEIDA PINTO SOARES"
                },
                {
                    "codigo_aluno": "156(...)44",
                    "nome_aluno": "CAROLINA FRAGA ESTEVES"
                },
                {
                    "codigo_aluno": "152(...)00",
                    "nome_aluno": "CAROLINA GUARDIANO VENCESLAU"
                },
                {
                    "codigo_aluno": "152(...)09",
                    "nome_aluno": "CAROLINA MARIA FREITAS GONÇALVES"
                },
                {
                    "codigo_aluno": "312(...)99",
                    "nome_aluno": "CAROLINA MARIA PEREIRA GONÇALVES"
                },
                {
                    "codigo_aluno": "153(...)61",
                    "nome_aluno": "CAROLINA NASCIMENTO VIEIRA"
                },
                {
                    "codigo_aluno": "307(...)51",
                    "nome_aluno": "CAROLINA SOUSA RIBEIRO"
                },
                {
                    "codigo_aluno": "151(...)74",
                    "nome_aluno": "CATARINA AIRES PEREIRA MARTINS"
                },
                {
                    "codigo_aluno": "304(...)44",
                    "nome_aluno": "CATARINA BEATRIZ FERREIRA GUEDES"
                },
                {
                    "codigo_aluno": "317(...)43",
                    "nome_aluno": "CATARINA MARIA GOMES DE ABREU MARTINS"
                },
                {
                    "codigo_aluno": "308(...)64",
                    "nome_aluno": "CATARINA MARQUES FERREIRA"
                },
                {
                    "codigo_aluno": "306(...)41",
                    "nome_aluno": "CLARA MONTEIRO PEIXOTO MARTINS PIMENTA"
                },
                {
                    "codigo_aluno": "313(...)89",
                    "nome_aluno": "CLÁUDIA SOUSA MOREIRA DE LIMA MARTINS"
                },
                {
                    "codigo_aluno": "307(...)22",
                    "nome_aluno": "CONSTANÇA COTINHO TITO DE MORAIS"
                },
                {
                    "codigo_aluno": "306(...)02",
                    "nome_aluno": "CONSTANÇA DE ALMEIDA ABREU LOURO"
                },
                {
                    "codigo_aluno": "153(...)37",
                    "nome_aluno": "CONSTANÇA GASPAR CRUZ"
                },
                {
                    "codigo_aluno": "309(...)60",
                    "nome_aluno": "CONSTANÇA JOÃO BARBAS NEVES"
                },
                {
                    "codigo_aluno": "301(...)91",
                    "nome_aluno": "DAVID SANTOS VARELA"
                },
                {
                    "codigo_aluno": "309(...)83",
                    "nome_aluno": "DIANA OLIVEIRA DURÃES"
                },
                {
                    "codigo_aluno": "155(...)72",
                    "nome_aluno": "DIANA PINTO GONCALVES"
                },
                {
                    "codigo_aluno": "152(...)50",
                    "nome_aluno": "ÉLIA LEONOR HENRIQUES AGUIAR"
                },
                {
                    "codigo_aluno": "150(...)83",
                    "nome_aluno": "EMANUEL ANDRÉ RODRIGUES DE ALMEIDA CAMPOS"
                },
                {
                    "codigo_aluno": "301(...)31",
                    "nome_aluno": "FILIPA MORAIS LOUÇANO"
                },
                {
                    "codigo_aluno": "156(...)90",
                    "nome_aluno": "FILIPA SOFIA VALENTE FERREIRA"
                },
                {
                    "codigo_aluno": "304(...)08",
                    "nome_aluno": "FRANCISCA ALMEIDA DA SILVA COSTA RODRIGUES"
                },
                {
                    "codigo_aluno": "156(...)21",
                    "nome_aluno": "FRANCISCA ANTUNES FERREIRA ALVES"
                },
                {
                    "codigo_aluno": "153(...)52",
                    "nome_aluno": "FRANCISCA LEMOS QUEIROZ"
                },
                {
                    "codigo_aluno": "159(...)24",
                    "nome_aluno": "FRANCISCA MEIRELES VIEIRA"
                },
                {
                    "codigo_aluno": "151(...)72",
                    "nome_aluno": "FRANCISCA NOGUEIRA MONTEIRO DE PINHO"
                },
                {
                    "codigo_aluno": "310(...)21",
                    "nome_aluno": "FRANCISCA OLIVEIRA SANTOS"
                },
                {
                    "codigo_aluno": "314(...)41",
                    "nome_aluno": "FRANCISCA RIBEIRO CUNHA E SILVA"
                },
                {
                    "codigo_aluno": "310(...)05",
                    "nome_aluno": "FRANCISCO ANDRÉ OLIVEIRA FERNANDES"
                },
                {
                    "codigo_aluno": "301(...)11",
                    "nome_aluno": "FRANCISCO MELRO MARQUES"
                },
                {
                    "codigo_aluno": "155(...)61",
                    "nome_aluno": "FRANCISCO MIGUEL COSTA REGO"
                },
                {
                    "codigo_aluno": "309(...)87",
                    "nome_aluno": "GABRIEL DA SILVA QUEIJO CORREIA"
                },
                {
                    "codigo_aluno": "157(...)37",
                    "nome_aluno": "GABRIEL DÁRIO CAIRES FERREIRA"
                },
                {
                    "codigo_aluno": "308(...)92",
                    "nome_aluno": "GIOVANA RIBEIRO FERREIRA"
                },
                {
                    "codigo_aluno": "328(...)19",
                    "nome_aluno": "GIOVANNA GOMES BARROS"
                },
                {
                    "codigo_aluno": "321(...)78",
                    "nome_aluno": "GIULIA KIM RAGAZZI"
                },
                {
                    "codigo_aluno": "154(...)50",
                    "nome_aluno": "GONÇALO ANDRÉ CARDOSO PEREIRA"
                },
                {
                    "codigo_aluno": "152(...)57",
                    "nome_aluno": "GONÇALO MENDES GOMES"
                },
                {
                    "codigo_aluno": "154(...)01",
                    "nome_aluno": "GONÇALO MIGUEL BRAZ CARNEIRO OLIVEIRA DIAS"
                },
                {
                    "codigo_aluno": "158(...)32",
                    "nome_aluno": "GUILHERME CORDEIRO MOREIRA DE SOUSA BACELOS"
                },
                {
                    "codigo_aluno": "153(...)81",
                    "nome_aluno": "GUILHERME JOSÉ MACEDO CORREIA"
                },
                {
                    "codigo_aluno": "310(...)94",
                    "nome_aluno": "GUILHERME PEREIRA LEANDRO"
                },
                {
                    "codigo_aluno": "156(...)46",
                    "nome_aluno": "GUILHERME VILELA SAMPAIO DIAS"
                },
                {
                    "codigo_aluno": "156(...)67",
                    "nome_aluno": "GUSTAVO ALBERTO DO COUTO GONÇALVES"
                },
                {
                    "codigo_aluno": "308(...)60",
                    "nome_aluno": "HELENA CAMÕES CARVALHO"
                },
                {
                    "codigo_aluno": "300(...)00",
                    "nome_aluno": "HUGO DANIEL LEAL AMARAL"
                },
                {
                    "codigo_aluno": "316(...)95",
                    "nome_aluno": "IARA DE ALMEIDA CARDOSO"
                },
                {
                    "codigo_aluno": "151(...)45",
                    "nome_aluno": "INÊS ALVES PADRELA PINTO CORREIA"
                },
                {
                    "codigo_aluno": "313(...)51",
                    "nome_aluno": "INÊS DE CASTRO SILVA"
                },
                {
                    "codigo_aluno": "312(...)92",
                    "nome_aluno": "INÊS DE LUÍS ROCHA"
                },
                {
                    "codigo_aluno": "310(...)66",
                    "nome_aluno": "INÊS FERREIRA DA SILVA"
                },
                {
                    "codigo_aluno": "305(...)96",
                    "nome_aluno": "INÊS GOMES GONÇALVES"
                },
                {
                    "codigo_aluno": "153(...)75",
                    "nome_aluno": "INÊS GONÇALVES LOPES"
                },
                {
                    "codigo_aluno": "303(...)23",
                    "nome_aluno": "INÊS MARIA AZEVEDO PINTO"
                },
                {
                    "codigo_aluno": "309(...)87",
                    "nome_aluno": "INÊS MARTINS QUELHO"
                },
                {
                    "codigo_aluno": "153(...)54",
                    "nome_aluno": "INÊS RAMOS DOS SANTOS GONÇALVES"
                },
                {
                    "codigo_aluno": "159(...)40",
                    "nome_aluno": "INÊS RIBEIRO CARDOSO"
                },
                {
                    "codigo_aluno": "307(...)59",
                    "nome_aluno": "INÊS RIBEIRO MARQUES"
                },
                {
                    "codigo_aluno": "152(...)92",
                    "nome_aluno": "INÊS SANCHES SILVA"
                },
                {
                    "codigo_aluno": "155(...)61",
                    "nome_aluno": "ISABEL MARIA MENDONÇA PEREIRA"
                },
                {
                    "codigo_aluno": "152(...)69",
                    "nome_aluno": "JOANA BEATRIZ SOARES COSTA GOMES"
                },
                {
                    "codigo_aluno": "240(...)01",
                    "nome_aluno": "JOANA CHEN"
                },
                {
                    "codigo_aluno": "154(...)74",
                    "nome_aluno": "JOANA LEMOS FERREIRA"
                },
                {
                    "codigo_aluno": "309(...)51",
                    "nome_aluno": "JOANA MARIA SOARES DE BABO"
                },
                {
                    "codigo_aluno": "310(...)56",
                    "nome_aluno": "JOANA RODRIGUES RUIVO"
                },
                {
                    "codigo_aluno": "312(...)32",
                    "nome_aluno": "JOANA SOFIA CABRAL DE ALMEIDA"
                },
                {
                    "codigo_aluno": "154(...)79",
                    "nome_aluno": "JOANA TEVES DOS REIS NORONHA LEMOS"
                },
                {
                    "codigo_aluno": "310(...)00",
                    "nome_aluno": "JOÃO ALEXANDRE ALVES AFONSO"
                },
                {
                    "codigo_aluno": "304(...)47",
                    "nome_aluno": "JOÃO FRANCISCO CORREIA NOVAIS DA SILVA VEIGA"
                },
                {
                    "codigo_aluno": "151(...)24",
                    "nome_aluno": "JOÃO LUIS BARBOSA DE BARROS REAL FERRAZ"
                },
                {
                    "codigo_aluno": "300(...)12",
                    "nome_aluno": "JOÃO MIGUEL CHAPOUTO FERREIRA"
                },
                {
                    "codigo_aluno": "158(...)71",
                    "nome_aluno": "JOÃO MIGUEL COELHO SOUSA"
                },
                {
                    "codigo_aluno": "152(...)99",
                    "nome_aluno": "JOÃO MIGUEL SANTEIRO PEREIRA"
                },
                {
                    "codigo_aluno": "304(...)57",
                    "nome_aluno": "JOÃO PAULO MARQUES PONTES"
                },
                {
                    "codigo_aluno": "310(...)95",
                    "nome_aluno": "JOSÉ DIOGO MATOS DA SILVA"
                },
                {
                    "codigo_aluno": "305(...)51",
                    "nome_aluno": "JOSÉ MIGUEL DE VASCONCELOS TEIXEIRA"
                },
                {
                    "codigo_aluno": "310(...)65",
                    "nome_aluno": "JOSÉ PEDRO MIRANDA AFONSO"
                },
                {
                    "codigo_aluno": "153(...)85",
                    "nome_aluno": "JOSÉ PEDRO MOURA GUIMARÃES DE SOARES FREITAS"
                },
                {
                    "codigo_aluno": "310(...)63",
                    "nome_aluno": "JULIANA DIAS ESTEVES"
                },
                {
                    "codigo_aluno": "312(...)18",
                    "nome_aluno": "KYRIA LUEGI RUSSELL FEIJÓ"
                },
                {
                    "codigo_aluno": "153(...)46",
                    "nome_aluno": "LARA DIAS DA COSTA"
                },
                {
                    "codigo_aluno": "157(...)12",
                    "nome_aluno": "LARA FAZENDEIRO NUNES"
                },
                {
                    "codigo_aluno": "315(...)91",
                    "nome_aluno": "LARA PAULA BATISTA"
                },
                {
                    "codigo_aluno": "306(...)73",
                    "nome_aluno": "LEANDRO FILIPE FERREIRA MELO"
                },
                {
                    "codigo_aluno": "156(...)50",
                    "nome_aluno": "LEONOR COELHO VIEIRA"
                },
                {
                    "codigo_aluno": "306(...)26",
                    "nome_aluno": "LEONOR CRUZ OLIVEIRA"
                },
                {
                    "codigo_aluno": "154(...)69",
                    "nome_aluno": "LEONOR DE CARVALHO ALÇADA BAPTISTA"
                },
                {
                    "codigo_aluno": "300(...)57",
                    "nome_aluno": "LEONOR FIGUEIREDO ALMEIDA"
                },
                {
                    "codigo_aluno": "315(...)18",
                    "nome_aluno": "LEONOR MACEDO FERREIRA"
                },
                {
                    "codigo_aluno": "154(...)70",
                    "nome_aluno": "LEONOR MIGUEL DA FONSECA PEDROSA"
                },
                {
                    "codigo_aluno": "307(...)96",
                    "nome_aluno": "LEONOR ROCHA AFONSO"
                },
                {
                    "codigo_aluno": "150(...)07",
                    "nome_aluno": "LIANE REGINA ALEXANDRE DE NORONHA SOARES"
                },
                {
                    "codigo_aluno": "302(...)98",
                    "nome_aluno": "LUANA CAMPOS AMORIM"
                },
                {
                    "codigo_aluno": "301(...)27",
                    "nome_aluno": "LUCÍLIA MARIA DOURADO EUSÉBIO"
                },
                {
                    "codigo_aluno": "307(...)54",
                    "nome_aluno": "LUCIO FILIPE SOARES PEREIRA DA SILVA"
                },
                {
                    "codigo_aluno": "157(...)65",
                    "nome_aluno": "LUÍS AFONSO MEDEIROS GARRIDO"
                },
                {
                    "codigo_aluno": "306(...)48",
                    "nome_aluno": "LUÍS CARLOS SILVA VIEIRA"
                },
                {
                    "codigo_aluno": "307(...)94",
                    "nome_aluno": "LUÍS GUILHERME VICENTE PINO"
                },
                {
                    "codigo_aluno": "304(...)48",
                    "nome_aluno": "LUIS PEDRO ROMANO ROCHA"
                },
                {
                    "codigo_aluno": "154(...)13",
                    "nome_aluno": "LUNA BEATRIZ LOPES DE AGUIAR"
                },
                {
                    "codigo_aluno": "315(...)00",
                    "nome_aluno": "MAFALDA FESTAS ANDRÉ"
                },
                {
                    "codigo_aluno": "151(...)26",
                    "nome_aluno": "MAFALDA MARTINS PINTO"
                },
                {
                    "codigo_aluno": "315(...)24",
                    "nome_aluno": "MAGDA ALVES SOARES"
                },
                {
                    "codigo_aluno": "307(...)00",
                    "nome_aluno": "MANUEL AUGUSTO FERNANDES"
                },
                {
                    "codigo_aluno": "300(...)89",
                    "nome_aluno": "MARGARIDA DE SÁ PINTO RIBEIRO VALENTE"
                },
                {
                    "codigo_aluno": "307(...)80",
                    "nome_aluno": "MARGARIDA RIBEIRO COELHO"
                },
                {
                    "codigo_aluno": "153(...)89",
                    "nome_aluno": "MARIA ANTONIA DE FREITAS ANDRADE"
                },
                {
                    "codigo_aluno": "302(...)75",
                    "nome_aluno": "MARIA ANTUNES RAMADA"
                },
                {
                    "codigo_aluno": "152(...)21",
                    "nome_aluno": "MARIA CAROLINA TEIXEIRA RIBEIRO"
                },
                {
                    "codigo_aluno": "315(...)41",
                    "nome_aluno": "MARIA DE ASSIS CAVADINHA JERÓNIMO ALMEIDA"
                },
                {
                    "codigo_aluno": "156(...)01",
                    "nome_aluno": "MARIA DO ROSÁRIO PESTANA DE VASCONCELOS RONCON DE ALBUQUERQUE"
                },
                {
                    "codigo_aluno": "153(...)32",
                    "nome_aluno": "MARIA DO ROSÁRIO PINTO GUIMARÃES DE CASTRO MENDONÇA"
                },
                {
                    "codigo_aluno": "307(...)09",
                    "nome_aluno": "MARIA DOMINGAS NORONHA MENEZES GOMES SALDANHA"
                },
                {
                    "codigo_aluno": "159(...)47",
                    "nome_aluno": "MARIA EDUARDA DIAS SOARES"
                },
                {
                    "codigo_aluno": "330(...)53",
                    "nome_aluno": "MARIA FERNANDA SIQUEIRA COSTA"
                },
                {
                    "codigo_aluno": "151(...)14",
                    "nome_aluno": "MARIA FRANÇA FURTADO"
                },
                {
                    "codigo_aluno": "155(...)89",
                    "nome_aluno": "MARIA FRANCISCA MARQUES FERREIRA DA SILVA"
                },
                {
                    "codigo_aluno": "304(...)31",
                    "nome_aluno": "MARIA FRANCISCA RASTEIRO SEIXAS"
                },
                {
                    "codigo_aluno": "309(...)98",
                    "nome_aluno": "MARIA INÊS DE JESUS COELHO"
                },
                {
                    "codigo_aluno": "307(...)51",
                    "nome_aluno": "MARIA INÊS GONÇALVES DE SOUSA LEÃO"
                },
                {
                    "codigo_aluno": "154(...)91",
                    "nome_aluno": "MARIA INÊS MARTINS SILVA"
                },
                {
                    "codigo_aluno": "156(...)05",
                    "nome_aluno": "MARIA INES RIBEIRO DA SILVA HENRIQUES"
                },
                {
                    "codigo_aluno": "154(...)84",
                    "nome_aluno": "MARIA JOANA MAGINA DA SILVA RAMOS"
                },
                {
                    "codigo_aluno": "158(...)14",
                    "nome_aluno": "MARIA JOÃO ABREU PEREIRA"
                },
                {
                    "codigo_aluno": "307(...)81",
                    "nome_aluno": "MARIA JOÃO ALVES BARBOSA"
                },
                {
                    "codigo_aluno": "301(...)07",
                    "nome_aluno": "MARIA JOÃO DE OLIVEIRA TORRES PINHEIRO"
                },
                {
                    "codigo_aluno": "153(...)64",
                    "nome_aluno": "MARIA JOÃO FANGUEIRO DA SILVA"
                },
                {
                    "codigo_aluno": "304(...)57",
                    "nome_aluno": "MARIA LEONOR CORREIA NOVAIS DA SILVA VEIGA"
                },
                {
                    "codigo_aluno": "159(...)05",
                    "nome_aluno": "MARIA LUÍS FERREIRA LEITE DE RESENDE"
                },
                {
                    "codigo_aluno": "159(...)57",
                    "nome_aluno": "MARIA MARGARIDA MOTA DA SILVA GUERRA CARVALHO"
                },
                {
                    "codigo_aluno": "153(...)88",
                    "nome_aluno": "MARIA MARTINES DA SILVA OLIVEIRA BIZARRO"
                },
                {
                    "codigo_aluno": "151(...)74",
                    "nome_aluno": "MARIA MIGUEL COVINHA RIGOR"
                },
                {
                    "codigo_aluno": "156(...)04",
                    "nome_aluno": "MARIA MIGUEL MOITAS GARCIA"
                },
                {
                    "codigo_aluno": "153(...)48",
                    "nome_aluno": "MARIA NOGUEIRA DA HORA SANTOS"
                },
                {
                    "codigo_aluno": "303(...)21",
                    "nome_aluno": "MARIA PEREIRA MACHADO DE OLIVEIRA"
                },
                {
                    "codigo_aluno": "306(...)49",
                    "nome_aluno": "MARIA PLÁCIDO DA SILVA FERREIRA"
                },
                {
                    "codigo_aluno": "308(...)89",
                    "nome_aluno": "MARIA RITA BENTES FERREIRA DOS SANTOS PEREIRA"
                },
                {
                    "codigo_aluno": "308(...)36",
                    "nome_aluno": "MARIA RITA DE JESUS MARTINS"
                },
                {
                    "codigo_aluno": "154(...)93",
                    "nome_aluno": "MARIA RITA SILVA GRADIM CAMPINHO"
                },
                {
                    "codigo_aluno": "156(...)31",
                    "nome_aluno": "MARIA SUSANA GOMES MARQUES DE ALMEIDA"
                },
                {
                    "codigo_aluno": "157(...)96",
                    "nome_aluno": "MARIANA AZEVEDO FERREIRA"
                },
                {
                    "codigo_aluno": "155(...)95",
                    "nome_aluno": "MARIANA CAMPOS MONTEIRO"
                },
                {
                    "codigo_aluno": "314(...)37",
                    "nome_aluno": "MARIANA GONÇALVES MENA"
                },
                {
                    "codigo_aluno": "314(...)02",
                    "nome_aluno": "MARIANA MARTINS DE FIGUEIREDO"
                },
                {
                    "codigo_aluno": "158(...)44",
                    "nome_aluno": "MARIANA MENDES ALVES DE OLIVEIRA"
                },
                {
                    "codigo_aluno": "307(...)77",
                    "nome_aluno": "MARIANA MIGUEL PEREIRA VIEIRA"
                },
                {
                    "codigo_aluno": "147(...)38",
                    "nome_aluno": "MARIANA TORRÃO FERREIRA"
                },
                {
                    "codigo_aluno": "154(...)30",
                    "nome_aluno": "MARIANA VAZ DE SOUSA"
                },
                {
                    "codigo_aluno": "306(...)34",
                    "nome_aluno": "MARIO AMARAL SÁNCHEZ"
                },
                {
                    "codigo_aluno": "303(...)94",
                    "nome_aluno": "MARISA PEREIRA GONÇALVES"
                },
                {
                    "codigo_aluno": "303(...)54",
                    "nome_aluno": "MARTA DE FARIAS CORREIA"
                },
                {
                    "codigo_aluno": "157(...)71",
                    "nome_aluno": "MARTIM ISIDRO MONTEIRO DA SILVA"
                },
                {
                    "codigo_aluno": "153(...)61",
                    "nome_aluno": "MARTIM MARIA FÉLIX SOBRAL CAINÉ"
                },
                {
                    "codigo_aluno": "151(...)48",
                    "nome_aluno": "MATEUS BENTO CORREIA"
                },
                {
                    "codigo_aluno": "309(...)85",
                    "nome_aluno": "MATEUS PEDRO ALVES LOURO"
                },
                {
                    "codigo_aluno": "302(...)20",
                    "nome_aluno": "MATILDE AGUIAR RIBEIRO"
                },
                {
                    "codigo_aluno": "301(...)60",
                    "nome_aluno": "MATILDE CRUZ MENDES"
                },
                {
                    "codigo_aluno": "156(...)39",
                    "nome_aluno": "MATILDE DE FIGUEIREDO PAZ"
                },
                {
                    "codigo_aluno": "151(...)19",
                    "nome_aluno": "MATILDE DE SOUSA OLIVEIRA FONSECA"
                },
                {
                    "codigo_aluno": "308(...)22",
                    "nome_aluno": "MATILDE GOMES NOGUEIRA"
                },
                {
                    "codigo_aluno": "152(...)37",
                    "nome_aluno": "MATILDE GUIMARÃES FONSECA CARDOSO DE ARAÚJO"
                },
                {
                    "codigo_aluno": "151(...)65",
                    "nome_aluno": "MATILDE MARTINS PINTO"
                },
                {
                    "codigo_aluno": "152(...)37",
                    "nome_aluno": "MATILDE MENDES SANTOS"
                },
                {
                    "codigo_aluno": "240(...)06",
                    "nome_aluno": "MIGUEL CINTRA BRAZ"
                },
                {
                    "codigo_aluno": "302(...)58",
                    "nome_aluno": "MIGUEL FONSECA GONÇALVES"
                },
                {
                    "codigo_aluno": "157(...)04",
                    "nome_aluno": "MIGUEL MAIA DE SOUSA LOPES"
                },
                {
                    "codigo_aluno": "152(...)35",
                    "nome_aluno": "MIGUEL PIMENTA DE SOUSA"
                },
                {
                    "codigo_aluno": "309(...)71",
                    "nome_aluno": "MIGUEL RAMOS LEITE CARVALHO NETO"
                },
                {
                    "codigo_aluno": "314(...)64",
                    "nome_aluno": "MIGUEL TEIXEIRA COELHO"
                },
                {
                    "codigo_aluno": "308(...)63",
                    "nome_aluno": "MIRIAM CRUZ PEREIRA"
                },
                {
                    "codigo_aluno": "156(...)20",
                    "nome_aluno": "NÁDIA JESUS CARVALHO MENDES"
                },
                {
                    "codigo_aluno": "159(...)36",
                    "nome_aluno": "NÁDIA SOUSA FONSECA"
                },
                {
                    "codigo_aluno": "154(...)68",
                    "nome_aluno": "NUNO HENRIQUE LINHAS E MARQUES"
                },
                {
                    "codigo_aluno": "303(...)45",
                    "nome_aluno": "NUNO MIGUEL RODRIGUES SILVA DE ARAÚJO OLIVEIRA"
                },
                {
                    "codigo_aluno": "151(...)40",
                    "nome_aluno": "PEDRO FARIA DIAS DE CARVALHO"
                },
                {
                    "codigo_aluno": "154(...)10",
                    "nome_aluno": "PEDRO TEIXEIRA DE OLIVEIRA"
                },
                {
                    "codigo_aluno": "307(...)73",
                    "nome_aluno": "RAFAEL ALEXANDRE AVELANS LEMOS"
                },
                {
                    "codigo_aluno": "305(...)72",
                    "nome_aluno": "RAFAEL DE CARVALHO E OLIVEIRA"
                },
                {
                    "codigo_aluno": "308(...)59",
                    "nome_aluno": "RAFAELA DA SILVA FERNANDES"
                },
                {
                    "codigo_aluno": "157(...)65",
                    "nome_aluno": "RAFAELA DE OLIVEIRA MIRANDA FERREIRA"
                },
                {
                    "codigo_aluno": "154(...)43",
                    "nome_aluno": "RAFAELA GEADA PAULINO PINTO CAMBOA"
                },
                {
                    "codigo_aluno": "303(...)21",
                    "nome_aluno": "RAÚL AFONSO ALMEIDA MARQUES LUÍS"
                },
                {
                    "codigo_aluno": "151(...)34",
                    "nome_aluno": "RICARDO ALVES MOTA"
                },
                {
                    "codigo_aluno": "315(...)18",
                    "nome_aluno": "RICARDO FERNANDES OLIVEIRA"
                },
                {
                    "codigo_aluno": "153(...)18",
                    "nome_aluno": "RITA AMORIM CRISTA CORTÊS E SÁ"
                },
                {
                    "codigo_aluno": "310(...)93",
                    "nome_aluno": "RITA CARVALHAL OLIVEIRA ALVES"
                },
                {
                    "codigo_aluno": "302(...)87",
                    "nome_aluno": "RITA CUNHA ALMEIDA"
                },
                {
                    "codigo_aluno": "309(...)78",
                    "nome_aluno": "RITA DOS SANTOS SOBRAL"
                },
                {
                    "codigo_aluno": "303(...)73",
                    "nome_aluno": "RITA ESCUDEIRO DE SOUSA"
                },
                {
                    "codigo_aluno": "156(...)76",
                    "nome_aluno": "RITA MADUREIRA VALE GONÇALVES NUNES"
                },
                {
                    "codigo_aluno": "310(...)94",
                    "nome_aluno": "RITA MANUELA PEREIRA FERREIRA"
                },
                {
                    "codigo_aluno": "309(...)42",
                    "nome_aluno": "RITA OLIVEIRA PAIS"
                },
                {
                    "codigo_aluno": "306(...)50",
                    "nome_aluno": "RITA PLÁCIDO DA SILVA FERREIRA"
                },
                {
                    "codigo_aluno": "153(...)85",
                    "nome_aluno": "RITA RAMOS OLIVEIRA"
                },
                {
                    "codigo_aluno": "158(...)43",
                    "nome_aluno": "RITA SÃO TOMÁS DE PERES MAGALHÃES"
                },
                {
                    "codigo_aluno": "308(...)62",
                    "nome_aluno": "RODRIGO ABEL ESTEVES BATISTA"
                },
                {
                    "codigo_aluno": "159(...)35",
                    "nome_aluno": "RODRIGO CARVALHO VIEIRA"
                },
                {
                    "codigo_aluno": "309(...)45",
                    "nome_aluno": "RODRIGO DA SILVA CORDEIRO MARTINS SOBRAL"
                },
                {
                    "codigo_aluno": "314(...)94",
                    "nome_aluno": "RODRIGO MEDEIROS PAIVA"
                },
                {
                    "codigo_aluno": "310(...)94",
                    "nome_aluno": "RODRIGO PISCO CLARO"
                },
                {
                    "codigo_aluno": "310(...)37",
                    "nome_aluno": "RODRIGO SANTOS LOBATO GALARICHA GARRIDO"
                },
                {
                    "codigo_aluno": "300(...)45",
                    "nome_aluno": "RODRIGO TEIXEIRA GUEDES"
                },
                {
                    "codigo_aluno": "152(...)23",
                    "nome_aluno": "RODRIGO VILAR DA SILVA FIGUEIREDO"
                },
                {
                    "codigo_aluno": "155(...)88",
                    "nome_aluno": "ROSÁLIA INÊS SÁ DE SOUSA"
                },
                {
                    "codigo_aluno": "308(...)88",
                    "nome_aluno": "RUI FILIPE RODRIGUES PIRES"
                },
                {
                    "codigo_aluno": "307(...)66",
                    "nome_aluno": "RUI JORGE BADIM PINTO"
                },
                {
                    "codigo_aluno": "151(...)07",
                    "nome_aluno": "SALVADOR JORGE DA SILVA LOPES"
                },
                {
                    "codigo_aluno": "329(...)95",
                    "nome_aluno": "SARA COUTO DA SILVA"
                },
                {
                    "codigo_aluno": "315(...)47",
                    "nome_aluno": "SARA FILIPA FONTES CARDOSO"
                },
                {
                    "codigo_aluno": "154(...)81",
                    "nome_aluno": "SARA MOREIRA PIMENTEL"
                },
                {
                    "codigo_aluno": "306(...)12",
                    "nome_aluno": "SARA PATRÍCIA DE SÁ BELEZA"
                },
                {
                    "codigo_aluno": "316(...)06",
                    "nome_aluno": "SARA SANTOS REIS MACHADO"
                },
                {
                    "codigo_aluno": "300(...)59",
                    "nome_aluno": "SARA SANTOS SILVA"
                },
                {
                    "codigo_aluno": "152(...)20",
                    "nome_aluno": "SARA ULLIBARRI PASSEIRA"
                },
                {
                    "codigo_aluno": "153(...)58",
                    "nome_aluno": "SELMA NEJMEDDINE"
                },
                {
                    "codigo_aluno": "156(...)70",
                    "nome_aluno": "SOFIA ALEXANDRA MARTINHO BALTAREJO"
                },
                {
                    "codigo_aluno": "154(...)11",
                    "nome_aluno": "SOFIA LOPES DE PORTOCARREIRO E SOVERAL"
                },
                {
                    "codigo_aluno": "309(...)63",
                    "nome_aluno": "SOFIA NOGUEIRA MARTINS DIAS"
                },
                {
                    "codigo_aluno": "304(...)55",
                    "nome_aluno": "SOFIA RAMIRES OUTOR"
                },
                {
                    "codigo_aluno": "313(...)39",
                    "nome_aluno": "SOFIA RODRIGUES LOPES"
                },
                {
                    "codigo_aluno": "152(...)72",
                    "nome_aluno": "TAISSA RAFAELA RAPOSO PEREIRA"
                },
                {
                    "codigo_aluno": "313(...)28",
                    "nome_aluno": "TATIANA SANTOS PEREIRA"
                },
                {
                    "codigo_aluno": "311(...)18",
                    "nome_aluno": "TERESA GUARDIANO PINTO LEITE"
                },
                {
                    "codigo_aluno": "153(...)91",
                    "nome_aluno": "TERESA RAMOS OLIVEIRA"
                },
                {
                    "codigo_aluno": "310(...)37",
                    "nome_aluno": "THIAGO MARIANO DE OLIVEIRA CORRÊA"
                },
                {
                    "codigo_aluno": "304(...)07",
                    "nome_aluno": "TIAGO FILIPE SOUSA DA SILVA"
                },
                {
                    "codigo_aluno": "304(...)76",
                    "nome_aluno": "TIAGO MANUEL TOMÉ VAZ"
                },
                {
                    "codigo_aluno": "156(...)42",
                    "nome_aluno": "TIAGO SANTOS RORIZ"
                },
                {
                    "codigo_aluno": "304(...)54",
                    "nome_aluno": "TOMÁS COELHO CHAVES"
                },
                {
                    "codigo_aluno": "304(...)37",
                    "nome_aluno": "TOMÁS DOS SANTOS CRACEL FERNANDES"
                },
                {
                    "codigo_aluno": "240(...)11",
                    "nome_aluno": "VICTOR RESENDE COELHO"
                },
                {
                    "codigo_aluno": "312(...)17",
                    "nome_aluno": "VÍTOR PACHECO ENGLER"
                },
                {
                    "codigo_aluno": "150(...)92",
                    "nome_aluno": "VIVIEN DUARTE"
                }
            ]
        },
        {
            "codigo_curso": "L307",
            "nome_curso": "L307 - Saúde Digital e Inovação Biomédica",
            "colocados": [
                {
                    "codigo_aluno": "152(...)16",
                    "nome_aluno": "AFONSO LUÍS ESTEVES COELHO"
                },
                {
                    "codigo_aluno": "308(...)72",
                    "nome_aluno": "AFONSO SILVA E MOURA"
                },
                {
                    "codigo_aluno": "153(...)53",
                    "nome_aluno": "ALEXANDRA AZEVEDO VIEIRA LEITÃO"
                },
                {
                    "codigo_aluno": "154(...)55",
                    "nome_aluno": "ANA BEATRIZ CASTRO SANTOS"
                },
                {
                    "codigo_aluno": "157(...)00",
                    "nome_aluno": "ANA BEATRIZ DA SILVA COUTO"
                },
                {
                    "codigo_aluno": "310(...)19",
                    "nome_aluno": "ANA BEATRIZ MARTINS"
                },
                {
                    "codigo_aluno": "306(...)11",
                    "nome_aluno": "ANA CATARINA CAMPOS NOGUEIRA"
                },
                {
                    "codigo_aluno": "309(...)20",
                    "nome_aluno": "ANA LUÍSA MIRA DOS REIS"
                },
                {
                    "codigo_aluno": "303(...)53",
                    "nome_aluno": "ANA PEDRO NUNES ROMÃO FERREIRA SEBASTIÃO"
                },
                {
                    "codigo_aluno": "151(...)52",
                    "nome_aluno": "ANABELA MORAIS PEREIRA"
                },
                {
                    "codigo_aluno": "158(...)97",
                    "nome_aluno": "BERNARDO GOMES AZEVEDO"
                },
                {
                    "codigo_aluno": "156(...)90",
                    "nome_aluno": "CARLOTA DE CASTRO RIBEIRO E PEREIRA SOBRAL"
                },
                {
                    "codigo_aluno": "300(...)98",
                    "nome_aluno": "CAROLINA AZEVEDO PINTO"
                },
                {
                    "codigo_aluno": "306(...)77",
                    "nome_aluno": "CATARINA BÁRBARA COSTA TRIGO"
                },
                {
                    "codigo_aluno": "153(...)71",
                    "nome_aluno": "CATARINA SOFIA SOUSA PINHEIRO"
                },
                {
                    "codigo_aluno": "156(...)32",
                    "nome_aluno": "DIANA JUDITE XAVIER GALHARDO"
                },
                {
                    "codigo_aluno": "311(...)11",
                    "nome_aluno": "FRANCISCO COSTA MARTINS BARRIAS"
                },
                {
                    "codigo_aluno": "307(...)94",
                    "nome_aluno": "GONÇALO DINIS MARTINS RODRIGUES"
                },
                {
                    "codigo_aluno": "153(...)73",
                    "nome_aluno": "GUILHERME RAMOS SILVA"
                },
                {
                    "codigo_aluno": "156(...)60",
                    "nome_aluno": "INÊS RAMOS ESPERANÇA DA SILVA"
                },
                {
                    "codigo_aluno": "155(...)64",
                    "nome_aluno": "JOANA PEDREIRA DE VASCONCELOS MONTEIRO"
                },
                {
                    "codigo_aluno": "151(...)07",
                    "nome_aluno": "LETÍCIA LOPEZ MAGALHÃES BORGES INÁCIO"
                },
                {
                    "codigo_aluno": "317(...)32",
                    "nome_aluno": "MARCELO AGOSTINHO PEREIRA BRASIELA"
                },
                {
                    "codigo_aluno": "303(...)12",
                    "nome_aluno": "MARGARIDA AFONSO DIAS"
                },
                {
                    "codigo_aluno": "153(...)60",
                    "nome_aluno": "MARIA BEATRIZ TAVARES PINTO"
                },
                {
                    "codigo_aluno": "309(...)36",
                    "nome_aluno": "MARIA CATARINA PINTO TAVARES FARIA"
                },
                {
                    "codigo_aluno": "305(...)20",
                    "nome_aluno": "MARIA CLARA FRANCISCO CARNEIRO"
                },
                {
                    "codigo_aluno": "156(...)30",
                    "nome_aluno": "MARIA HELENA SOARES ROCHA DA SILVA"
                },
                {
                    "codigo_aluno": "147(...)60",
                    "nome_aluno": "MARIA LEONOR FREITAS GOMES PINTO DE ALMEIDA"
                },
                {
                    "codigo_aluno": "302(...)29",
                    "nome_aluno": "MARIA MIGUEL SILVA VAZ RIBEIRO SAMPAIO"
                },
                {
                    "codigo_aluno": "307(...)17",
                    "nome_aluno": "MARIANA GARCÊS CORREIA"
                },
                {
                    "codigo_aluno": "156(...)74",
                    "nome_aluno": "MATILDE DA SILVA PEREIRA"
                },
                {
                    "codigo_aluno": "152(...)50",
                    "nome_aluno": "SARA MARIA CAETANO MOREIRA"
                },
                {
                    "codigo_aluno": "314(...)27",
                    "nome_aluno": "SARA RAQUEL FERREIRA LOURENÇO"
                },
                {
                    "codigo_aluno": "301(...)14",
                    "nome_aluno": "VASCO RAFAEL DOMINGUES TAVARES"
                }
            ]
        }
    ]
}