{
    "codigo_universidade": "0505",
    "nome_universidade": "0505 - Universidade de Coimbra - Faculdade de Letras",
    "cursos": [
        {
            "codigo_curso": "9006",
            "nome_curso": "9006 - Arqueologia",
            "colocados": [
                {
                    "codigo_aluno": "315(...)27",
                    "nome_aluno": "ALEXANDRE DANIEL TEIXEIRA ALMEIDA"
                },
                {
                    "codigo_aluno": "304(...)84",
                    "nome_aluno": "ALEXANDRE PIMENTEL BORGES"
                },
                {
                    "codigo_aluno": "302(...)35",
                    "nome_aluno": "ANA BEATRIZ BARBEIRO CASIMIRO"
                },
                {
                    "codigo_aluno": "313(...)77",
                    "nome_aluno": "BEATRIZ SOFIA HENRIQUES MARQUES"
                },
                {
                    "codigo_aluno": "153(...)03",
                    "nome_aluno": "BRUNO TOMÁS CALISTO TERLICA DUARTE ALMEIDA"
                },
                {
                    "codigo_aluno": "180(...)82",
                    "nome_aluno": "CAROL MICHELINE PEREIRA DE QUEIROZ"
                },
                {
                    "codigo_aluno": "150(...)18",
                    "nome_aluno": "DANIEL FILIPE DE JESUS COUTO"
                },
                {
                    "codigo_aluno": "154(...)14",
                    "nome_aluno": "EDUARDO JORGE ALVES CAVALEIRO"
                },
                {
                    "codigo_aluno": "305(...)89",
                    "nome_aluno": "FILIPE NUNES CABRAL"
                },
                {
                    "codigo_aluno": "157(...)68",
                    "nome_aluno": "FRANCISCO MIGUEL JORGE ANTUNES"
                },
                {
                    "codigo_aluno": "309(...)88",
                    "nome_aluno": "JOÃO AFONSO FILIPE FELÍCIA"
                },
                {
                    "codigo_aluno": "310(...)22",
                    "nome_aluno": "LUÍS PEDRO DE MELO CASTANHEIRA"
                },
                {
                    "codigo_aluno": "159(...)91",
                    "nome_aluno": "LUÍSA CALERES ESTUDANTE"
                },
                {
                    "codigo_aluno": "304(...)02",
                    "nome_aluno": "MARIA CLARA DOS SANTOS GOMES"
                },
                {
                    "codigo_aluno": "309(...)90",
                    "nome_aluno": "MARIA DE LURDES ÁRIAS CAMPOS DOS SANTOS"
                },
                {
                    "codigo_aluno": "324(...)72",
                    "nome_aluno": "MARIA EDUARDA RODRIGUES BARBOSA"
                },
                {
                    "codigo_aluno": "301(...)15",
                    "nome_aluno": "MARIA LEONOR DE JESUS MAGANO"
                },
                {
                    "codigo_aluno": "304(...)02",
                    "nome_aluno": "MARTA NOVO PAIVA"
                },
                {
                    "codigo_aluno": "306(...)64",
                    "nome_aluno": "RAQUEL ABREU DA CRUZ"
                },
                {
                    "codigo_aluno": "304(...)20",
                    "nome_aluno": "ROGÉRIO FILIPE LEAL RODRIGUES"
                },
                {
                    "codigo_aluno": "313(...)68",
                    "nome_aluno": "SEBASTIÃO GILBERTO MARQUES"
                },
                {
                    "codigo_aluno": "306(...)88",
                    "nome_aluno": "SIMÃO LOPES COSTA"
                },
                {
                    "codigo_aluno": "157(...)43",
                    "nome_aluno": "SOFIA CAROLINA HORTA E VALE Y FONSECA"
                },
                {
                    "codigo_aluno": "311(...)53",
                    "nome_aluno": "TOMÁS SEGADÃES PACHECO"
                },
                {
                    "codigo_aluno": "309(...)03",
                    "nome_aluno": "VERÓNICA SOFIA COSTA RODRIGUES"
                },
                {
                    "codigo_aluno": "310(...)12",
                    "nome_aluno": "XAVIER GOMES ARRANZ FAUSTINO"
                }
            ]
        },
        {
            "codigo_curso": "9694",
            "nome_curso": "9694 - Ciência da Informação",
            "colocados": [
                {
                    "codigo_aluno": "240(...)06",
                    "nome_aluno": "AISHA CAUANE ESTRELA BISPO"
                },
                {
                    "codigo_aluno": "304(...)15",
                    "nome_aluno": "ANA RITA OLIVEIRA PEREIRA"
                },
                {
                    "codigo_aluno": "317(...)82",
                    "nome_aluno": "BEATRIZ SILVA MARAVALHAS"
                },
                {
                    "codigo_aluno": "309(...)94",
                    "nome_aluno": "BERNARDO MANUEL DOS SANTOS SILVA"
                },
                {
                    "codigo_aluno": "322(...)53",
                    "nome_aluno": "BIANCA TEIXEIRA DE OLIVEIRA"
                },
                {
                    "codigo_aluno": "156(...)26",
                    "nome_aluno": "DANIELA SOFIA HENRIQUES DE BRITO"
                },
                {
                    "codigo_aluno": "240(...)29",
                    "nome_aluno": "HELOÍSA LINHARES FELIPPE"
                },
                {
                    "codigo_aluno": "304(...)55",
                    "nome_aluno": "INÊS SOFIA FILIPE NEVES"
                },
                {
                    "codigo_aluno": "306(...)53",
                    "nome_aluno": "JÉSSICA DANIELA PURIFICAÇÃO GONÇALVES"
                },
                {
                    "codigo_aluno": "152(...)96",
                    "nome_aluno": "JOANA MARQUES PESSOA"
                },
                {
                    "codigo_aluno": "153(...)17",
                    "nome_aluno": "JOÃO FRANCISCO LOURENÇO FLAUSINO"
                },
                {
                    "codigo_aluno": "306(...)03",
                    "nome_aluno": "LARA MARTINS ARAÚJO"
                },
                {
                    "codigo_aluno": "317(...)11",
                    "nome_aluno": "LAURA CORREIA GURATE"
                },
                {
                    "codigo_aluno": "154(...)17",
                    "nome_aluno": "LEONOR LAPA COELHO CARVALHEIRO"
                },
                {
                    "codigo_aluno": "154(...)60",
                    "nome_aluno": "LIA VENTURA DA SILVA RUIVACO"
                },
                {
                    "codigo_aluno": "312(...)65",
                    "nome_aluno": "LUISA FILOMENA FERREIRA SOTOMAIOR"
                },
                {
                    "codigo_aluno": "300(...)78",
                    "nome_aluno": "MARGARIDA FERREIRA DE ALMEIDA"
                },
                {
                    "codigo_aluno": "240(...)05",
                    "nome_aluno": "MARIA EDUARDA SANTOS AGUILAR"
                },
                {
                    "codigo_aluno": "317(...)73",
                    "nome_aluno": "MÁRIO JOÃO FERREIRA VIEIRA"
                },
                {
                    "codigo_aluno": "308(...)63",
                    "nome_aluno": "MARTA MADRUGA LOPES"
                },
                {
                    "codigo_aluno": "157(...)82",
                    "nome_aluno": "MARTA SOFIA RIBAS PINTASSILGO"
                },
                {
                    "codigo_aluno": "311(...)37",
                    "nome_aluno": "MIGUEL ÂNGELO PATO DO CARMO"
                },
                {
                    "codigo_aluno": "314(...)64",
                    "nome_aluno": "RAISSA DE FÁTIMA SOUSA ARAÚJO"
                },
                {
                    "codigo_aluno": "150(...)94",
                    "nome_aluno": "RAQUEL MIGUEL FERREIRA DE SOUSA AMARAL CHAVES"
                },
                {
                    "codigo_aluno": "314(...)55",
                    "nome_aluno": "RODRIGO VILARINHO BAPTISTA"
                },
                {
                    "codigo_aluno": "240(...)15",
                    "nome_aluno": "SARA VITÓRIA OLIVEIRA DOS SANTOS"
                },
                {
                    "codigo_aluno": "306(...)62",
                    "nome_aluno": "TOMÉ INÁCIO MADEIRA"
                },
                {
                    "codigo_aluno": "152(...)61",
                    "nome_aluno": "VERÓNICA MARGARIDA SIMÕES OLIVEIRA"
                },
                {
                    "codigo_aluno": "325(...)69",
                    "nome_aluno": "VICTÓRIA COSTA DE MAGALHÃES"
                }
            ]
        },
        {
            "codigo_curso": "9132",
            "nome_curso": "9132 - Estudos Artísticos",
            "colocados": [
                {
                    "codigo_aluno": "316(...)73",
                    "nome_aluno": "ADRIANA MARINHO RIBAS DE MATOS"
                },
                {
                    "codigo_aluno": "156(...)89",
                    "nome_aluno": "ANA SOFIA LIMA MOREIRA"
                },
                {
                    "codigo_aluno": "156(...)97",
                    "nome_aluno": "CAMILA BAPTISTA PEREIRA"
                },
                {
                    "codigo_aluno": "303(...)21",
                    "nome_aluno": "CONSTANÇA MARIA DOS SANTOS PEREIRA"
                },
                {
                    "codigo_aluno": "316(...)79",
                    "nome_aluno": "DENISE ANTUNES FERREIRA MARQUES"
                },
                {
                    "codigo_aluno": "305(...)47",
                    "nome_aluno": "DIOGO MIGUEL DAS NEVES DUARTE"
                },
                {
                    "codigo_aluno": "308(...)45",
                    "nome_aluno": "FABIANA SANTOS SARGAÇO"
                },
                {
                    "codigo_aluno": "156(...)35",
                    "nome_aluno": "FRANCISCO MANUEL TRINCÃO CORDEIRO DE ANDRADE MESQUITA"
                },
                {
                    "codigo_aluno": "159(...)91",
                    "nome_aluno": "GUILHERME MATIAS DINIS FERREIRA"
                },
                {
                    "codigo_aluno": "159(...)04",
                    "nome_aluno": "INÊS CATARINA MAGALHÃES DA SILVA"
                },
                {
                    "codigo_aluno": "302(...)91",
                    "nome_aluno": "JOANA BEATRIZ LUCACIU"
                },
                {
                    "codigo_aluno": "154(...)02",
                    "nome_aluno": "JOAO PEDRO DE OLIVEIRA RENDEIRO E BANDEIRA"
                },
                {
                    "codigo_aluno": "305(...)83",
                    "nome_aluno": "LAURA BONIFÁCIO AFONSO"
                },
                {
                    "codigo_aluno": "157(...)01",
                    "nome_aluno": "LAURA MATOS VIOLA"
                },
                {
                    "codigo_aluno": "309(...)17",
                    "nome_aluno": "LAURA MICAELA COSTA DE OLIVEIRA"
                },
                {
                    "codigo_aluno": "303(...)46",
                    "nome_aluno": "LEONARDO DE OLIVEIRA FERREIRA"
                },
                {
                    "codigo_aluno": "314(...)01",
                    "nome_aluno": "LEONOR ALEXANDRA DE OLIVEIRA CAVALINHOS"
                },
                {
                    "codigo_aluno": "157(...)58",
                    "nome_aluno": "LEONOR CORREIA DE SÁ DOS SANTOS ALVES"
                },
                {
                    "codigo_aluno": "151(...)39",
                    "nome_aluno": "LEONOR GOUVEIA CARRIÇO DE SEQUEIRA SERRA"
                },
                {
                    "codigo_aluno": "306(...)15",
                    "nome_aluno": "LEONOR MARIA PEREIRA GUILHERME PATRICIO"
                },
                {
                    "codigo_aluno": "153(...)74",
                    "nome_aluno": "LEONOR TEIXEIRA SANTOS"
                },
                {
                    "codigo_aluno": "152(...)79",
                    "nome_aluno": "LUANA FERREIRA MESQUITA"
                },
                {
                    "codigo_aluno": "326(...)92",
                    "nome_aluno": "LUNA DE VASCONCELOS CABALLERO"
                },
                {
                    "codigo_aluno": "159(...)17",
                    "nome_aluno": "MADALENA SOFIA BELLO DA SILVEIRA NUNES PACHECO"
                },
                {
                    "codigo_aluno": "154(...)18",
                    "nome_aluno": "MANUEL MARIA DE OLIVEIRA RUANO"
                },
                {
                    "codigo_aluno": "155(...)72",
                    "nome_aluno": "MARGARIDA FERREIRA MARÇAL"
                },
                {
                    "codigo_aluno": "304(...)08",
                    "nome_aluno": "MARGARIDA LOPES GOMES"
                },
                {
                    "codigo_aluno": "301(...)73",
                    "nome_aluno": "MARIA FRANCISCA CARDOSO ALMEIDA"
                },
                {
                    "codigo_aluno": "154(...)91",
                    "nome_aluno": "MARIANA FERREIRA MILHEIRO"
                },
                {
                    "codigo_aluno": "310(...)29",
                    "nome_aluno": "MATILDE ALEXANDRA NUNES ALVES"
                },
                {
                    "codigo_aluno": "156(...)13",
                    "nome_aluno": "MATILDE MATOS MAIA E CUNHA"
                },
                {
                    "codigo_aluno": "151(...)30",
                    "nome_aluno": "MIGUEL CARRONHA GRENHO"
                },
                {
                    "codigo_aluno": "308(...)83",
                    "nome_aluno": "NICOLE CASSANDRA PASCOAL DA SILVA"
                },
                {
                    "codigo_aluno": "310(...)58",
                    "nome_aluno": "OLÍVIA BENTO PINTO"
                },
                {
                    "codigo_aluno": "309(...)11",
                    "nome_aluno": "SARA GONÇALVES FERREIRA"
                },
                {
                    "codigo_aluno": "325(...)69",
                    "nome_aluno": "SUSANA KARINA DE GOUVEIA DE MENDONÇA"
                },
                {
                    "codigo_aluno": "309(...)88",
                    "nome_aluno": "TERESA MARGARIDA NETO FERNANDES"
                },
                {
                    "codigo_aluno": "152(...)21",
                    "nome_aluno": "TIAGO DOS SANTOS CONCEIÇÃO"
                }
            ]
        },
        {
            "codigo_curso": "9133",
            "nome_curso": "9133 - Estudos Clássicos",
            "colocados": [
                {
                    "codigo_aluno": "157(...)49",
                    "nome_aluno": "ADRIANA PEDROSO SILVA"
                },
                {
                    "codigo_aluno": "156(...)83",
                    "nome_aluno": "AFONSO MARTELO NETO"
                },
                {
                    "codigo_aluno": "309(...)23",
                    "nome_aluno": "ALEXANDRA SANTOS FRANCISCO"
                },
                {
                    "codigo_aluno": "240(...)76",
                    "nome_aluno": "ALICE PREZOTTO IANKOWSKI"
                },
                {
                    "codigo_aluno": "307(...)89",
                    "nome_aluno": "ANA MARGARIDA TEIXEIRA MOURA"
                },
                {
                    "codigo_aluno": "157(...)88",
                    "nome_aluno": "BEATRIZ GASPAR LEAL OLIVEIRA ALMEIDA"
                },
                {
                    "codigo_aluno": "155(...)39",
                    "nome_aluno": "BEATRIZ LOPES BAPTISTA"
                },
                {
                    "codigo_aluno": "240(...)03",
                    "nome_aluno": "BERNARDO TEIXEIRA DE LIMA"
                },
                {
                    "codigo_aluno": "240(...)22",
                    "nome_aluno": "CAMILLA PARIOTA"
                },
                {
                    "codigo_aluno": "306(...)13",
                    "nome_aluno": "GUILHERME FERNANDO CARDOSO SOARES"
                },
                {
                    "codigo_aluno": "310(...)16",
                    "nome_aluno": "INÊS DOS SANTOS OLIVEIRA"
                },
                {
                    "codigo_aluno": "159(...)06",
                    "nome_aluno": "JOANA FERNANDES MOTA"
                },
                {
                    "codigo_aluno": "304(...)85",
                    "nome_aluno": "LETICIA ALMEIDA MARTINS"
                },
                {
                    "codigo_aluno": "240(...)19",
                    "nome_aluno": "LUCAS BONANNO COSSI"
                },
                {
                    "codigo_aluno": "313(...)78",
                    "nome_aluno": "MARIA EDUARDA RIBEIRO SILVA"
                },
                {
                    "codigo_aluno": "303(...)69",
                    "nome_aluno": "MATILDE MELO SANTIAGO"
                },
                {
                    "codigo_aluno": "301(...)12",
                    "nome_aluno": "MICAELA SANTOS CARPINTEIRO"
                },
                {
                    "codigo_aluno": "301(...)00",
                    "nome_aluno": "PEDRO PINHO PINTO"
                },
                {
                    "codigo_aluno": "301(...)07",
                    "nome_aluno": "RICARDO MANUEL SILVA SANTOS"
                },
                {
                    "codigo_aluno": "307(...)31",
                    "nome_aluno": "RITA CIPRIANO MELRO"
                },
                {
                    "codigo_aluno": "306(...)30",
                    "nome_aluno": "THOMÁS AUGUSTUS PUJOL PERINI"
                }
            ]
        },
        {
            "codigo_curso": "9135",
            "nome_curso": "9135 - Estudos Europeus",
            "colocados": [
                {
                    "codigo_aluno": "317(...)18",
                    "nome_aluno": "ALINE GABRIELA OLIVEIRA DOS SANTOS SEMEDO"
                },
                {
                    "codigo_aluno": "316(...)88",
                    "nome_aluno": "ANA BÁRBARA RIBEIRO MARTINS"
                },
                {
                    "codigo_aluno": "155(...)91",
                    "nome_aluno": "ANA CAROLINA REIS PACHECO DE SOUSA"
                },
                {
                    "codigo_aluno": "158(...)88",
                    "nome_aluno": "ANA RITA TRINCO DINIZ"
                },
                {
                    "codigo_aluno": "154(...)60",
                    "nome_aluno": "BEATRIZ CAMISÃO TEIXEIRA"
                },
                {
                    "codigo_aluno": "154(...)21",
                    "nome_aluno": "BEATRIZ VITORINO LINO"
                },
                {
                    "codigo_aluno": "300(...)87",
                    "nome_aluno": "BRUNO SANTOS MORAIS LOBATO"
                },
                {
                    "codigo_aluno": "303(...)14",
                    "nome_aluno": "CAROLINA MARQUES TALISCAS"
                },
                {
                    "codigo_aluno": "152(...)19",
                    "nome_aluno": "CAROLINA ROUXINOL ANTUNES SEIXAS FERREIRA"
                },
                {
                    "codigo_aluno": "159(...)79",
                    "nome_aluno": "CLARA ALMEIDA SOUSA"
                },
                {
                    "codigo_aluno": "309(...)61",
                    "nome_aluno": "DANIELA LOPES SIMÕES"
                },
                {
                    "codigo_aluno": "153(...)49",
                    "nome_aluno": "DIANA FILIPA LOPES PENALVA"
                },
                {
                    "codigo_aluno": "155(...)42",
                    "nome_aluno": "ELVIRA INÊS DA SILVA MOREIRA NUNES"
                },
                {
                    "codigo_aluno": "149(...)06",
                    "nome_aluno": "FRANCISCO ANTÓNIO ABREU CAMPOS"
                },
                {
                    "codigo_aluno": "307(...)63",
                    "nome_aluno": "GONÇALO BASTOS ALMEIDA"
                },
                {
                    "codigo_aluno": "306(...)42",
                    "nome_aluno": "GUILHERME BRAGA RODRIGUES DOS SANTOS"
                },
                {
                    "codigo_aluno": "310(...)96",
                    "nome_aluno": "JOANA CARDOSO DE LIMA"
                },
                {
                    "codigo_aluno": "312(...)55",
                    "nome_aluno": "JOANA FILIPA MATIAS VARELA"
                },
                {
                    "codigo_aluno": "317(...)74",
                    "nome_aluno": "JOÃO LUÍS RAMOS SILVA"
                },
                {
                    "codigo_aluno": "152(...)90",
                    "nome_aluno": "JOSÉ MARIA GOMES SIMÕES PEREIRA GONÇALVES"
                },
                {
                    "codigo_aluno": "313(...)80",
                    "nome_aluno": "JÚLIA PINHO E SILVA"
                },
                {
                    "codigo_aluno": "314(...)49",
                    "nome_aluno": "LARA SOFIA GUERREIRO SILVA GOMES"
                },
                {
                    "codigo_aluno": "240(...)04",
                    "nome_aluno": "LAURA VETTORELLO"
                },
                {
                    "codigo_aluno": "308(...)09",
                    "nome_aluno": "MANUEL SARAIVA MOREIRINHAS E GUINA DE MOURA"
                },
                {
                    "codigo_aluno": "309(...)51",
                    "nome_aluno": "MARIA GAIO PROENÇA"
                },
                {
                    "codigo_aluno": "300(...)45",
                    "nome_aluno": "MARIANA DE ALMEIDA MARQUES"
                },
                {
                    "codigo_aluno": "314(...)65",
                    "nome_aluno": "MARIANA GUEDES MENDONÇA"
                },
                {
                    "codigo_aluno": "154(...)59",
                    "nome_aluno": "MARIANA NEVES RODRIGUES"
                },
                {
                    "codigo_aluno": "158(...)07",
                    "nome_aluno": "MARTIM ANTUNES PAULO"
                },
                {
                    "codigo_aluno": "153(...)59",
                    "nome_aluno": "MATILDE BRUNO MENDES SANTOS"
                },
                {
                    "codigo_aluno": "311(...)32",
                    "nome_aluno": "MATILDE INÊS SANTANA COELHO"
                },
                {
                    "codigo_aluno": "311(...)55",
                    "nome_aluno": "RÚNIA SEDNA ANASTÁCIO DA COSTA"
                },
                {
                    "codigo_aluno": "303(...)05",
                    "nome_aluno": "SAMIR NOVAIS JAMAL"
                },
                {
                    "codigo_aluno": "304(...)49",
                    "nome_aluno": "SOFIA DOS SANTOS GONÇALVES"
                },
                {
                    "codigo_aluno": "309(...)89",
                    "nome_aluno": "TIAGO PEREIRA DA SILVA"
                }
            ]
        },
        {
            "codigo_curso": "9139",
            "nome_curso": "9139 - Filosofia",
            "colocados": [
                {
                    "codigo_aluno": "159(...)68",
                    "nome_aluno": "AFONSO MIGUEL CORDEIRO E SILVA"
                },
                {
                    "codigo_aluno": "305(...)96",
                    "nome_aluno": "ANA SILVA LOURENÇO"
                },
                {
                    "codigo_aluno": "307(...)30",
                    "nome_aluno": "ANA SOFIA LEITE GUIMARÃES"
                },
                {
                    "codigo_aluno": "303(...)75",
                    "nome_aluno": "BEATRIZ ALEXANDRA DAS NEVES RODRIGUES"
                },
                {
                    "codigo_aluno": "300(...)24",
                    "nome_aluno": "BERNARDO DE SOUSA ALMEIDA GIRÃO"
                },
                {
                    "codigo_aluno": "153(...)61",
                    "nome_aluno": "BRIANA GALIANO OLIVEIRA"
                },
                {
                    "codigo_aluno": "307(...)07",
                    "nome_aluno": "DANIELA FILIPA PINTO CARDOSO"
                },
                {
                    "codigo_aluno": "309(...)29",
                    "nome_aluno": "DINIS ANTÓNIO FIALHO DUARTE"
                },
                {
                    "codigo_aluno": "240(...)01",
                    "nome_aluno": "GABRIELA DARINI SILVA"
                },
                {
                    "codigo_aluno": "157(...)36",
                    "nome_aluno": "HELENA MAFALDA DA COSTA GOMES"
                },
                {
                    "codigo_aluno": "159(...)40",
                    "nome_aluno": "ISABEL LÍRIO MENDONÇA"
                },
                {
                    "codigo_aluno": "159(...)41",
                    "nome_aluno": "JÚLIO FERREIRA RIBEIRO"
                },
                {
                    "codigo_aluno": "314(...)87",
                    "nome_aluno": "LETÍCIA MARTINHO PECÊGO"
                },
                {
                    "codigo_aluno": "309(...)66",
                    "nome_aluno": "LUCAS CARAMUJO BALSEIRO CORREIA"
                },
                {
                    "codigo_aluno": "310(...)65",
                    "nome_aluno": "LUÍS AFONSO OLIVEIRA CABRAL E DUARTE DE OLIVEIRA"
                },
                {
                    "codigo_aluno": "157(...)05",
                    "nome_aluno": "MADALENA PEREIRA SANTOS"
                },
                {
                    "codigo_aluno": "151(...)10",
                    "nome_aluno": "MARCELO NÓBREGA FERREIRA"
                },
                {
                    "codigo_aluno": "156(...)80",
                    "nome_aluno": "MIGUEL GONÇALVES DE CARVALHO ANTONINHO FERNANDES"
                },
                {
                    "codigo_aluno": "315(...)50",
                    "nome_aluno": "MIGUEL VAZ MATOS"
                },
                {
                    "codigo_aluno": "240(...)06",
                    "nome_aluno": "OHANA DE SOUSA MELO"
                },
                {
                    "codigo_aluno": "240(...)01",
                    "nome_aluno": "ORLANDO DE JESUS LUVELENGUE GERVÁSIO"
                },
                {
                    "codigo_aluno": "240(...)02",
                    "nome_aluno": "REGINALDO LUEMBA MORAO"
                },
                {
                    "codigo_aluno": "317(...)51",
                    "nome_aluno": "RODRIGO MANUEL ALVES FONSECA"
                },
                {
                    "codigo_aluno": "301(...)08",
                    "nome_aluno": "TIAGO PEREIRA ROLO"
                },
                {
                    "codigo_aluno": "306(...)65",
                    "nome_aluno": "TIAGO RAFAEL ANDRADE DE ALMEIDA"
                },
                {
                    "codigo_aluno": "310(...)15",
                    "nome_aluno": "TOMÁS DUARTE DOS SANTOS GOMES"
                },
                {
                    "codigo_aluno": "159(...)68",
                    "nome_aluno": "VANESSA BAHIA PASCOAL"
                }
            ]
        },
        {
            "codigo_curso": "9143",
            "nome_curso": "9143 - Geografia",
            "colocados": [
                {
                    "codigo_aluno": "300(...)35",
                    "nome_aluno": "ADRIANO DINIS MARQUES"
                },
                {
                    "codigo_aluno": "152(...)02",
                    "nome_aluno": "AFONSO RODRIGUES"
                },
                {
                    "codigo_aluno": "159(...)54",
                    "nome_aluno": "ALBERTO DOS SANTOS TEIXEIRA ANGÈLICO CHOUPINA"
                },
                {
                    "codigo_aluno": "301(...)04",
                    "nome_aluno": "ALEXANDRE MIGUEL GARCIA COELHO"
                },
                {
                    "codigo_aluno": "300(...)32",
                    "nome_aluno": "ANA BEATRIZ CARVALHO DIAS"
                },
                {
                    "codigo_aluno": "300(...)33",
                    "nome_aluno": "ANA BEATRIZ SOUSA GOMES"
                },
                {
                    "codigo_aluno": "307(...)21",
                    "nome_aluno": "ANA CAROLINA FEIJÓ NAMORA ESPERANÇO"
                },
                {
                    "codigo_aluno": "312(...)86",
                    "nome_aluno": "ANA MARIA ISIDORO RELVÃO"
                },
                {
                    "codigo_aluno": "300(...)45",
                    "nome_aluno": "ANGELINA DOS REIS FARIA"
                },
                {
                    "codigo_aluno": "305(...)42",
                    "nome_aluno": "BÁRBARA CARVALHO MESQUITA"
                },
                {
                    "codigo_aluno": "307(...)35",
                    "nome_aluno": "BEATRIZ DELGADO REGUEIRA"
                },
                {
                    "codigo_aluno": "312(...)64",
                    "nome_aluno": "BEATRIZ SOUSA PINTO PEREIRA"
                },
                {
                    "codigo_aluno": "302(...)02",
                    "nome_aluno": "BENEDITA AGUIAR LOPES"
                },
                {
                    "codigo_aluno": "309(...)91",
                    "nome_aluno": "BERNARDO LOPES BRITO CORREIA"
                },
                {
                    "codigo_aluno": "305(...)89",
                    "nome_aluno": "BRUNO JOSÉ SALGUEIRO DA SILVA"
                },
                {
                    "codigo_aluno": "308(...)95",
                    "nome_aluno": "CAROLINA FILIPA AFONSO ANTUNES"
                },
                {
                    "codigo_aluno": "300(...)59",
                    "nome_aluno": "CATARINA LOPES HELENO SALVADOR"
                },
                {
                    "codigo_aluno": "314(...)63",
                    "nome_aluno": "CATARINA MACHADO GONÇALVES"
                },
                {
                    "codigo_aluno": "306(...)50",
                    "nome_aluno": "DANIEL SIMÕES TAVARES"
                },
                {
                    "codigo_aluno": "151(...)19",
                    "nome_aluno": "DANY GONÇALVES PETRUZ"
                },
                {
                    "codigo_aluno": "305(...)09",
                    "nome_aluno": "DAVID MANUEL DOS SANTOS BORGES"
                },
                {
                    "codigo_aluno": "152(...)74",
                    "nome_aluno": "DINIS MORAIS ROCHA"
                },
                {
                    "codigo_aluno": "306(...)48",
                    "nome_aluno": "DIOGO RAMOS MATOS DOS SANTOS"
                },
                {
                    "codigo_aluno": "305(...)56",
                    "nome_aluno": "DUARTE GARCIA FERREIRA CABETE"
                },
                {
                    "codigo_aluno": "307(...)21",
                    "nome_aluno": "EVA DA ROCHA LOUREIRO"
                },
                {
                    "codigo_aluno": "309(...)03",
                    "nome_aluno": "FRANCISCA MARQUES DOS ANJOS"
                },
                {
                    "codigo_aluno": "305(...)43",
                    "nome_aluno": "FRANCISCO MANUEL DUARTE AMARAL"
                },
                {
                    "codigo_aluno": "155(...)85",
                    "nome_aluno": "GONÇALO COSTA ALMEIDA"
                },
                {
                    "codigo_aluno": "312(...)31",
                    "nome_aluno": "GONÇALO FRANCISCO SIMÕES E SANTOS MARCELINO"
                },
                {
                    "codigo_aluno": "154(...)64",
                    "nome_aluno": "GONÇALO SILVEIRA FURTADO"
                },
                {
                    "codigo_aluno": "316(...)57",
                    "nome_aluno": "GUSTAVO LUIS FERREIRA RODRIGUES"
                },
                {
                    "codigo_aluno": "305(...)02",
                    "nome_aluno": "INÊS ANDREIA AFONSO"
                },
                {
                    "codigo_aluno": "301(...)04",
                    "nome_aluno": "ÍRIS MARIA FERREIRA DOS SANTOS"
                },
                {
                    "codigo_aluno": "148(...)34",
                    "nome_aluno": "JOANA CAROLINA FREITAS DIAS"
                },
                {
                    "codigo_aluno": "309(...)67",
                    "nome_aluno": "JOANA MARIA FERREIRA DOS SANTOS"
                },
                {
                    "codigo_aluno": "151(...)95",
                    "nome_aluno": "JOANA QUEIROZ SOARES"
                },
                {
                    "codigo_aluno": "158(...)81",
                    "nome_aluno": "JOÃO MANUEL DOMINGUES ASSUNÇÃO"
                },
                {
                    "codigo_aluno": "155(...)48",
                    "nome_aluno": "JOÃO MIGUEL PONTEDEIRA DANTAS"
                },
                {
                    "codigo_aluno": "845(...)8",
                    "nome_aluno": "JOAQUINA ALEXANDRA PEREIRA RIBEIRO"
                },
                {
                    "codigo_aluno": "312(...)14",
                    "nome_aluno": "JOEL PINTO DA NOVA"
                },
                {
                    "codigo_aluno": "148(...)46",
                    "nome_aluno": "JOSÉ LOURENÇO PEREIRA DA COSTA"
                },
                {
                    "codigo_aluno": "309(...)90",
                    "nome_aluno": "LARA CARVALHO DE OLIVEIRA"
                },
                {
                    "codigo_aluno": "150(...)09",
                    "nome_aluno": "LEONOR SOFIA BENTO BELCHIOR"
                },
                {
                    "codigo_aluno": "303(...)87",
                    "nome_aluno": "LUISA MIRANDA NUJO"
                },
                {
                    "codigo_aluno": "309(...)47",
                    "nome_aluno": "MADALENA FILIPA GONÇALVES MATIAS"
                },
                {
                    "codigo_aluno": "318(...)72",
                    "nome_aluno": "MARCO ANTÓNIO GONÇALVES ROCHA"
                },
                {
                    "codigo_aluno": "309(...)91",
                    "nome_aluno": "MARGARIDA LOPES MARTINS"
                },
                {
                    "codigo_aluno": "310(...)76",
                    "nome_aluno": "MARGARIDA SOFIA NABAIS LOPES"
                },
                {
                    "codigo_aluno": "305(...)27",
                    "nome_aluno": "MARIA CAROLINA COELHO MATOS DIAS DA SILVA"
                },
                {
                    "codigo_aluno": "301(...)29",
                    "nome_aluno": "MARIA GABRIELA JALDIM CARVALHO"
                },
                {
                    "codigo_aluno": "306(...)32",
                    "nome_aluno": "MARIA JÚLIA SANTOS CORREIA"
                },
                {
                    "codigo_aluno": "306(...)26",
                    "nome_aluno": "MATILDE NOLASCO PIRES HENRIQUES"
                },
                {
                    "codigo_aluno": "159(...)54",
                    "nome_aluno": "MIGUEL LOBO MEIRELES"
                },
                {
                    "codigo_aluno": "158(...)28",
                    "nome_aluno": "MIGUEL RODRIGUES FRANCISCO"
                },
                {
                    "codigo_aluno": "159(...)54",
                    "nome_aluno": "PEDRO DANIEL COELHO ROSA"
                },
                {
                    "codigo_aluno": "312(...)63",
                    "nome_aluno": "RITA PAIVA CARDOSO"
                },
                {
                    "codigo_aluno": "154(...)34",
                    "nome_aluno": "RODRIGO ANTÓNIO DUARTE MARTINS"
                },
                {
                    "codigo_aluno": "317(...)14",
                    "nome_aluno": "RODRIGO PINTO DOS SANTOS BRÁS"
                },
                {
                    "codigo_aluno": "240(...)06",
                    "nome_aluno": "ROGERIO HENRICK BORTOLOZO DA SILVA"
                },
                {
                    "codigo_aluno": "303(...)40",
                    "nome_aluno": "RÚBEN AMADO SALVADOR"
                },
                {
                    "codigo_aluno": "301(...)26",
                    "nome_aluno": "RUI FILIPE CARIAS DOS SANTOS"
                },
                {
                    "codigo_aluno": "149(...)69",
                    "nome_aluno": "RUI SALVADOR FORJAZ DE SAMPAIO ALMEIDA"
                },
                {
                    "codigo_aluno": "159(...)11",
                    "nome_aluno": "SAMUEL DE SÃO JOSÉ GREGÓRIO DE OLIVEIRA FRAZÃO CORREIA"
                },
                {
                    "codigo_aluno": "309(...)23",
                    "nome_aluno": "SIMÃO PEDRO FREITAS TEIXEIRA"
                },
                {
                    "codigo_aluno": "307(...)24",
                    "nome_aluno": "TIAGO GABRIEL TEIXEIRA DE MELO"
                },
                {
                    "codigo_aluno": "309(...)27",
                    "nome_aluno": "TIAGO MIGUEL GARCÊS TEIXEIRA"
                },
                {
                    "codigo_aluno": "151(...)32",
                    "nome_aluno": "TIAGO VASCONCELOS MUZAVOR"
                },
                {
                    "codigo_aluno": "153(...)40",
                    "nome_aluno": "TOMAS MIGUEL PETRONILO SECO"
                },
                {
                    "codigo_aluno": "158(...)78",
                    "nome_aluno": "TOMÁS MIGUEL VALENTIM ANDRÉ"
                },
                {
                    "codigo_aluno": "304(...)43",
                    "nome_aluno": "VERA PINHEIRO MENESES"
                }
            ]
        },
        {
            "codigo_curso": "9181",
            "nome_curso": "9181 - História",
            "colocados": [
                {
                    "codigo_aluno": "157(...)44",
                    "nome_aluno": "ADOLFO MIGUEL BRÁS SIMÃOZINHO"
                },
                {
                    "codigo_aluno": "154(...)86",
                    "nome_aluno": "AFONSO BRAGA DA FONSECA"
                },
                {
                    "codigo_aluno": "309(...)60",
                    "nome_aluno": "ALEXANDRE JOSÉ MARQUES COSTA"
                },
                {
                    "codigo_aluno": "301(...)16",
                    "nome_aluno": "ANA BEATRIZ AFONSO DO CIMA VAZ"
                },
                {
                    "codigo_aluno": "306(...)60",
                    "nome_aluno": "ANA BEATRIZ FERNANDES RIBEIRO FERRAZ"
                },
                {
                    "codigo_aluno": "315(...)85",
                    "nome_aluno": "ANA CAROLINA VINHAIS SALGADO"
                },
                {
                    "codigo_aluno": "302(...)07",
                    "nome_aluno": "ANA MARIA GASPAR FERREIRA"
                },
                {
                    "codigo_aluno": "309(...)41",
                    "nome_aluno": "ANA RITA PESSOA SANTOS"
                },
                {
                    "codigo_aluno": "152(...)39",
                    "nome_aluno": "ANDRÉ DAVID SANTOS ALVES"
                },
                {
                    "codigo_aluno": "307(...)47",
                    "nome_aluno": "BÁRBARA FILIPA DE ALMEIDA CUNHA"
                },
                {
                    "codigo_aluno": "304(...)03",
                    "nome_aluno": "BEATRIZ MARGARIDA DA SILVA FIGUEIREDO"
                },
                {
                    "codigo_aluno": "300(...)86",
                    "nome_aluno": "BERNARDO DA SILVA ALMEIDA"
                },
                {
                    "codigo_aluno": "153(...)02",
                    "nome_aluno": "BRUNO JOSÉ HENRIQUES RAMOS"
                },
                {
                    "codigo_aluno": "151(...)18",
                    "nome_aluno": "CARLOTA RIBEIRO MELO"
                },
                {
                    "codigo_aluno": "309(...)40",
                    "nome_aluno": "CAROLINA FERREIRA FERNANDES"
                },
                {
                    "codigo_aluno": "154(...)21",
                    "nome_aluno": "DANIEL DA ROCHA PARREIRA NUNES"
                },
                {
                    "codigo_aluno": "152(...)43",
                    "nome_aluno": "DAVID EMANUEL CRAVO DE JESUS"
                },
                {
                    "codigo_aluno": "156(...)97",
                    "nome_aluno": "DIANA CRISTINA RODRIGUES DOS SANTOS"
                },
                {
                    "codigo_aluno": "312(...)08",
                    "nome_aluno": "DIANA DUARTE MENDONÇA INÁCIO"
                },
                {
                    "codigo_aluno": "303(...)55",
                    "nome_aluno": "DIOGO ALEXANDRE CONDE NUNES"
                },
                {
                    "codigo_aluno": "154(...)65",
                    "nome_aluno": "DUARTE RAPOSO RANGEL DA GAMA LOBO"
                },
                {
                    "codigo_aluno": "300(...)27",
                    "nome_aluno": "EMÍLIA RODRIGUES DE SOUSA"
                },
                {
                    "codigo_aluno": "304(...)01",
                    "nome_aluno": "FILIPA COTRIM GAMEIRO"
                },
                {
                    "codigo_aluno": "304(...)87",
                    "nome_aluno": "FRANCISCO MARQUES SÁ CARDOSO"
                },
                {
                    "codigo_aluno": "307(...)44",
                    "nome_aluno": "FRANCISCO RAFAEL BARBOSA DOS SANTOS"
                },
                {
                    "codigo_aluno": "302(...)28",
                    "nome_aluno": "FRANCISCO RODRIGUES NUNES"
                },
                {
                    "codigo_aluno": "307(...)22",
                    "nome_aluno": "GONÇALO AZINHEIRA DUARTE"
                },
                {
                    "codigo_aluno": "151(...)60",
                    "nome_aluno": "GUILHERME BAIRINHAS DOMINGUES"
                },
                {
                    "codigo_aluno": "313(...)15",
                    "nome_aluno": "GUILHERME DINIS CAÇÃO VIEIRA"
                },
                {
                    "codigo_aluno": "318(...)57",
                    "nome_aluno": "JOÃO PEDRO GONÇALVES STAMILE"
                },
                {
                    "codigo_aluno": "159(...)43",
                    "nome_aluno": "JOÃO XAVIER DAS NEVES CALHAU"
                },
                {
                    "codigo_aluno": "302(...)28",
                    "nome_aluno": "JORGE MIGUEL PEREIRA MORGADO"
                },
                {
                    "codigo_aluno": "300(...)62",
                    "nome_aluno": "JOSÉ EDUARDO GASPAR SANTOS"
                },
                {
                    "codigo_aluno": "314(...)23",
                    "nome_aluno": "JOSÉ FRANCISCO DE BRUGES FÊO VEYRIER MADURO"
                },
                {
                    "codigo_aluno": "309(...)87",
                    "nome_aluno": "JULIANA CRISTINA MARTINS ESTRELA"
                },
                {
                    "codigo_aluno": "314(...)79",
                    "nome_aluno": "LARA DE ALMEIDA CABEÇA"
                },
                {
                    "codigo_aluno": "309(...)10",
                    "nome_aluno": "LEONOR DE MATOS LOPES"
                },
                {
                    "codigo_aluno": "309(...)97",
                    "nome_aluno": "LEONOR FERREIRA CARDOSO MORAIS GONÇALVES"
                },
                {
                    "codigo_aluno": "152(...)78",
                    "nome_aluno": "LEONOR GONÇALVES ROXO"
                },
                {
                    "codigo_aluno": "300(...)08",
                    "nome_aluno": "LÍLIA JOANA SOUSA MENDONÇA"
                },
                {
                    "codigo_aluno": "301(...)55",
                    "nome_aluno": "MAFALDA GONÇALVES GOMES"
                },
                {
                    "codigo_aluno": "309(...)22",
                    "nome_aluno": "MAFALDA SALOMÉ DE ARAÚJO SOUSA DE ANDRADE"
                },
                {
                    "codigo_aluno": "150(...)05",
                    "nome_aluno": "MARCO ALEXANDRE SOUSA FERNANDES"
                },
                {
                    "codigo_aluno": "309(...)34",
                    "nome_aluno": "MARCO ANTONIO DE JESUS PEREIRA"
                },
                {
                    "codigo_aluno": "303(...)40",
                    "nome_aluno": "MARCO MANUEL RIBEIRO RODRIGUES"
                },
                {
                    "codigo_aluno": "157(...)49",
                    "nome_aluno": "MARIA COSTA RODRIGUES"
                },
                {
                    "codigo_aluno": "240(...)09",
                    "nome_aluno": "MARIA EDUARDA GONÇALVES SOARES"
                },
                {
                    "codigo_aluno": "303(...)93",
                    "nome_aluno": "MARIA EDUARDA MARCELINO NUNES PEIXOTO"
                },
                {
                    "codigo_aluno": "180(...)82",
                    "nome_aluno": "MARIA LUIZA DA SILVA GOMES"
                },
                {
                    "codigo_aluno": "156(...)46",
                    "nome_aluno": "MARIANA DE ALMEIDA BAYO LOPES"
                },
                {
                    "codigo_aluno": "155(...)95",
                    "nome_aluno": "MARIANA FERNANDES ALMEIDA"
                },
                {
                    "codigo_aluno": "318(...)45",
                    "nome_aluno": "MARTA NOLASCO LOPES PINA RIBEIRO"
                },
                {
                    "codigo_aluno": "314(...)77",
                    "nome_aluno": "NÁDIA ANGELINA RODRIGUES OSÓRIO"
                },
                {
                    "codigo_aluno": "307(...)83",
                    "nome_aluno": "PATRICIA SOFIA NETO SARAMAGO"
                },
                {
                    "codigo_aluno": "310(...)22",
                    "nome_aluno": "RAFAEL JOSÉ PEREIRA DOS SANTOS"
                },
                {
                    "codigo_aluno": "310(...)92",
                    "nome_aluno": "RODRIGO MARTINS GOMES"
                },
                {
                    "codigo_aluno": "316(...)75",
                    "nome_aluno": "RÚBEN MIGUEL DA SILVA PERDIGÃO"
                },
                {
                    "codigo_aluno": "309(...)35",
                    "nome_aluno": "RUI MIGUEL GOUVEIA ALMEIDA"
                },
                {
                    "codigo_aluno": "310(...)39",
                    "nome_aluno": "SIMÃO EMANUEL E VASCO ANTUNES VICENTE"
                },
                {
                    "codigo_aluno": "152(...)55",
                    "nome_aluno": "SORAIA MARTINS FERREIRA"
                },
                {
                    "codigo_aluno": "318(...)61",
                    "nome_aluno": "TIAGO AFONSO DOS SANTOS PINTO MARTINS LEAL"
                },
                {
                    "codigo_aluno": "311(...)95",
                    "nome_aluno": "TITO GABRIEL MARTINS MORENO"
                },
                {
                    "codigo_aluno": "156(...)34",
                    "nome_aluno": "VICENTE EMANUEL MARQUES ANTUNES"
                }
            ]
        },
        {
            "codigo_curso": "9182",
            "nome_curso": "9182 - História da Arte",
            "colocados": [
                {
                    "codigo_aluno": "240(...)03",
                    "nome_aluno": "ALLANA SILVA CUSTÓDIO"
                },
                {
                    "codigo_aluno": "156(...)48",
                    "nome_aluno": "ANA CAROLINA GONÇALVES FERREIRA"
                },
                {
                    "codigo_aluno": "153(...)70",
                    "nome_aluno": "ANA LUÍSA RIBEIRO DE FIGUEIREDO"
                },
                {
                    "codigo_aluno": "154(...)52",
                    "nome_aluno": "BEATRIZ DOS SANTOS FERREIRA"
                },
                {
                    "codigo_aluno": "309(...)66",
                    "nome_aluno": "CATARINA SANTOS DUARTE"
                },
                {
                    "codigo_aluno": "300(...)70",
                    "nome_aluno": "DANIELA REIS RAMALHO"
                },
                {
                    "codigo_aluno": "311(...)81",
                    "nome_aluno": "DARLENE ALEXANDRA MOREIRA JUSTO"
                },
                {
                    "codigo_aluno": "309(...)34",
                    "nome_aluno": "EDGAR MARQUES SIMÕES"
                },
                {
                    "codigo_aluno": "309(...)59",
                    "nome_aluno": "FRANCISCA DE SÁ GARRIDO DO AMARAL OSÓRIO"
                },
                {
                    "codigo_aluno": "331(...)34",
                    "nome_aluno": "GUSTAVO HENRIQUE RAMOS SOARES BESELGA"
                },
                {
                    "codigo_aluno": "307(...)28",
                    "nome_aluno": "INÊS GASPAR LOURENÇO"
                },
                {
                    "codigo_aluno": "300(...)43",
                    "nome_aluno": "JOANA MARÍLIA SOARES ALMEIDA"
                },
                {
                    "codigo_aluno": "312(...)50",
                    "nome_aluno": "JOANA SOFIA RODRIGUES FÉLIX"
                },
                {
                    "codigo_aluno": "153(...)14",
                    "nome_aluno": "LAURA ASCHER DE MATOS"
                },
                {
                    "codigo_aluno": "240(...)01",
                    "nome_aluno": "LAURA SANDRI FERRETTO"
                },
                {
                    "codigo_aluno": "304(...)59",
                    "nome_aluno": "MARGARIDA MIGUEL DIAS MACHADO COSTA"
                },
                {
                    "codigo_aluno": "309(...)10",
                    "nome_aluno": "MARIA LEONOR RIBEIRO MARCELINO CALAVEIRAS"
                },
                {
                    "codigo_aluno": "152(...)48",
                    "nome_aluno": "MARIA RAFAELA REIS LEITE PORTO"
                },
                {
                    "codigo_aluno": "152(...)43",
                    "nome_aluno": "MARIA RITA MARQUES CARVALHO"
                },
                {
                    "codigo_aluno": "159(...)32",
                    "nome_aluno": "MARIANA RAQUEL SIMÕES RODRIGUES CARNOTO ROLIM"
                },
                {
                    "codigo_aluno": "307(...)64",
                    "nome_aluno": "RAQUEL LARANJEIRA FERNANDES"
                },
                {
                    "codigo_aluno": "159(...)90",
                    "nome_aluno": "TATIANA FILIPA SANTOS ABRANTES"
                },
                {
                    "codigo_aluno": "309(...)79",
                    "nome_aluno": "TIAGO JOSÉ GATOEIRO COSTA"
                },
                {
                    "codigo_aluno": "304(...)16",
                    "nome_aluno": "TOMÁS FRANCO DE CARVALHO"
                }
            ]
        },
        {
            "codigo_curso": "9773",
            "nome_curso": "9773 - Jornalismo e Comunicação",
            "colocados": [
                {
                    "codigo_aluno": "300(...)80",
                    "nome_aluno": "ADRIANA PRIETA MOISÉS DE ARAGÃO"
                },
                {
                    "codigo_aluno": "154(...)21",
                    "nome_aluno": "ALEXANDRE CERQUEIRA FREITAS"
                },
                {
                    "codigo_aluno": "310(...)92",
                    "nome_aluno": "ALÍCIA FERNANDES BOTELHO"
                },
                {
                    "codigo_aluno": "240(...)04",
                    "nome_aluno": "ANA LUÍSA ALECRIM CAMPELO"
                },
                {
                    "codigo_aluno": "151(...)05",
                    "nome_aluno": "ANA LUÍSA MENDONÇA RODRIGUES"
                },
                {
                    "codigo_aluno": "305(...)54",
                    "nome_aluno": "ANA MARGARIDA BORDA D'ÁGUA DE JESUS"
                },
                {
                    "codigo_aluno": "304(...)62",
                    "nome_aluno": "BÁRBARA GOMES FERNANDES DA SILVA BARBOSA"
                },
                {
                    "codigo_aluno": "240(...)26",
                    "nome_aluno": "BEATRIZ SANTANNA DE CARVALHO"
                },
                {
                    "codigo_aluno": "307(...)19",
                    "nome_aluno": "BEATRIZ SOFIA PINTO CARDOSO"
                },
                {
                    "codigo_aluno": "152(...)27",
                    "nome_aluno": "CAROLINA DOUTEIRO BRITES CORREIA"
                },
                {
                    "codigo_aluno": "152(...)03",
                    "nome_aluno": "CAROLINA GUIMARÃES DE CARVALHO MORAIS FERNANDES"
                },
                {
                    "codigo_aluno": "310(...)33",
                    "nome_aluno": "CAROLINA MARIA TAVARES FONSECA MENDES E SILVA"
                },
                {
                    "codigo_aluno": "301(...)69",
                    "nome_aluno": "CLAÚDIA RAQUEL SANTOS COELHO"
                },
                {
                    "codigo_aluno": "153(...)43",
                    "nome_aluno": "DIEGO MARCOS PEREZ PIRES CORREIA"
                },
                {
                    "codigo_aluno": "152(...)81",
                    "nome_aluno": "FABIANA ARRUELA MARTINS"
                },
                {
                    "codigo_aluno": "153(...)73",
                    "nome_aluno": "FILIPA MARTINS DUARTE"
                },
                {
                    "codigo_aluno": "305(...)06",
                    "nome_aluno": "FILIPA NUNES ANTÓNIO"
                },
                {
                    "codigo_aluno": "310(...)99",
                    "nome_aluno": "FRANCISCA COSTA PINTO"
                },
                {
                    "codigo_aluno": "154(...)37",
                    "nome_aluno": "INÊS ALEXANDRA MENDES FONSECA"
                },
                {
                    "codigo_aluno": "309(...)68",
                    "nome_aluno": "INÊS DE POÇAS CAMPOS"
                },
                {
                    "codigo_aluno": "154(...)08",
                    "nome_aluno": "INÊS GLÓRIAS HENRIQUES"
                },
                {
                    "codigo_aluno": "307(...)79",
                    "nome_aluno": "INÊS ROCHA ALMEIDA"
                },
                {
                    "codigo_aluno": "159(...)68",
                    "nome_aluno": "JAIME RAPOSO NUNES"
                },
                {
                    "codigo_aluno": "305(...)21",
                    "nome_aluno": "JÉSSICA MENDES SANTOS"
                },
                {
                    "codigo_aluno": "302(...)87",
                    "nome_aluno": "JOANA ISABEL PEREIRA REBELO"
                },
                {
                    "codigo_aluno": "305(...)28",
                    "nome_aluno": "JOANA SANTIAGO GOMES"
                },
                {
                    "codigo_aluno": "156(...)12",
                    "nome_aluno": "JOAO AMADO PEREIRA DA COSTA"
                },
                {
                    "codigo_aluno": "153(...)44",
                    "nome_aluno": "LARA FABIANA DIAS DOS SANTOS"
                },
                {
                    "codigo_aluno": "153(...)46",
                    "nome_aluno": "LAURA GOMES DE MATOS PEREIRA"
                },
                {
                    "codigo_aluno": "326(...)79",
                    "nome_aluno": "LEANA CARVALHOSA"
                },
                {
                    "codigo_aluno": "150(...)65",
                    "nome_aluno": "LEONOR NORO SAMPAIO"
                },
                {
                    "codigo_aluno": "309(...)49",
                    "nome_aluno": "MARIA CLARA CASTANHEIRA DE OLIVEIRA"
                },
                {
                    "codigo_aluno": "306(...)93",
                    "nome_aluno": "MARIA DOS ANJOS VEIGA DE CARVALHO LOURENÇO"
                },
                {
                    "codigo_aluno": "309(...)59",
                    "nome_aluno": "MARIA JOÃO SANTOS FREIRE"
                },
                {
                    "codigo_aluno": "309(...)96",
                    "nome_aluno": "MARIA SIMÕES FERREIRA"
                },
                {
                    "codigo_aluno": "151(...)35",
                    "nome_aluno": "MARTIM MACHADO DA COSTA"
                },
                {
                    "codigo_aluno": "309(...)97",
                    "nome_aluno": "MATILDE ATAÍDE FONTES"
                },
                {
                    "codigo_aluno": "311(...)74",
                    "nome_aluno": "MATILDE DE CHAVES MEDEIROS"
                },
                {
                    "codigo_aluno": "309(...)97",
                    "nome_aluno": "MIGUEL CARNEIRINHO DE SOUSA"
                },
                {
                    "codigo_aluno": "314(...)33",
                    "nome_aluno": "MONICA SOFIA CARVALHO PINHEIRO"
                },
                {
                    "codigo_aluno": "301(...)52",
                    "nome_aluno": "NÚRIA RIBEIRO E FERREIRA"
                },
                {
                    "codigo_aluno": "308(...)68",
                    "nome_aluno": "PAULA CRISTINA FARIA MACHADO"
                },
                {
                    "codigo_aluno": "240(...)07",
                    "nome_aluno": "PEDRO HENRIQUE XARÃO SEABRA"
                },
                {
                    "codigo_aluno": "314(...)62",
                    "nome_aluno": "RUTE REVERENDO MARTINS"
                },
                {
                    "codigo_aluno": "307(...)92",
                    "nome_aluno": "SARA FILIPA BRANCO PAULO"
                },
                {
                    "codigo_aluno": "309(...)43",
                    "nome_aluno": "SOFIA CRISTINA EVANGELISTA DUARTE"
                },
                {
                    "codigo_aluno": "152(...)20",
                    "nome_aluno": "SOFIA LASCARIM BRONZE"
                },
                {
                    "codigo_aluno": "242(...)09",
                    "nome_aluno": "SOPHIA ALARCON PIERIN GEMIN"
                },
                {
                    "codigo_aluno": "305(...)25",
                    "nome_aluno": "TIAGO FILIPE DIAS DA SILVA"
                },
                {
                    "codigo_aluno": "306(...)68",
                    "nome_aluno": "TOMÁS MARQUES FERREIRA"
                },
                {
                    "codigo_aluno": "300(...)36",
                    "nome_aluno": "TOMAS SOUSA DINIZ"
                },
                {
                    "codigo_aluno": "305(...)84",
                    "nome_aluno": "VICTORIA PINTO PEREIRA"
                }
            ]
        },
        {
            "codigo_curso": "9779",
            "nome_curso": "9779 - Línguas Modernas",
            "colocados": [
                {
                    "codigo_aluno": "153(...)70",
                    "nome_aluno": "AFONSO CARAVELA VIEGAS"
                },
                {
                    "codigo_aluno": "307(...)51",
                    "nome_aluno": "AFONSO RODRIGUES MONTEZ VICENTE"
                },
                {
                    "codigo_aluno": "302(...)33",
                    "nome_aluno": "ALEXANDRE OLIVEIRA MARQUES"
                },
                {
                    "codigo_aluno": "311(...)29",
                    "nome_aluno": "ALÉXIA FILIPA BATISTA PEREIRA"
                },
                {
                    "codigo_aluno": "317(...)38",
                    "nome_aluno": "ANDRÉ LOURENÇO VITÓRIA DE OLIVEIRA"
                },
                {
                    "codigo_aluno": "311(...)19",
                    "nome_aluno": "ANDREIA VALÉRIA GORYTSIA"
                },
                {
                    "codigo_aluno": "303(...)74",
                    "nome_aluno": "ÁUREA FERREIRA MENDES"
                },
                {
                    "codigo_aluno": "157(...)56",
                    "nome_aluno": "BARBARA SOFIA ABRUNHOSA GARRIDO"
                },
                {
                    "codigo_aluno": "309(...)70",
                    "nome_aluno": "BEATRIZ ALEXANDRA MORAIS GRANJA"
                },
                {
                    "codigo_aluno": "300(...)40",
                    "nome_aluno": "BEATRIZ BÓIA SQUINZARI"
                },
                {
                    "codigo_aluno": "159(...)82",
                    "nome_aluno": "BEATRIZ NETO GIRÃO"
                },
                {
                    "codigo_aluno": "301(...)08",
                    "nome_aluno": "BEATRIZ REIS GONÇALVES"
                },
                {
                    "codigo_aluno": "307(...)69",
                    "nome_aluno": "BEATRIZ RODRIGUES MATOS"
                },
                {
                    "codigo_aluno": "159(...)75",
                    "nome_aluno": "CAMILA FIGUEIREDO ALVES"
                },
                {
                    "codigo_aluno": "304(...)93",
                    "nome_aluno": "CÁRMEN PEQUERRUCHO MARANHÃO"
                },
                {
                    "codigo_aluno": "312(...)31",
                    "nome_aluno": "CAROLINA BERNARDO DIAS"
                },
                {
                    "codigo_aluno": "309(...)73",
                    "nome_aluno": "CAROLINA DE ALMEIDA VIEIRA"
                },
                {
                    "codigo_aluno": "156(...)70",
                    "nome_aluno": "CAROLINA GARCIA ALVES"
                },
                {
                    "codigo_aluno": "315(...)58",
                    "nome_aluno": "CAROLINA LOPES PEREIRA"
                },
                {
                    "codigo_aluno": "309(...)65",
                    "nome_aluno": "CATARINA CARRASQUEIRA DE OLIVEIRA"
                },
                {
                    "codigo_aluno": "310(...)60",
                    "nome_aluno": "CATARINA RODRIGUES SANTOS DA COSTA XAVIER"
                },
                {
                    "codigo_aluno": "303(...)90",
                    "nome_aluno": "CLARA ALMEIDA CHIQUELHO"
                },
                {
                    "codigo_aluno": "314(...)72",
                    "nome_aluno": "CONSTANÇA LOPES ABREU"
                },
                {
                    "codigo_aluno": "151(...)23",
                    "nome_aluno": "DIANA MARQUES COELHO"
                },
                {
                    "codigo_aluno": "305(...)88",
                    "nome_aluno": "DIANA NOVO OLIVEIRA"
                },
                {
                    "codigo_aluno": "300(...)09",
                    "nome_aluno": "DIANA SOFIA GONÇALVES COSTA"
                },
                {
                    "codigo_aluno": "303(...)99",
                    "nome_aluno": "EMA MOREIRA ROCHA"
                },
                {
                    "codigo_aluno": "151(...)59",
                    "nome_aluno": "FÁTIMA FRANCISCA PINTO FERNANDES"
                },
                {
                    "codigo_aluno": "306(...)19",
                    "nome_aluno": "FILIPA DE ALMEIDA RODRIGUES"
                },
                {
                    "codigo_aluno": "300(...)15",
                    "nome_aluno": "FILIPA MARINHO FERNANDES"
                },
                {
                    "codigo_aluno": "151(...)51",
                    "nome_aluno": "FILIPA VALENTIM LÉRIAS"
                },
                {
                    "codigo_aluno": "309(...)84",
                    "nome_aluno": "FRANCISCA ALEXANDRA GIL AFONSO"
                },
                {
                    "codigo_aluno": "153(...)22",
                    "nome_aluno": "GABRIELA SANTOS AVELAR"
                },
                {
                    "codigo_aluno": "314(...)37",
                    "nome_aluno": "GUILHERME SEQUEIRA CANAIS"
                },
                {
                    "codigo_aluno": "317(...)59",
                    "nome_aluno": "GUSTAVO DA SILVA VIEIRA"
                },
                {
                    "codigo_aluno": "306(...)32",
                    "nome_aluno": "HENRIQUE JOSÉ RIBEIRO E RAMALHO"
                },
                {
                    "codigo_aluno": "330(...)85",
                    "nome_aluno": "IAN VENTURI DE SOUSA"
                },
                {
                    "codigo_aluno": "153(...)78",
                    "nome_aluno": "INÊS DE CASTRO FONSECA"
                },
                {
                    "codigo_aluno": "309(...)06",
                    "nome_aluno": "INÊS GORDINHO PALMA"
                },
                {
                    "codigo_aluno": "309(...)68",
                    "nome_aluno": "INES MARTINS COELHO"
                },
                {
                    "codigo_aluno": "144(...)63",
                    "nome_aluno": "IRIS RAQUEL UEBELHOER DE LÁ FÉRIA E OLIVEIRA"
                },
                {
                    "codigo_aluno": "150(...)88",
                    "nome_aluno": "JOANA LIMA E LAGINHA DE CASTRO"
                },
                {
                    "codigo_aluno": "309(...)24",
                    "nome_aluno": "JOSÉ GABRIEL LUÍS LEÃO"
                },
                {
                    "codigo_aluno": "549(...)04",
                    "nome_aluno": "KATERYNA FEDORENKO"
                },
                {
                    "codigo_aluno": "180(...)42",
                    "nome_aluno": "LAIZ DOS REIS MOTTA"
                },
                {
                    "codigo_aluno": "312(...)33",
                    "nome_aluno": "LARA ALEXANDRA DIAS BASTOS"
                },
                {
                    "codigo_aluno": "307(...)06",
                    "nome_aluno": "LARA MACIEL CARVALHO"
                },
                {
                    "codigo_aluno": "156(...)84",
                    "nome_aluno": "LAURA MARISA JARDIM FREITAS"
                },
                {
                    "codigo_aluno": "154(...)09",
                    "nome_aluno": "LAURA MIGUEL DELGADO QUENTAL DO ROSÁRIO"
                },
                {
                    "codigo_aluno": "306(...)10",
                    "nome_aluno": "LUCAS RAFAEL GONÇALVES SIMÕES"
                },
                {
                    "codigo_aluno": "303(...)36",
                    "nome_aluno": "LUISA MENDONÇA BAPTISTA OLIVEIRA"
                },
                {
                    "codigo_aluno": "302(...)18",
                    "nome_aluno": "MADALENA DE ALMEIDA PEDRO INÁCIO VICENTE"
                },
                {
                    "codigo_aluno": "304(...)38",
                    "nome_aluno": "MAGDA SOFIA LIMA DA COSTA"
                },
                {
                    "codigo_aluno": "309(...)65",
                    "nome_aluno": "MARA CASTRO MONTEIRO"
                },
                {
                    "codigo_aluno": "312(...)36",
                    "nome_aluno": "MARA SOFIA DOS SANTOS BLANCO"
                },
                {
                    "codigo_aluno": "306(...)88",
                    "nome_aluno": "MARGARIDA FRANCISCA PUJOL PERINI"
                },
                {
                    "codigo_aluno": "153(...)42",
                    "nome_aluno": "MARGARIDA MARIA AREIA BRANCO"
                },
                {
                    "codigo_aluno": "304(...)37",
                    "nome_aluno": "MARIA EDUARDA NUNES MOITEIRO DO NASCIMENTO SILVA"
                },
                {
                    "codigo_aluno": "309(...)49",
                    "nome_aluno": "MARIA FERNANDES MARTINS"
                },
                {
                    "codigo_aluno": "159(...)37",
                    "nome_aluno": "MARIA HELENA BOTELHO VELOSO RODRIGUES"
                },
                {
                    "codigo_aluno": "152(...)56",
                    "nome_aluno": "MARIA INÊS RAMOS CRESPO"
                },
                {
                    "codigo_aluno": "304(...)47",
                    "nome_aluno": "MARIA JOSE DE CARVALHO VENTURA"
                },
                {
                    "codigo_aluno": "303(...)17",
                    "nome_aluno": "MARIA LEONOR DE SOUSA ALVES"
                },
                {
                    "codigo_aluno": "316(...)85",
                    "nome_aluno": "MARIA LEONOR PEIXOTO SILVA"
                },
                {
                    "codigo_aluno": "156(...)84",
                    "nome_aluno": "MARIA RODRIGUES BARROCAS"
                },
                {
                    "codigo_aluno": "304(...)75",
                    "nome_aluno": "MARIANA DOS SANTOS ALVES CORDEIRO"
                },
                {
                    "codigo_aluno": "305(...)20",
                    "nome_aluno": "MARTA BARREIROS SIANO MONTEIRO VAZ"
                },
                {
                    "codigo_aluno": "308(...)90",
                    "nome_aluno": "MATILDE ALEXANDRA FRAGOSO MARQUES"
                },
                {
                    "codigo_aluno": "307(...)13",
                    "nome_aluno": "MATILDE SOUSA SANTOS"
                },
                {
                    "codigo_aluno": "152(...)88",
                    "nome_aluno": "NICOLE MARIANA FIGUEIREDO PINA"
                },
                {
                    "codigo_aluno": "304(...)87",
                    "nome_aluno": "PEDRO MANUEL GOMES FERREIRA"
                },
                {
                    "codigo_aluno": "306(...)36",
                    "nome_aluno": "RAFAEL ESTEVES FERREIRA"
                },
                {
                    "codigo_aluno": "315(...)40",
                    "nome_aluno": "RAFAEL NEVES CARVALHEIRA DA SILVA"
                },
                {
                    "codigo_aluno": "240(...)41",
                    "nome_aluno": "RENAN SILVA SEGURO"
                },
                {
                    "codigo_aluno": "306(...)67",
                    "nome_aluno": "RENATA ESTEVES FERNANDES"
                },
                {
                    "codigo_aluno": "309(...)91",
                    "nome_aluno": "RITA SOFIA CARVALHO ASSUNÇÃO"
                },
                {
                    "codigo_aluno": "155(...)92",
                    "nome_aluno": "RUI TIAGO RIBEIRO AMARO"
                },
                {
                    "codigo_aluno": "240(...)23",
                    "nome_aluno": "SABRINA MENEZES SALGADO"
                },
                {
                    "codigo_aluno": "314(...)73",
                    "nome_aluno": "SÍLVIA MARIA FONSECA DA COSTA"
                },
                {
                    "codigo_aluno": "240(...)05",
                    "nome_aluno": "SOFIA LAURA DE ALMEIDA LINO"
                },
                {
                    "codigo_aluno": "307(...)21",
                    "nome_aluno": "TATIANA FILIPA CASTANHEIRA COELHO ALMEIDA VIEIRA"
                },
                {
                    "codigo_aluno": "304(...)56",
                    "nome_aluno": "TIAGO SANTOS LOPES"
                },
                {
                    "codigo_aluno": "149(...)56",
                    "nome_aluno": "VANDA LETÍCIA NETO TEIXEIRA"
                },
                {
                    "codigo_aluno": "154(...)10",
                    "nome_aluno": "VITÓRIA RAMOS SANTOS LEAL GONÇALVES"
                }
            ]
        },
        {
            "codigo_curso": "8393",
            "nome_curso": "8393 - Português",
            "colocados": [
                {
                    "codigo_aluno": "309(...)46",
                    "nome_aluno": "ANA FRANCISCA CRAVEIRO LOPES"
                },
                {
                    "codigo_aluno": "307(...)52",
                    "nome_aluno": "ANDREIA JULIANA SOUSA MADEIRA"
                },
                {
                    "codigo_aluno": "306(...)69",
                    "nome_aluno": "BÁRBARA DE ALMEIDA SIMÕES"
                },
                {
                    "codigo_aluno": "309(...)12",
                    "nome_aluno": "BEATRIZ MASCARENHAS BANDEIRA CAVACO"
                },
                {
                    "codigo_aluno": "304(...)35",
                    "nome_aluno": "BENEDITA DE ALBUQUERQUE PINTO"
                },
                {
                    "codigo_aluno": "307(...)76",
                    "nome_aluno": "BIA FILIPA MARQUES FIGUEIREDO"
                },
                {
                    "codigo_aluno": "152(...)75",
                    "nome_aluno": "BIANCA CASIAN PINTO"
                },
                {
                    "codigo_aluno": "303(...)89",
                    "nome_aluno": "CAROLINA PEREIRA SIMÕES"
                },
                {
                    "codigo_aluno": "315(...)35",
                    "nome_aluno": "CATARINA FERREIRA DA SILVA GASPAR RIBEIRO"
                },
                {
                    "codigo_aluno": "305(...)74",
                    "nome_aluno": "CLARA MARQUES GONÇALVES"
                },
                {
                    "codigo_aluno": "309(...)80",
                    "nome_aluno": "DIVA VILARES AFONSO"
                },
                {
                    "codigo_aluno": "306(...)61",
                    "nome_aluno": "FÁTIMA CATARINA RODRIGUES MARQUES"
                },
                {
                    "codigo_aluno": "312(...)17",
                    "nome_aluno": "GONÇALO LUÍS DOS SANTOS MORAIS"
                },
                {
                    "codigo_aluno": "306(...)42",
                    "nome_aluno": "GUILHERME DURO MARTINS"
                },
                {
                    "codigo_aluno": "309(...)52",
                    "nome_aluno": "HENRIQUE SILVA SANTOS"
                },
                {
                    "codigo_aluno": "300(...)56",
                    "nome_aluno": "INÊS CAROLINA CAMPOS ESTEVES"
                },
                {
                    "codigo_aluno": "304(...)78",
                    "nome_aluno": "INÊS MILITÃO FERREIRA"
                },
                {
                    "codigo_aluno": "240(...)20",
                    "nome_aluno": "JEAN PIERRE DE JESUS VIANA"
                },
                {
                    "codigo_aluno": "304(...)12",
                    "nome_aluno": "JOANA ISABEL DE MATOS NEVES MIMOSO GUINDEIRA"
                },
                {
                    "codigo_aluno": "145(...)32",
                    "nome_aluno": "JOANA MARIA DIOGO ANTUNES"
                },
                {
                    "codigo_aluno": "303(...)12",
                    "nome_aluno": "JOANA SOFIA PEREIRA PINHEIRO"
                },
                {
                    "codigo_aluno": "157(...)14",
                    "nome_aluno": "JULIANA RITA RODRIGUES MARTINS"
                },
                {
                    "codigo_aluno": "152(...)37",
                    "nome_aluno": "MARIA COELHO MARQUES"
                },
                {
                    "codigo_aluno": "316(...)40",
                    "nome_aluno": "MARIA INÊS MARTINS MONTENEGRO FERREIRA"
                },
                {
                    "codigo_aluno": "156(...)24",
                    "nome_aluno": "MARIA LEONOR DA CRUZ DUARTE"
                },
                {
                    "codigo_aluno": "154(...)95",
                    "nome_aluno": "MARIA LEONOR GOUVEIA DA SILVA"
                },
                {
                    "codigo_aluno": "310(...)69",
                    "nome_aluno": "MARIANA AMARAL SANTOS"
                },
                {
                    "codigo_aluno": "306(...)97",
                    "nome_aluno": "MARIANA DE FÁTIMA NUNES DE SOUSA"
                },
                {
                    "codigo_aluno": "314(...)74",
                    "nome_aluno": "MARIANA MARQUES RODRIGUES"
                },
                {
                    "codigo_aluno": "155(...)33",
                    "nome_aluno": "MARIANA RICARDO MORAIS"
                },
                {
                    "codigo_aluno": "151(...)39",
                    "nome_aluno": "MARTA SILVA CAMEIRÃO"
                },
                {
                    "codigo_aluno": "157(...)46",
                    "nome_aluno": "MARTIM PAULO BUCEATCHI CARVALHO"
                },
                {
                    "codigo_aluno": "314(...)11",
                    "nome_aluno": "RAFAELA LOUREIRO FAZENDA"
                },
                {
                    "codigo_aluno": "157(...)62",
                    "nome_aluno": "RUBEN CAÇADOR FONSECA"
                },
                {
                    "codigo_aluno": "312(...)99",
                    "nome_aluno": "TELMA FIGUEIREDO SILVA"
                },
                {
                    "codigo_aluno": "309(...)60",
                    "nome_aluno": "TIAGO ROMA FREIRE ALMEIDA"
                }
            ]
        },
        {
            "codigo_curso": "L109",
            "nome_curso": "L109 - Turismo, Território e Patrimónios",
            "colocados": [
                {
                    "codigo_aluno": "320(...)24",
                    "nome_aluno": "ADRIANA DOS SANTOS PEREIRA"
                },
                {
                    "codigo_aluno": "301(...)12",
                    "nome_aluno": "ALEXANDRE DE AIRES SANTOS BAPTISTA"
                },
                {
                    "codigo_aluno": "309(...)90",
                    "nome_aluno": "ANA CAROLINA DE JESUS MELO"
                },
                {
                    "codigo_aluno": "151(...)39",
                    "nome_aluno": "ANA LUÍSA DE FIGUEIREDO ALVES ALDEIA"
                },
                {
                    "codigo_aluno": "308(...)18",
                    "nome_aluno": "ANA RITA SILVA FERREIRA MARTINS"
                },
                {
                    "codigo_aluno": "306(...)57",
                    "nome_aluno": "ANTÓNIO GABRIEL FERREIRA NEVES"
                },
                {
                    "codigo_aluno": "307(...)18",
                    "nome_aluno": "BEATRIZ DA SILVA VASCONCELOS"
                },
                {
                    "codigo_aluno": "307(...)00",
                    "nome_aluno": "BEATRIZ HENRIQUES PEREIRA"
                },
                {
                    "codigo_aluno": "308(...)16",
                    "nome_aluno": "BEATRIZ ROCHA SANTOS"
                },
                {
                    "codigo_aluno": "304(...)64",
                    "nome_aluno": "CAROLINA SIMÕES SANTOS"
                },
                {
                    "codigo_aluno": "154(...)87",
                    "nome_aluno": "DANIELA COELHO GALRINHO"
                },
                {
                    "codigo_aluno": "306(...)76",
                    "nome_aluno": "DIANA LÚCIA GASPAR GOMES"
                },
                {
                    "codigo_aluno": "331(...)61",
                    "nome_aluno": "DIMITRY JOSÉ TAVARES DE ANDRADE"
                },
                {
                    "codigo_aluno": "156(...)30",
                    "nome_aluno": "FRANCISCA CASTELO BRANCO MACHADO MOTA MONTEIRO"
                },
                {
                    "codigo_aluno": "151(...)85",
                    "nome_aluno": "FRANCISCO OLIVEIRA MARCELINO"
                },
                {
                    "codigo_aluno": "151(...)19",
                    "nome_aluno": "HENRIQUE BRANCO DA SILVA"
                },
                {
                    "codigo_aluno": "304(...)86",
                    "nome_aluno": "HENRIQUE CAETANO LEAL"
                },
                {
                    "codigo_aluno": "307(...)57",
                    "nome_aluno": "IARA MARIA PEREIRA CARVALHO"
                },
                {
                    "codigo_aluno": "315(...)34",
                    "nome_aluno": "IARA SILVA NUNES"
                },
                {
                    "codigo_aluno": "310(...)39",
                    "nome_aluno": "INÊS MARTINS MARQUES"
                },
                {
                    "codigo_aluno": "154(...)03",
                    "nome_aluno": "JOÃO MANUEL LIMA ESPIRITO SANTO"
                },
                {
                    "codigo_aluno": "240(...)54",
                    "nome_aluno": "JORGE MIGUEL FURTADO MENDONÇA OLIVEIRA"
                },
                {
                    "codigo_aluno": "309(...)48",
                    "nome_aluno": "LARA INÊS CARVALHO SIMÕES"
                },
                {
                    "codigo_aluno": "310(...)33",
                    "nome_aluno": "LUANA FRANCISCA FERREIRA CONCEIÇÃO"
                },
                {
                    "codigo_aluno": "154(...)19",
                    "nome_aluno": "MARIA BENEDITA MOURÃO DE CARVALHO TEIXEIRA"
                },
                {
                    "codigo_aluno": "307(...)64",
                    "nome_aluno": "MARIA JOÃO REIS SANTOS"
                },
                {
                    "codigo_aluno": "309(...)32",
                    "nome_aluno": "MARIANA ALVES NUNES"
                },
                {
                    "codigo_aluno": "313(...)57",
                    "nome_aluno": "PEDRO FRANCISCO NEVES NOVAIS"
                },
                {
                    "codigo_aluno": "318(...)06",
                    "nome_aluno": "RODRIGO MIGUEL DUARTE DA SILVA"
                },
                {
                    "codigo_aluno": "153(...)34",
                    "nome_aluno": "RODRIGO TIAGO ANTUNES DE ALMEIDA"
                },
                {
                    "codigo_aluno": "306(...)56",
                    "nome_aluno": "SIMÃO CARVALHO ALMEIDA"
                },
                {
                    "codigo_aluno": "307(...)32",
                    "nome_aluno": "TOMÁS FERNANDES MENDO"
                },
                {
                    "codigo_aluno": "310(...)55",
                    "nome_aluno": "TOMÁS FILIPE MORGADO"
                }
            ]
        }
    ]
}