{
    "codigo_universidade": "0603",
    "nome_universidade": "0603 - Universidade de Évora - Escola de Artes",
    "cursos": [
        {
            "codigo_curso": "9257",
            "nome_curso": "9257 - Arquitetura",
            "colocados": [
                {
                    "codigo_aluno": "305(...)33",
                    "nome_aluno": "ALICE DO CRUZEIRO NOBRE LOURO"
                },
                {
                    "codigo_aluno": "304(...)53",
                    "nome_aluno": "ANA MARIA GOMES OLIVEIRA"
                },
                {
                    "codigo_aluno": "307(...)62",
                    "nome_aluno": "AYANDA NAIADY LOPES LÉLIS"
                },
                {
                    "codigo_aluno": "318(...)16",
                    "nome_aluno": "BEATRIZ VALE CAPELA"
                },
                {
                    "codigo_aluno": "314(...)73",
                    "nome_aluno": "CAROLINA COSTA SÁ"
                },
                {
                    "codigo_aluno": "300(...)74",
                    "nome_aluno": "CRISTIANO LAMPREIA EUSÉBIO"
                },
                {
                    "codigo_aluno": "153(...)97",
                    "nome_aluno": "DAVID CARVALHO DOS REIS"
                },
                {
                    "codigo_aluno": "150(...)56",
                    "nome_aluno": "DAVID TOMÁS SOUSA RAMOS"
                },
                {
                    "codigo_aluno": "302(...)76",
                    "nome_aluno": "DIANA SOFIA DA SILVA PEREIRA"
                },
                {
                    "codigo_aluno": "306(...)51",
                    "nome_aluno": "ELIANA PARREIRA CANHOTO"
                },
                {
                    "codigo_aluno": "154(...)68",
                    "nome_aluno": "FABIANA TENREIRO PINTO"
                },
                {
                    "codigo_aluno": "156(...)13",
                    "nome_aluno": "FÁTIMA BEATRIZ VELOSA SOUSA"
                },
                {
                    "codigo_aluno": "308(...)56",
                    "nome_aluno": "FILIPA LEAL SERRALHA"
                },
                {
                    "codigo_aluno": "309(...)27",
                    "nome_aluno": "GONÇALO VICENTE CASTRO"
                },
                {
                    "codigo_aluno": "159(...)12",
                    "nome_aluno": "GUILHERME LIMA NUNES"
                },
                {
                    "codigo_aluno": "303(...)21",
                    "nome_aluno": "JOANA BORGES FLORES"
                },
                {
                    "codigo_aluno": "306(...)70",
                    "nome_aluno": "JOANA FILIPA ARRIAGA NICHA"
                },
                {
                    "codigo_aluno": "300(...)70",
                    "nome_aluno": "LOURENÇO MARIA PASTOR NEVES DOS SANTOS CARMONA"
                },
                {
                    "codigo_aluno": "158(...)65",
                    "nome_aluno": "LUANA SOFIA CARREIRA BERNARDINO"
                },
                {
                    "codigo_aluno": "240(...)77",
                    "nome_aluno": "LUIZA RODRIGUES COSTA"
                },
                {
                    "codigo_aluno": "300(...)30",
                    "nome_aluno": "MADALENA VASQUES GOMES"
                },
                {
                    "codigo_aluno": "154(...)23",
                    "nome_aluno": "MAFALDA DE SERPA CARDOSO"
                },
                {
                    "codigo_aluno": "307(...)30",
                    "nome_aluno": "MARGARIDA RODRIGUES DA FONSECA"
                },
                {
                    "codigo_aluno": "151(...)79",
                    "nome_aluno": "MARIA FRANCISCA DE AGUILAR ALVES VIANA CRESPO"
                },
                {
                    "codigo_aluno": "300(...)52",
                    "nome_aluno": "MARIA INÊS RUNA DE MELO"
                },
                {
                    "codigo_aluno": "306(...)57",
                    "nome_aluno": "MARIA JOÃO DO NASCIMENTO BAIRRADA"
                },
                {
                    "codigo_aluno": "309(...)03",
                    "nome_aluno": "MARIA MARGARIDA COSTA SOARES"
                },
                {
                    "codigo_aluno": "154(...)03",
                    "nome_aluno": "MARIA VIRGÍNIA PINTO PEREIRA DE BARROS SAID"
                },
                {
                    "codigo_aluno": "159(...)20",
                    "nome_aluno": "MARTIM LUÍS FÉLIX GASPAR"
                },
                {
                    "codigo_aluno": "307(...)59",
                    "nome_aluno": "MATILDE DOS SANTOS E SILVA"
                },
                {
                    "codigo_aluno": "308(...)92",
                    "nome_aluno": "MATILDE PEIXOTO BORREGO"
                },
                {
                    "codigo_aluno": "311(...)02",
                    "nome_aluno": "MIRIAM MORENO NEVES"
                },
                {
                    "codigo_aluno": "151(...)46",
                    "nome_aluno": "PEDRO NUNO OLIVEIRA COSTA"
                },
                {
                    "codigo_aluno": "309(...)43",
                    "nome_aluno": "RAQUEL EDUARDA BALSANTE COELHO"
                },
                {
                    "codigo_aluno": "242(...)02",
                    "nome_aluno": "SABRINA NOVAC"
                },
                {
                    "codigo_aluno": "150(...)72",
                    "nome_aluno": "SOFIA ISABEL DIAS MENDES"
                }
            ]
        },
        {
            "codigo_curso": "9347",
            "nome_curso": "9347 - Artes Plásticas e Multimédia",
            "colocados": [
                {
                    "codigo_aluno": "159(...)22",
                    "nome_aluno": "AFONSO DINIS FLORINDO NEVES CARREIRA"
                },
                {
                    "codigo_aluno": "306(...)27",
                    "nome_aluno": "ALEXANDRA FILIPA CAPITULO DE SOUSA PAULO"
                },
                {
                    "codigo_aluno": "155(...)42",
                    "nome_aluno": "ANA MARTA MATOS CARREIRA"
                },
                {
                    "codigo_aluno": "327(...)12",
                    "nome_aluno": "ANITA EDUARDO RAFAEL DE CASTRO"
                },
                {
                    "codigo_aluno": "302(...)90",
                    "nome_aluno": "BEATRIZ DE ALMEIDA SIMÕES FALEIRO"
                },
                {
                    "codigo_aluno": "304(...)28",
                    "nome_aluno": "BEATRIZ ISABEL PEREIRA VALADAS"
                },
                {
                    "codigo_aluno": "240(...)01",
                    "nome_aluno": "BRUNA BARBOSA DE MELO"
                },
                {
                    "codigo_aluno": "153(...)88",
                    "nome_aluno": "CAROLINA MANUEL FERREIRA FERNANDES NAVE DE OLIVEIRA"
                },
                {
                    "codigo_aluno": "310(...)90",
                    "nome_aluno": "CRISTIANA ISABEL CRUZ LOPES"
                },
                {
                    "codigo_aluno": "316(...)26",
                    "nome_aluno": "FILIPA ALEXANDRA TERESO PEDRO"
                },
                {
                    "codigo_aluno": "158(...)65",
                    "nome_aluno": "FRANCISCO MANUEL DA SILVA OLIVEIRA"
                },
                {
                    "codigo_aluno": "301(...)38",
                    "nome_aluno": "GABRIELA ANTUNES ESTEVENS"
                },
                {
                    "codigo_aluno": "240(...)13",
                    "nome_aluno": "GIULIA MENDES DOS SANTOS"
                },
                {
                    "codigo_aluno": "152(...)55",
                    "nome_aluno": "IARA DA SILVA FONTOURA"
                },
                {
                    "codigo_aluno": "302(...)12",
                    "nome_aluno": "INÊS FERREIRA NUNES"
                },
                {
                    "codigo_aluno": "156(...)14",
                    "nome_aluno": "INÊS SOFIA DOS SANTOS MONTEZ"
                },
                {
                    "codigo_aluno": "158(...)01",
                    "nome_aluno": "JOANA BAPTISTA DA SILVA CUNHA"
                },
                {
                    "codigo_aluno": "156(...)92",
                    "nome_aluno": "JOANA FILIPA COLAÇO GUILHERME"
                },
                {
                    "codigo_aluno": "304(...)19",
                    "nome_aluno": "JOANA FILIPA GUERREIRO"
                },
                {
                    "codigo_aluno": "309(...)45",
                    "nome_aluno": "LARA GODINHO PEREIRA"
                },
                {
                    "codigo_aluno": "311(...)89",
                    "nome_aluno": "LEANDRO GONÇALVES BERNARDO SOBRAL"
                },
                {
                    "codigo_aluno": "301(...)34",
                    "nome_aluno": "LEONOR CUNHA E BARROS"
                },
                {
                    "codigo_aluno": "309(...)75",
                    "nome_aluno": "LEONOR SOFIA PEREIRA PALMA"
                },
                {
                    "codigo_aluno": "306(...)94",
                    "nome_aluno": "LUNA ARAÚJO DOS SANTOS"
                },
                {
                    "codigo_aluno": "307(...)89",
                    "nome_aluno": "MARIA DA LUZ MENDONÇA ISIDORO"
                },
                {
                    "codigo_aluno": "154(...)85",
                    "nome_aluno": "MARIA DOLORES VIEIRA DOS SANTOS"
                },
                {
                    "codigo_aluno": "309(...)37",
                    "nome_aluno": "MARIA GUADALUPE MENDONÇA SALGUEIRO VITOR RAPOSO"
                },
                {
                    "codigo_aluno": "314(...)65",
                    "nome_aluno": "MARIANA DA SILVA FERREIRA"
                },
                {
                    "codigo_aluno": "153(...)76",
                    "nome_aluno": "NÁDIA CRISTINA BERTAL LOPES PEREIRA"
                },
                {
                    "codigo_aluno": "308(...)63",
                    "nome_aluno": "NICOLE PORFIRIO PENEDO"
                },
                {
                    "codigo_aluno": "301(...)49",
                    "nome_aluno": "SOFIA FILIPA PEREIRA FERRAMACHO"
                },
                {
                    "codigo_aluno": "309(...)63",
                    "nome_aluno": "SORAIA DOS SANTOS FRANÇA"
                },
                {
                    "codigo_aluno": "303(...)36",
                    "nome_aluno": "TIAGO RAFAEL POMBO SERRA"
                },
                {
                    "codigo_aluno": "306(...)73",
                    "nome_aluno": "TOMÁS MARIA DUQUE ANTUNES ELIAS"
                }
            ]
        },
        {
            "codigo_curso": "9069",
            "nome_curso": "9069 - Design",
            "colocados": [
                {
                    "codigo_aluno": "310(...)58",
                    "nome_aluno": "ALEXANDRA PALADI"
                },
                {
                    "codigo_aluno": "156(...)23",
                    "nome_aluno": "ANDREIA SOARES FRAZÃO"
                },
                {
                    "codigo_aluno": "153(...)39",
                    "nome_aluno": "CATARINA CARRASCO PEREIRA"
                },
                {
                    "codigo_aluno": "152(...)06",
                    "nome_aluno": "CATARINA DA CONCEIÇÃO TRACANAS FONSECA"
                },
                {
                    "codigo_aluno": "307(...)61",
                    "nome_aluno": "CATARINA PEREIRA CERCAS"
                },
                {
                    "codigo_aluno": "152(...)28",
                    "nome_aluno": "CRISTIANO MARCELO CÉSAR DE MEDEIROS DE ARAÚJO"
                },
                {
                    "codigo_aluno": "307(...)38",
                    "nome_aluno": "DANIELA ALMEIDA SERAFIM"
                },
                {
                    "codigo_aluno": "312(...)29",
                    "nome_aluno": "DANIELA SARA ELLIOTT-MARQUES"
                },
                {
                    "codigo_aluno": "305(...)30",
                    "nome_aluno": "FILIPA ALEXANDRA ANTUNES GONÇALVES"
                },
                {
                    "codigo_aluno": "157(...)47",
                    "nome_aluno": "INÊS SERRALHEIRO SILVA"
                },
                {
                    "codigo_aluno": "152(...)38",
                    "nome_aluno": "ISADORA CINTRA MARQUES"
                },
                {
                    "codigo_aluno": "310(...)06",
                    "nome_aluno": "JOANA CABECINHA ROSADO"
                },
                {
                    "codigo_aluno": "307(...)21",
                    "nome_aluno": "JOANA LOPES FILIPE ALVES DE MORAIS"
                },
                {
                    "codigo_aluno": "300(...)71",
                    "nome_aluno": "LAURA VERISSIMO GOMES DA SILVA MAGNO"
                },
                {
                    "codigo_aluno": "152(...)88",
                    "nome_aluno": "LEONOR SILVA MARTINS"
                },
                {
                    "codigo_aluno": "158(...)17",
                    "nome_aluno": "LEONOR TEMUDO REIS"
                },
                {
                    "codigo_aluno": "158(...)38",
                    "nome_aluno": "LUCAS ARTHEM SANTOS FERREIRA"
                },
                {
                    "codigo_aluno": "315(...)15",
                    "nome_aluno": "MADALENA PEREIRA PIRES"
                },
                {
                    "codigo_aluno": "309(...)37",
                    "nome_aluno": "MAFALDA FONTES FUSCO"
                },
                {
                    "codigo_aluno": "302(...)65",
                    "nome_aluno": "MAFALDA SOFIA DA SILVA OLIVEIRA"
                },
                {
                    "codigo_aluno": "300(...)04",
                    "nome_aluno": "MARGARIDA BOM REBELO DE RONCON FORTE"
                },
                {
                    "codigo_aluno": "158(...)47",
                    "nome_aluno": "MARGARIDA ISABEL ALVES ANTUNES"
                },
                {
                    "codigo_aluno": "307(...)77",
                    "nome_aluno": "MARIA CAROLINA MARQUES INÁCIO DE SOUSA ESPADINHA"
                },
                {
                    "codigo_aluno": "152(...)30",
                    "nome_aluno": "MARIA INÊS ANTUNES MALACA"
                },
                {
                    "codigo_aluno": "306(...)82",
                    "nome_aluno": "MARIA TERESA REBOTIM SERROBECO"
                },
                {
                    "codigo_aluno": "153(...)68",
                    "nome_aluno": "MARIA VASCO FERREIRA"
                },
                {
                    "codigo_aluno": "313(...)92",
                    "nome_aluno": "MARIANA DE JESUS GALHANAS ARRONCHES"
                },
                {
                    "codigo_aluno": "157(...)59",
                    "nome_aluno": "MARIANA FERRO BARRIGÓ MARTINS PASSOS"
                },
                {
                    "codigo_aluno": "156(...)54",
                    "nome_aluno": "MARTA BARBOSA ABREU"
                },
                {
                    "codigo_aluno": "306(...)82",
                    "nome_aluno": "MATEUS GLÓRIA CASTANHO"
                },
                {
                    "codigo_aluno": "305(...)56",
                    "nome_aluno": "PATRICIA SOFIA DOS SANTOS SOUSA"
                },
                {
                    "codigo_aluno": "311(...)22",
                    "nome_aluno": "RITA ALEXANDRA LARANJO CARTAXO"
                },
                {
                    "codigo_aluno": "308(...)07",
                    "nome_aluno": "RITA SOFIA CARVALHO GRILO"
                },
                {
                    "codigo_aluno": "157(...)49",
                    "nome_aluno": "SARA BAPTISTA NUNES SALDANHA SOUTELINHO"
                },
                {
                    "codigo_aluno": "312(...)46",
                    "nome_aluno": "SARA BIANCA BUHAI"
                },
                {
                    "codigo_aluno": "152(...)90",
                    "nome_aluno": "SIMONE BACATELO MADEIRA"
                },
                {
                    "codigo_aluno": "153(...)91",
                    "nome_aluno": "TERESA CARDOSO VILAR DE SOUSA"
                }
            ]
        },
        {
            "codigo_curso": "9243",
            "nome_curso": "9243 - Teatro",
            "colocados": [
                {
                    "codigo_aluno": "314(...)30",
                    "nome_aluno": "ANA ISABEL PINTO MARCOS PRATA"
                },
                {
                    "codigo_aluno": "156(...)44",
                    "nome_aluno": "CLÁUDIA SOFIA VAZ FRANCO RODRIGUES"
                },
                {
                    "codigo_aluno": "316(...)73",
                    "nome_aluno": "DANIELA ALEXANDRA GOMES CARVALHO"
                },
                {
                    "codigo_aluno": "304(...)79",
                    "nome_aluno": "EVA DO MAR SEVERINO AGOSTINHO"
                },
                {
                    "codigo_aluno": "157(...)61",
                    "nome_aluno": "HELENA CABRITA MENDES"
                },
                {
                    "codigo_aluno": "300(...)65",
                    "nome_aluno": "JOANA MORIANO HENRIQUES PALHINHAS DIAS"
                },
                {
                    "codigo_aluno": "149(...)39",
                    "nome_aluno": "JOÃO RODRIGO FILIPE DOS SANTOS"
                },
                {
                    "codigo_aluno": "154(...)61",
                    "nome_aluno": "LI ANN FALCÃO ANTUNES"
                },
                {
                    "codigo_aluno": "240(...)31",
                    "nome_aluno": "LUCAS GABRIEL FURTADO DE MEDEIROS"
                },
                {
                    "codigo_aluno": "311(...)83",
                    "nome_aluno": "LUCAS MIGUEL AGUIAR ANTUNES"
                },
                {
                    "codigo_aluno": "152(...)82",
                    "nome_aluno": "LUÍSA MARIA PEREIRA BARRETO"
                },
                {
                    "codigo_aluno": "314(...)48",
                    "nome_aluno": "MÁRCIA ALEXANDRA MACEDO CARVALHO"
                },
                {
                    "codigo_aluno": "151(...)46",
                    "nome_aluno": "MARIA GONÇALVES MENDES"
                },
                {
                    "codigo_aluno": "308(...)41",
                    "nome_aluno": "MARIA LEONOR FERNANDES MARQUES GRILO PEREIRA"
                },
                {
                    "codigo_aluno": "312(...)82",
                    "nome_aluno": "MARIA LEONOR RAFAEL CHARNECO GUERREIRO PINTO"
                },
                {
                    "codigo_aluno": "159(...)04",
                    "nome_aluno": "MATILDE SOFIA BRANCO FOLHAS"
                },
                {
                    "codigo_aluno": "314(...)01",
                    "nome_aluno": "MIRIAM GONÇALVES LUZ"
                },
                {
                    "codigo_aluno": "307(...)84",
                    "nome_aluno": "PEDRO RAFAEL LOBO PENADO"
                },
                {
                    "codigo_aluno": "306(...)29",
                    "nome_aluno": "RAQUEL CARLOS SOMBREIREIRO DOS SANTOS FREITAS"
                },
                {
                    "codigo_aluno": "154(...)63",
                    "nome_aluno": "RICARDO CARREIRA CASTALDO"
                },
                {
                    "codigo_aluno": "309(...)77",
                    "nome_aluno": "SOLANGE MARQUES COIMBRA"
                },
                {
                    "codigo_aluno": "156(...)10",
                    "nome_aluno": "TIAGO RAFAEL DE ALMEIDA MORGADO"
                }
            ]
        }
    ]
}