{
    "codigo_universidade": "1509",
    "nome_universidade": "1509 - Universidade de Lisboa - Faculdade de Medicina Veterinária",
    "cursos": [
        {
            "codigo_curso": "9847",
            "nome_curso": "9847 - Medicina Veterinária",
            "colocados": [
                {
                    "codigo_aluno": "155(...)17",
                    "nome_aluno": "ADRIANA FARIA DE BASTOS CARDOSO"
                },
                {
                    "codigo_aluno": "153(...)14",
                    "nome_aluno": "AFONSO BONACHO MENDES"
                },
                {
                    "codigo_aluno": "307(...)14",
                    "nome_aluno": "ALEXANDRA SOFIA FONTAINHAS PIRES"
                },
                {
                    "codigo_aluno": "156(...)63",
                    "nome_aluno": "ANA LEONOR MARQUES DA SILVA DE OLIVEIRA NUNES"
                },
                {
                    "codigo_aluno": "301(...)31",
                    "nome_aluno": "ANA RITA DA SILVA NEVES"
                },
                {
                    "codigo_aluno": "300(...)00",
                    "nome_aluno": "ANDREIA ALVES CALDINHAS"
                },
                {
                    "codigo_aluno": "306(...)06",
                    "nome_aluno": "ANDREIA FILIPA DA SILVA GOMES"
                },
                {
                    "codigo_aluno": "151(...)17",
                    "nome_aluno": "ANDREIA MARISA NEIVA PINTO DE SÁ"
                },
                {
                    "codigo_aluno": "308(...)89",
                    "nome_aluno": "BEATRIZ DOS SANTOS LOUREIRO"
                },
                {
                    "codigo_aluno": "157(...)69",
                    "nome_aluno": "BEATRIZ GASPAR DE ALMEIDA DIAS"
                },
                {
                    "codigo_aluno": "315(...)52",
                    "nome_aluno": "BEATRIZ LOURENÇO PAIVA FERREIRA"
                },
                {
                    "codigo_aluno": "155(...)65",
                    "nome_aluno": "BEATRIZ MACHADO SILVA"
                },
                {
                    "codigo_aluno": "240(...)19",
                    "nome_aluno": "CAMILA DE SOUZA BARREIRAS"
                },
                {
                    "codigo_aluno": "314(...)90",
                    "nome_aluno": "CARLOTA SEVERO FOGAÇA BENTO"
                },
                {
                    "codigo_aluno": "152(...)31",
                    "nome_aluno": "CAROLINA FILIPA NUNES RAMOS"
                },
                {
                    "codigo_aluno": "304(...)59",
                    "nome_aluno": "CAROLINA MATEUS OLIVEIRA"
                },
                {
                    "codigo_aluno": "312(...)70",
                    "nome_aluno": "CAROLINA MENDES DA FONSECA"
                },
                {
                    "codigo_aluno": "154(...)44",
                    "nome_aluno": "CAROLINA SIBORRO DANTAS NEVES DA SILVA"
                },
                {
                    "codigo_aluno": "300(...)97",
                    "nome_aluno": "CATARINA BEATRIZ PESTANA VALENTE"
                },
                {
                    "codigo_aluno": "307(...)46",
                    "nome_aluno": "CATARINA FERNANDES BARROCAS"
                },
                {
                    "codigo_aluno": "302(...)95",
                    "nome_aluno": "CATARINA FERREIRA DA CUNHA PIRES"
                },
                {
                    "codigo_aluno": "313(...)62",
                    "nome_aluno": "CATARINA SEICEIRA DE OLIVEIRA"
                },
                {
                    "codigo_aluno": "307(...)57",
                    "nome_aluno": "CLÁUDIA SOFIA CARDOSO DE ALCOBIA"
                },
                {
                    "codigo_aluno": "153(...)43",
                    "nome_aluno": "DANIELA ALEXANDRA NICOLAU FRAGOSO"
                },
                {
                    "codigo_aluno": "152(...)09",
                    "nome_aluno": "DANIELA ANDRADE COSMELLI"
                },
                {
                    "codigo_aluno": "309(...)94",
                    "nome_aluno": "DANIELA FILIPA SARAIVA BRANCO"
                },
                {
                    "codigo_aluno": "151(...)90",
                    "nome_aluno": "DAVID LEMOS LEITÃO"
                },
                {
                    "codigo_aluno": "157(...)87",
                    "nome_aluno": "DIANA DA SILVA DUARTE"
                },
                {
                    "codigo_aluno": "158(...)55",
                    "nome_aluno": "EVA LUNA PINA SOEIRO"
                },
                {
                    "codigo_aluno": "240(...)02",
                    "nome_aluno": "FELIPE COUTO BATISTA"
                },
                {
                    "codigo_aluno": "306(...)17",
                    "nome_aluno": "FELIPE SALGADO BRAGA"
                },
                {
                    "codigo_aluno": "301(...)47",
                    "nome_aluno": "FRANCISCA LOUREIRO DA CUNHA CARDOSO"
                },
                {
                    "codigo_aluno": "310(...)62",
                    "nome_aluno": "FRANCISCA OLIVEIRA FROIS FREITAS DA COSTA"
                },
                {
                    "codigo_aluno": "156(...)28",
                    "nome_aluno": "GABRIELA CRUZ BOTELHO"
                },
                {
                    "codigo_aluno": "242(...)01",
                    "nome_aluno": "GIOVANNA HAYASHIDE REIS SPERANZINI"
                },
                {
                    "codigo_aluno": "153(...)90",
                    "nome_aluno": "GUILHERME ALEXANDRE DE SOUSA SANTOS"
                },
                {
                    "codigo_aluno": "152(...)80",
                    "nome_aluno": "GUILHERME ALMEIDA FREITAS"
                },
                {
                    "codigo_aluno": "313(...)23",
                    "nome_aluno": "INÊS ALEXANDRA RODRIGUES SILVA"
                },
                {
                    "codigo_aluno": "300(...)59",
                    "nome_aluno": "INÊS CABRAL TRINDADE MARTINS"
                },
                {
                    "codigo_aluno": "305(...)12",
                    "nome_aluno": "INÊS CARREIRA LOPES"
                },
                {
                    "codigo_aluno": "306(...)88",
                    "nome_aluno": "INÊS DA SILVA COSTA PEDROSA MACHADO"
                },
                {
                    "codigo_aluno": "303(...)37",
                    "nome_aluno": "INES GONÇALVES PEREIRA CRAVO MARTINS"
                },
                {
                    "codigo_aluno": "300(...)94",
                    "nome_aluno": "INÊS JOÃO GONÇALVES"
                },
                {
                    "codigo_aluno": "151(...)83",
                    "nome_aluno": "INÊS LINO MONTEIRO"
                },
                {
                    "codigo_aluno": "153(...)23",
                    "nome_aluno": "INÊS PINHEIRO PAIS DE CARVALHO"
                },
                {
                    "codigo_aluno": "150(...)29",
                    "nome_aluno": "INES SOFIA CORREIA HENRIQUES"
                },
                {
                    "codigo_aluno": "307(...)40",
                    "nome_aluno": "IVAN MIGUEL DE ALBUQUERQUE GRILO FAUSTINO"
                },
                {
                    "codigo_aluno": "300(...)75",
                    "nome_aluno": "JOANA BARATA NOGUEIRA"
                },
                {
                    "codigo_aluno": "159(...)62",
                    "nome_aluno": "JOANA PATRÍCIA ALMEIDA SANTOS"
                },
                {
                    "codigo_aluno": "304(...)35",
                    "nome_aluno": "JOSÉ MARIA GRANCHINHO COTRIM"
                },
                {
                    "codigo_aluno": "310(...)04",
                    "nome_aluno": "KAMILLA SADRUDIN GAUDINO RAMTULA"
                },
                {
                    "codigo_aluno": "154(...)86",
                    "nome_aluno": "LARA ALEXANDRA JORGE NATIVIDADE"
                },
                {
                    "codigo_aluno": "158(...)61",
                    "nome_aluno": "LAURA PELICANO TEIXEIRA LAGOA"
                },
                {
                    "codigo_aluno": "153(...)11",
                    "nome_aluno": "LEONOR SANTOS GARCIA DA SILVA"
                },
                {
                    "codigo_aluno": "157(...)35",
                    "nome_aluno": "LUÍS PAULO FIGUEIREDO BAPTISTA"
                },
                {
                    "codigo_aluno": "156(...)99",
                    "nome_aluno": "MADALENA ESTRELA MEDINA CASCAIS DE CARVALHO"
                },
                {
                    "codigo_aluno": "159(...)07",
                    "nome_aluno": "MADALENA MARIA ROLDÃO CAEIRO"
                },
                {
                    "codigo_aluno": "153(...)38",
                    "nome_aluno": "MADALENA PESTANA VIEIRA CORDEIRO LOPES"
                },
                {
                    "codigo_aluno": "307(...)91",
                    "nome_aluno": "MADALENA PIRES BASTOS BAPTISTA"
                },
                {
                    "codigo_aluno": "155(...)52",
                    "nome_aluno": "MADALENA REIS BERNARDO"
                },
                {
                    "codigo_aluno": "311(...)79",
                    "nome_aluno": "MAFALDA MARIA DE IGREJA E MOTA"
                },
                {
                    "codigo_aluno": "310(...)83",
                    "nome_aluno": "MANUEL VILHENA REVEZ LAMPREIA PALMA"
                },
                {
                    "codigo_aluno": "332(...)25",
                    "nome_aluno": "MARCELLA BOTELHO DE ALMEIDA E ALBUQUERQUE"
                },
                {
                    "codigo_aluno": "149(...)87",
                    "nome_aluno": "MARGARIDA AZEVEDO GOUVEIA"
                },
                {
                    "codigo_aluno": "151(...)27",
                    "nome_aluno": "MARGARIDA ISABEL MENDES ABREU"
                },
                {
                    "codigo_aluno": "304(...)86",
                    "nome_aluno": "MARIA DE ALMEIDA CAROLINO"
                },
                {
                    "codigo_aluno": "154(...)96",
                    "nome_aluno": "MARIA DO MAR FIOR SOUSA SOARES"
                },
                {
                    "codigo_aluno": "309(...)14",
                    "nome_aluno": "MARIA FERREIRA FRANCO DOS SANTOS"
                },
                {
                    "codigo_aluno": "306(...)22",
                    "nome_aluno": "MARIA LUISA MORGADINHO SILVA"
                },
                {
                    "codigo_aluno": "305(...)62",
                    "nome_aluno": "MARIA MADALENA PINTO LEITE PEREIRA COUTINHO"
                },
                {
                    "codigo_aluno": "301(...)52",
                    "nome_aluno": "MARIA MARGARIDA VENTURA AMARO"
                },
                {
                    "codigo_aluno": "153(...)73",
                    "nome_aluno": "MARIA RITA RIJO GOUVEIA"
                },
                {
                    "codigo_aluno": "304(...)03",
                    "nome_aluno": "MARIA SARAIVA DE PAIVA HENRIQUES"
                },
                {
                    "codigo_aluno": "152(...)47",
                    "nome_aluno": "MARIANA ARAUJO SANTOS SILVA"
                },
                {
                    "codigo_aluno": "152(...)20",
                    "nome_aluno": "MARIANA CARDOSO DOS SANTOS"
                },
                {
                    "codigo_aluno": "303(...)40",
                    "nome_aluno": "MARIANA DA SILVA GÓIS ROGADO MADEIRA"
                },
                {
                    "codigo_aluno": "156(...)93",
                    "nome_aluno": "MARIANA PEDROSO RICARDO ISIDORO"
                },
                {
                    "codigo_aluno": "307(...)90",
                    "nome_aluno": "MARISA ALEXANDRA OLIVEIRA PEDRAS"
                },
                {
                    "codigo_aluno": "306(...)26",
                    "nome_aluno": "MARISA CHAINHO MATOS"
                },
                {
                    "codigo_aluno": "152(...)65",
                    "nome_aluno": "MARTA ALEXANDRA DE ALMEIDA FOUTO"
                },
                {
                    "codigo_aluno": "154(...)93",
                    "nome_aluno": "MARTA SOFIA LOPES JUNHO"
                },
                {
                    "codigo_aluno": "310(...)78",
                    "nome_aluno": "MARTIM DOS SANTOS RODRIGUES"
                },
                {
                    "codigo_aluno": "327(...)98",
                    "nome_aluno": "MARYANE PATRÍCIO DE FREITAS ARAÚJO"
                },
                {
                    "codigo_aluno": "151(...)53",
                    "nome_aluno": "MATILDE DUARTE MATEUS OLIVEIRA MENDES"
                },
                {
                    "codigo_aluno": "303(...)04",
                    "nome_aluno": "MATILDE GARCIA VENTURA CAVALINHOS"
                },
                {
                    "codigo_aluno": "303(...)16",
                    "nome_aluno": "MATILDE JESUS MORAIS DE ALMEIDA CANAS"
                },
                {
                    "codigo_aluno": "304(...)04",
                    "nome_aluno": "MATILDE PINTO RIBEIRO"
                },
                {
                    "codigo_aluno": "156(...)43",
                    "nome_aluno": "MIGUEL ALEXANDRE DA SILVA RIBEIRO"
                },
                {
                    "codigo_aluno": "149(...)27",
                    "nome_aluno": "NIKITA AROONSLAM MARQUES"
                },
                {
                    "codigo_aluno": "158(...)25",
                    "nome_aluno": "PEDRO DA PALMA PICA"
                },
                {
                    "codigo_aluno": "151(...)48",
                    "nome_aluno": "RITA DELAUNAY COELHO ANDRE RIBEIRO"
                },
                {
                    "codigo_aluno": "312(...)95",
                    "nome_aluno": "RITA FÉLIX SANTOS"
                },
                {
                    "codigo_aluno": "153(...)23",
                    "nome_aluno": "RITA IRINA CORREIA PEDROSO"
                },
                {
                    "codigo_aluno": "151(...)91",
                    "nome_aluno": "RITA LAMEIRAS RODRIGUES"
                },
                {
                    "codigo_aluno": "159(...)51",
                    "nome_aluno": "RITA PESTANA CASQUILHO ALAGOINHA RAMALHO"
                },
                {
                    "codigo_aluno": "156(...)36",
                    "nome_aluno": "RITA SOFIA RODRIGUES GONÇALVES"
                },
                {
                    "codigo_aluno": "309(...)41",
                    "nome_aluno": "RODRIGO ALEXANDRE BARBUDO VELEZ"
                },
                {
                    "codigo_aluno": "309(...)23",
                    "nome_aluno": "RODRIGO JOSÉ CARREIRA TOMAZ"
                },
                {
                    "codigo_aluno": "306(...)93",
                    "nome_aluno": "SANTIAGO DE SOUSA REIS BOTO VIEGAS"
                },
                {
                    "codigo_aluno": "156(...)45",
                    "nome_aluno": "SOFIA BRAVO MESQUITA BAPTISTA"
                },
                {
                    "codigo_aluno": "136(...)24",
                    "nome_aluno": "SOFIA MADALENA BLANK PEDRO NEVES"
                },
                {
                    "codigo_aluno": "309(...)76",
                    "nome_aluno": "SOFIA MARQUES LEITE SCOTTI CAMPOS"
                },
                {
                    "codigo_aluno": "306(...)94",
                    "nome_aluno": "SOFIA MORGADO ROBALO LOPES COELHO"
                },
                {
                    "codigo_aluno": "152(...)41",
                    "nome_aluno": "TERESA MOREIRA DA FONSECA GAMEIRO"
                },
                {
                    "codigo_aluno": "152(...)27",
                    "nome_aluno": "TIAGO GUERREIRO MARTINS NUNES"
                },
                {
                    "codigo_aluno": "157(...)73",
                    "nome_aluno": "ULISSES DOS SANTOS FERREIRA LOUREIRO MATEIA"
                },
                {
                    "codigo_aluno": "305(...)76",
                    "nome_aluno": "VASCO DINIS DIAS VICENTE"
                },
                {
                    "codigo_aluno": "307(...)80",
                    "nome_aluno": "VERÓNICA SOFIA GOUVEIA VARELA ROSADO DIAS"
                },
                {
                    "codigo_aluno": "158(...)76",
                    "nome_aluno": "VITÓRIA SÁ OLIVEIRA LEAL DOS SANTOS"
                }
            ]
        }
    ]
}