{
    "codigo_universidade": "1113",
    "nome_universidade": "1113 - Universidade do Porto - Faculdade de Medicina Dentária",
    "cursos": [
        {
            "codigo_curso": "9548",
            "nome_curso": "9548 - Medicina Dentária",
            "colocados": [
                {
                    "codigo_aluno": "300(...)56",
                    "nome_aluno": "ALEXANDRA COUTO DE MIRANDA FERREIRA"
                },
                {
                    "codigo_aluno": "309(...)64",
                    "nome_aluno": "ALEXANDRA GONÇALVES FERNANDES"
                },
                {
                    "codigo_aluno": "310(...)77",
                    "nome_aluno": "ALEXANDRE DE ARAÚJO MOUTINHO"
                },
                {
                    "codigo_aluno": "307(...)65",
                    "nome_aluno": "ANA RITA PINTO VINHA"
                },
                {
                    "codigo_aluno": "157(...)60",
                    "nome_aluno": "BEATRIZ ALMEIDA FERREIRA"
                },
                {
                    "codigo_aluno": "304(...)28",
                    "nome_aluno": "BEATRIZ DOS SANTOS PINTO"
                },
                {
                    "codigo_aluno": "156(...)62",
                    "nome_aluno": "BEATRIZ FERREIRA LOISAS"
                },
                {
                    "codigo_aluno": "300(...)16",
                    "nome_aluno": "BEATRIZ ULISSES MELRO"
                },
                {
                    "codigo_aluno": "150(...)95",
                    "nome_aluno": "BIBIANA BONFIM SANTOS DAIO PINHEIRO"
                },
                {
                    "codigo_aluno": "304(...)93",
                    "nome_aluno": "BRUNA ESTRÊLA DOS SANTOS"
                },
                {
                    "codigo_aluno": "159(...)62",
                    "nome_aluno": "BRUNA FILIPA MENDES CAMPOS"
                },
                {
                    "codigo_aluno": "328(...)66",
                    "nome_aluno": "BRUNO MARAVALLE PINTO"
                },
                {
                    "codigo_aluno": "313(...)14",
                    "nome_aluno": "CAROLINA BARRETO CUNHA GOMES"
                },
                {
                    "codigo_aluno": "307(...)34",
                    "nome_aluno": "CAROLINA MOREIRA TEIXEIRA"
                },
                {
                    "codigo_aluno": "154(...)92",
                    "nome_aluno": "CATARINA TEIXEIRA RODRIGUES"
                },
                {
                    "codigo_aluno": "300(...)97",
                    "nome_aluno": "DINIS MARIA DA COSTA PERIENES PERES"
                },
                {
                    "codigo_aluno": "157(...)57",
                    "nome_aluno": "EDUARDO BARBOSA FERNANDES"
                },
                {
                    "codigo_aluno": "306(...)37",
                    "nome_aluno": "EMA ALONSO CABRAL"
                },
                {
                    "codigo_aluno": "157(...)79",
                    "nome_aluno": "ERICA CARVALHO PINTO"
                },
                {
                    "codigo_aluno": "159(...)29",
                    "nome_aluno": "FRANCISCO JOÃO PAULO MORAIS"
                },
                {
                    "codigo_aluno": "157(...)76",
                    "nome_aluno": "GABRIELA MATEUS SILVA"
                },
                {
                    "codigo_aluno": "159(...)48",
                    "nome_aluno": "HELENA VALVERDE DE ALMEIDA COSTA"
                },
                {
                    "codigo_aluno": "154(...)26",
                    "nome_aluno": "HERNÂNI JESUS PINTO"
                },
                {
                    "codigo_aluno": "159(...)02",
                    "nome_aluno": "HUGO TEIXEIRA MENDES"
                },
                {
                    "codigo_aluno": "301(...)09",
                    "nome_aluno": "INÊS ANDRÉ ESTEVES"
                },
                {
                    "codigo_aluno": "309(...)04",
                    "nome_aluno": "INÊS GONÇALVES MOUTINHO"
                },
                {
                    "codigo_aluno": "311(...)11",
                    "nome_aluno": "INÊS MARTINS MOUTINHO"
                },
                {
                    "codigo_aluno": "308(...)40",
                    "nome_aluno": "JÉSSICA SORAIA DINIS DA CÂMARA"
                },
                {
                    "codigo_aluno": "154(...)25",
                    "nome_aluno": "JOANA CARREIRA DA CUNHA"
                },
                {
                    "codigo_aluno": "304(...)93",
                    "nome_aluno": "JOANA FILIPA FERREIRA DA COSTA"
                },
                {
                    "codigo_aluno": "315(...)95",
                    "nome_aluno": "JOÃO PEDRO PEREIRA MOREIRA CARVALHO"
                },
                {
                    "codigo_aluno": "152(...)03",
                    "nome_aluno": "JOSÉ FRANCISCO DE SOUSA MONTEIRO"
                },
                {
                    "codigo_aluno": "158(...)77",
                    "nome_aluno": "KATHIE ANDRÉA VIEIRA DE SOUSA"
                },
                {
                    "codigo_aluno": "155(...)58",
                    "nome_aluno": "LAURA MAVILDE QUINTAS FERNANDES"
                },
                {
                    "codigo_aluno": "157(...)89",
                    "nome_aluno": "LEONOR SILVA BRANDÃO"
                },
                {
                    "codigo_aluno": "306(...)98",
                    "nome_aluno": "LUÍS ONOFRE PINHEIRO DA CUNHA"
                },
                {
                    "codigo_aluno": "152(...)37",
                    "nome_aluno": "MADALENA CARVALHO GONÇALVES"
                },
                {
                    "codigo_aluno": "156(...)75",
                    "nome_aluno": "MADALENA NAVE GASPAR"
                },
                {
                    "codigo_aluno": "315(...)52",
                    "nome_aluno": "MARGARIDA SOARES SÁ"
                },
                {
                    "codigo_aluno": "304(...)91",
                    "nome_aluno": "MARIA CAMPOS FERREIRA"
                },
                {
                    "codigo_aluno": "154(...)52",
                    "nome_aluno": "MARIA CAROLINA FERNANDES VILAÇA"
                },
                {
                    "codigo_aluno": "309(...)33",
                    "nome_aluno": "MARIA CLARA CASTRO BELEZA VIEIRA"
                },
                {
                    "codigo_aluno": "305(...)12",
                    "nome_aluno": "MARIA DO CARMO DA SILVA COENTRÃO ALBUQUERQUE DE FARIA"
                },
                {
                    "codigo_aluno": "153(...)19",
                    "nome_aluno": "MARIA EDUARDA FERREIRA CAMACHO"
                },
                {
                    "codigo_aluno": "150(...)61",
                    "nome_aluno": "MARIA FRANCISCA LEAL SILVA"
                },
                {
                    "codigo_aluno": "307(...)89",
                    "nome_aluno": "MARIA GABRIELA ROSADO FERNANDES"
                },
                {
                    "codigo_aluno": "157(...)53",
                    "nome_aluno": "MARIA INÊS GÓIS DA COSTA"
                },
                {
                    "codigo_aluno": "301(...)39",
                    "nome_aluno": "MARIA JOÃO MOREIRA DUARTE"
                },
                {
                    "codigo_aluno": "300(...)91",
                    "nome_aluno": "MARIA LUÍS ARTEIRO COUTINHO BARBOSA LEÃO"
                },
                {
                    "codigo_aluno": "153(...)77",
                    "nome_aluno": "MARIA SOFIA GABRIEL PRATA"
                },
                {
                    "codigo_aluno": "152(...)77",
                    "nome_aluno": "MARIANA FERNANDES DA SILVA"
                },
                {
                    "codigo_aluno": "311(...)42",
                    "nome_aluno": "MARIANA LEONOR SILVA CARVALHO"
                },
                {
                    "codigo_aluno": "159(...)57",
                    "nome_aluno": "MARTA GONÇALVES PIRES COSTA"
                },
                {
                    "codigo_aluno": "159(...)73",
                    "nome_aluno": "MARTA SILVA RIBEIRINHA"
                },
                {
                    "codigo_aluno": "303(...)28",
                    "nome_aluno": "MARTIM BARREIRA BORGES DA COSTA MATOS"
                },
                {
                    "codigo_aluno": "316(...)10",
                    "nome_aluno": "MATILDE FREITAS ALVES"
                },
                {
                    "codigo_aluno": "315(...)51",
                    "nome_aluno": "PEDRO DINIS LEAL DE MATOS"
                },
                {
                    "codigo_aluno": "312(...)76",
                    "nome_aluno": "RAFAELA ALVES LOUREIRO"
                },
                {
                    "codigo_aluno": "306(...)26",
                    "nome_aluno": "RITA CARDOSO BARBOSA"
                },
                {
                    "codigo_aluno": "300(...)50",
                    "nome_aluno": "SÉRGIO RAFAEL TEIXEIRA DA SILVA"
                },
                {
                    "codigo_aluno": "304(...)53",
                    "nome_aluno": "SIMÃO HENRIQUES SOARES"
                },
                {
                    "codigo_aluno": "153(...)93",
                    "nome_aluno": "SOFIA FILIPA FERNANDES FERRO"
                },
                {
                    "codigo_aluno": "153(...)39",
                    "nome_aluno": "SOFIA MALDONADO DE VASCONCELOS CORREIA BARRETO"
                },
                {
                    "codigo_aluno": "153(...)82",
                    "nome_aluno": "TIAGO DANIEL GOMES"
                },
                {
                    "codigo_aluno": "156(...)42",
                    "nome_aluno": "TIAGO JOÃO MADUREIRA NUNES"
                },
                {
                    "codigo_aluno": "159(...)79",
                    "nome_aluno": "TIAGO MIGUEL GOMES PIEDADE ALVES NICOLAU"
                }
            ]
        }
    ]
}