{
    "codigo_universidade": "3164",
    "nome_universidade": "3164 - Instituto Politécnico de Viana do Castelo - Escola Superior de Ciências Empresariais",
    "cursos": [
        {
            "codigo_curso": "9498",
            "nome_curso": "9498 - Contabilidade e Fiscalidade",
            "colocados": [
                {
                    "codigo_aluno": "305(...)20",
                    "nome_aluno": "ANA SOFIA DE OLIVEIRA DIAS NUNES"
                },
                {
                    "codigo_aluno": "158(...)54",
                    "nome_aluno": "BÉATRICE FRANCO"
                },
                {
                    "codigo_aluno": "309(...)84",
                    "nome_aluno": "BEATRIZ DANTAS ARAÚJO"
                },
                {
                    "codigo_aluno": "307(...)38",
                    "nome_aluno": "BIANCA RODRIGUES PAIS"
                },
                {
                    "codigo_aluno": "154(...)37",
                    "nome_aluno": "CATARINA ARAÚJO RODRIGUES"
                },
                {
                    "codigo_aluno": "152(...)07",
                    "nome_aluno": "DANILO RODRIGUES MORAIS"
                },
                {
                    "codigo_aluno": "310(...)33",
                    "nome_aluno": "DIANA FILIPA OLIVEIRA LOPES"
                },
                {
                    "codigo_aluno": "159(...)07",
                    "nome_aluno": "EDUARDA DA MOTA PONTES"
                },
                {
                    "codigo_aluno": "314(...)85",
                    "nome_aluno": "ÉRICA MARIA RODRIGUES DA SILVA"
                },
                {
                    "codigo_aluno": "302(...)22",
                    "nome_aluno": "HÉLDER VIDEIRA GONÇALVES"
                },
                {
                    "codigo_aluno": "156(...)36",
                    "nome_aluno": "JOANA GABRIELA MOTA DOMINGUES SILVA"
                },
                {
                    "codigo_aluno": "308(...)33",
                    "nome_aluno": "JOÃO MIGUEL CAMPOS FERREIRA RIBEIRO"
                },
                {
                    "codigo_aluno": "153(...)60",
                    "nome_aluno": "JOSÉ PEDRO DOS SANTOS TORRES"
                },
                {
                    "codigo_aluno": "306(...)03",
                    "nome_aluno": "LARA ARAÚJO FREITAS"
                },
                {
                    "codigo_aluno": "309(...)12",
                    "nome_aluno": "LARA MARGARIDA DA MOTA FERREIRA"
                },
                {
                    "codigo_aluno": "311(...)99",
                    "nome_aluno": "LAURA BEATRIZ RODRIGUES LOPES"
                },
                {
                    "codigo_aluno": "154(...)32",
                    "nome_aluno": "MARA ALEXANDRA BARBOSA DA TORRE"
                },
                {
                    "codigo_aluno": "306(...)54",
                    "nome_aluno": "MARIA BESSA FERNANDES"
                },
                {
                    "codigo_aluno": "309(...)81",
                    "nome_aluno": "MARIANA ALVES VIEIRA"
                },
                {
                    "codigo_aluno": "303(...)89",
                    "nome_aluno": "MARIANA DE SOUSA GONÇALVES"
                },
                {
                    "codigo_aluno": "306(...)57",
                    "nome_aluno": "RAFAEL CUNHA GOMES"
                },
                {
                    "codigo_aluno": "317(...)34",
                    "nome_aluno": "RICARDO JOSÉ NOGUEIRA NETO"
                },
                {
                    "codigo_aluno": "306(...)64",
                    "nome_aluno": "RITA MARIA FERREIRA DE SOUSA"
                },
                {
                    "codigo_aluno": "309(...)48",
                    "nome_aluno": "RODRIGO FERNANDES MARTINS"
                },
                {
                    "codigo_aluno": "158(...)05",
                    "nome_aluno": "RUI DA CRUZ SILVA"
                },
                {
                    "codigo_aluno": "302(...)02",
                    "nome_aluno": "SOFIA MACHADO VALES"
                },
                {
                    "codigo_aluno": "314(...)73",
                    "nome_aluno": "SORAIA DE ARAÚJO DANTAS CARNEIRO"
                },
                {
                    "codigo_aluno": "310(...)93",
                    "nome_aluno": "TIAGO ALMEIDA RIBEIRO"
                }
            ]
        },
        {
            "codigo_curso": "8464",
            "nome_curso": "8464 - Gestão da Distribuição e Logística",
            "colocados": [
                {
                    "codigo_aluno": "153(...)87",
                    "nome_aluno": "AFONSO ARAUJO SOUTO"
                },
                {
                    "codigo_aluno": "156(...)19",
                    "nome_aluno": "ALICE MARIA DE OLIVEIRA COELHO"
                },
                {
                    "codigo_aluno": "321(...)43",
                    "nome_aluno": "ARTHUR CHICONELLI GUERREIRO"
                },
                {
                    "codigo_aluno": "305(...)91",
                    "nome_aluno": "BEATRIZ LETICIA CASTRO LAGES"
                },
                {
                    "codigo_aluno": "159(...)03",
                    "nome_aluno": "BEATRIZ OLIVEIRA VILAS BOAS"
                },
                {
                    "codigo_aluno": "158(...)01",
                    "nome_aluno": "BERNARDO DE BRITO BIGAS"
                },
                {
                    "codigo_aluno": "156(...)99",
                    "nome_aluno": "CAROLINA CORREIA OLIVEIRA"
                },
                {
                    "codigo_aluno": "306(...)13",
                    "nome_aluno": "CAROLINA ISABEL ARGEL DA SILVA"
                },
                {
                    "codigo_aluno": "156(...)75",
                    "nome_aluno": "DANIELA COSTA ALVES BARRETO FREITAS"
                },
                {
                    "codigo_aluno": "240(...)06",
                    "nome_aluno": "DÁRIO PAULO AUGUSTO GREGORIO"
                },
                {
                    "codigo_aluno": "154(...)38",
                    "nome_aluno": "DIANA DE MIGUEL FERNANDES"
                },
                {
                    "codigo_aluno": "302(...)76",
                    "nome_aluno": "DINIS ARNAUD RODRIGUES MARTINS"
                },
                {
                    "codigo_aluno": "304(...)89",
                    "nome_aluno": "DIOGO VAZ PINTO"
                },
                {
                    "codigo_aluno": "157(...)80",
                    "nome_aluno": "EDUARDA OLIVEIRA ARAÚJO"
                },
                {
                    "codigo_aluno": "301(...)00",
                    "nome_aluno": "EDUARDO LUCENA RODRIGUES"
                },
                {
                    "codigo_aluno": "306(...)32",
                    "nome_aluno": "GONÇALO RODRIGUES DA SILVA"
                },
                {
                    "codigo_aluno": "312(...)43",
                    "nome_aluno": "GUILHERME DIAS DA SILVA"
                },
                {
                    "codigo_aluno": "304(...)13",
                    "nome_aluno": "JOÃO CARLOS GOMES VALE"
                },
                {
                    "codigo_aluno": "154(...)33",
                    "nome_aluno": "JOÃO PEDRO MAIA AGOSTINHO"
                },
                {
                    "codigo_aluno": "310(...)21",
                    "nome_aluno": "JULIANA PEREIRA FERNANDES"
                },
                {
                    "codigo_aluno": "156(...)12",
                    "nome_aluno": "LEONOR RODRIGUES DOS SANTOS"
                },
                {
                    "codigo_aluno": "153(...)25",
                    "nome_aluno": "MARGARIDA BARROS ESTEVES"
                },
                {
                    "codigo_aluno": "153(...)58",
                    "nome_aluno": "MARTIM SILVA DA CUNHA"
                },
                {
                    "codigo_aluno": "309(...)61",
                    "nome_aluno": "RICARDO ALBERTO DA SILVA RAMOA"
                },
                {
                    "codigo_aluno": "128(...)38",
                    "nome_aluno": "RICARDO LUIS LAGOA CRUZ"
                },
                {
                    "codigo_aluno": "309(...)41",
                    "nome_aluno": "RODRIGO RODRIGUES DA SILVA OLIVEIRA MACHADO"
                },
                {
                    "codigo_aluno": "316(...)54",
                    "nome_aluno": "SANDRA MARIA DA COSTA VIEITAS"
                },
                {
                    "codigo_aluno": "159(...)07",
                    "nome_aluno": "SOFIA LAGOA GOMES"
                },
                {
                    "codigo_aluno": "325(...)74",
                    "nome_aluno": "VICTOR CASTRO E SILVA CARVALHO"
                }
            ]
        },
        {
            "codigo_curso": "9664",
            "nome_curso": "9664 - Marketing e Comunicação Empresarial",
            "colocados": [
                {
                    "codigo_aluno": "315(...)80",
                    "nome_aluno": "ALINA KRYSHTANOVYCH"
                },
                {
                    "codigo_aluno": "306(...)44",
                    "nome_aluno": "ANA RITA FARIA RIBEIRO"
                },
                {
                    "codigo_aluno": "304(...)65",
                    "nome_aluno": "ANA RITA GOMES BRAGA"
                },
                {
                    "codigo_aluno": "306(...)48",
                    "nome_aluno": "ANDRÉ LUÍS CARREIRA DE FREITAS"
                },
                {
                    "codigo_aluno": "159(...)29",
                    "nome_aluno": "ANDREIA COUTO DE OLIVEIRA"
                },
                {
                    "codigo_aluno": "319(...)16",
                    "nome_aluno": "ANNA SOPHIA SOUZA FORTE DE FARIA"
                },
                {
                    "codigo_aluno": "306(...)80",
                    "nome_aluno": "ANTÓNIO VIANA PIMENTA"
                },
                {
                    "codigo_aluno": "302(...)69",
                    "nome_aluno": "ARIANA QUESADO SOUSA"
                },
                {
                    "codigo_aluno": "159(...)96",
                    "nome_aluno": "BÁRBARA DA SILVA RIBEIRO"
                },
                {
                    "codigo_aluno": "304(...)65",
                    "nome_aluno": "BÁRBARA PIRES DA MOTA"
                },
                {
                    "codigo_aluno": "307(...)17",
                    "nome_aluno": "CATARINA PEREIRA MARTINS"
                },
                {
                    "codigo_aluno": "315(...)97",
                    "nome_aluno": "CATARINA RIBEIRO DA LOMBA PERES"
                },
                {
                    "codigo_aluno": "152(...)29",
                    "nome_aluno": "DINIS ARAÚJO LOUREIRO"
                },
                {
                    "codigo_aluno": "323(...)05",
                    "nome_aluno": "FELIPE BORGES DE OLIVEIRA"
                },
                {
                    "codigo_aluno": "157(...)26",
                    "nome_aluno": "GABRIELA CEPEDA CARVALHO"
                },
                {
                    "codigo_aluno": "154(...)67",
                    "nome_aluno": "GIL PEREIRA FERNANDES"
                },
                {
                    "codigo_aluno": "315(...)03",
                    "nome_aluno": "INÊS CALDAS PEIXOTO"
                },
                {
                    "codigo_aluno": "159(...)62",
                    "nome_aluno": "INÊS CÉSAR SANTOS"
                },
                {
                    "codigo_aluno": "309(...)83",
                    "nome_aluno": "INÊS FERREIRA DA SILVA"
                },
                {
                    "codigo_aluno": "309(...)14",
                    "nome_aluno": "INÊS FILIPA GONÇALVES DIAS"
                },
                {
                    "codigo_aluno": "309(...)92",
                    "nome_aluno": "INÊS GONÇALVES PEREIRA DA SILVA"
                },
                {
                    "codigo_aluno": "309(...)91",
                    "nome_aluno": "IRIS BENTA SILVA"
                },
                {
                    "codigo_aluno": "303(...)41",
                    "nome_aluno": "ISABEL FERREIRA VIANA"
                },
                {
                    "codigo_aluno": "158(...)79",
                    "nome_aluno": "JOANA CALÇADA PEREIRA"
                },
                {
                    "codigo_aluno": "303(...)58",
                    "nome_aluno": "JOSÉ PEDRO TEIXEIRA GUEDES DA COSTA"
                },
                {
                    "codigo_aluno": "301(...)58",
                    "nome_aluno": "LARA NUNES MOREIRA"
                },
                {
                    "codigo_aluno": "151(...)97",
                    "nome_aluno": "LETÍCIA VIEIRA GONÇALVES"
                },
                {
                    "codigo_aluno": "308(...)96",
                    "nome_aluno": "MAFALDA LOUREIRO DE OLIVEIRA FARIA FERREIRA"
                },
                {
                    "codigo_aluno": "153(...)38",
                    "nome_aluno": "MARIA ARIEIRO GONÇALVES PERES"
                },
                {
                    "codigo_aluno": "157(...)22",
                    "nome_aluno": "MARIA JOÃO RIBEIRO FREITAS ALEXANDRINO"
                },
                {
                    "codigo_aluno": "304(...)44",
                    "nome_aluno": "MARIA MARGARIDA RAMOS PINTAS OLIVEIRA"
                },
                {
                    "codigo_aluno": "306(...)04",
                    "nome_aluno": "MIGUEL LAGO DA SILVA"
                },
                {
                    "codigo_aluno": "305(...)21",
                    "nome_aluno": "NÁDIA CRISTINA TEIXEIRA GOMES RAUBER"
                },
                {
                    "codigo_aluno": "157(...)25",
                    "nome_aluno": "PEDRO MIGUEL COSTA MIRANDA"
                },
                {
                    "codigo_aluno": "159(...)92",
                    "nome_aluno": "RODRIGO PEREIRA DOS SANTOS POLÍCIA"
                },
                {
                    "codigo_aluno": "301(...)57",
                    "nome_aluno": "RODRIGO SIMÃO AFONSO CORDEIRO"
                },
                {
                    "codigo_aluno": "300(...)29",
                    "nome_aluno": "RUI LOURENÇO LEMOS COSTA MATIAS SAMPAIO"
                },
                {
                    "codigo_aluno": "303(...)41",
                    "nome_aluno": "SIMONE NATACHA GUIMARÃES NOGUEIRA"
                },
                {
                    "codigo_aluno": "157(...)38",
                    "nome_aluno": "TOMÁS FILIPE FERREIRA DA SILVA"
                },
                {
                    "codigo_aluno": "304(...)50",
                    "nome_aluno": "VÂNIA GOMES BARBOSA"
                }
            ]
        },
        {
            "codigo_curso": "8516",
            "nome_curso": "8516 - Organização e Gestão Empresariais",
            "colocados": [
                {
                    "codigo_aluno": "315(...)70",
                    "nome_aluno": "ANA AFONSO RIOS VIEIRA DE MOURA"
                },
                {
                    "codigo_aluno": "155(...)69",
                    "nome_aluno": "ANA BEATRIZ CARVALHO MILHAZES"
                },
                {
                    "codigo_aluno": "157(...)67",
                    "nome_aluno": "CÁTIA FILIPA PEREIRA DA CONCEIÇÃO"
                },
                {
                    "codigo_aluno": "152(...)19",
                    "nome_aluno": "DIANA NOVO MACHADO"
                },
                {
                    "codigo_aluno": "314(...)83",
                    "nome_aluno": "FELÍCIA MOITAS SILVA"
                },
                {
                    "codigo_aluno": "300(...)77",
                    "nome_aluno": "GABRIEL CANOSSA DE SOUSA"
                },
                {
                    "codigo_aluno": "306(...)08",
                    "nome_aluno": "GABRIEL NUNES COELHO"
                },
                {
                    "codigo_aluno": "306(...)89",
                    "nome_aluno": "GONÇALO DA SILVA CARVALHO"
                },
                {
                    "codigo_aluno": "310(...)46",
                    "nome_aluno": "GUILHERME ALEXANDRE BARROSO ESTEVES"
                },
                {
                    "codigo_aluno": "309(...)62",
                    "nome_aluno": "GUSTAVO DE AZEVEDO LAIGINHA LEAL"
                },
                {
                    "codigo_aluno": "307(...)20",
                    "nome_aluno": "INÊS DE SÁ OLIVEIRA"
                },
                {
                    "codigo_aluno": "304(...)27",
                    "nome_aluno": "INES MARGARIDA MACEDO DE REIS"
                },
                {
                    "codigo_aluno": "304(...)12",
                    "nome_aluno": "JOAO PEDRO HORA MARQUES TEIXEIRA"
                },
                {
                    "codigo_aluno": "305(...)04",
                    "nome_aluno": "JOÃO PEDRO PINTO DA COSTA"
                },
                {
                    "codigo_aluno": "309(...)12",
                    "nome_aluno": "JOSÉ PEDRO ARAUJO SILVA"
                },
                {
                    "codigo_aluno": "152(...)84",
                    "nome_aluno": "LUANA DIAS FERNANDES"
                },
                {
                    "codigo_aluno": "306(...)36",
                    "nome_aluno": "LUÍSA DANIELA QUESADO DA SILVA"
                },
                {
                    "codigo_aluno": "305(...)56",
                    "nome_aluno": "MADALENA DE JESUS PEREIRA MOTA"
                },
                {
                    "codigo_aluno": "309(...)98",
                    "nome_aluno": "MARIA CUNHA GONÇALVES"
                },
                {
                    "codigo_aluno": "310(...)94",
                    "nome_aluno": "MATILDE MONTEIRO MOREIRA"
                },
                {
                    "codigo_aluno": "306(...)12",
                    "nome_aluno": "PATRÍCIA FILIPA DUARTE GANHÃO"
                },
                {
                    "codigo_aluno": "300(...)26",
                    "nome_aluno": "PATRÍCIA JOÃO DO VALE MOREIRA"
                },
                {
                    "codigo_aluno": "309(...)48",
                    "nome_aluno": "PEDRO GASPAR COUTINHO PACHECO"
                },
                {
                    "codigo_aluno": "147(...)53",
                    "nome_aluno": "RAFAEL FERREIRA PEREIRA"
                },
                {
                    "codigo_aluno": "314(...)83",
                    "nome_aluno": "RODRIGO ALEXANDRE SANTOS NEVES"
                },
                {
                    "codigo_aluno": "154(...)32",
                    "nome_aluno": "RODRIGO COSTA PEREIRA"
                },
                {
                    "codigo_aluno": "240(...)24",
                    "nome_aluno": "SANTIAGO ZAPATA CASTRO"
                },
                {
                    "codigo_aluno": "314(...)04",
                    "nome_aluno": "SARA CRISTINA PEREIRA ALVES"
                },
                {
                    "codigo_aluno": "306(...)41",
                    "nome_aluno": "SILVIA FILIPA GOMES PEREIRA"
                },
                {
                    "codigo_aluno": "316(...)23",
                    "nome_aluno": "TIAGO JORGE NUNES VIEIRA"
                }
            ]
        }
    ]
}