{
    "codigo_universidade": "3101",
    "nome_universidade": "3101 - Instituto Politécnico de Leiria - Escola Superior de Educação e Ciências Sociais",
    "cursos": [
        {
            "codigo_curso": "L099",
            "nome_curso": "L099 - Comunicação e Media",
            "colocados": [
                {
                    "codigo_aluno": "159(...)76",
                    "nome_aluno": "ANA GOUVEIA RODRIGUES"
                },
                {
                    "codigo_aluno": "310(...)52",
                    "nome_aluno": "ANDRÉ DE OLIVEIRA SANTOS CARVALHO ESTEVES"
                },
                {
                    "codigo_aluno": "307(...)36",
                    "nome_aluno": "BEATRIZ REIS DA SILVA"
                },
                {
                    "codigo_aluno": "151(...)71",
                    "nome_aluno": "BERNARDO LOURENÇO PINTO DA CUNHA FARIA"
                },
                {
                    "codigo_aluno": "241(...)02",
                    "nome_aluno": "BRIGITHE CAROLINA AQUINO DE SOUSA"
                },
                {
                    "codigo_aluno": "303(...)35",
                    "nome_aluno": "CATARINA MESTRE GUERREIRO"
                },
                {
                    "codigo_aluno": "309(...)92",
                    "nome_aluno": "DIANA MARQUES PEREIRA"
                },
                {
                    "codigo_aluno": "320(...)33",
                    "nome_aluno": "DINIS DZHULA"
                },
                {
                    "codigo_aluno": "306(...)20",
                    "nome_aluno": "GABRIEL JOSÉ PINTO MONTEIRO"
                },
                {
                    "codigo_aluno": "152(...)83",
                    "nome_aluno": "GUILHERME DIAS FERREIRA"
                },
                {
                    "codigo_aluno": "151(...)76",
                    "nome_aluno": "GUSTAVO DINIS BERNARDES VIEIRA TEIXEIRA"
                },
                {
                    "codigo_aluno": "307(...)42",
                    "nome_aluno": "INÊS GOMES LEAL"
                },
                {
                    "codigo_aluno": "309(...)89",
                    "nome_aluno": "INÊS ISABEL RAMOS GABRIEL"
                },
                {
                    "codigo_aluno": "240(...)18",
                    "nome_aluno": "ÍRIS NOLASCO FERREIRA"
                },
                {
                    "codigo_aluno": "154(...)07",
                    "nome_aluno": "ISA DO CARMO MARRAZES"
                },
                {
                    "codigo_aluno": "312(...)46",
                    "nome_aluno": "JANDIRA JOSÉLIA FERNANDES TAVARES"
                },
                {
                    "codigo_aluno": "310(...)91",
                    "nome_aluno": "JOANA DA SILVA MENDES"
                },
                {
                    "codigo_aluno": "158(...)63",
                    "nome_aluno": "JOÃO PEDRO VIEIRA COSTA"
                },
                {
                    "codigo_aluno": "154(...)18",
                    "nome_aluno": "JOSÉ ALBERTO GUIMARÃES FERREIRA"
                },
                {
                    "codigo_aluno": "302(...)90",
                    "nome_aluno": "JOSÉ MIGUEL LADEIRA ESTEVES"
                },
                {
                    "codigo_aluno": "302(...)03",
                    "nome_aluno": "LARA PINTO PATRICIO"
                },
                {
                    "codigo_aluno": "158(...)15",
                    "nome_aluno": "LARA SANTOS PEREIRA"
                },
                {
                    "codigo_aluno": "310(...)84",
                    "nome_aluno": "MADALENA SILVA DE OLIVEIRA"
                },
                {
                    "codigo_aluno": "306(...)63",
                    "nome_aluno": "MARGARIDA VIEIRA PARAÍSO"
                },
                {
                    "codigo_aluno": "309(...)36",
                    "nome_aluno": "MARIA JOÃO TORRES MENDES"
                },
                {
                    "codigo_aluno": "157(...)24",
                    "nome_aluno": "MARTA SOFIA MATIAS DOS SANTOS"
                },
                {
                    "codigo_aluno": "159(...)11",
                    "nome_aluno": "MATILDE ALMEIDA PEREIRA"
                },
                {
                    "codigo_aluno": "315(...)79",
                    "nome_aluno": "MATILDE FERREIRA MAIA"
                },
                {
                    "codigo_aluno": "308(...)69",
                    "nome_aluno": "MATILDE NASCIMENTO FERREIRA"
                },
                {
                    "codigo_aluno": "309(...)15",
                    "nome_aluno": "MATILDE SEQUEIRA MARIANO"
                },
                {
                    "codigo_aluno": "240(...)06",
                    "nome_aluno": "NATHALIA RAFAELE SANTANA CARVALHO"
                },
                {
                    "codigo_aluno": "302(...)10",
                    "nome_aluno": "NICOLAI AUGUSTO ALVES NAZAROV"
                },
                {
                    "codigo_aluno": "318(...)25",
                    "nome_aluno": "PATRICIA SOFIA BARREIRINHO DE SOUSA"
                },
                {
                    "codigo_aluno": "152(...)03",
                    "nome_aluno": "PEDRO OJURONGBE FERREIRA"
                },
                {
                    "codigo_aluno": "312(...)19",
                    "nome_aluno": "RAQUEL PEREIRA MARCELINO"
                },
                {
                    "codigo_aluno": "307(...)80",
                    "nome_aluno": "SARA LEANDRO RIBEIRO"
                },
                {
                    "codigo_aluno": "154(...)89",
                    "nome_aluno": "SARA RAQUEL SILVÉRIO MANSO"
                },
                {
                    "codigo_aluno": "154(...)19",
                    "nome_aluno": "SARA SALÉ DA SILVA"
                },
                {
                    "codigo_aluno": "149(...)29",
                    "nome_aluno": "TOMÁS VIEIRA SILVA"
                },
                {
                    "codigo_aluno": "307(...)11",
                    "nome_aluno": "VALENTINO MOUZINHO DOS SANTOS"
                }
            ]
        },
        {
            "codigo_curso": "9851",
            "nome_curso": "9851 - Desporto e Bem-Estar",
            "colocados": [
                {
                    "codigo_aluno": "155(...)29",
                    "nome_aluno": "ANDRÉ FERNANDES BRANCO"
                },
                {
                    "codigo_aluno": "151(...)09",
                    "nome_aluno": "ANDRÉ MIGUEL SILVA SERPA"
                },
                {
                    "codigo_aluno": "306(...)72",
                    "nome_aluno": "ANDRÉ RAMALHETE FERNANDES"
                },
                {
                    "codigo_aluno": "306(...)97",
                    "nome_aluno": "BEATRIZ MARTINS SANTOS"
                },
                {
                    "codigo_aluno": "305(...)25",
                    "nome_aluno": "CARINA SOFIA GOMES NOGUEIRA"
                },
                {
                    "codigo_aluno": "155(...)56",
                    "nome_aluno": "DINIS CASTANHEIRO ALVES"
                },
                {
                    "codigo_aluno": "311(...)47",
                    "nome_aluno": "EDGAR FILIPE LOPES RODRIGUES"
                },
                {
                    "codigo_aluno": "309(...)43",
                    "nome_aluno": "ERICA ALEXANDRA DA SILVA ALMEIDA"
                },
                {
                    "codigo_aluno": "152(...)62",
                    "nome_aluno": "FRANCISCO EMANUEL RODRIGUES E MOITA"
                },
                {
                    "codigo_aluno": "153(...)63",
                    "nome_aluno": "FRANCISCO GABRIEL SOUSA SILVA"
                },
                {
                    "codigo_aluno": "312(...)68",
                    "nome_aluno": "FRANCISCO JOSE CANDEIAS CYMBRON"
                },
                {
                    "codigo_aluno": "155(...)71",
                    "nome_aluno": "FRANCISCO TOMÁS GUERRA"
                },
                {
                    "codigo_aluno": "306(...)88",
                    "nome_aluno": "FRANCISCO XAVIER FERNANDES PÓVOA"
                },
                {
                    "codigo_aluno": "300(...)90",
                    "nome_aluno": "GUILHERME RAFAEL NAVEGA DA SILVA"
                },
                {
                    "codigo_aluno": "307(...)38",
                    "nome_aluno": "GUSTAVO DE OLIVEIRA BAPTISTA"
                },
                {
                    "codigo_aluno": "150(...)10",
                    "nome_aluno": "GUSTAVO FILIPE DIAS DA SILVA"
                },
                {
                    "codigo_aluno": "306(...)68",
                    "nome_aluno": "HENRIQUE FERREIRA GOMES"
                },
                {
                    "codigo_aluno": "311(...)34",
                    "nome_aluno": "IARA CATARINA VICENTE DA SILVA"
                },
                {
                    "codigo_aluno": "152(...)02",
                    "nome_aluno": "IGOR MARQUES DE JESUS"
                },
                {
                    "codigo_aluno": "309(...)86",
                    "nome_aluno": "INÊS CRISTINA AFONSO BORGES DA SILVA"
                },
                {
                    "codigo_aluno": "308(...)94",
                    "nome_aluno": "JOANA DA SILVA ROSA FERREIRA"
                },
                {
                    "codigo_aluno": "309(...)53",
                    "nome_aluno": "JOÃO LOURENÇO MAIA BENTO"
                },
                {
                    "codigo_aluno": "307(...)32",
                    "nome_aluno": "JOÃO MIGUEL SANTOS RODRIGUES"
                },
                {
                    "codigo_aluno": "157(...)57",
                    "nome_aluno": "JOÃO PEDRO MÓNICA MENDES"
                },
                {
                    "codigo_aluno": "307(...)22",
                    "nome_aluno": "JULIANA DE BRITO DUARTE"
                },
                {
                    "codigo_aluno": "315(...)87",
                    "nome_aluno": "LETICIA AZEVEDO GALAN"
                },
                {
                    "codigo_aluno": "152(...)53",
                    "nome_aluno": "LUCA RAIMUNDO CRUZ"
                },
                {
                    "codigo_aluno": "300(...)98",
                    "nome_aluno": "LUIS MANUEL DE VASCONCELOS VELASCO"
                },
                {
                    "codigo_aluno": "156(...)17",
                    "nome_aluno": "LUÍS PEDRO PEREIRA INÁCIO"
                },
                {
                    "codigo_aluno": "240(...)04",
                    "nome_aluno": "MARCELO DO ROSÁRIO COSTA TOSCANO"
                },
                {
                    "codigo_aluno": "147(...)17",
                    "nome_aluno": "MARGARIDA GIL FERREIRA"
                },
                {
                    "codigo_aluno": "152(...)10",
                    "nome_aluno": "MARGARIDA TAVARES MONIZ"
                },
                {
                    "codigo_aluno": "305(...)09",
                    "nome_aluno": "MARIA INÊS MADURO CARRACA"
                },
                {
                    "codigo_aluno": "301(...)46",
                    "nome_aluno": "MARTA MARTINS DE SOUSA"
                },
                {
                    "codigo_aluno": "308(...)23",
                    "nome_aluno": "MARTIM ALEXANDRE LOPES QUARESMA"
                },
                {
                    "codigo_aluno": "301(...)28",
                    "nome_aluno": "MATILDE SOUSA SIMÕES"
                },
                {
                    "codigo_aluno": "153(...)41",
                    "nome_aluno": "MIGUEL ALEXANDRE DOS SANTOS ALFREDO"
                },
                {
                    "codigo_aluno": "158(...)65",
                    "nome_aluno": "MIGUEL PEDRO GOMES"
                },
                {
                    "codigo_aluno": "154(...)14",
                    "nome_aluno": "NUNO BALTASAR CABAÇO RODRIGUES"
                },
                {
                    "codigo_aluno": "307(...)83",
                    "nome_aluno": "PEDRO FILIPE COSTA RANGEL"
                },
                {
                    "codigo_aluno": "157(...)35",
                    "nome_aluno": "PEDRO MIGUEL PESTANA ALVES"
                },
                {
                    "codigo_aluno": "305(...)45",
                    "nome_aluno": "RAFAEL FRANQUINHO ESPERANÇA"
                },
                {
                    "codigo_aluno": "300(...)13",
                    "nome_aluno": "RODRIGO DAVID CODINHA DIAS"
                },
                {
                    "codigo_aluno": "305(...)40",
                    "nome_aluno": "RODRIGO MADEIRA SARABANDO LOPES"
                },
                {
                    "codigo_aluno": "154(...)12",
                    "nome_aluno": "SIMÃO REGO MEDEIROS"
                },
                {
                    "codigo_aluno": "146(...)55",
                    "nome_aluno": "TIAGO DANIEL MACEDO MATEUS"
                },
                {
                    "codigo_aluno": "159(...)76",
                    "nome_aluno": "TIAGO MANSO SAMPAIO"
                },
                {
                    "codigo_aluno": "303(...)45",
                    "nome_aluno": "TOMÁS FERNANDES ADÃO"
                },
                {
                    "codigo_aluno": "307(...)12",
                    "nome_aluno": "TOMÁS MARIA ALVES LOPES CARRIÇO ESPERTO"
                },
                {
                    "codigo_aluno": "300(...)37",
                    "nome_aluno": "TOMAS PAIVA TAVARES"
                },
                {
                    "codigo_aluno": "306(...)07",
                    "nome_aluno": "TOMÁS PEREIRA CARDONA"
                },
                {
                    "codigo_aluno": "305(...)87",
                    "nome_aluno": "TOMÁS RUIVO LUDOVINO"
                }
            ]
        },
        {
            "codigo_curso": "9853",
            "nome_curso": "9853 - Educação Básica",
            "colocados": [
                {
                    "codigo_aluno": "155(...)38",
                    "nome_aluno": "ANA CATARINA MOREIRA REIS DA COSTA"
                },
                {
                    "codigo_aluno": "310(...)66",
                    "nome_aluno": "ANA PATRÍCIO MONTEIRO SILVA"
                },
                {
                    "codigo_aluno": "309(...)36",
                    "nome_aluno": "ARIANA FILIPA MARTINS SANTOS"
                },
                {
                    "codigo_aluno": "304(...)76",
                    "nome_aluno": "ARIANA FONSECA SILVA"
                },
                {
                    "codigo_aluno": "157(...)14",
                    "nome_aluno": "BARBARA GRANJEIRO MIRANDA"
                },
                {
                    "codigo_aluno": "152(...)46",
                    "nome_aluno": "BÁRBARA ROSA PIMENTEL"
                },
                {
                    "codigo_aluno": "308(...)84",
                    "nome_aluno": "BEATRIZ ALEXANDRA SILVA JORGE"
                },
                {
                    "codigo_aluno": "306(...)63",
                    "nome_aluno": "BEATRIZ DO CARMO MACHADO"
                },
                {
                    "codigo_aluno": "154(...)36",
                    "nome_aluno": "BEATRIZ FARIA GAMEIRO"
                },
                {
                    "codigo_aluno": "156(...)81",
                    "nome_aluno": "BEATRIZ FILIPA MONTEIRO SOUSA"
                },
                {
                    "codigo_aluno": "304(...)93",
                    "nome_aluno": "BEATRIZ LOPES CARREIRA"
                },
                {
                    "codigo_aluno": "156(...)94",
                    "nome_aluno": "BEATRIZ SALVADO IGLÉSIAS"
                },
                {
                    "codigo_aluno": "307(...)56",
                    "nome_aluno": "BRUNA FERNANDES BENTO"
                },
                {
                    "codigo_aluno": "307(...)85",
                    "nome_aluno": "BRUNA MOTA"
                },
                {
                    "codigo_aluno": "159(...)26",
                    "nome_aluno": "CARLOTA TOMÁS QUINTANS"
                },
                {
                    "codigo_aluno": "155(...)53",
                    "nome_aluno": "CAROLINA COELHO VARINO"
                },
                {
                    "codigo_aluno": "317(...)66",
                    "nome_aluno": "CAROLINA FERREIRA DA SILVA"
                },
                {
                    "codigo_aluno": "312(...)89",
                    "nome_aluno": "CATARINA CAROLINO COIAS"
                },
                {
                    "codigo_aluno": "154(...)69",
                    "nome_aluno": "CONSTANÇA CARMESIM SIMÃO"
                },
                {
                    "codigo_aluno": "303(...)21",
                    "nome_aluno": "CONSTANÇA FERREIRA ALMEIDA"
                },
                {
                    "codigo_aluno": "303(...)82",
                    "nome_aluno": "DANIELA ANTUNES RIBEIRO"
                },
                {
                    "codigo_aluno": "300(...)20",
                    "nome_aluno": "ÉRICA ALEXANDRA COSTA LEAL"
                },
                {
                    "codigo_aluno": "306(...)77",
                    "nome_aluno": "FRANCISCA NUNES MOREIRA"
                },
                {
                    "codigo_aluno": "150(...)93",
                    "nome_aluno": "INÊS ALEXANDRA DIAS SOALHÃES"
                },
                {
                    "codigo_aluno": "307(...)11",
                    "nome_aluno": "INÊS SANTOS VIEIRA"
                },
                {
                    "codigo_aluno": "309(...)30",
                    "nome_aluno": "INÊS SOBRAL ARAUJO"
                },
                {
                    "codigo_aluno": "151(...)18",
                    "nome_aluno": "INÊS SOUSA SANTOS"
                },
                {
                    "codigo_aluno": "308(...)23",
                    "nome_aluno": "ISA PEREIRA CARREIRA"
                },
                {
                    "codigo_aluno": "301(...)82",
                    "nome_aluno": "JOANA SILVA REBELO"
                },
                {
                    "codigo_aluno": "309(...)59",
                    "nome_aluno": "JOANA SOARES SANTOS"
                },
                {
                    "codigo_aluno": "157(...)17",
                    "nome_aluno": "LARA CATARINA DA SILVA SOUSA"
                },
                {
                    "codigo_aluno": "304(...)16",
                    "nome_aluno": "LARA INGRÊS MARTINS"
                },
                {
                    "codigo_aluno": "157(...)91",
                    "nome_aluno": "LARA MANAIA PITA"
                },
                {
                    "codigo_aluno": "302(...)03",
                    "nome_aluno": "LARA OLIVEIRA TEIXEIRA"
                },
                {
                    "codigo_aluno": "307(...)10",
                    "nome_aluno": "LARA SANTOS FERVENÇA"
                },
                {
                    "codigo_aluno": "154(...)06",
                    "nome_aluno": "LARA SANTOS SOUSA"
                },
                {
                    "codigo_aluno": "156(...)15",
                    "nome_aluno": "LAURA MARIA RIBEIRO DOS SANTOS"
                },
                {
                    "codigo_aluno": "153(...)80",
                    "nome_aluno": "LEONOR CAVALEIRO GASPAR"
                },
                {
                    "codigo_aluno": "304(...)53",
                    "nome_aluno": "LEONOR DE MATOS PORFÍRIO"
                },
                {
                    "codigo_aluno": "304(...)46",
                    "nome_aluno": "LEONOR MOURÃO DE ALMEIDA SEQUEIRA ANAHORY"
                },
                {
                    "codigo_aluno": "310(...)73",
                    "nome_aluno": "LETICIA DOS SANTOS ASSUNÇÃO"
                },
                {
                    "codigo_aluno": "309(...)75",
                    "nome_aluno": "MADALENA SANTOS PINTO"
                },
                {
                    "codigo_aluno": "152(...)87",
                    "nome_aluno": "MAFALDA BEATRIZ FREITAS FIGUEIRA"
                },
                {
                    "codigo_aluno": "314(...)17",
                    "nome_aluno": "MARGARIDA CORREIA BRANCO"
                },
                {
                    "codigo_aluno": "157(...)24",
                    "nome_aluno": "MARGARIDA DEL-RIO CHUST"
                },
                {
                    "codigo_aluno": "307(...)50",
                    "nome_aluno": "MARGARIDA DOS SANTOS PARREIRA"
                },
                {
                    "codigo_aluno": "306(...)24",
                    "nome_aluno": "MARGARIDA MARIA FIALHO CATARINO"
                },
                {
                    "codigo_aluno": "159(...)71",
                    "nome_aluno": "MARGARIDA SOARES MATIAS"
                },
                {
                    "codigo_aluno": "240(...)56",
                    "nome_aluno": "MARIA EDUARDA SILVA LIMA"
                },
                {
                    "codigo_aluno": "309(...)57",
                    "nome_aluno": "MARIANA CORREIA GONÇALVES"
                },
                {
                    "codigo_aluno": "309(...)43",
                    "nome_aluno": "MARIANA MENDES DA SILVA"
                },
                {
                    "codigo_aluno": "307(...)28",
                    "nome_aluno": "MARISA SOARES MONTEIRO"
                },
                {
                    "codigo_aluno": "156(...)28",
                    "nome_aluno": "MATILDE GODINHO DE CARVALHO PEREIRA"
                },
                {
                    "codigo_aluno": "152(...)08",
                    "nome_aluno": "MATILDE HENRIQUES DO COITO"
                },
                {
                    "codigo_aluno": "304(...)28",
                    "nome_aluno": "MATILDE LOPES MENDES"
                },
                {
                    "codigo_aluno": "300(...)85",
                    "nome_aluno": "MATILDE MACHADO PEREIRA"
                },
                {
                    "codigo_aluno": "306(...)87",
                    "nome_aluno": "MATILDE MATIAS PINHO"
                },
                {
                    "codigo_aluno": "301(...)38",
                    "nome_aluno": "MATILDE RODRIGUES MARTINS"
                },
                {
                    "codigo_aluno": "315(...)09",
                    "nome_aluno": "MATILDE RODRIGUES NAMORA"
                },
                {
                    "codigo_aluno": "307(...)51",
                    "nome_aluno": "MATILDE SOFIA MONTEIRO PRUDÊNCIO"
                },
                {
                    "codigo_aluno": "308(...)55",
                    "nome_aluno": "MATILDE SOFIA SILVA BENTO"
                },
                {
                    "codigo_aluno": "156(...)44",
                    "nome_aluno": "RAFAELA ARAÚJO CARVALHO"
                },
                {
                    "codigo_aluno": "305(...)19",
                    "nome_aluno": "RAFAELA BAIRRÃO MADEIRA"
                },
                {
                    "codigo_aluno": "152(...)63",
                    "nome_aluno": "RAQUEL SANTOS SIMÕES"
                },
                {
                    "codigo_aluno": "300(...)84",
                    "nome_aluno": "RITA BRITES PEREIRA"
                },
                {
                    "codigo_aluno": "153(...)92",
                    "nome_aluno": "RITA PEDROSA CAPELA"
                },
                {
                    "codigo_aluno": "158(...)17",
                    "nome_aluno": "SARA ANDRÉ MOREIRA"
                },
                {
                    "codigo_aluno": "151(...)64",
                    "nome_aluno": "SARA MARTINS GRAÇA"
                },
                {
                    "codigo_aluno": "154(...)35",
                    "nome_aluno": "SOFIA BREGIEIRA PEDROSA MOTA"
                },
                {
                    "codigo_aluno": "153(...)74",
                    "nome_aluno": "SORAIA DE SOUSA CAPITAO"
                },
                {
                    "codigo_aluno": "309(...)80",
                    "nome_aluno": "SORAIA TIUHAN SIMÕES"
                },
                {
                    "codigo_aluno": "149(...)95",
                    "nome_aluno": "TOMÁS NUNES ARANHA DE SOUSA"
                }
            ]
        },
        {
            "codigo_curso": "9084",
            "nome_curso": "9084 - Educação Social",
            "colocados": [
                {
                    "codigo_aluno": "301(...)42",
                    "nome_aluno": "ANA JOÃO LEAL TOMÉ"
                },
                {
                    "codigo_aluno": "240(...)07",
                    "nome_aluno": "ANNA JÚLIA CORRÊA CARDOSO"
                },
                {
                    "codigo_aluno": "306(...)16",
                    "nome_aluno": "CAROLINA ISABEL CASTANHEIRA DE SOUSA"
                },
                {
                    "codigo_aluno": "309(...)36",
                    "nome_aluno": "CAROLINA ISABEL PINA DO CARMO"
                },
                {
                    "codigo_aluno": "304(...)56",
                    "nome_aluno": "CAROLINA POMPEU DA COSTA"
                },
                {
                    "codigo_aluno": "154(...)58",
                    "nome_aluno": "CAROLINA SIMÕES PINGUEIRO"
                },
                {
                    "codigo_aluno": "309(...)88",
                    "nome_aluno": "DANIELA RAMOS MARTINS PINHEIRO"
                },
                {
                    "codigo_aluno": "152(...)16",
                    "nome_aluno": "ELISA DA COSTA MARTINS"
                },
                {
                    "codigo_aluno": "303(...)74",
                    "nome_aluno": "ETIENNE MIGUEL VIEIRA"
                },
                {
                    "codigo_aluno": "158(...)87",
                    "nome_aluno": "FRANCISCA MARIA DOS SANTOS COSTA"
                },
                {
                    "codigo_aluno": "300(...)40",
                    "nome_aluno": "FRANCISCA SANTOS LOURENÇO"
                },
                {
                    "codigo_aluno": "305(...)43",
                    "nome_aluno": "HELENA ISABEL PAULINO PARRACHO"
                },
                {
                    "codigo_aluno": "312(...)24",
                    "nome_aluno": "INÊS SILVA HENRIQUES"
                },
                {
                    "codigo_aluno": "305(...)07",
                    "nome_aluno": "INÊS VIEIRA LOUREIRO AMORIM SANTOS"
                },
                {
                    "codigo_aluno": "153(...)27",
                    "nome_aluno": "ÍRIS SALOMÉ MANOLICO DOS SANTOS"
                },
                {
                    "codigo_aluno": "310(...)07",
                    "nome_aluno": "ÍRIS SANTOS REI"
                },
                {
                    "codigo_aluno": "306(...)45",
                    "nome_aluno": "JOANA FILIPA DE CARVALHO ANTUNES"
                },
                {
                    "codigo_aluno": "146(...)31",
                    "nome_aluno": "JÚLIA MARIA BATISTA DO COUTO"
                },
                {
                    "codigo_aluno": "159(...)89",
                    "nome_aluno": "LARA PARRACHO GUERRA"
                },
                {
                    "codigo_aluno": "308(...)72",
                    "nome_aluno": "LAURA EUSÉBIO ISIDORO"
                },
                {
                    "codigo_aluno": "310(...)33",
                    "nome_aluno": "LEONOR ALVES DUARTE"
                },
                {
                    "codigo_aluno": "309(...)19",
                    "nome_aluno": "LINDA INÊS MADEIRA"
                },
                {
                    "codigo_aluno": "306(...)53",
                    "nome_aluno": "LUANA MARIA DUARTE PEREIRA"
                },
                {
                    "codigo_aluno": "309(...)12",
                    "nome_aluno": "MÁRCIA DANIELA DIAS LOMBA"
                },
                {
                    "codigo_aluno": "154(...)36",
                    "nome_aluno": "MARGARIDA LUCAS MOREIRA"
                },
                {
                    "codigo_aluno": "152(...)37",
                    "nome_aluno": "MARIA BEATRIZ MOTA CARREIRA"
                },
                {
                    "codigo_aluno": "147(...)80",
                    "nome_aluno": "MARIA MORAIS DOS SANTOS"
                },
                {
                    "codigo_aluno": "158(...)25",
                    "nome_aluno": "MARIANA COSTA BRANCO"
                },
                {
                    "codigo_aluno": "308(...)65",
                    "nome_aluno": "MARIANA MOTEIRO BRAZ"
                },
                {
                    "codigo_aluno": "305(...)36",
                    "nome_aluno": "MARTIM GOMES DE OLIVEIRA"
                },
                {
                    "codigo_aluno": "159(...)47",
                    "nome_aluno": "MARTINHA GOMES OLIVEIRA"
                },
                {
                    "codigo_aluno": "306(...)29",
                    "nome_aluno": "MATILDE DOMINGUES NOBRE"
                },
                {
                    "codigo_aluno": "300(...)36",
                    "nome_aluno": "MATILDE JOAO PINTO LOURENÇO"
                },
                {
                    "codigo_aluno": "314(...)71",
                    "nome_aluno": "MIGUEL RODRIGUES PINTO"
                },
                {
                    "codigo_aluno": "309(...)04",
                    "nome_aluno": "RAFAELA FILIPA PAIS SOARES"
                },
                {
                    "codigo_aluno": "136(...)76",
                    "nome_aluno": "REBECA ALEXANDRA FALÉ FERREIRA"
                },
                {
                    "codigo_aluno": "240(...)39",
                    "nome_aluno": "SABRINA DE ANDRADE SILVA"
                },
                {
                    "codigo_aluno": "158(...)45",
                    "nome_aluno": "SOFIA GAMEIRO NOBRE"
                },
                {
                    "codigo_aluno": "317(...)80",
                    "nome_aluno": "SOFIA QUINTANILHA FERNANDES BICHO CRUZ"
                },
                {
                    "codigo_aluno": "316(...)37",
                    "nome_aluno": "SUSANA ALEXANDRA LEANDRO AVEIRO"
                },
                {
                    "codigo_aluno": "240(...)04",
                    "nome_aluno": "THIELY HANELICY COELHO DE ASSIS"
                }
            ]
        },
        {
            "codigo_curso": "9797",
            "nome_curso": "9797 - Relações Humanas e Comunicação Organizacional",
            "colocados": [
                {
                    "codigo_aluno": "303(...)25",
                    "nome_aluno": "AFONSO DE OLIVEIRA RIBEIRO"
                },
                {
                    "codigo_aluno": "153(...)81",
                    "nome_aluno": "ANA LEONOR CAPELA E VASCONCELOS"
                },
                {
                    "codigo_aluno": "151(...)76",
                    "nome_aluno": "ANA LUÍSA DOMINGUES DE OLIVEIRA"
                },
                {
                    "codigo_aluno": "322(...)84",
                    "nome_aluno": "ANAPAULA DAAL DE SOUSA"
                },
                {
                    "codigo_aluno": "148(...)96",
                    "nome_aluno": "BEATRIZ CASALEIRO PEREIRA"
                },
                {
                    "codigo_aluno": "315(...)20",
                    "nome_aluno": "BEATRIZ ISABEL MARTINS COSTA"
                },
                {
                    "codigo_aluno": "155(...)56",
                    "nome_aluno": "BEATRIZ MARQUES DE CARVALHO JUSTINO"
                },
                {
                    "codigo_aluno": "303(...)02",
                    "nome_aluno": "BRUNO MIGUEL NUNES BERRINCHA PEREIRA"
                },
                {
                    "codigo_aluno": "307(...)71",
                    "nome_aluno": "CAMILA DOS SANTOS CASTRO"
                },
                {
                    "codigo_aluno": "151(...)13",
                    "nome_aluno": "CAROLINA GONÇALVES OLIVEIRA"
                },
                {
                    "codigo_aluno": "308(...)45",
                    "nome_aluno": "CAROLINA RODRIGUES FIDALGO"
                },
                {
                    "codigo_aluno": "309(...)82",
                    "nome_aluno": "CAROLINA SALGUEIRO MAGALHÃES"
                },
                {
                    "codigo_aluno": "157(...)65",
                    "nome_aluno": "CÁTIA INÊS GÓIS"
                },
                {
                    "codigo_aluno": "309(...)89",
                    "nome_aluno": "DANIELA SANTOS PERALTA"
                },
                {
                    "codigo_aluno": "155(...)78",
                    "nome_aluno": "FILIPE DE LORENA BIRNE ULLRICH FRANCO"
                },
                {
                    "codigo_aluno": "304(...)99",
                    "nome_aluno": "INÊS CORDEIRO MADEIRA"
                },
                {
                    "codigo_aluno": "152(...)33",
                    "nome_aluno": "INÊS MANATA RIBEIRO"
                },
                {
                    "codigo_aluno": "156(...)29",
                    "nome_aluno": "INÊS MOREIRA VICENTE"
                },
                {
                    "codigo_aluno": "315(...)69",
                    "nome_aluno": "JOANA FILIPA ALCOBIA DA COSTA"
                },
                {
                    "codigo_aluno": "309(...)76",
                    "nome_aluno": "JOANA PESCADA FERREIRA"
                },
                {
                    "codigo_aluno": "315(...)32",
                    "nome_aluno": "JOÃO RICARDO RIBEIRO MOACHO"
                },
                {
                    "codigo_aluno": "155(...)51",
                    "nome_aluno": "JOSÉ PEDRO PEREIRA GUILHERME"
                },
                {
                    "codigo_aluno": "240(...)22",
                    "nome_aluno": "JULIA GABRIELY OLIVEIRA"
                },
                {
                    "codigo_aluno": "156(...)21",
                    "nome_aluno": "LARA DOMINGUES GODINHO"
                },
                {
                    "codigo_aluno": "151(...)27",
                    "nome_aluno": "LAURA CARVALHEIRO BETTENCOURT"
                },
                {
                    "codigo_aluno": "154(...)15",
                    "nome_aluno": "MADALENA MARIA TEIXEIRA NOGUEIRA"
                },
                {
                    "codigo_aluno": "301(...)96",
                    "nome_aluno": "MARGARIDA BENTO RIBEIRO"
                },
                {
                    "codigo_aluno": "158(...)00",
                    "nome_aluno": "MARGARIDA IMAGINÁRIO BOIALVO VIEIRA"
                },
                {
                    "codigo_aluno": "152(...)23",
                    "nome_aluno": "MARIA LUISA SERRA SANTOS"
                },
                {
                    "codigo_aluno": "309(...)60",
                    "nome_aluno": "MARIA MARGARIDA CARDOSO SEQUEIRA"
                },
                {
                    "codigo_aluno": "155(...)44",
                    "nome_aluno": "MARIA MATOS FÉLIX"
                },
                {
                    "codigo_aluno": "159(...)12",
                    "nome_aluno": "MARIANA ROQUE DO COUTO"
                },
                {
                    "codigo_aluno": "312(...)01",
                    "nome_aluno": "MATILDE PEREIRA PESCADA"
                },
                {
                    "codigo_aluno": "156(...)68",
                    "nome_aluno": "NÚRIA MARGARIDA PEREIRA RELVAS"
                },
                {
                    "codigo_aluno": "159(...)01",
                    "nome_aluno": "RAFAEL MATIAS CONSTANTINO"
                },
                {
                    "codigo_aluno": "305(...)87",
                    "nome_aluno": "RAQUEL FERREIRA SOUSA"
                },
                {
                    "codigo_aluno": "306(...)04",
                    "nome_aluno": "RÚBEN DA SILVA COELHO"
                },
                {
                    "codigo_aluno": "306(...)42",
                    "nome_aluno": "SARA ISABEL SOBRAL SILVA"
                },
                {
                    "codigo_aluno": "309(...)88",
                    "nome_aluno": "XAVIER DOS SANTOS CARVALHO"
                }
            ]
        },
        {
            "codigo_curso": "L306",
            "nome_curso": "L306 - Relações Humanas e Comunicação Organizacional (regime pós-laboral)",
            "colocados": [
                {
                    "codigo_aluno": "150(...)18",
                    "nome_aluno": "ALÍCIA INÊS ANDRADE DOMINGUES DA SILVA"
                },
                {
                    "codigo_aluno": "155(...)30",
                    "nome_aluno": "ANTON NELSONOVICH KOLOBAEV FERREIRA"
                },
                {
                    "codigo_aluno": "151(...)06",
                    "nome_aluno": "BIA FILIPA SILVEIRO MENDES"
                },
                {
                    "codigo_aluno": "309(...)22",
                    "nome_aluno": "CAMILA MARQUES GAMEIRO"
                },
                {
                    "codigo_aluno": "135(...)99",
                    "nome_aluno": "CARLA ALEXANDRA PASSOS DA SILVA"
                },
                {
                    "codigo_aluno": "313(...)61",
                    "nome_aluno": "CAROLINA ANTUNES BERNARDO"
                },
                {
                    "codigo_aluno": "149(...)77",
                    "nome_aluno": "CAROLINA SILVEIRA COSTA"
                },
                {
                    "codigo_aluno": "314(...)92",
                    "nome_aluno": "CATARINA CARDOSO JULIÃO"
                },
                {
                    "codigo_aluno": "242(...)04",
                    "nome_aluno": "CHARLIANY KALLYNY AMBROSIO CATELANI"
                },
                {
                    "codigo_aluno": "159(...)93",
                    "nome_aluno": "DANIEL FRANCISCO PIRES DE MATOS"
                },
                {
                    "codigo_aluno": "307(...)81",
                    "nome_aluno": "DANIELA DE SOUSA ALVES"
                },
                {
                    "codigo_aluno": "314(...)81",
                    "nome_aluno": "DIANA SIMOES FERNANDES"
                },
                {
                    "codigo_aluno": "153(...)67",
                    "nome_aluno": "IRIS PEREIRA ROZHENOVA"
                },
                {
                    "codigo_aluno": "155(...)52",
                    "nome_aluno": "JÚLIA FERREIRA MACHADO"
                },
                {
                    "codigo_aluno": "315(...)71",
                    "nome_aluno": "LEONOR RIBEIRO IVO PERALTA"
                },
                {
                    "codigo_aluno": "304(...)81",
                    "nome_aluno": "MARIA JOÃO LISBOA MAGALHÃES"
                },
                {
                    "codigo_aluno": "151(...)44",
                    "nome_aluno": "MARIA JOÃO RODRIGUES FERREIRA"
                },
                {
                    "codigo_aluno": "303(...)68",
                    "nome_aluno": "MARIA MACHADO LOURO DE ARAÚJO BRANCO"
                },
                {
                    "codigo_aluno": "304(...)42",
                    "nome_aluno": "MARIA RITA ANDRADE DA COSTA"
                },
                {
                    "codigo_aluno": "148(...)63",
                    "nome_aluno": "MELANIE VIEIRA NEVES"
                },
                {
                    "codigo_aluno": "126(...)82",
                    "nome_aluno": "VANESSA CRISTIANA VIEIRA SANTO DIAS"
                }
            ]
        },
        {
            "codigo_curso": "9238",
            "nome_curso": "9238 - Serviço Social",
            "colocados": [
                {
                    "codigo_aluno": "158(...)68",
                    "nome_aluno": "ANA SOFIA CASTANHEIRA DUARTE"
                },
                {
                    "codigo_aluno": "312(...)81",
                    "nome_aluno": "ANA SOFIA LOUREIRO DE CASTRO"
                },
                {
                    "codigo_aluno": "152(...)88",
                    "nome_aluno": "ANDRÉ INÁCIO MIRANDA"
                },
                {
                    "codigo_aluno": "316(...)10",
                    "nome_aluno": "ARIANA QUEIRÓZ GOMES"
                },
                {
                    "codigo_aluno": "153(...)89",
                    "nome_aluno": "BÁRBARA ANTUNES ROCHA"
                },
                {
                    "codigo_aluno": "308(...)60",
                    "nome_aluno": "BEATRIZ FRANCISCO RAINHO"
                },
                {
                    "codigo_aluno": "306(...)10",
                    "nome_aluno": "BEATRIZ MARIA FERREIRA TAVARES"
                },
                {
                    "codigo_aluno": "312(...)49",
                    "nome_aluno": "BEATRIZ RODRIGUES CANHOTO"
                },
                {
                    "codigo_aluno": "307(...)49",
                    "nome_aluno": "BRUNA CATARINA REI PEREIRA"
                },
                {
                    "codigo_aluno": "152(...)88",
                    "nome_aluno": "CATARINA DE ALMEIDA PEDROSO"
                },
                {
                    "codigo_aluno": "311(...)51",
                    "nome_aluno": "CONSTANÇA ANTÓNIA HENRIQUES MATEUS"
                },
                {
                    "codigo_aluno": "305(...)58",
                    "nome_aluno": "DIANA ISABEL SILVA DOS SANTOS"
                },
                {
                    "codigo_aluno": "315(...)96",
                    "nome_aluno": "ÉRICA SOFIA ALVES SOUTO"
                },
                {
                    "codigo_aluno": "309(...)89",
                    "nome_aluno": "EVA RIBEIRO DOS SANTOS"
                },
                {
                    "codigo_aluno": "312(...)38",
                    "nome_aluno": "GABRIEL ARCANGEL VAZQUEZ LEÇA"
                },
                {
                    "codigo_aluno": "307(...)67",
                    "nome_aluno": "IARA CONCHACHA CONDE"
                },
                {
                    "codigo_aluno": "309(...)38",
                    "nome_aluno": "INÊS SOARES LACÃO"
                },
                {
                    "codigo_aluno": "153(...)41",
                    "nome_aluno": "JOANA BOTAS AMARAL"
                },
                {
                    "codigo_aluno": "155(...)00",
                    "nome_aluno": "KATIA SOFIA FERREIRA FRANCISCO"
                },
                {
                    "codigo_aluno": "303(...)79",
                    "nome_aluno": "LARA RODRIGUES FELICIANO"
                },
                {
                    "codigo_aluno": "306(...)23",
                    "nome_aluno": "MARGARIDA HENRIQUES FERNANDES"
                },
                {
                    "codigo_aluno": "308(...)25",
                    "nome_aluno": "MARIA CAROLINA ESTEVES BRANCO"
                },
                {
                    "codigo_aluno": "318(...)31",
                    "nome_aluno": "MARIA CAROLINA FREITAS ROCHA"
                },
                {
                    "codigo_aluno": "301(...)98",
                    "nome_aluno": "MARIA INÊS FORTE DOS SANTOS"
                },
                {
                    "codigo_aluno": "151(...)08",
                    "nome_aluno": "MARIA LEONOR GARCIA CAPELO"
                },
                {
                    "codigo_aluno": "309(...)07",
                    "nome_aluno": "MARIA MATILDE BATISTA ALVES"
                },
                {
                    "codigo_aluno": "310(...)14",
                    "nome_aluno": "MARIANA SILVA E COSTA"
                },
                {
                    "codigo_aluno": "306(...)28",
                    "nome_aluno": "MARTA FERREIRA BRITES"
                },
                {
                    "codigo_aluno": "309(...)21",
                    "nome_aluno": "MATILDE ISABEL MIRANDA DOS SANTOS"
                },
                {
                    "codigo_aluno": "312(...)13",
                    "nome_aluno": "RAFAEL ALEXANDRE FERREIRA GOMES"
                },
                {
                    "codigo_aluno": "152(...)62",
                    "nome_aluno": "RAFAEL FERREIRA RIBEIRO"
                },
                {
                    "codigo_aluno": "240(...)22",
                    "nome_aluno": "REBECA PEREIRA DA SILVA"
                },
                {
                    "codigo_aluno": "153(...)96",
                    "nome_aluno": "REBECA VITAL BESSA"
                },
                {
                    "codigo_aluno": "309(...)85",
                    "nome_aluno": "RODRIGO SALES SILVÉRIO"
                },
                {
                    "codigo_aluno": "311(...)57",
                    "nome_aluno": "SARA DUARTE GASPAR"
                },
                {
                    "codigo_aluno": "309(...)76",
                    "nome_aluno": "SARA OLIVEIRA CARREIRA"
                },
                {
                    "codigo_aluno": "156(...)35",
                    "nome_aluno": "SOFIA DAMÁSIO PEREIRA"
                },
                {
                    "codigo_aluno": "314(...)17",
                    "nome_aluno": "SOFIA ISABEL LOPES GONÇALVES DOMINGOS BALSA"
                },
                {
                    "codigo_aluno": "301(...)26",
                    "nome_aluno": "SORAIA MARINA LOPES FERREIRA"
                },
                {
                    "codigo_aluno": "309(...)27",
                    "nome_aluno": "VITÓRIA MENESES NUNES"
                }
            ]
        },
        {
            "codigo_curso": "8014",
            "nome_curso": "8014 - Serviço Social (regime pós-laboral)",
            "colocados": [
                {
                    "codigo_aluno": "306(...)44",
                    "nome_aluno": "ANA BEATRIZ TEIXEIRA DA SILVA"
                },
                {
                    "codigo_aluno": "300(...)71",
                    "nome_aluno": "BEATRIZ CLAUDIA SOUSA SANTOS"
                },
                {
                    "codigo_aluno": "158(...)32",
                    "nome_aluno": "CAROLINA ALEXANDRA DA ROCHA OLIVEIRA"
                },
                {
                    "codigo_aluno": "309(...)38",
                    "nome_aluno": "DIANA GOMES GARCIA"
                },
                {
                    "codigo_aluno": "240(...)04",
                    "nome_aluno": "EMILLY NASCIMENTO DE SOUZA"
                },
                {
                    "codigo_aluno": "312(...)48",
                    "nome_aluno": "ERIKA ELENA DE ALMEIDA BARROS POLÓNIO"
                },
                {
                    "codigo_aluno": "309(...)69",
                    "nome_aluno": "INÊS SOFIA SILVA DE ALMEIDA"
                },
                {
                    "codigo_aluno": "314(...)47",
                    "nome_aluno": "JÉSSICA BARROS POLÓNIO"
                },
                {
                    "codigo_aluno": "153(...)03",
                    "nome_aluno": "JÉSSICA CATARINA ROCHA QUINTEIRO"
                },
                {
                    "codigo_aluno": "149(...)51",
                    "nome_aluno": "JOANA FILIPA NETO VENÂNCIO"
                },
                {
                    "codigo_aluno": "158(...)39",
                    "nome_aluno": "LAURA CARDOSO PEDROSA FRANCISCO"
                },
                {
                    "codigo_aluno": "155(...)07",
                    "nome_aluno": "LUÍS MIGUEL MARQUES PEDROSA"
                },
                {
                    "codigo_aluno": "240(...)27",
                    "nome_aluno": "MARIA EDUARDA DE FARIA ARAÚJO"
                },
                {
                    "codigo_aluno": "152(...)78",
                    "nome_aluno": "RITA AMARO LOPES"
                },
                {
                    "codigo_aluno": "314(...)70",
                    "nome_aluno": "SARA BEATRIZ SANTOS SARDINHA"
                },
                {
                    "codigo_aluno": "307(...)56",
                    "nome_aluno": "TÂNIA SOFIA MALHÃO SAÚDE"
                },
                {
                    "codigo_aluno": "308(...)02",
                    "nome_aluno": "VANESSA ALEXANDRA LOURENÇO FLORES"
                },
                {
                    "codigo_aluno": "156(...)17",
                    "nome_aluno": "VÍTOR ALEXANDRE DE SOUSA CARRIÇO BOQUINHAS"
                }
            ]
        },
        {
            "codigo_curso": "9492",
            "nome_curso": "9492 - Tradução e Interpretação: Português/Chinês - Chinês/Português",
            "colocados": [
                {
                    "codigo_aluno": "303(...)05",
                    "nome_aluno": "AFONSO MIGUEL SANTOS DIAS"
                },
                {
                    "codigo_aluno": "240(...)08",
                    "nome_aluno": "ANA CLARA LIMA PARACAMPOS"
                },
                {
                    "codigo_aluno": "150(...)43",
                    "nome_aluno": "CAROLINA DA CRUZ JORGE"
                },
                {
                    "codigo_aluno": "244(...)06",
                    "nome_aluno": "CLÁUDIA CHEN"
                },
                {
                    "codigo_aluno": "308(...)17",
                    "nome_aluno": "DANIELA RODRIGUES PINTO"
                },
                {
                    "codigo_aluno": "304(...)75",
                    "nome_aluno": "ÉRICA TOU DE ALMEIDA ABREU MASCARENHAS"
                },
                {
                    "codigo_aluno": "312(...)68",
                    "nome_aluno": "FABIANA SOFIA FÉ TAVARES"
                },
                {
                    "codigo_aluno": "315(...)50",
                    "nome_aluno": "FILIPE JESUS CARVALHO SUSANO"
                },
                {
                    "codigo_aluno": "303(...)02",
                    "nome_aluno": "GUILHERME PATRICIO LOPES"
                },
                {
                    "codigo_aluno": "309(...)16",
                    "nome_aluno": "JOAO PAULETA SILVA"
                },
                {
                    "codigo_aluno": "312(...)08",
                    "nome_aluno": "JOÃO PEDRO ALCOBIA PERDIGÃO"
                },
                {
                    "codigo_aluno": "305(...)06",
                    "nome_aluno": "JOÃO PEDRO MENDES FIGUEIREDO"
                },
                {
                    "codigo_aluno": "309(...)85",
                    "nome_aluno": "LEONOR ANDRÉ MENDES"
                },
                {
                    "codigo_aluno": "309(...)11",
                    "nome_aluno": "MARIA ANTÓNIA CORDEIRO DA SILVA MARQUES"
                },
                {
                    "codigo_aluno": "309(...)33",
                    "nome_aluno": "MARIA CASTELO RODRIGUES"
                },
                {
                    "codigo_aluno": "309(...)84",
                    "nome_aluno": "MARISA RODRIGUES NUNES"
                },
                {
                    "codigo_aluno": "303(...)14",
                    "nome_aluno": "MARTA INÊS SOUSA OLIVEIRA"
                },
                {
                    "codigo_aluno": "314(...)16",
                    "nome_aluno": "MATILDE MACHADO DO VALE"
                },
                {
                    "codigo_aluno": "303(...)71",
                    "nome_aluno": "PAULA CRISTINA MAGALHÃES MONTEIRO"
                },
                {
                    "codigo_aluno": "159(...)17",
                    "nome_aluno": "RAFAELA FERREIRA LEITE"
                },
                {
                    "codigo_aluno": "152(...)72",
                    "nome_aluno": "RAQUEL TOLEDO SILVEIRA"
                },
                {
                    "codigo_aluno": "240(...)05",
                    "nome_aluno": "SIMÃO RUAN ZHU"
                },
                {
                    "codigo_aluno": "240(...)02",
                    "nome_aluno": "SORAIA GUO"
                },
                {
                    "codigo_aluno": "318(...)32",
                    "nome_aluno": "SUSANA LIN"
                },
                {
                    "codigo_aluno": "314(...)94",
                    "nome_aluno": "VITÓRIA ZAITS"
                },
                {
                    "codigo_aluno": "240(...)06",
                    "nome_aluno": "YUXIN XIANG"
                }
            ]
        }
    ]
}