{
    "codigo_universidade": "3138",
    "nome_universidade": "3138 - Instituto Politécnico do Porto - Escola Superior de Tecnologia e Gestão",
    "cursos": [
        {
            "codigo_curso": "9045",
            "nome_curso": "9045 - Ciências Empresariais",
            "colocados": [
                {
                    "codigo_aluno": "307(...)18",
                    "nome_aluno": "ADRIANA BESSA DIAS NEVES CORREIA"
                },
                {
                    "codigo_aluno": "305(...)86",
                    "nome_aluno": "ANA FILIPA PINTO DIAS"
                },
                {
                    "codigo_aluno": "314(...)99",
                    "nome_aluno": "ANA RITA DA CUNHA ALVES DA SILVA"
                },
                {
                    "codigo_aluno": "159(...)12",
                    "nome_aluno": "ANA RITA SOARES MARTINS"
                },
                {
                    "codigo_aluno": "303(...)96",
                    "nome_aluno": "BEATRIZ ISABEL MELO FERNANDES"
                },
                {
                    "codigo_aluno": "155(...)55",
                    "nome_aluno": "BEATRIZ MOREIRA SERRA"
                },
                {
                    "codigo_aluno": "308(...)03",
                    "nome_aluno": "BRUNO RAFAEL RIBEIRO COSTA"
                },
                {
                    "codigo_aluno": "309(...)08",
                    "nome_aluno": "CARLOS MANUEL GOMES PIMENTA"
                },
                {
                    "codigo_aluno": "310(...)86",
                    "nome_aluno": "CARLOS MANUEL OLIVEIRA MENDES"
                },
                {
                    "codigo_aluno": "309(...)37",
                    "nome_aluno": "CAROLINA DA SILVA CARVALHO"
                },
                {
                    "codigo_aluno": "151(...)34",
                    "nome_aluno": "CATARINA DA SILVA MARTINS"
                },
                {
                    "codigo_aluno": "306(...)87",
                    "nome_aluno": "CLARA DE MOURA BELMONTE ALVES FARIA"
                },
                {
                    "codigo_aluno": "307(...)76",
                    "nome_aluno": "DANIELA SOFIA DA SILVA TEIXEIRA"
                },
                {
                    "codigo_aluno": "300(...)43",
                    "nome_aluno": "DIANA SOFIA CARVALHO DE SOUSA"
                },
                {
                    "codigo_aluno": "311(...)03",
                    "nome_aluno": "FRANCISCA PINTO DA CUNHA"
                },
                {
                    "codigo_aluno": "310(...)98",
                    "nome_aluno": "FRANCISCO MANUEL MARTINS DE SOUSA"
                },
                {
                    "codigo_aluno": "300(...)51",
                    "nome_aluno": "FRANCISCO MIRANDA MORAIS"
                },
                {
                    "codigo_aluno": "314(...)33",
                    "nome_aluno": "GILBERTO FREITAS FERREIRA"
                },
                {
                    "codigo_aluno": "313(...)13",
                    "nome_aluno": "JOANA FILIPA BARROS MOURA"
                },
                {
                    "codigo_aluno": "314(...)57",
                    "nome_aluno": "JOÃO DIOGO MARTINS FERREIRA"
                },
                {
                    "codigo_aluno": "152(...)60",
                    "nome_aluno": "JOÃO PEDRO FERREIRA LOPES"
                },
                {
                    "codigo_aluno": "304(...)27",
                    "nome_aluno": "JOSÉ CARLOS FERREIRA SOARES"
                },
                {
                    "codigo_aluno": "154(...)00",
                    "nome_aluno": "LARA FABIANA PINTO DA COSTA"
                },
                {
                    "codigo_aluno": "307(...)47",
                    "nome_aluno": "LEONARDO MIGUEL CORREIA PEREIRA"
                },
                {
                    "codigo_aluno": "300(...)47",
                    "nome_aluno": "LIDIANA CARVALHO DO NASCIMENTO"
                },
                {
                    "codigo_aluno": "159(...)81",
                    "nome_aluno": "LÚCIA ISABEL GOMES MAIA"
                },
                {
                    "codigo_aluno": "300(...)20",
                    "nome_aluno": "LUIS FILIPE GASPAR DA SILVA"
                },
                {
                    "codigo_aluno": "154(...)39",
                    "nome_aluno": "LYDIA DA COSTA FARIA"
                },
                {
                    "codigo_aluno": "153(...)95",
                    "nome_aluno": "MAFALDA OSÓRIO AGUIAR"
                },
                {
                    "codigo_aluno": "307(...)10",
                    "nome_aluno": "MARCO RAFAEL LOPES SILVA"
                },
                {
                    "codigo_aluno": "305(...)00",
                    "nome_aluno": "MARIA DE FÁTIMA LIMA OLIVEIRA"
                },
                {
                    "codigo_aluno": "317(...)04",
                    "nome_aluno": "MARIA LEONOR DE CASTRO SILVA"
                },
                {
                    "codigo_aluno": "314(...)19",
                    "nome_aluno": "MARIA MARTINS FERREIRA"
                },
                {
                    "codigo_aluno": "157(...)66",
                    "nome_aluno": "PEDRO DIAS LIMA"
                },
                {
                    "codigo_aluno": "312(...)13",
                    "nome_aluno": "PEDRO DO NASCIMENTO CAMPOS DE LEMOS"
                },
                {
                    "codigo_aluno": "159(...)24",
                    "nome_aluno": "RAFAEL MACEDO OLIVEIRA"
                },
                {
                    "codigo_aluno": "309(...)20",
                    "nome_aluno": "RAFAELA ALEXANDRA COLAÇO OLIVEIRA"
                },
                {
                    "codigo_aluno": "309(...)50",
                    "nome_aluno": "RITA MARIA CAETANO MENDES"
                },
                {
                    "codigo_aluno": "302(...)81",
                    "nome_aluno": "SABRINA MARTINS DA CUNHA"
                },
                {
                    "codigo_aluno": "304(...)58",
                    "nome_aluno": "SARA SOFIA SEABRA SOUSA"
                },
                {
                    "codigo_aluno": "300(...)30",
                    "nome_aluno": "VASCO DA COSTA FREITAS"
                }
            ]
        },
        {
            "codigo_curso": "8097",
            "nome_curso": "8097 - Ciências Empresariais (regime pós-laboral)",
            "colocados": [
                {
                    "codigo_aluno": "315(...)47",
                    "nome_aluno": "ALEXANDRE BESSA MENDONÇA"
                },
                {
                    "codigo_aluno": "302(...)95",
                    "nome_aluno": "DANIELA FILIPA GOUVEIA E SILVA"
                },
                {
                    "codigo_aluno": "304(...)50",
                    "nome_aluno": "DANIELA FILIPA MENDES PINTO"
                },
                {
                    "codigo_aluno": "310(...)47",
                    "nome_aluno": "DIANA SOFIA MATOS TEIXEIRA"
                },
                {
                    "codigo_aluno": "303(...)67",
                    "nome_aluno": "EMANUEL DE SOUSA PEREIRA"
                },
                {
                    "codigo_aluno": "309(...)43",
                    "nome_aluno": "GONÇALO GOMES CRISTA"
                },
                {
                    "codigo_aluno": "313(...)41",
                    "nome_aluno": "JOANA MARIA GOMES PEREIRA"
                },
                {
                    "codigo_aluno": "153(...)72",
                    "nome_aluno": "JOAQUIM NUNO BRITO OLIVEIRA"
                },
                {
                    "codigo_aluno": "315(...)52",
                    "nome_aluno": "JOSÉ PEDRO FREITAS RIBEIRO"
                },
                {
                    "codigo_aluno": "240(...)22",
                    "nome_aluno": "JOSÉ SARAIVA DE ARRUDA NETO"
                },
                {
                    "codigo_aluno": "148(...)56",
                    "nome_aluno": "LARA BEATRIZ RIBEIRO LOPES"
                },
                {
                    "codigo_aluno": "309(...)84",
                    "nome_aluno": "LARA ISABEL DA COSTA PEREIRA"
                },
                {
                    "codigo_aluno": "306(...)13",
                    "nome_aluno": "LARA SOFIA VIDAL DA SILVA"
                },
                {
                    "codigo_aluno": "305(...)99",
                    "nome_aluno": "LUIS MIGUEL COELHO MARTINS"
                },
                {
                    "codigo_aluno": "152(...)21",
                    "nome_aluno": "MARTIM SANTANA RAMOS"
                },
                {
                    "codigo_aluno": "240(...)17",
                    "nome_aluno": "MATEUS NASCIMENTO NEVES PEDRO"
                },
                {
                    "codigo_aluno": "158(...)16",
                    "nome_aluno": "MIGUEL LOPES VIOLANTE"
                },
                {
                    "codigo_aluno": "312(...)06",
                    "nome_aluno": "PEDRO DANIEL FERNANDES FERREIRA"
                },
                {
                    "codigo_aluno": "304(...)71",
                    "nome_aluno": "ROSANA DA SILVA MENDES"
                },
                {
                    "codigo_aluno": "306(...)88",
                    "nome_aluno": "TATIANA MARCELA MESQUITA DE SOUSA"
                },
                {
                    "codigo_aluno": "309(...)35",
                    "nome_aluno": "VITOR HUGO BORGES SOARES"
                }
            ]
        },
        {
            "codigo_curso": "9119",
            "nome_curso": "9119 - Engenharia Informática",
            "colocados": [
                {
                    "codigo_aluno": "309(...)69",
                    "nome_aluno": "AFONSO MIGUEL LOUREIRO MELO"
                },
                {
                    "codigo_aluno": "305(...)45",
                    "nome_aluno": "ANDRÉ RIBEIRO RIBAS"
                },
                {
                    "codigo_aluno": "154(...)28",
                    "nome_aluno": "ANDRÉ SOUSA RODRIGUES"
                },
                {
                    "codigo_aluno": "156(...)47",
                    "nome_aluno": "BENTO JORGE CARDOSO MOREIRA"
                },
                {
                    "codigo_aluno": "309(...)92",
                    "nome_aluno": "BRUNO DINIS SOUSA PINTO"
                },
                {
                    "codigo_aluno": "306(...)45",
                    "nome_aluno": "CARLOS FRANCISCO FERNANDES PIRES"
                },
                {
                    "codigo_aluno": "316(...)64",
                    "nome_aluno": "CRISTIANO EMANUEL MARTINS GRANJA"
                },
                {
                    "codigo_aluno": "306(...)92",
                    "nome_aluno": "DANIEL DA SILVA CASTRO"
                },
                {
                    "codigo_aluno": "309(...)91",
                    "nome_aluno": "DANIEL FILIPE CERQUEIRA QUEIROS"
                },
                {
                    "codigo_aluno": "153(...)38",
                    "nome_aluno": "DANIEL JOSÉ LETSKALYUK BARROS PERLITEIRO"
                },
                {
                    "codigo_aluno": "316(...)02",
                    "nome_aluno": "DANIEL OLIVEIRA FERREIRA"
                },
                {
                    "codigo_aluno": "307(...)64",
                    "nome_aluno": "DAVID GABRIEL VENTURA FERNANDES"
                },
                {
                    "codigo_aluno": "306(...)47",
                    "nome_aluno": "DINIS DE CARVALHO MONTEIRO"
                },
                {
                    "codigo_aluno": "303(...)32",
                    "nome_aluno": "DIOGO ALVES DE BASTOS"
                },
                {
                    "codigo_aluno": "154(...)48",
                    "nome_aluno": "DIOGO DIAS GONÇALVES"
                },
                {
                    "codigo_aluno": "309(...)96",
                    "nome_aluno": "DIOGO DOMINGUES GONÇALVES"
                },
                {
                    "codigo_aluno": "309(...)05",
                    "nome_aluno": "DIOGO JOSÉ FERNANDES MOREIRINHA"
                },
                {
                    "codigo_aluno": "156(...)83",
                    "nome_aluno": "DIOGO MIGUEL DA ROCHA GOMES VENÂNCIO DE ALMEIDA"
                },
                {
                    "codigo_aluno": "153(...)47",
                    "nome_aluno": "DUARTE DA SILVA RODRIGUES"
                },
                {
                    "codigo_aluno": "314(...)45",
                    "nome_aluno": "EMANUEL MAIA SILVA"
                },
                {
                    "codigo_aluno": "312(...)93",
                    "nome_aluno": "FILIPE CARNEIRO ROCHA"
                },
                {
                    "codigo_aluno": "152(...)68",
                    "nome_aluno": "FRANCISCA DE JESUS PINTO ALVES"
                },
                {
                    "codigo_aluno": "153(...)80",
                    "nome_aluno": "FRANCISCO BERNARDO MORAIS DE AZEVEDO"
                },
                {
                    "codigo_aluno": "309(...)38",
                    "nome_aluno": "GABRIEL CARVALHO GRANJA"
                },
                {
                    "codigo_aluno": "154(...)00",
                    "nome_aluno": "GONÇALO DA SILVA PORTO REGALA DE MENDONCA"
                },
                {
                    "codigo_aluno": "305(...)50",
                    "nome_aluno": "GONÇALO DINIS MAGALHÃES TEIXEIRA"
                },
                {
                    "codigo_aluno": "314(...)88",
                    "nome_aluno": "GONÇALO JOSÉ RODRIGUES MAIA"
                },
                {
                    "codigo_aluno": "309(...)16",
                    "nome_aluno": "GONÇALO PINTO"
                },
                {
                    "codigo_aluno": "154(...)58",
                    "nome_aluno": "GONÇALO PINTO ALVES"
                },
                {
                    "codigo_aluno": "304(...)54",
                    "nome_aluno": "GUILHERME JOSÉ NETO SILVA CRUZ"
                },
                {
                    "codigo_aluno": "313(...)25",
                    "nome_aluno": "HENRIQUE AZEVEDO LOPES"
                },
                {
                    "codigo_aluno": "153(...)56",
                    "nome_aluno": "HUGO MACHADO DA SILVA GONÇALVES PEREIRA"
                },
                {
                    "codigo_aluno": "151(...)01",
                    "nome_aluno": "INES BRAGA DA SILVA"
                },
                {
                    "codigo_aluno": "153(...)33",
                    "nome_aluno": "IVO SANTOS FARIA"
                },
                {
                    "codigo_aluno": "307(...)32",
                    "nome_aluno": "JOANA FRANCISCA PACHECO RODRIGUES"
                },
                {
                    "codigo_aluno": "312(...)73",
                    "nome_aluno": "JOÃO GONÇALO MOREIRA VIEIRA"
                },
                {
                    "codigo_aluno": "304(...)31",
                    "nome_aluno": "JOÃO PAULO COUTO ROCHA"
                },
                {
                    "codigo_aluno": "149(...)48",
                    "nome_aluno": "JOÃO PEDRO BARBOSA DA SILVA"
                },
                {
                    "codigo_aluno": "307(...)20",
                    "nome_aluno": "JOÃO PEDRO FRANCISCO RIBEIRO"
                },
                {
                    "codigo_aluno": "315(...)68",
                    "nome_aluno": "JOÃO PEDRO PEREIRA DA CUNHA"
                },
                {
                    "codigo_aluno": "316(...)22",
                    "nome_aluno": "JOSÉ CARLOS CAMPANHÃ DIAS"
                },
                {
                    "codigo_aluno": "306(...)24",
                    "nome_aluno": "JOSÉ PEDRO SOARES PEREIRA"
                },
                {
                    "codigo_aluno": "153(...)78",
                    "nome_aluno": "KEVIN MARTINS COSTA"
                },
                {
                    "codigo_aluno": "153(...)73",
                    "nome_aluno": "LEONOR CUNHA PINTO COSTA CASTANHO"
                },
                {
                    "codigo_aluno": "314(...)45",
                    "nome_aluno": "MAFALDA DIAS DA SILVA"
                },
                {
                    "codigo_aluno": "158(...)09",
                    "nome_aluno": "MANUEL PEDRO CANÁRIO TAVARES"
                },
                {
                    "codigo_aluno": "151(...)15",
                    "nome_aluno": "MARIA LEONOR FERREIRA ARAÚJO"
                },
                {
                    "codigo_aluno": "159(...)47",
                    "nome_aluno": "MARIANA SILVA BARRETO"
                },
                {
                    "codigo_aluno": "304(...)98",
                    "nome_aluno": "MÁRIO MIGUEL LEOTE PELEIRA DA SILVA"
                },
                {
                    "codigo_aluno": "156(...)83",
                    "nome_aluno": "MIGUEL BRANDÃO FERREIRA"
                },
                {
                    "codigo_aluno": "155(...)87",
                    "nome_aluno": "MIGUEL CARLOS DA SILVA CARVALHO"
                },
                {
                    "codigo_aluno": "308(...)35",
                    "nome_aluno": "MIGUEL DO VALE MACEDO"
                },
                {
                    "codigo_aluno": "306(...)16",
                    "nome_aluno": "MIGUEL MOREIRA MARQUES"
                },
                {
                    "codigo_aluno": "310(...)52",
                    "nome_aluno": "NUNO DUARTE FARIA MARQUES"
                },
                {
                    "codigo_aluno": "314(...)31",
                    "nome_aluno": "PEDRO MIGUEL LEAL SOARES"
                },
                {
                    "codigo_aluno": "316(...)21",
                    "nome_aluno": "PEDRO MIGUEL PINTO RIBEIRO DA CUNHA"
                },
                {
                    "codigo_aluno": "148(...)19",
                    "nome_aluno": "RAFAEL VIEIRA PINTO"
                },
                {
                    "codigo_aluno": "312(...)60",
                    "nome_aluno": "RICARDO FILIPE FERNANDES LOPES"
                },
                {
                    "codigo_aluno": "154(...)29",
                    "nome_aluno": "RODRIGO MIGUEL FERREIRA SALGUEIRO"
                },
                {
                    "codigo_aluno": "314(...)55",
                    "nome_aluno": "SALOMÃO VENTURA BAPTISTA BARROSO FRANCISCO"
                },
                {
                    "codigo_aluno": "308(...)43",
                    "nome_aluno": "SORAIA OLIVEIRA E SÁ"
                },
                {
                    "codigo_aluno": "303(...)38",
                    "nome_aluno": "TIAGO ALEXANDRE MATOS MONTEIRO"
                },
                {
                    "codigo_aluno": "309(...)02",
                    "nome_aluno": "TIAGO BASTOS TEIXEIRA"
                },
                {
                    "codigo_aluno": "307(...)65",
                    "nome_aluno": "TOMÁS COSTA MOREIRA"
                },
                {
                    "codigo_aluno": "314(...)44",
                    "nome_aluno": "TOMÁS GABRIEL FERREIRA ROSA"
                },
                {
                    "codigo_aluno": "152(...)14",
                    "nome_aluno": "TOMÁS JOSÉ CAMPOS PINTO"
                },
                {
                    "codigo_aluno": "305(...)90",
                    "nome_aluno": "TOMÁS TEIXEIRA ROCHA"
                },
                {
                    "codigo_aluno": "240(...)01",
                    "nome_aluno": "YU BIHAO"
                }
            ]
        },
        {
            "codigo_curso": "L030",
            "nome_curso": "L030 - Gestão Industrial e Logística",
            "colocados": [
                {
                    "codigo_aluno": "158(...)47",
                    "nome_aluno": "ALEXANDRE ESMERIZ FALCÃO DE ALMEIDA"
                },
                {
                    "codigo_aluno": "154(...)47",
                    "nome_aluno": "ANTÓNIO PEDRO DE ANDRADE ESCADA"
                },
                {
                    "codigo_aluno": "306(...)32",
                    "nome_aluno": "BRUNA SOFIA SOARES CORREIA"
                },
                {
                    "codigo_aluno": "150(...)45",
                    "nome_aluno": "CRISTÓVÃO SOARES MACHADO"
                },
                {
                    "codigo_aluno": "159(...)80",
                    "nome_aluno": "DIOGO MOREIRA MOTA"
                },
                {
                    "codigo_aluno": "307(...)86",
                    "nome_aluno": "EDUARDO RODRIGUES DE CASTRO GUIMARAES MACHADO"
                },
                {
                    "codigo_aluno": "309(...)78",
                    "nome_aluno": "GONÇALO DINIS MAGALHÃES"
                },
                {
                    "codigo_aluno": "309(...)34",
                    "nome_aluno": "HENRIQUE CALDAS SEQUEIROS"
                },
                {
                    "codigo_aluno": "307(...)83",
                    "nome_aluno": "LARA FILIPA DIAS CARVALHO"
                },
                {
                    "codigo_aluno": "306(...)59",
                    "nome_aluno": "MAFALDA DE SOUSA ROCHA"
                },
                {
                    "codigo_aluno": "152(...)88",
                    "nome_aluno": "MARA MOREIRA COSTA"
                },
                {
                    "codigo_aluno": "240(...)01",
                    "nome_aluno": "MARCELLA LETTIERI TORRES SIQUEIRA"
                },
                {
                    "codigo_aluno": "313(...)74",
                    "nome_aluno": "MARIA ALVES MIRANDA"
                },
                {
                    "codigo_aluno": "159(...)48",
                    "nome_aluno": "MARIANA DE CARVALHO VIEIRA E MONTEIRO"
                },
                {
                    "codigo_aluno": "301(...)99",
                    "nome_aluno": "NUNO SAMUEL CORREIA DA CRUZ"
                },
                {
                    "codigo_aluno": "159(...)82",
                    "nome_aluno": "PEDRO GABRIEL POÇAS BARROS FLORES"
                },
                {
                    "codigo_aluno": "307(...)22",
                    "nome_aluno": "RAFAEL SOARES DA SILVA"
                },
                {
                    "codigo_aluno": "303(...)28",
                    "nome_aluno": "RITA SALGADO CURADO"
                },
                {
                    "codigo_aluno": "306(...)48",
                    "nome_aluno": "RODRIGO GONÇALVES OLIVEIRA"
                },
                {
                    "codigo_aluno": "153(...)02",
                    "nome_aluno": "TIAGO FILIPE SILVA REIS"
                }
            ]
        },
        {
            "codigo_curso": "L091",
            "nome_curso": "L091 - Segurança do Trabalho e Ambiente",
            "colocados": [
                {
                    "codigo_aluno": "309(...)51",
                    "nome_aluno": "AFONSO LUIS MOURA LOPES"
                },
                {
                    "codigo_aluno": "310(...)30",
                    "nome_aluno": "ANA CAROLINA MARTINS ROCHA"
                },
                {
                    "codigo_aluno": "156(...)72",
                    "nome_aluno": "ANA CAROLINA PEIXOTO"
                },
                {
                    "codigo_aluno": "308(...)33",
                    "nome_aluno": "ANA CAROLINA TEIXEIRA PEREIRA"
                },
                {
                    "codigo_aluno": "304(...)77",
                    "nome_aluno": "ANA LUÍSA SANTOS SOUSA"
                },
                {
                    "codigo_aluno": "309(...)52",
                    "nome_aluno": "ANDRÉ MOREIRA DE SOUSA"
                },
                {
                    "codigo_aluno": "310(...)48",
                    "nome_aluno": "BIANCA MARIA MAIA CARVALHO"
                },
                {
                    "codigo_aluno": "306(...)90",
                    "nome_aluno": "CÉSAR DA COSTA MACEDO"
                },
                {
                    "codigo_aluno": "308(...)76",
                    "nome_aluno": "DIOGO DINIS ABREU MELO"
                },
                {
                    "codigo_aluno": "316(...)97",
                    "nome_aluno": "EDUARDA MANUELA SOUSA SILVA"
                },
                {
                    "codigo_aluno": "307(...)72",
                    "nome_aluno": "FILIPA DANIELA SIMÕES HENRIQUES"
                },
                {
                    "codigo_aluno": "152(...)88",
                    "nome_aluno": "FREDERICA PLACIDO SALGADO MAIA RODRIGUES"
                },
                {
                    "codigo_aluno": "306(...)68",
                    "nome_aluno": "GONÇALO PINTO CORREIA"
                },
                {
                    "codigo_aluno": "307(...)63",
                    "nome_aluno": "JOÃO PEDRO VILARINHO COUTO"
                },
                {
                    "codigo_aluno": "305(...)99",
                    "nome_aluno": "JOSÉ AFONSO FERREIRA BARBOSA"
                },
                {
                    "codigo_aluno": "310(...)34",
                    "nome_aluno": "LETÍCIA ISABEL ALVES COELHO"
                },
                {
                    "codigo_aluno": "306(...)16",
                    "nome_aluno": "PEDRO FILIPE MENDES DIAS"
                },
                {
                    "codigo_aluno": "317(...)02",
                    "nome_aluno": "PEDRO RODRIGUES MONTEIRO"
                },
                {
                    "codigo_aluno": "309(...)60",
                    "nome_aluno": "RODRIGO RIBEIRO CORREIA"
                },
                {
                    "codigo_aluno": "157(...)85",
                    "nome_aluno": "RÚBEN AZEVEDO SILVA"
                }
            ]
        },
        {
            "codigo_curso": "8398",
            "nome_curso": "8398 - Segurança Informática em Redes de Computadores",
            "colocados": [
                {
                    "codigo_aluno": "156(...)85",
                    "nome_aluno": "ANDRÉ VALDRÊS MALTA ROCHA"
                },
                {
                    "codigo_aluno": "305(...)51",
                    "nome_aluno": "DANIELA ALEXANDRA PINTO CAMPOBASSO"
                },
                {
                    "codigo_aluno": "304(...)79",
                    "nome_aluno": "DAVID SÉRGIO FERREIRA ALVES"
                },
                {
                    "codigo_aluno": "317(...)46",
                    "nome_aluno": "DIOGO RAFAEL DA SILVA ALMEIDA"
                },
                {
                    "codigo_aluno": "304(...)92",
                    "nome_aluno": "GABRIEL ALEXANDRE MEIRELES MOREIRA"
                },
                {
                    "codigo_aluno": "157(...)46",
                    "nome_aluno": "GONÇALO VENTURA VALINHAS"
                },
                {
                    "codigo_aluno": "314(...)09",
                    "nome_aluno": "GUILHERME RIBEIRO GOMES"
                },
                {
                    "codigo_aluno": "302(...)62",
                    "nome_aluno": "GUILHERME SÁ MONTEIRO DE LENCASTRE LUPI"
                },
                {
                    "codigo_aluno": "158(...)87",
                    "nome_aluno": "JOÃO FILIPE FERREIRA DE OLIVEIRA"
                },
                {
                    "codigo_aluno": "311(...)38",
                    "nome_aluno": "JOSÉ EDUARDO ALVES MARTINS"
                },
                {
                    "codigo_aluno": "156(...)75",
                    "nome_aluno": "MÁRIO JORGE CASTRO FREIRE"
                },
                {
                    "codigo_aluno": "154(...)97",
                    "nome_aluno": "MIGUEL MOREIRA GOMES"
                },
                {
                    "codigo_aluno": "311(...)37",
                    "nome_aluno": "PEDRO AFONSO FARINHA GOMES LIMA PARATY"
                },
                {
                    "codigo_aluno": "309(...)58",
                    "nome_aluno": "PEDRO FERREIRA DA SILVA"
                },
                {
                    "codigo_aluno": "304(...)11",
                    "nome_aluno": "RODRIGO MOREIRA BESSA PINTO"
                },
                {
                    "codigo_aluno": "309(...)79",
                    "nome_aluno": "RODRIGO SIMÃO NOGUEIRA DA MOTA"
                },
                {
                    "codigo_aluno": "303(...)02",
                    "nome_aluno": "ROMEU NICOLAU EROUNTSOV DOMINGUES MOURA"
                },
                {
                    "codigo_aluno": "304(...)23",
                    "nome_aluno": "RUI MIGUEL PEREIRA SOUSA"
                },
                {
                    "codigo_aluno": "306(...)58",
                    "nome_aluno": "SARA MIGUEL MORAIS DA SILVA"
                },
                {
                    "codigo_aluno": "156(...)01",
                    "nome_aluno": "TATIANA BEATRIZ MARINHO DA SILVA"
                },
                {
                    "codigo_aluno": "308(...)55",
                    "nome_aluno": "TIAGO BILOTTI NUNES"
                },
                {
                    "codigo_aluno": "312(...)71",
                    "nome_aluno": "TIAGO DANIEL TEIXEIRA PINTO"
                }
            ]
        },
        {
            "codigo_curso": "8288",
            "nome_curso": "8288 - Sistemas de Informação para Gestão",
            "colocados": [
                {
                    "codigo_aluno": "156(...)01",
                    "nome_aluno": "AFONSO SANTOS VIEIRA"
                },
                {
                    "codigo_aluno": "306(...)21",
                    "nome_aluno": "ANA LUISA LEÃO DA SILVA"
                },
                {
                    "codigo_aluno": "309(...)13",
                    "nome_aluno": "ANDRÉ JOAO CASAL GASTALHO"
                },
                {
                    "codigo_aluno": "302(...)95",
                    "nome_aluno": "ANDRÉ MIGUEL GOMES ALVES"
                },
                {
                    "codigo_aluno": "309(...)54",
                    "nome_aluno": "ANDRÉ SENRA SANTOS"
                },
                {
                    "codigo_aluno": "306(...)38",
                    "nome_aluno": "BERNARDO PEREIRA NOGUEIRA"
                },
                {
                    "codigo_aluno": "240(...)23",
                    "nome_aluno": "DANIEL XIMENES COELHO FILHO"
                },
                {
                    "codigo_aluno": "155(...)21",
                    "nome_aluno": "DIOGO JOAQUIM GONÇALVES"
                },
                {
                    "codigo_aluno": "549(...)04",
                    "nome_aluno": "FRANCK ZHANG"
                },
                {
                    "codigo_aluno": "309(...)19",
                    "nome_aluno": "GONÇALO ANDRÉ ROCHA CARDOSO"
                },
                {
                    "codigo_aluno": "309(...)38",
                    "nome_aluno": "GONÇALO MANUEL BORGES SILVA MONTEIRO E COSTA"
                },
                {
                    "codigo_aluno": "157(...)81",
                    "nome_aluno": "HENRIQUE CARDOSO FERNANDES"
                },
                {
                    "codigo_aluno": "304(...)17",
                    "nome_aluno": "HENRIQUE CERVEIRA FERNANDES"
                },
                {
                    "codigo_aluno": "312(...)81",
                    "nome_aluno": "JOSUÉ RODRIGO REIS BORGES"
                },
                {
                    "codigo_aluno": "310(...)25",
                    "nome_aluno": "LEANDRO ALEXANDRE DE CASTRO BRAZIELA"
                },
                {
                    "codigo_aluno": "309(...)90",
                    "nome_aluno": "LEANDRO ANDRÉ ALVES LEAL"
                },
                {
                    "codigo_aluno": "152(...)14",
                    "nome_aluno": "LUÍS FILIPE ALMEIDA MARTINS"
                },
                {
                    "codigo_aluno": "309(...)92",
                    "nome_aluno": "MARIANA PINHO DA SILVA"
                },
                {
                    "codigo_aluno": "301(...)00",
                    "nome_aluno": "PEDRO MIGUEL SOUSA PINTO"
                },
                {
                    "codigo_aluno": "155(...)67",
                    "nome_aluno": "RODRIGO ALEXANDRE FERNANDES VIEIRA DA SILVA"
                },
                {
                    "codigo_aluno": "154(...)30",
                    "nome_aluno": "SIMON SÁ PEREIRA"
                },
                {
                    "codigo_aluno": "316(...)05",
                    "nome_aluno": "WAGNER FERREIRA DA COSTA JUNIOR"
                }
            ]
        },
        {
            "codigo_curso": "9242",
            "nome_curso": "9242 - Solicitadoria",
            "colocados": [
                {
                    "codigo_aluno": "152(...)88",
                    "nome_aluno": "ANA MARIA QUEIRÓS DA CRUZ"
                },
                {
                    "codigo_aluno": "303(...)96",
                    "nome_aluno": "ANA RITA ARAÚJO OCHOA"
                },
                {
                    "codigo_aluno": "300(...)86",
                    "nome_aluno": "ANA SALOMÉ DA COSTA HENRIQUES"
                },
                {
                    "codigo_aluno": "312(...)75",
                    "nome_aluno": "ANDRÉ RIBEIRO PINTO"
                },
                {
                    "codigo_aluno": "156(...)72",
                    "nome_aluno": "CATARINA FERNANDES VIEIRA"
                },
                {
                    "codigo_aluno": "305(...)91",
                    "nome_aluno": "CLÁUDIA DANIELA CORREIA SOUSA"
                },
                {
                    "codigo_aluno": "306(...)32",
                    "nome_aluno": "CLÁUDIA FILIPA PEREIRA CUNHA"
                },
                {
                    "codigo_aluno": "309(...)42",
                    "nome_aluno": "CLÁUDIO FILIPE ARAÚJO DA SILVA"
                },
                {
                    "codigo_aluno": "156(...)32",
                    "nome_aluno": "DANIELA BEATRIZ GONÇALVES MOREIRA"
                },
                {
                    "codigo_aluno": "154(...)31",
                    "nome_aluno": "ÉRICA FILIPA FERREIRA LEAL"
                },
                {
                    "codigo_aluno": "312(...)41",
                    "nome_aluno": "INÊS GONÇALVES DA SILVA"
                },
                {
                    "codigo_aluno": "148(...)44",
                    "nome_aluno": "INÊS SOFIA CARDOSO SOARES"
                },
                {
                    "codigo_aluno": "300(...)80",
                    "nome_aluno": "ÍRIS NOGUEIRA LOPES"
                },
                {
                    "codigo_aluno": "304(...)85",
                    "nome_aluno": "ÍRIS SOFIA GONÇALVES PINTO"
                },
                {
                    "codigo_aluno": "314(...)83",
                    "nome_aluno": "JOÃO FILIPE GOMES MAGALHÃES"
                },
                {
                    "codigo_aluno": "153(...)00",
                    "nome_aluno": "JOÃO NUNO DA SILVA LEITE"
                },
                {
                    "codigo_aluno": "309(...)73",
                    "nome_aluno": "JOÃO PEDRO RODRIGUES BARBOSA"
                },
                {
                    "codigo_aluno": "310(...)47",
                    "nome_aluno": "LEONOR RESENDE FERNANDES"
                },
                {
                    "codigo_aluno": "152(...)16",
                    "nome_aluno": "LUANA MOREIRA MADUREIRA"
                },
                {
                    "codigo_aluno": "153(...)85",
                    "nome_aluno": "LUÍS DAVID DE CAMPOS VELHO PERROT"
                },
                {
                    "codigo_aluno": "309(...)36",
                    "nome_aluno": "LUÍSA DA SILVA GONÇALVES"
                },
                {
                    "codigo_aluno": "157(...)36",
                    "nome_aluno": "MARIA BEATRIZ ÁVIDA PINTO"
                },
                {
                    "codigo_aluno": "303(...)46",
                    "nome_aluno": "MARIA DE FÁTIMA COUTINHO MATIAS"
                },
                {
                    "codigo_aluno": "317(...)41",
                    "nome_aluno": "MARIA EDUARDA ARAÚJO MESQUITA CARVALHO MONTEIRO"
                },
                {
                    "codigo_aluno": "301(...)54",
                    "nome_aluno": "MARIA LEONOR BARBOSA BRITO"
                },
                {
                    "codigo_aluno": "300(...)95",
                    "nome_aluno": "MARIANA FILIPA FERNANDES PINHEIRO"
                },
                {
                    "codigo_aluno": "313(...)43",
                    "nome_aluno": "MARIANA MARTINS DA COSTA BOTELHO"
                },
                {
                    "codigo_aluno": "307(...)55",
                    "nome_aluno": "MATEUS BARRIGANA PINTO BATISTA"
                },
                {
                    "codigo_aluno": "300(...)79",
                    "nome_aluno": "MATILDE BEATRIZ BAETA DA SILVA ABREU"
                },
                {
                    "codigo_aluno": "305(...)81",
                    "nome_aluno": "MATILDE DA SILVA NOVAIS DE BARROS"
                },
                {
                    "codigo_aluno": "308(...)89",
                    "nome_aluno": "MATILDE FERREIRA CARIDADE"
                },
                {
                    "codigo_aluno": "152(...)61",
                    "nome_aluno": "MATILDE PIMENTA VAZ"
                },
                {
                    "codigo_aluno": "149(...)65",
                    "nome_aluno": "NARA SORAIA PIMENTA NOGUEIRA"
                },
                {
                    "codigo_aluno": "309(...)12",
                    "nome_aluno": "SARA RODRIGUES GARCIA"
                },
                {
                    "codigo_aluno": "303(...)86",
                    "nome_aluno": "SOFIA DA CONCEIÇÃO BERNARDO"
                },
                {
                    "codigo_aluno": "308(...)99",
                    "nome_aluno": "SOFIA PEREIRA DOS SANTOS DE OLIVEIRA"
                },
                {
                    "codigo_aluno": "314(...)17",
                    "nome_aluno": "SORAIA ISABELA QUEIRÓS DA SILVA"
                },
                {
                    "codigo_aluno": "313(...)99",
                    "nome_aluno": "VITÓRIA MARIA TEIXEIRA AZEVEDO"
                }
            ]
        },
        {
            "codigo_curso": "8015",
            "nome_curso": "8015 - Solicitadoria (regime pós-laboral)",
            "colocados": [
                {
                    "codigo_aluno": "326(...)59",
                    "nome_aluno": "ALEXANDRA COSTA GOMES"
                },
                {
                    "codigo_aluno": "315(...)94",
                    "nome_aluno": "ANA BEATRIZ CARDOSO FERRÁS"
                },
                {
                    "codigo_aluno": "308(...)04",
                    "nome_aluno": "ANA CATARINA ALMEIDA DA COSTA"
                },
                {
                    "codigo_aluno": "307(...)90",
                    "nome_aluno": "BÁRBARA PINTO FERNANDES"
                },
                {
                    "codigo_aluno": "149(...)72",
                    "nome_aluno": "BRUNA PEREIRA DE SCHEPPER"
                },
                {
                    "codigo_aluno": "312(...)57",
                    "nome_aluno": "DANIELA FILIPA DA SILVA FONSECA"
                },
                {
                    "codigo_aluno": "303(...)69",
                    "nome_aluno": "GONÇALO MANUEL SILVA FERREIRA"
                },
                {
                    "codigo_aluno": "318(...)74",
                    "nome_aluno": "INÊS ALEXANDRA SOUSA LEAL"
                },
                {
                    "codigo_aluno": "310(...)58",
                    "nome_aluno": "JOÃO PEDRO VIEIRA MOREIRA"
                },
                {
                    "codigo_aluno": "314(...)70",
                    "nome_aluno": "LETICIA DA SILVA OLIVEIRA"
                },
                {
                    "codigo_aluno": "133(...)98",
                    "nome_aluno": "LILIANA PATRÍCIA BAPTISTA PIMENTA"
                },
                {
                    "codigo_aluno": "304(...)30",
                    "nome_aluno": "MARIA INÊS COUTO MARTINS"
                },
                {
                    "codigo_aluno": "316(...)15",
                    "nome_aluno": "PAULA ALEXANDRA FERREIRA DA SILVA"
                },
                {
                    "codigo_aluno": "306(...)35",
                    "nome_aluno": "PEDRO DINIS REBELO ROSA"
                },
                {
                    "codigo_aluno": "156(...)66",
                    "nome_aluno": "RICARDO ALMEIDA FERREIRA"
                },
                {
                    "codigo_aluno": "309(...)40",
                    "nome_aluno": "RODRIGO DA SILVA MATA"
                },
                {
                    "codigo_aluno": "156(...)55",
                    "nome_aluno": "SOFIA SOUSA GUIA"
                },
                {
                    "codigo_aluno": "303(...)78",
                    "nome_aluno": "SORAIA ALVES DA SILVA"
                },
                {
                    "codigo_aluno": "139(...)70",
                    "nome_aluno": "TIAGO DANIEL COSTA DA SILVA"
                },
                {
                    "codigo_aluno": "307(...)61",
                    "nome_aluno": "TOMÁS MAIA ARAÚJO"
                }
            ]
        }
    ]
}