{
    "codigo_universidade": "3041",
    "nome_universidade": "3041 - Instituto Politécnico de Bragança - Escola Superior Agrária de Bragança",
    "cursos": [
        {
            "codigo_curso": "L029",
            "nome_curso": "L029 - Biologia e Biotecnologia",
            "colocados": [
                {
                    "codigo_aluno": "307(...)76",
                    "nome_aluno": "ANA CAROLINA SILVA CABRAL"
                },
                {
                    "codigo_aluno": "302(...)59",
                    "nome_aluno": "BEATRIZ LOURO AFONSO BENTO"
                },
                {
                    "codigo_aluno": "309(...)90",
                    "nome_aluno": "DIANA CORREIA SILVA"
                },
                {
                    "codigo_aluno": "240(...)08",
                    "nome_aluno": "LEANDRO ANDRADE DOS SANTOS"
                },
                {
                    "codigo_aluno": "152(...)56",
                    "nome_aluno": "LEANDRO JOSÉ SEIA SILVA"
                },
                {
                    "codigo_aluno": "152(...)99",
                    "nome_aluno": "TOMÁS SOARES FARINHA"
                }
            ]
        },
        {
            "codigo_curso": "9085",
            "nome_curso": "9085 - Enfermagem Veterinária",
            "colocados": [
                {
                    "codigo_aluno": "306(...)94",
                    "nome_aluno": "AFONSO SILVA AFONSO"
                },
                {
                    "codigo_aluno": "307(...)95",
                    "nome_aluno": "ANA CAROLINA ALVES PRATAS MANO"
                },
                {
                    "codigo_aluno": "152(...)23",
                    "nome_aluno": "ANA ISABEL CORREIA MARTINS"
                },
                {
                    "codigo_aluno": "303(...)75",
                    "nome_aluno": "ANA ISABEL OLIVEIRA COSTA"
                },
                {
                    "codigo_aluno": "301(...)30",
                    "nome_aluno": "BEATRIZ DA CONCEIÇÃO SOUSA MAGALHÃES"
                },
                {
                    "codigo_aluno": "306(...)75",
                    "nome_aluno": "BEATRIZ DA COSTA CUNHA"
                },
                {
                    "codigo_aluno": "151(...)00",
                    "nome_aluno": "BEATRIZ LEAL"
                },
                {
                    "codigo_aluno": "300(...)98",
                    "nome_aluno": "BEATRIZ MARIA FERNANDES DA ROCHA"
                },
                {
                    "codigo_aluno": "317(...)82",
                    "nome_aluno": "BENEDITA FERREIRA CARNEIRO"
                },
                {
                    "codigo_aluno": "306(...)07",
                    "nome_aluno": "CARLA EDUARDA RODRIGUES ALVES"
                },
                {
                    "codigo_aluno": "306(...)48",
                    "nome_aluno": "CAROLINA PENELAS MIRANDA"
                },
                {
                    "codigo_aluno": "301(...)23",
                    "nome_aluno": "CATARINA EMANUELA MOREIRA LEÃO"
                },
                {
                    "codigo_aluno": "306(...)18",
                    "nome_aluno": "CATARINA INÁCIO FIGUEIREDO"
                },
                {
                    "codigo_aluno": "308(...)53",
                    "nome_aluno": "DIANA SOFIA PEREIRA CASTRO"
                },
                {
                    "codigo_aluno": "159(...)26",
                    "nome_aluno": "ESTELA MARIA VIEIRA DE CASTRO"
                },
                {
                    "codigo_aluno": "152(...)64",
                    "nome_aluno": "FRANCISCO MARCELINO SILVA SOARES"
                },
                {
                    "codigo_aluno": "313(...)03",
                    "nome_aluno": "GONÇALO ANDRÉ CORREIA MIRANDA"
                },
                {
                    "codigo_aluno": "303(...)15",
                    "nome_aluno": "HELDER MANUEL MARTINS"
                },
                {
                    "codigo_aluno": "315(...)79",
                    "nome_aluno": "HUGO MIGUEL MONTEIRO SILVA"
                },
                {
                    "codigo_aluno": "303(...)75",
                    "nome_aluno": "INÊS DE QUINA DUARTE SANTOS"
                },
                {
                    "codigo_aluno": "304(...)83",
                    "nome_aluno": "INÊS FILIPA DA SILVA DIAS"
                },
                {
                    "codigo_aluno": "151(...)33",
                    "nome_aluno": "INÊS MARIA ANDRADE MORAIS"
                },
                {
                    "codigo_aluno": "302(...)41",
                    "nome_aluno": "INÊS SILVA LOPES"
                },
                {
                    "codigo_aluno": "312(...)14",
                    "nome_aluno": "JOANA ALVES COSTA"
                },
                {
                    "codigo_aluno": "305(...)53",
                    "nome_aluno": "JOÃO FILIPE CAMÕES LEITÃO"
                },
                {
                    "codigo_aluno": "313(...)71",
                    "nome_aluno": "LEONOR DUARTE FERREIRA"
                },
                {
                    "codigo_aluno": "313(...)32",
                    "nome_aluno": "LEONOR MARIA NUNES PEREIRA"
                },
                {
                    "codigo_aluno": "154(...)82",
                    "nome_aluno": "LETÍCIA NOGUEIRA OLIVEIRA"
                },
                {
                    "codigo_aluno": "302(...)30",
                    "nome_aluno": "LILIANA FRADE MIRANDA"
                },
                {
                    "codigo_aluno": "310(...)29",
                    "nome_aluno": "MARIA INÊS FERREIRA CORREIA"
                },
                {
                    "codigo_aluno": "152(...)11",
                    "nome_aluno": "MARIA PEREIRA ESTEVES FERNANDES"
                },
                {
                    "codigo_aluno": "147(...)19",
                    "nome_aluno": "MARTA VIRGOLINO COUCEIRO DE SOUSA"
                },
                {
                    "codigo_aluno": "153(...)27",
                    "nome_aluno": "MATILDE SILVA MARTINS"
                },
                {
                    "codigo_aluno": "154(...)94",
                    "nome_aluno": "NICOLE BELO MARQUES"
                },
                {
                    "codigo_aluno": "159(...)91",
                    "nome_aluno": "RITA MOTA DOS SANTOS"
                },
                {
                    "codigo_aluno": "305(...)29",
                    "nome_aluno": "ROBERTA PERALTA MARTINS"
                },
                {
                    "codigo_aluno": "303(...)73",
                    "nome_aluno": "RODRIGO FERNANDES SAMAGAIO DA SILVA"
                },
                {
                    "codigo_aluno": "308(...)51",
                    "nome_aluno": "RODRIGO RIBEIRO FERREIRA MENDES"
                },
                {
                    "codigo_aluno": "304(...)10",
                    "nome_aluno": "SOFIA MADALENA DOS REIS MELO"
                },
                {
                    "codigo_aluno": "309(...)48",
                    "nome_aluno": "SOFIA OLIVEIRA FRADE"
                },
                {
                    "codigo_aluno": "305(...)10",
                    "nome_aluno": "SUSANA FILIPA DA SILVA MANDIM"
                },
                {
                    "codigo_aluno": "305(...)51",
                    "nome_aluno": "TAISSA MARGARIDA BINGOBINGO MENDES TEIXEIRA"
                }
            ]
        },
        {
            "codigo_curso": "9086",
            "nome_curso": "9086 - Engenharia Agronómica",
            "colocados": []
        },
        {
            "codigo_curso": "9087",
            "nome_curso": "9087 - Engenharia Alimentar",
            "colocados": []
        },
        {
            "codigo_curso": "9099",
            "nome_curso": "9099 - Engenharia do Ambiente",
            "colocados": []
        },
        {
            "codigo_curso": "9129",
            "nome_curso": "9129 - Engenharia Zootécnica",
            "colocados": []
        },
        {
            "codigo_curso": "9752",
            "nome_curso": "9752 - Enologia",
            "colocados": []
        }
    ]
}