{
    "codigo_universidade": "3091",
    "nome_universidade": "3091 - Instituto Politécnico da Guarda - Escola Superior de Educação, Comunicação e Desporto",
    "cursos": [
        {
            "codigo_curso": "9005",
            "nome_curso": "9005 - Animação Sociocultural",
            "colocados": [
                {
                    "codigo_aluno": "307(...)81",
                    "nome_aluno": "ANA CAROLINA AMARAL BRITO"
                },
                {
                    "codigo_aluno": "304(...)07",
                    "nome_aluno": "ANA LUÍSA GAVETANHO CRASTES"
                },
                {
                    "codigo_aluno": "305(...)87",
                    "nome_aluno": "ANA LUISA REI DA SILVA"
                },
                {
                    "codigo_aluno": "309(...)84",
                    "nome_aluno": "BÁRBARA BERNARDO REIS"
                },
                {
                    "codigo_aluno": "311(...)00",
                    "nome_aluno": "DIOGO ANTÓNIO MANIQUE DE BRITO"
                },
                {
                    "codigo_aluno": "310(...)32",
                    "nome_aluno": "DUDA CAMARÁ"
                },
                {
                    "codigo_aluno": "303(...)01",
                    "nome_aluno": "MARGARIDA PEREIRA DIAS"
                },
                {
                    "codigo_aluno": "152(...)23",
                    "nome_aluno": "MATILDE FERRAZ BRITES"
                },
                {
                    "codigo_aluno": "310(...)18",
                    "nome_aluno": "NÚRIA TOMAZ MARQUES"
                }
            ]
        },
        {
            "codigo_curso": "9652",
            "nome_curso": "9652 - Comunicação e Relações Públicas",
            "colocados": [
                {
                    "codigo_aluno": "309(...)11",
                    "nome_aluno": "ANA BEATRIZ MARQUES MENDES"
                },
                {
                    "codigo_aluno": "301(...)33",
                    "nome_aluno": "ANA BEATRIZ PINTO SILVA"
                },
                {
                    "codigo_aluno": "315(...)28",
                    "nome_aluno": "ANA CAROLINA DA SILVA RAMALHEIRA"
                },
                {
                    "codigo_aluno": "157(...)34",
                    "nome_aluno": "ARTUR JORGE MONIZ SOUSA RIBEIRO"
                },
                {
                    "codigo_aluno": "313(...)42",
                    "nome_aluno": "BÁRBARA DE JESUS OLIVEIRA"
                },
                {
                    "codigo_aluno": "157(...)23",
                    "nome_aluno": "BEATRIZ CLETO MARTINS"
                },
                {
                    "codigo_aluno": "309(...)83",
                    "nome_aluno": "BEATRIZ FRAZÃO SALGUEIRO"
                },
                {
                    "codigo_aluno": "152(...)82",
                    "nome_aluno": "BRUNA MIGUEL FARIA RIBEIRO"
                },
                {
                    "codigo_aluno": "306(...)94",
                    "nome_aluno": "CARLA FILIPA MORAIS FERREIRA DA SILVA"
                },
                {
                    "codigo_aluno": "152(...)56",
                    "nome_aluno": "CARLOTA CAETANO DA ROCHA"
                },
                {
                    "codigo_aluno": "315(...)57",
                    "nome_aluno": "CAROLINA FERREIRA LOPES"
                },
                {
                    "codigo_aluno": "311(...)70",
                    "nome_aluno": "CATARINA CARDOSO SOUSA MORAIS"
                },
                {
                    "codigo_aluno": "310(...)83",
                    "nome_aluno": "CÁTIA SOFIA ESTEVES ALVES"
                },
                {
                    "codigo_aluno": "321(...)89",
                    "nome_aluno": "CÉLIA MAYARA PEARSON ARRAIS"
                },
                {
                    "codigo_aluno": "240(...)01",
                    "nome_aluno": "CYBELLE BRAGA RODRIGUES"
                },
                {
                    "codigo_aluno": "159(...)24",
                    "nome_aluno": "DIANA CAROLINA ALFERES PEREIRA"
                },
                {
                    "codigo_aluno": "305(...)94",
                    "nome_aluno": "GABRIELA PEREIRA ROCHA"
                },
                {
                    "codigo_aluno": "306(...)36",
                    "nome_aluno": "GUILHERME ALBERTO SERRA MARQUES VIRALHADAS VALVERDE"
                },
                {
                    "codigo_aluno": "152(...)53",
                    "nome_aluno": "JOANA CUSTÓDIO MAIA"
                },
                {
                    "codigo_aluno": "151(...)95",
                    "nome_aluno": "JOÃO RICARDO DOMINGUEZ ROBERTO VELHO DE CARVALHO"
                },
                {
                    "codigo_aluno": "304(...)01",
                    "nome_aluno": "LUANA FILIPA GOMES SANTOS"
                },
                {
                    "codigo_aluno": "156(...)28",
                    "nome_aluno": "LUCAS FERREIRA MATOS"
                },
                {
                    "codigo_aluno": "301(...)22",
                    "nome_aluno": "MARIA ANA PINHO RAMALHO"
                },
                {
                    "codigo_aluno": "300(...)82",
                    "nome_aluno": "MARIA CORREIA LOURENÇO"
                },
                {
                    "codigo_aluno": "312(...)91",
                    "nome_aluno": "MARIA INÊS VITORINO GAMEIRA BORGES"
                },
                {
                    "codigo_aluno": "304(...)38",
                    "nome_aluno": "MARIA VELOSO TAVARES"
                },
                {
                    "codigo_aluno": "306(...)46",
                    "nome_aluno": "MARIANA GIL BENTO SALAZAR"
                },
                {
                    "codigo_aluno": "306(...)36",
                    "nome_aluno": "MARIANA PINHEIRO BRAS"
                },
                {
                    "codigo_aluno": "310(...)01",
                    "nome_aluno": "MARTIM ALEXANDRE GOUVEIA DE CARVALHO"
                },
                {
                    "codigo_aluno": "313(...)71",
                    "nome_aluno": "MARTIM FILIPE MARTINS ANACLETO"
                },
                {
                    "codigo_aluno": "306(...)24",
                    "nome_aluno": "RODRIGO RAFAEL MARTINHO VENTURA"
                },
                {
                    "codigo_aluno": "152(...)07",
                    "nome_aluno": "RODRIGO ROCHA CARVALHO"
                },
                {
                    "codigo_aluno": "155(...)71",
                    "nome_aluno": "SOFIA CARREIRO NOTA GARCIA"
                },
                {
                    "codigo_aluno": "312(...)03",
                    "nome_aluno": "TATIANA FILIPA GUEDES MARTINS"
                },
                {
                    "codigo_aluno": "309(...)14",
                    "nome_aluno": "TOMÁS DANIEL FERREIRA RODRIGUES"
                },
                {
                    "codigo_aluno": "151(...)85",
                    "nome_aluno": "TOMAS SANTOS SILVA"
                },
                {
                    "codigo_aluno": "307(...)38",
                    "nome_aluno": "VITÓRIA SANTOS GALVÃO"
                }
            ]
        },
        {
            "codigo_curso": "8339",
            "nome_curso": "8339 - Comunicação Multimédia",
            "colocados": [
                {
                    "codigo_aluno": "308(...)57",
                    "nome_aluno": "ALEXANDRE REIS SILVA"
                },
                {
                    "codigo_aluno": "300(...)44",
                    "nome_aluno": "ANA MARTA CANOSSA COSTA CARVALHO FERREIRA"
                },
                {
                    "codigo_aluno": "301(...)59",
                    "nome_aluno": "BEATRIZ BERNARDO OLIVEIRA"
                },
                {
                    "codigo_aluno": "307(...)46",
                    "nome_aluno": "BRUNA RAQUEL REGO CHAVES"
                },
                {
                    "codigo_aluno": "305(...)70",
                    "nome_aluno": "CATARINA ABREU FERNANDES"
                },
                {
                    "codigo_aluno": "304(...)67",
                    "nome_aluno": "CECILIA FREITAS FERNANDES"
                },
                {
                    "codigo_aluno": "310(...)93",
                    "nome_aluno": "DAVID BRANDÃO TAVARES"
                },
                {
                    "codigo_aluno": "302(...)16",
                    "nome_aluno": "DAVID JORGE BARREIROS DOMINGOS"
                },
                {
                    "codigo_aluno": "309(...)78",
                    "nome_aluno": "DAVIDE ALEXANDRE MARTINS PEREIRA"
                },
                {
                    "codigo_aluno": "159(...)51",
                    "nome_aluno": "DIOGO FILIPE DE JESUS PIRES"
                },
                {
                    "codigo_aluno": "307(...)47",
                    "nome_aluno": "DIOGO FRAGOSO GOMES"
                },
                {
                    "codigo_aluno": "316(...)03",
                    "nome_aluno": "DIOGO MAIO TEIXEIRA"
                },
                {
                    "codigo_aluno": "151(...)97",
                    "nome_aluno": "DIOGO PACHECO QUINTAL DIAS"
                },
                {
                    "codigo_aluno": "315(...)12",
                    "nome_aluno": "DUARTE ISMAEL PINHO DE MAGALHAES"
                },
                {
                    "codigo_aluno": "306(...)24",
                    "nome_aluno": "DUARTE MENDONÇA ESTEVES"
                },
                {
                    "codigo_aluno": "157(...)77",
                    "nome_aluno": "ESTRELA ZHARKYNBEKOVNA YRYSKELDINA"
                },
                {
                    "codigo_aluno": "309(...)53",
                    "nome_aluno": "FÁBIO ANDRÉ PINHEIRO DE SOUSA"
                },
                {
                    "codigo_aluno": "311(...)12",
                    "nome_aluno": "FRANCISCO CARDOSO PEREIRA"
                },
                {
                    "codigo_aluno": "152(...)89",
                    "nome_aluno": "GONÇALO JOÃO DÓRIA FARIA GUIMARÃES"
                },
                {
                    "codigo_aluno": "312(...)92",
                    "nome_aluno": "JOAO ESTEVES MIRA DA SILVA"
                },
                {
                    "codigo_aluno": "159(...)67",
                    "nome_aluno": "JOÃO MIGUEL ROCHA PEREIRA"
                },
                {
                    "codigo_aluno": "240(...)06",
                    "nome_aluno": "JONATHAN BARROS SERTÃO"
                },
                {
                    "codigo_aluno": "309(...)43",
                    "nome_aluno": "MANUEL JORGE DOS SANTOS"
                },
                {
                    "codigo_aluno": "154(...)87",
                    "nome_aluno": "MARIA PEREIRA LIMA"
                },
                {
                    "codigo_aluno": "307(...)04",
                    "nome_aluno": "RAFAEL VELEZ MEDINAS"
                },
                {
                    "codigo_aluno": "308(...)06",
                    "nome_aluno": "RODRIGO RODRIGUES BARROS"
                },
                {
                    "codigo_aluno": "313(...)25",
                    "nome_aluno": "RODRIGO SANTOS CARDOSO EUGÉNIO"
                },
                {
                    "codigo_aluno": "300(...)85",
                    "nome_aluno": "SALVADOR VAZ FERNANDES DE ALMEIDA DOUTEL"
                },
                {
                    "codigo_aluno": "159(...)70",
                    "nome_aluno": "SANDRA SOFIA MARQUES CAMPINO"
                },
                {
                    "codigo_aluno": "308(...)41",
                    "nome_aluno": "SARA MARIA DA SILVA ANJOS"
                },
                {
                    "codigo_aluno": "303(...)71",
                    "nome_aluno": "SARA PINTO VIEIRA"
                },
                {
                    "codigo_aluno": "305(...)08",
                    "nome_aluno": "TIAGO LANÇA PEREIRA"
                },
                {
                    "codigo_aluno": "314(...)80",
                    "nome_aluno": "VERA GOMES GONÇALVES"
                },
                {
                    "codigo_aluno": "153(...)18",
                    "nome_aluno": "VICENTE VENTURINI CARREIRA FERREIRA RAMOS"
                },
                {
                    "codigo_aluno": "145(...)83",
                    "nome_aluno": "YARA SIMONE ALVES NASCIMENTO"
                }
            ]
        },
        {
            "codigo_curso": "9563",
            "nome_curso": "9563 - Desporto",
            "colocados": [
                {
                    "codigo_aluno": "309(...)56",
                    "nome_aluno": "ANDRÉ FILIPE AMARAL RODRIGUES"
                },
                {
                    "codigo_aluno": "306(...)12",
                    "nome_aluno": "ANITA AUGUSTO RIBEIRO"
                },
                {
                    "codigo_aluno": "153(...)77",
                    "nome_aluno": "BERNARDO FILIPE DA SILVA RODRIGUES"
                },
                {
                    "codigo_aluno": "311(...)20",
                    "nome_aluno": "CARLOS JORGE REQUEIJO LOURENÇO"
                },
                {
                    "codigo_aluno": "308(...)86",
                    "nome_aluno": "CLÁUDIA ISABEL CASTRO MARQUES"
                },
                {
                    "codigo_aluno": "309(...)97",
                    "nome_aluno": "CRISTIANO PEREIRA BARATA"
                },
                {
                    "codigo_aluno": "314(...)37",
                    "nome_aluno": "DANIEL FILIPE GONÇALVES ALVES"
                },
                {
                    "codigo_aluno": "240(...)09",
                    "nome_aluno": "DANIELLY COSTA E SILVA"
                },
                {
                    "codigo_aluno": "159(...)19",
                    "nome_aluno": "DIOGO DANIEL MOREIRA RODRIGUES"
                },
                {
                    "codigo_aluno": "151(...)43",
                    "nome_aluno": "DIOGO FERRAO BATISTA"
                },
                {
                    "codigo_aluno": "309(...)85",
                    "nome_aluno": "DUARTE MARTINS FONSECA"
                },
                {
                    "codigo_aluno": "304(...)92",
                    "nome_aluno": "DUARTE MONTEIRO DIAS FERREIRA GONÇALVES"
                },
                {
                    "codigo_aluno": "310(...)10",
                    "nome_aluno": "EMA FILIPA GOMES OLIVEIRA"
                },
                {
                    "codigo_aluno": "152(...)67",
                    "nome_aluno": "FRANCISCO GABRIEL DE OLIVEIRA MENDES"
                },
                {
                    "codigo_aluno": "307(...)11",
                    "nome_aluno": "FRANCISCO SOUSA MARQUES FRANÇA"
                },
                {
                    "codigo_aluno": "316(...)52",
                    "nome_aluno": "GABRIELA RUMOR OLIVEIRA"
                },
                {
                    "codigo_aluno": "153(...)97",
                    "nome_aluno": "GIL RAPOSO MONIZ"
                },
                {
                    "codigo_aluno": "301(...)82",
                    "nome_aluno": "GONÇALO EMANUEL NUNES ALMEIDA"
                },
                {
                    "codigo_aluno": "303(...)89",
                    "nome_aluno": "GONÇALO OLIVEIRA BERNARDES"
                },
                {
                    "codigo_aluno": "307(...)56",
                    "nome_aluno": "GONÇALO PEDRO GOMES FERREIRA"
                },
                {
                    "codigo_aluno": "309(...)18",
                    "nome_aluno": "HUGO MIGUEL COSTA CORREIA"
                },
                {
                    "codigo_aluno": "306(...)71",
                    "nome_aluno": "IARA PÍNCARO FERNANDES"
                },
                {
                    "codigo_aluno": "301(...)44",
                    "nome_aluno": "INÁCIO LEITÃO NORINHA"
                },
                {
                    "codigo_aluno": "300(...)90",
                    "nome_aluno": "INÊS BATISTA COSTA"
                },
                {
                    "codigo_aluno": "308(...)21",
                    "nome_aluno": "INÊS FILIPA MOREIRA DOS SANTOS"
                },
                {
                    "codigo_aluno": "156(...)46",
                    "nome_aluno": "JOÃO FRANCISCO FREITAS LIMA"
                },
                {
                    "codigo_aluno": "304(...)28",
                    "nome_aluno": "JOAO HENRIQUE RAMOS LOPES ANTUNES"
                },
                {
                    "codigo_aluno": "308(...)39",
                    "nome_aluno": "JOÃO LUÍS MARADO TELES MARQUES"
                },
                {
                    "codigo_aluno": "308(...)33",
                    "nome_aluno": "JOÃO MIGUEL FERREIRA AMENDOEIRA"
                },
                {
                    "codigo_aluno": "312(...)68",
                    "nome_aluno": "JOÃO PEDRO SAMPAIO BRANCO"
                },
                {
                    "codigo_aluno": "146(...)16",
                    "nome_aluno": "JOÃO PEDRO TELES D'ALMEIDA RODRIGUES MARQUES"
                },
                {
                    "codigo_aluno": "315(...)05",
                    "nome_aluno": "JORGE MIGUEL DE MAGALHÃES PIPA ARAÚJO"
                },
                {
                    "codigo_aluno": "310(...)21",
                    "nome_aluno": "JOSÉ PEDRO NORONHA COSTA LOBO"
                },
                {
                    "codigo_aluno": "159(...)90",
                    "nome_aluno": "LEVI RIBEIRO ALMEIDA SANTIAGO"
                },
                {
                    "codigo_aluno": "305(...)57",
                    "nome_aluno": "LUIS FILIPE BARBOSA DA SILVA"
                },
                {
                    "codigo_aluno": "304(...)76",
                    "nome_aluno": "LUIS MANUEL FERREIRA ABREU"
                },
                {
                    "codigo_aluno": "306(...)61",
                    "nome_aluno": "MARIA INÊS TACANHO LOPES"
                },
                {
                    "codigo_aluno": "306(...)53",
                    "nome_aluno": "MARTIM SIMAL GAMBOA"
                },
                {
                    "codigo_aluno": "154(...)91",
                    "nome_aluno": "MIGUEL CARVALHO FALACHO"
                },
                {
                    "codigo_aluno": "305(...)29",
                    "nome_aluno": "RICARDO MIGUEL CARDOSO MARCELO"
                },
                {
                    "codigo_aluno": "303(...)68",
                    "nome_aluno": "RODRIGO EMANUEL PEREIRA MONTEIRO"
                },
                {
                    "codigo_aluno": "306(...)37",
                    "nome_aluno": "ROMEU MARQUES DE PINHO"
                },
                {
                    "codigo_aluno": "159(...)92",
                    "nome_aluno": "RÚBEN HENRIQUE GUEDES GONÇALVES"
                },
                {
                    "codigo_aluno": "300(...)09",
                    "nome_aluno": "SOFIA SILVA ANDRADE"
                },
                {
                    "codigo_aluno": "307(...)20",
                    "nome_aluno": "SURI DA SILVA FERREIRA MORA LANCHA"
                },
                {
                    "codigo_aluno": "307(...)52",
                    "nome_aluno": "TIAGO FILIPE DA FONSECA ALMEIDA"
                },
                {
                    "codigo_aluno": "149(...)01",
                    "nome_aluno": "TIAGO GOMES AMARANTE"
                },
                {
                    "codigo_aluno": "300(...)62",
                    "nome_aluno": "TIAGO MANUEL TEIXEIRA CORREIA"
                },
                {
                    "codigo_aluno": "151(...)43",
                    "nome_aluno": "TIAGO MANUEL TEIXEIRA DE CARVALHO"
                },
                {
                    "codigo_aluno": "314(...)41",
                    "nome_aluno": "TOMÁS CUNHA VIDAL"
                },
                {
                    "codigo_aluno": "305(...)29",
                    "nome_aluno": "VASCO LUÍS DE MELO CORREIA"
                }
            ]
        },
        {
            "codigo_curso": "L034",
            "nome_curso": "L034 - Desporto, Condição Física e Saúde",
            "colocados": [
                {
                    "codigo_aluno": "306(...)49",
                    "nome_aluno": "ANA MARGARIDA GOMES DOS SANTOS"
                },
                {
                    "codigo_aluno": "301(...)44",
                    "nome_aluno": "BEATRIZ ALMEIDA FERNANDES"
                },
                {
                    "codigo_aluno": "315(...)12",
                    "nome_aluno": "BERNARDO JESUS ALMEIDA SERRAGUÇA OLIVEIRA"
                },
                {
                    "codigo_aluno": "309(...)85",
                    "nome_aluno": "DANIELA CRISTINA MOTA PEREIRA"
                },
                {
                    "codigo_aluno": "306(...)49",
                    "nome_aluno": "DAVID ALMEIDA GUEDES"
                },
                {
                    "codigo_aluno": "312(...)50",
                    "nome_aluno": "DIOGO INFANTE SANTOS"
                },
                {
                    "codigo_aluno": "154(...)04",
                    "nome_aluno": "DUARTE CRAVO MARTINS SIMÕES"
                },
                {
                    "codigo_aluno": "152(...)05",
                    "nome_aluno": "FRANCISCO JOSÉ FERREIRA ESTIMA"
                },
                {
                    "codigo_aluno": "303(...)13",
                    "nome_aluno": "FRANCISCO JOSÉ VENTURA DOS ANJOS"
                },
                {
                    "codigo_aluno": "314(...)93",
                    "nome_aluno": "GABRIEL FILIPE NUNES PIRES"
                },
                {
                    "codigo_aluno": "300(...)37",
                    "nome_aluno": "GONÇALO GOMES PINTO"
                },
                {
                    "codigo_aluno": "307(...)17",
                    "nome_aluno": "IARA ALVES DIAS"
                },
                {
                    "codigo_aluno": "240(...)47",
                    "nome_aluno": "JOHN VICTOR LIMA PEREIRA"
                },
                {
                    "codigo_aluno": "311(...)29",
                    "nome_aluno": "JOSÉ HENRIQUE MARQUES SOARES"
                },
                {
                    "codigo_aluno": "309(...)70",
                    "nome_aluno": "LARA ALEXANDRA DOS SANTOS PIMENTA"
                },
                {
                    "codigo_aluno": "306(...)57",
                    "nome_aluno": "LUIS DIAS DO MONTE"
                },
                {
                    "codigo_aluno": "316(...)04",
                    "nome_aluno": "MARIA FRANCISCA ADRIANO MENDES"
                },
                {
                    "codigo_aluno": "306(...)29",
                    "nome_aluno": "MARIA INÊS ALMEIDA COSTA DIAS"
                },
                {
                    "codigo_aluno": "158(...)80",
                    "nome_aluno": "MARIA INÊS DUARTE DE CAMPOS"
                },
                {
                    "codigo_aluno": "155(...)31",
                    "nome_aluno": "RAFAELA ROCHA SOARES"
                },
                {
                    "codigo_aluno": "300(...)92",
                    "nome_aluno": "RODRIGO FILIPE CUNHA DA SILVA"
                },
                {
                    "codigo_aluno": "314(...)37",
                    "nome_aluno": "RODRIGO RODRIGUES TAVARES"
                },
                {
                    "codigo_aluno": "300(...)48",
                    "nome_aluno": "RÚBEN ANDRÉ RODRIGUES CASTRO"
                },
                {
                    "codigo_aluno": "307(...)23",
                    "nome_aluno": "SIMÃO PEDRO LIMA BARCELOS"
                },
                {
                    "codigo_aluno": "152(...)07",
                    "nome_aluno": "SOFIA ISABEL BATISTA COELHO"
                },
                {
                    "codigo_aluno": "304(...)20",
                    "nome_aluno": "TIAGO FILIPE HENRIQUES GIL"
                },
                {
                    "codigo_aluno": "158(...)40",
                    "nome_aluno": "TOMÁS SANTOS RIBEIRO"
                },
                {
                    "codigo_aluno": "323(...)98",
                    "nome_aluno": "VITOR CASAL COELHO"
                }
            ]
        },
        {
            "codigo_curso": "9853",
            "nome_curso": "9853 - Educação Básica",
            "colocados": [
                {
                    "codigo_aluno": "310(...)59",
                    "nome_aluno": "ANA CATARINA ALMEIDA FERNANDES"
                },
                {
                    "codigo_aluno": "317(...)05",
                    "nome_aluno": "ANA MARGARIDA PARAÍSO PEREIRA"
                },
                {
                    "codigo_aluno": "303(...)02",
                    "nome_aluno": "ANA RITA COSTA ROBALO"
                },
                {
                    "codigo_aluno": "310(...)94",
                    "nome_aluno": "ANA RITA FERREIRA TONDELA"
                },
                {
                    "codigo_aluno": "153(...)38",
                    "nome_aluno": "ANA RITA MARQUES LOPES"
                },
                {
                    "codigo_aluno": "318(...)21",
                    "nome_aluno": "ANDREIA DE SOUSA MALHEIROS"
                },
                {
                    "codigo_aluno": "151(...)54",
                    "nome_aluno": "BARBARA CONCEICAO GOMES ALMEIDA"
                },
                {
                    "codigo_aluno": "306(...)98",
                    "nome_aluno": "BEATRIZ PINTO SILVA"
                },
                {
                    "codigo_aluno": "309(...)39",
                    "nome_aluno": "BEATRIZ SOEIRO GONÇALVES"
                },
                {
                    "codigo_aluno": "153(...)04",
                    "nome_aluno": "BIA PIRES MARQUES"
                },
                {
                    "codigo_aluno": "306(...)58",
                    "nome_aluno": "CAROLINA DA SILVA CONCEIÇÃO"
                },
                {
                    "codigo_aluno": "312(...)80",
                    "nome_aluno": "DANIELA PINHANÇOS DE ALMEIDA"
                },
                {
                    "codigo_aluno": "315(...)27",
                    "nome_aluno": "DIANA MARTINS NOBRE"
                },
                {
                    "codigo_aluno": "152(...)71",
                    "nome_aluno": "EMMA NOGUEIRA BOIA"
                },
                {
                    "codigo_aluno": "305(...)60",
                    "nome_aluno": "ÉRICA SOFIA BRÁS CUNHA"
                },
                {
                    "codigo_aluno": "318(...)03",
                    "nome_aluno": "EVA NUNES HENRIQUES GOMES"
                },
                {
                    "codigo_aluno": "155(...)47",
                    "nome_aluno": "FRANCISCA FONSECA AZEVEDO"
                },
                {
                    "codigo_aluno": "310(...)59",
                    "nome_aluno": "FRANCISCA LUÍS JESUS CAPELA"
                },
                {
                    "codigo_aluno": "152(...)57",
                    "nome_aluno": "INÊS ALVES PRAZERES"
                },
                {
                    "codigo_aluno": "306(...)94",
                    "nome_aluno": "INÊS PISSARRA RODRIGUES"
                },
                {
                    "codigo_aluno": "305(...)18",
                    "nome_aluno": "INÊS SANTOS XAVIER"
                },
                {
                    "codigo_aluno": "314(...)07",
                    "nome_aluno": "ISABELA TEIXEIRA MOREIRA"
                },
                {
                    "codigo_aluno": "300(...)62",
                    "nome_aluno": "JOANA FILIPA ALVES CHAVES"
                },
                {
                    "codigo_aluno": "152(...)04",
                    "nome_aluno": "JOANA SILVA COIMBRA"
                },
                {
                    "codigo_aluno": "306(...)92",
                    "nome_aluno": "LEONOR MADALENO ROCHA"
                },
                {
                    "codigo_aluno": "300(...)60",
                    "nome_aluno": "LETICIA AGUIAR OLIVEIRA"
                },
                {
                    "codigo_aluno": "313(...)47",
                    "nome_aluno": "MARIA LEONOR MAGINA FERREIRA"
                },
                {
                    "codigo_aluno": "300(...)06",
                    "nome_aluno": "MARIANA FERNANDES ASCENSÃO"
                },
                {
                    "codigo_aluno": "314(...)64",
                    "nome_aluno": "MARIANA SIMÕES RODRIGUES AZENHA"
                },
                {
                    "codigo_aluno": "303(...)60",
                    "nome_aluno": "MARTA FRANCISCO DOS REIS"
                },
                {
                    "codigo_aluno": "309(...)96",
                    "nome_aluno": "MARTA SILVA PINTO"
                },
                {
                    "codigo_aluno": "300(...)19",
                    "nome_aluno": "MATILDE ALVES DE PINHO"
                },
                {
                    "codigo_aluno": "313(...)47",
                    "nome_aluno": "SARA RAFAELA PAIVA TERRA"
                },
                {
                    "codigo_aluno": "306(...)12",
                    "nome_aluno": "SARA RAQUEL MARQUES FERREIRA"
                },
                {
                    "codigo_aluno": "302(...)45",
                    "nome_aluno": "SIMÃO LUIS PEREIRA DE SOUSA"
                }
            ]
        },
        {
            "codigo_curso": "9473",
            "nome_curso": "9473 - Educação Social Gerontológica",
            "colocados": [
                {
                    "codigo_aluno": "305(...)60",
                    "nome_aluno": "BEATRIZ ISABEL PENARROIAS"
                },
                {
                    "codigo_aluno": "156(...)35",
                    "nome_aluno": "INES TAVARES BARBOSA SARABANDO CORDEIRO"
                },
                {
                    "codigo_aluno": "314(...)80",
                    "nome_aluno": "LEONOR VIEIRA DA SILVA"
                }
            ]
        }
    ]
}