{
    "codigo_universidade": "3014",
    "nome_universidade": "3014 - Universidade de Aveiro - Escola Superior de Design, Gestão e Tecnologia da Produção de Aveiro-Norte",
    "cursos": [
        {
            "codigo_curso": "L299",
            "nome_curso": "L299 - Automação e Sistemas de Produção",
            "colocados": [
                {
                    "codigo_aluno": "153(...)11",
                    "nome_aluno": "AFONSO PEREIRA GIL"
                },
                {
                    "codigo_aluno": "157(...)60",
                    "nome_aluno": "ANDRÉ PIMENTEL DE CASTRO"
                },
                {
                    "codigo_aluno": "157(...)23",
                    "nome_aluno": "GONÇALO DA SILVA GOMES"
                },
                {
                    "codigo_aluno": "306(...)42",
                    "nome_aluno": "GONÇALO LUÍS OLIVEIRA DOS SANTOS"
                },
                {
                    "codigo_aluno": "307(...)08",
                    "nome_aluno": "GUILHERME BELINHA SOUSA"
                },
                {
                    "codigo_aluno": "154(...)37",
                    "nome_aluno": "GUILHERME MARTINS"
                },
                {
                    "codigo_aluno": "312(...)49",
                    "nome_aluno": "IGOR GABRIEL ALMEIDA DE SOUSA"
                },
                {
                    "codigo_aluno": "314(...)66",
                    "nome_aluno": "INÊS FERREIRA VEIGA"
                },
                {
                    "codigo_aluno": "305(...)14",
                    "nome_aluno": "JOEL FRANCISCO FERREIRA ROSA"
                },
                {
                    "codigo_aluno": "151(...)36",
                    "nome_aluno": "JOSÉ GABRIEL MELO CLEMENTE"
                },
                {
                    "codigo_aluno": "307(...)05",
                    "nome_aluno": "LEONARDO MARCO ROCHA FERREIRA DA SILVA"
                },
                {
                    "codigo_aluno": "309(...)32",
                    "nome_aluno": "LEONEL ANTÓNIO RIBEIRO MARQUES"
                },
                {
                    "codigo_aluno": "300(...)08",
                    "nome_aluno": "LEONOR LAVADO FERREIRA"
                },
                {
                    "codigo_aluno": "302(...)67",
                    "nome_aluno": "LUCAS CAETANO DA SILVA"
                },
                {
                    "codigo_aluno": "159(...)62",
                    "nome_aluno": "MIGUEL DUARTE DE OLIVEIRA CARVALHO"
                },
                {
                    "codigo_aluno": "158(...)94",
                    "nome_aluno": "OSCAR MIGUEL PEREIRA DE ALMEIDA"
                },
                {
                    "codigo_aluno": "309(...)86",
                    "nome_aluno": "PAULO FRANCISCO COVAS SANTOS"
                },
                {
                    "codigo_aluno": "311(...)48",
                    "nome_aluno": "PEDRO MIGUEL ANDRADE LAÍNS"
                },
                {
                    "codigo_aluno": "153(...)48",
                    "nome_aluno": "RAFAEL OLIVEIRA RODRIGUES"
                },
                {
                    "codigo_aluno": "310(...)52",
                    "nome_aluno": "SALVADOR AFONSO CORDEIRO"
                },
                {
                    "codigo_aluno": "313(...)62",
                    "nome_aluno": "SAMUEL JOÃO NOGUEIRA MARTINS"
                },
                {
                    "codigo_aluno": "314(...)08",
                    "nome_aluno": "TIAGO HENRIQUE RODRIGUES DA SILVA"
                }
            ]
        },
        {
            "codigo_curso": "L138",
            "nome_curso": "L138 - Design de Produto e Tecnologia",
            "colocados": [
                {
                    "codigo_aluno": "154(...)53",
                    "nome_aluno": "ANA CAROLINA CUNHA MACHADO FREIRE"
                },
                {
                    "codigo_aluno": "240(...)25",
                    "nome_aluno": "ANA JÚLIA DA CRUZ LEÃO"
                },
                {
                    "codigo_aluno": "310(...)84",
                    "nome_aluno": "ANA LUZ VEIGA ALVES MENDES"
                },
                {
                    "codigo_aluno": "305(...)39",
                    "nome_aluno": "BEATRIZ ISABELA GUEDES PASSOS"
                },
                {
                    "codigo_aluno": "309(...)74",
                    "nome_aluno": "CAROLINA MARIA FRANCO ANTUNES"
                },
                {
                    "codigo_aluno": "303(...)18",
                    "nome_aluno": "CAROLINA SANTOS OLIVEIRA"
                },
                {
                    "codigo_aluno": "309(...)60",
                    "nome_aluno": "CLARA SANTOS PEREIRA"
                },
                {
                    "codigo_aluno": "306(...)25",
                    "nome_aluno": "CLARA SILVA PEREIRA DE SÁ E SOUSA"
                },
                {
                    "codigo_aluno": "304(...)94",
                    "nome_aluno": "DANIELA MARQUES SILVEIRA"
                },
                {
                    "codigo_aluno": "305(...)17",
                    "nome_aluno": "DIANA ALEXANDRA DA CONCEIÇÃO SILVA"
                },
                {
                    "codigo_aluno": "311(...)32",
                    "nome_aluno": "DIOGO AUGUSTO NOGUEIRA PACHECO"
                },
                {
                    "codigo_aluno": "309(...)24",
                    "nome_aluno": "DIOGO BERNARDO DE ALMEIDA"
                },
                {
                    "codigo_aluno": "314(...)29",
                    "nome_aluno": "EDUARDO FERREIRA VIEIRA"
                },
                {
                    "codigo_aluno": "316(...)76",
                    "nome_aluno": "EUCLIDES CRISTIANO GOMES SILVA"
                },
                {
                    "codigo_aluno": "307(...)10",
                    "nome_aluno": "GABRIELA DE NOGUEIRA ROCHA"
                },
                {
                    "codigo_aluno": "309(...)75",
                    "nome_aluno": "GONÇALO COELHO DA SILVA"
                },
                {
                    "codigo_aluno": "304(...)46",
                    "nome_aluno": "GONÇALO DOS RAMOS PAIS HENRIQUES VITORINO"
                },
                {
                    "codigo_aluno": "152(...)51",
                    "nome_aluno": "JÚLIA ALMEIDA SILVEIRA"
                },
                {
                    "codigo_aluno": "303(...)68",
                    "nome_aluno": "JULIANA LOMBA GALÍCIO"
                },
                {
                    "codigo_aluno": "315(...)25",
                    "nome_aluno": "LARA FILIPA FERREIRA RIBEIRO"
                },
                {
                    "codigo_aluno": "308(...)69",
                    "nome_aluno": "LEONOR MARIA NAZARETH ALMEIDA"
                },
                {
                    "codigo_aluno": "304(...)96",
                    "nome_aluno": "LEONOR SANTOS SILVA"
                },
                {
                    "codigo_aluno": "315(...)49",
                    "nome_aluno": "MAFALDA ISOLINA LOPES VIEIRA"
                },
                {
                    "codigo_aluno": "159(...)99",
                    "nome_aluno": "MARIA DA SILVA GONÇALO"
                },
                {
                    "codigo_aluno": "303(...)16",
                    "nome_aluno": "MARIANA DA ROCHA MARTINS E FERREIRA"
                },
                {
                    "codigo_aluno": "153(...)92",
                    "nome_aluno": "MARIANA MARQUES NOGUEIRA"
                },
                {
                    "codigo_aluno": "153(...)82",
                    "nome_aluno": "MARIANA OLIVEIRA ROCHA"
                },
                {
                    "codigo_aluno": "304(...)43",
                    "nome_aluno": "MARIANA SANTOS MOREIRA"
                },
                {
                    "codigo_aluno": "152(...)06",
                    "nome_aluno": "OCÉANE CARREIRA"
                },
                {
                    "codigo_aluno": "156(...)24",
                    "nome_aluno": "PEDRO CARVALHO DE MATOS ALVES"
                },
                {
                    "codigo_aluno": "304(...)07",
                    "nome_aluno": "RAQUEL MARTINS AGUIAR"
                },
                {
                    "codigo_aluno": "313(...)83",
                    "nome_aluno": "RICARDO FILIPE GOMES ALMEIDA"
                },
                {
                    "codigo_aluno": "156(...)54",
                    "nome_aluno": "RITA GANILHO DOS SANTOS MARQUES"
                },
                {
                    "codigo_aluno": "308(...)14",
                    "nome_aluno": "SOFIA BARBOSA DOS SANTOS"
                },
                {
                    "codigo_aluno": "303(...)68",
                    "nome_aluno": "TIAGO MIRANDA RIBEIRO"
                },
                {
                    "codigo_aluno": "309(...)77",
                    "nome_aluno": "TIAGO SANTOS GONÇALVES"
                },
                {
                    "codigo_aluno": "153(...)49",
                    "nome_aluno": "VITÓRIA BEATRIZ SUTJEVAITE COSTA"
                },
                {
                    "codigo_aluno": "302(...)17",
                    "nome_aluno": "VIVIANA DOS SANTOS ANTÓNIO"
                }
            ]
        }
    ]
}