{
    "codigo_universidade": "3022",
    "nome_universidade": "3022 - Instituto Politécnico de Beja - Escola Superior de Educação",
    "cursos": [
        {
            "codigo_curso": "9010",
            "nome_curso": "9010 - Audiovisual e Multimédia",
            "colocados": [
                {
                    "codigo_aluno": "302(...)77",
                    "nome_aluno": "AFONSO MIGUEL PIRES"
                },
                {
                    "codigo_aluno": "240(...)12",
                    "nome_aluno": "ANA BEATRIZ PALMA SALES"
                },
                {
                    "codigo_aluno": "304(...)09",
                    "nome_aluno": "ANDRÉ FILIPE PIMENTA GONÇALO"
                },
                {
                    "codigo_aluno": "306(...)87",
                    "nome_aluno": "CARLA ALEXANDRA CAMPANIÇO BATISTA"
                },
                {
                    "codigo_aluno": "158(...)44",
                    "nome_aluno": "CLÁUDIA SOFIA ROSA VIZEU"
                },
                {
                    "codigo_aluno": "307(...)26",
                    "nome_aluno": "DANIEL FILIPE MARTINHO FERNANDES"
                },
                {
                    "codigo_aluno": "306(...)21",
                    "nome_aluno": "DANIELA FILIPA PERDIGÃO SANTOS"
                },
                {
                    "codigo_aluno": "306(...)57",
                    "nome_aluno": "DIOGO DINIS LINHARES COUTINHO"
                },
                {
                    "codigo_aluno": "150(...)29",
                    "nome_aluno": "FILIPA CARQUEIJA FIRMO"
                },
                {
                    "codigo_aluno": "301(...)95",
                    "nome_aluno": "GONÇALO ANDRÉ AGULHAS JERÓNIMO"
                },
                {
                    "codigo_aluno": "152(...)02",
                    "nome_aluno": "HELENA BEATRIZ ALVES MACHADO"
                },
                {
                    "codigo_aluno": "303(...)93",
                    "nome_aluno": "INÊS FILIPA NOGUEIRA FERREIRA"
                },
                {
                    "codigo_aluno": "301(...)81",
                    "nome_aluno": "INES VALENTE CATARINO"
                },
                {
                    "codigo_aluno": "302(...)29",
                    "nome_aluno": "IVAN CAPELO ANTÓNIO"
                },
                {
                    "codigo_aluno": "304(...)14",
                    "nome_aluno": "JOÃO FRANCISCO PALHINHA GUERREIRO CORDEIRO"
                },
                {
                    "codigo_aluno": "308(...)26",
                    "nome_aluno": "JOÃO GAGO DA CÂMARA SARMENTO"
                },
                {
                    "codigo_aluno": "156(...)37",
                    "nome_aluno": "JÚLIA KONOVCHUK"
                },
                {
                    "codigo_aluno": "308(...)32",
                    "nome_aluno": "LEONOR ISABEL LOPES DA SILVA"
                },
                {
                    "codigo_aluno": "310(...)70",
                    "nome_aluno": "MAFALDA DIAS E MONTEIRO"
                },
                {
                    "codigo_aluno": "154(...)46",
                    "nome_aluno": "MARGARIDA MACHADO CORREIA"
                },
                {
                    "codigo_aluno": "306(...)47",
                    "nome_aluno": "MARIA DE FERREIRA E MUNHÃO FEITINHA"
                },
                {
                    "codigo_aluno": "304(...)38",
                    "nome_aluno": "MARTIM VICENTE LEAL"
                },
                {
                    "codigo_aluno": "146(...)10",
                    "nome_aluno": "MIGUEL ADOLFO FILIPE VAGOS"
                },
                {
                    "codigo_aluno": "159(...)01",
                    "nome_aluno": "MIGUEL ALEXANDRE GONÇALVES VALENTE"
                },
                {
                    "codigo_aluno": "304(...)22",
                    "nome_aluno": "MIGUEL DOS SANTOS CARVALHINHO"
                },
                {
                    "codigo_aluno": "306(...)70",
                    "nome_aluno": "RICARDO JOSÉ SANTOS CABAÇO"
                },
                {
                    "codigo_aluno": "152(...)28",
                    "nome_aluno": "ROSA PATRÍCIA DE JESUS MONTEIRO"
                },
                {
                    "codigo_aluno": "309(...)96",
                    "nome_aluno": "RUI PEDRO GOMES CONDELIPES"
                },
                {
                    "codigo_aluno": "153(...)35",
                    "nome_aluno": "SIMÃO PEDRO DAVID BARROSO"
                },
                {
                    "codigo_aluno": "301(...)92",
                    "nome_aluno": "TIAGO MIGUEL SANTOS PORFIRIO"
                },
                {
                    "codigo_aluno": "150(...)08",
                    "nome_aluno": "TIAGO RAMALHO PAREDES"
                },
                {
                    "codigo_aluno": "304(...)74",
                    "nome_aluno": "TOMÁS JOSÉ GODINHO NUNES"
                }
            ]
        },
        {
            "codigo_curso": "9563",
            "nome_curso": "9563 - Desporto",
            "colocados": [
                {
                    "codigo_aluno": "149(...)41",
                    "nome_aluno": "AFONSO ALVES GOMES OFITERU"
                },
                {
                    "codigo_aluno": "314(...)76",
                    "nome_aluno": "AFONSO COSTA CALADO MARTEL CUCO"
                },
                {
                    "codigo_aluno": "304(...)76",
                    "nome_aluno": "AFONSO VALENTE MADEIRA RODRIGUES"
                },
                {
                    "codigo_aluno": "315(...)34",
                    "nome_aluno": "BRUNO MIGUEL GUIMARÃES PEREIRA"
                },
                {
                    "codigo_aluno": "306(...)49",
                    "nome_aluno": "CARLOS JORGE CORREIA MILHINHOS"
                },
                {
                    "codigo_aluno": "305(...)26",
                    "nome_aluno": "DAVID SERAFIM DE JESUS"
                },
                {
                    "codigo_aluno": "155(...)94",
                    "nome_aluno": "DIANA FILIPE REIS"
                },
                {
                    "codigo_aluno": "155(...)85",
                    "nome_aluno": "DIOGO MIGUEL BRAZ SOUSA"
                },
                {
                    "codigo_aluno": "309(...)95",
                    "nome_aluno": "DIOGO MIGUEL MORAIS MARTINS"
                },
                {
                    "codigo_aluno": "305(...)94",
                    "nome_aluno": "DIOGO SOUSA AZEVEDO"
                },
                {
                    "codigo_aluno": "157(...)34",
                    "nome_aluno": "GABRIEL FERREIRA ROSA"
                },
                {
                    "codigo_aluno": "159(...)07",
                    "nome_aluno": "GABRIEL SERRÃO CONDINHO DE JESUS"
                },
                {
                    "codigo_aluno": "303(...)56",
                    "nome_aluno": "GONÇALO REVEZ SIMÃO"
                },
                {
                    "codigo_aluno": "159(...)37",
                    "nome_aluno": "GONÇALO RODRIGUES FIGUEIRA"
                },
                {
                    "codigo_aluno": "156(...)75",
                    "nome_aluno": "JOÃO ANTÓNIO GRILO CARRILHO"
                },
                {
                    "codigo_aluno": "155(...)53",
                    "nome_aluno": "JOÃO PEDRO SANTOS BALTAZAR"
                },
                {
                    "codigo_aluno": "308(...)13",
                    "nome_aluno": "JOÃO PEDRO VELHINHO CHARRAZ"
                },
                {
                    "codigo_aluno": "307(...)92",
                    "nome_aluno": "LEONARDO SANTOS LUÍS"
                },
                {
                    "codigo_aluno": "150(...)70",
                    "nome_aluno": "LETÍCIA MARCELINA DELGADO CORREIA GONÇALVES"
                },
                {
                    "codigo_aluno": "314(...)50",
                    "nome_aluno": "LILIANA ISABEL MARTINS RAMOS"
                },
                {
                    "codigo_aluno": "304(...)27",
                    "nome_aluno": "LUCAS FILIPE LOPES DOS SANTOS"
                },
                {
                    "codigo_aluno": "319(...)32",
                    "nome_aluno": "MANUEL RAÇÕES VILLALTA"
                },
                {
                    "codigo_aluno": "152(...)18",
                    "nome_aluno": "MARIA INÊS ESTRELA SILVESTRE"
                },
                {
                    "codigo_aluno": "311(...)02",
                    "nome_aluno": "MARTIM RODRIGUES GUERREIRO"
                },
                {
                    "codigo_aluno": "157(...)91",
                    "nome_aluno": "MARTIM VICENTE COXOLA CAEIRO"
                },
                {
                    "codigo_aluno": "150(...)84",
                    "nome_aluno": "RAFAEL FIGUEIRA DA SILVA"
                },
                {
                    "codigo_aluno": "302(...)39",
                    "nome_aluno": "RICARDO SANTOS ESTÊVÃO"
                },
                {
                    "codigo_aluno": "302(...)73",
                    "nome_aluno": "RITA ISABEL GUERREIRO COSTA"
                },
                {
                    "codigo_aluno": "301(...)01",
                    "nome_aluno": "RODRIGO ROSA TEIXEIRA"
                },
                {
                    "codigo_aluno": "150(...)41",
                    "nome_aluno": "SANTIAGO PAIXÃO CABRAL DE MELO"
                },
                {
                    "codigo_aluno": "307(...)08",
                    "nome_aluno": "TIAGO BATISTA LEOCÁDIO"
                },
                {
                    "codigo_aluno": "309(...)42",
                    "nome_aluno": "TOMÀS ROSADO FRADINHO"
                },
                {
                    "codigo_aluno": "304(...)95",
                    "nome_aluno": "VASCO MADEIRA DA SILVA"
                }
            ]
        },
        {
            "codigo_curso": "9853",
            "nome_curso": "9853 - Educação Básica",
            "colocados": [
                {
                    "codigo_aluno": "301(...)56",
                    "nome_aluno": "BEATRIZ PEIXOTO MONIZ DA SILVA"
                },
                {
                    "codigo_aluno": "308(...)65",
                    "nome_aluno": "BRUNA ALEXANDRA MARQUES CERQUEIRA"
                },
                {
                    "codigo_aluno": "150(...)44",
                    "nome_aluno": "CAROLINA ALFARES LAMPREIA"
                },
                {
                    "codigo_aluno": "313(...)27",
                    "nome_aluno": "CAROLINA BICHO MELO"
                },
                {
                    "codigo_aluno": "157(...)01",
                    "nome_aluno": "CAROLINA CAETANO TEIXEIRA PEREIRA DOMINGOS"
                },
                {
                    "codigo_aluno": "147(...)92",
                    "nome_aluno": "CAROLINA ISABEL FIGUEIRA GOUVEIA"
                },
                {
                    "codigo_aluno": "300(...)32",
                    "nome_aluno": "CAROLINA PALMA MOREIRA"
                },
                {
                    "codigo_aluno": "305(...)52",
                    "nome_aluno": "CATARINA NUNES SUSANA"
                },
                {
                    "codigo_aluno": "153(...)76",
                    "nome_aluno": "DANIELA MARIA NUNES CALADO"
                },
                {
                    "codigo_aluno": "308(...)36",
                    "nome_aluno": "DÉBORA ALEXANDRA DA SILVA CORREIA"
                },
                {
                    "codigo_aluno": "312(...)66",
                    "nome_aluno": "DIANA SOFIA PATARRA ARRAIOLOS"
                },
                {
                    "codigo_aluno": "308(...)66",
                    "nome_aluno": "DUARTE FILIPE NETO KETTENBAUM"
                },
                {
                    "codigo_aluno": "307(...)78",
                    "nome_aluno": "GABRIELA DA LUZ ALMAS"
                },
                {
                    "codigo_aluno": "155(...)19",
                    "nome_aluno": "INÊS BRAZÃO DIONÍSIO"
                },
                {
                    "codigo_aluno": "305(...)91",
                    "nome_aluno": "ISA BENTO MARTINS"
                },
                {
                    "codigo_aluno": "301(...)87",
                    "nome_aluno": "JOANA SOFIA MARTINS PEREIRA"
                },
                {
                    "codigo_aluno": "307(...)57",
                    "nome_aluno": "LAURA ALEXANDRA JANOTA LIVRAMENTO"
                },
                {
                    "codigo_aluno": "306(...)71",
                    "nome_aluno": "LEONOR DUARTE LUZ"
                },
                {
                    "codigo_aluno": "310(...)51",
                    "nome_aluno": "LUANA FILIPA FIALHO PIRES"
                },
                {
                    "codigo_aluno": "149(...)53",
                    "nome_aluno": "MARGARIDA HORTA BRAZ"
                },
                {
                    "codigo_aluno": "306(...)62",
                    "nome_aluno": "MARGARIDA RAMOS MONTEIRO"
                },
                {
                    "codigo_aluno": "149(...)60",
                    "nome_aluno": "MARIA INÊS DA SILVA GONÇALVES GUERREIRO GODINHO"
                },
                {
                    "codigo_aluno": "303(...)80",
                    "nome_aluno": "MARIANA FILIPA CANDEIAS SOUSA"
                },
                {
                    "codigo_aluno": "307(...)74",
                    "nome_aluno": "MARIANA VAZ GUERREIRO RODRIGUES TEIXEIRA"
                },
                {
                    "codigo_aluno": "310(...)38",
                    "nome_aluno": "MATILDE ALEXANDRE PEDRO JORGE"
                },
                {
                    "codigo_aluno": "308(...)01",
                    "nome_aluno": "MIGUEL SOUSA SEGURA DE JESUS"
                },
                {
                    "codigo_aluno": "148(...)21",
                    "nome_aluno": "MURIEL DOS SANTOS AREZ RAMOS"
                },
                {
                    "codigo_aluno": "304(...)44",
                    "nome_aluno": "NATACHA MICAELA ROCHA SILVA"
                },
                {
                    "codigo_aluno": "306(...)93",
                    "nome_aluno": "NICOLE MALVAS ROMANO"
                },
                {
                    "codigo_aluno": "306(...)44",
                    "nome_aluno": "NÚRIA FILIPA RAPOSO JOSÉ"
                },
                {
                    "codigo_aluno": "308(...)02",
                    "nome_aluno": "RAQUEL GUERREIRO CABRITA"
                },
                {
                    "codigo_aluno": "306(...)92",
                    "nome_aluno": "RITA DE MATOS NUNES"
                }
            ]
        },
        {
            "codigo_curso": "9238",
            "nome_curso": "9238 - Serviço Social",
            "colocados": [
                {
                    "codigo_aluno": "159(...)42",
                    "nome_aluno": "AFONSO INÁCIO LOPES"
                },
                {
                    "codigo_aluno": "305(...)53",
                    "nome_aluno": "ALEXANDRA DA SILVA LÁZARO"
                },
                {
                    "codigo_aluno": "300(...)64",
                    "nome_aluno": "ALEXANDRA FILIPA DA SILVA LIBERATO"
                },
                {
                    "codigo_aluno": "309(...)73",
                    "nome_aluno": "ANA BENTO AMARANTE"
                },
                {
                    "codigo_aluno": "152(...)30",
                    "nome_aluno": "ANA CAROLINA GUERREIRO AMARO"
                },
                {
                    "codigo_aluno": "148(...)49",
                    "nome_aluno": "ANA CAROLINA MARTINS SIMOES"
                },
                {
                    "codigo_aluno": "301(...)80",
                    "nome_aluno": "ANA LUISA COSTA RODRIGUES"
                },
                {
                    "codigo_aluno": "308(...)19",
                    "nome_aluno": "ANA RITA DOS SANTOS SOARES"
                },
                {
                    "codigo_aluno": "306(...)52",
                    "nome_aluno": "ANA RITA MESTRE NETO"
                },
                {
                    "codigo_aluno": "313(...)51",
                    "nome_aluno": "BEATRIZ ALEXANDRA DELGADO MARTINS"
                },
                {
                    "codigo_aluno": "309(...)21",
                    "nome_aluno": "BEATRIZ DOMINGOS VIEIRA"
                },
                {
                    "codigo_aluno": "301(...)44",
                    "nome_aluno": "BEATRIZ ISABEL LINDEZA MATOS"
                },
                {
                    "codigo_aluno": "307(...)40",
                    "nome_aluno": "BEATRIZ OLIVEIRA VALADAS ROSA"
                },
                {
                    "codigo_aluno": "300(...)39",
                    "nome_aluno": "CATARINA ALEXANDRA SALVADOR GONCALVES"
                },
                {
                    "codigo_aluno": "305(...)48",
                    "nome_aluno": "CATARINA ESTEVES BAGÃO"
                },
                {
                    "codigo_aluno": "156(...)41",
                    "nome_aluno": "CATARINA MARIA FERNANDES RODRIGUES"
                },
                {
                    "codigo_aluno": "306(...)39",
                    "nome_aluno": "CLÁUDIA DE JESUS QUARESMA LUZ"
                },
                {
                    "codigo_aluno": "150(...)62",
                    "nome_aluno": "DIANA DIAS FRUTUOSO"
                },
                {
                    "codigo_aluno": "303(...)00",
                    "nome_aluno": "DIOGO PRAZERES AGULHAS"
                },
                {
                    "codigo_aluno": "303(...)49",
                    "nome_aluno": "EVA CAROLINA PARDAL CORREIA"
                },
                {
                    "codigo_aluno": "155(...)83",
                    "nome_aluno": "FABIANA RODRIGUES DE ALMEIDA"
                },
                {
                    "codigo_aluno": "310(...)50",
                    "nome_aluno": "FRANCISCO AFONSO ALMEIDA CORDEIRO"
                },
                {
                    "codigo_aluno": "305(...)02",
                    "nome_aluno": "GUILHERME DIAS BRAZ COELHO"
                },
                {
                    "codigo_aluno": "157(...)31",
                    "nome_aluno": "INES FILIPA MARTINS GUERREIRO"
                },
                {
                    "codigo_aluno": "303(...)31",
                    "nome_aluno": "INÊS MONTEIRO ALVES"
                },
                {
                    "codigo_aluno": "153(...)24",
                    "nome_aluno": "IRÍS FERREIRA AZEVEDO"
                },
                {
                    "codigo_aluno": "154(...)91",
                    "nome_aluno": "JENIFER ANTÓNIA SOARES NASCIMENTO LOPES"
                },
                {
                    "codigo_aluno": "301(...)31",
                    "nome_aluno": "LARA FRANCISCA PAULO SOUSA"
                },
                {
                    "codigo_aluno": "156(...)56",
                    "nome_aluno": "LARA GUILHERME BORRALHO"
                },
                {
                    "codigo_aluno": "155(...)27",
                    "nome_aluno": "LARA SANCHA REIS SILVA"
                },
                {
                    "codigo_aluno": "155(...)77",
                    "nome_aluno": "LEONOR SOFIA DUARTE COSTA"
                },
                {
                    "codigo_aluno": "309(...)34",
                    "nome_aluno": "LUANA ISABEL DE OLIVEIRA ESPADA"
                },
                {
                    "codigo_aluno": "308(...)36",
                    "nome_aluno": "MAFALDA FILIPA COELHO VILHENA DO COITO"
                },
                {
                    "codigo_aluno": "305(...)81",
                    "nome_aluno": "MARGARIDA ISABEL RETO PALMA"
                },
                {
                    "codigo_aluno": "304(...)08",
                    "nome_aluno": "MARIA DE FATIMA SENO PIÇARRA"
                },
                {
                    "codigo_aluno": "154(...)25",
                    "nome_aluno": "MARIA MENDES MATEUS"
                },
                {
                    "codigo_aluno": "151(...)48",
                    "nome_aluno": "MARIANA CABRITA GUERREIRO"
                },
                {
                    "codigo_aluno": "305(...)06",
                    "nome_aluno": "MARIANA DOMINGOS MARTINS LUCIO"
                },
                {
                    "codigo_aluno": "300(...)04",
                    "nome_aluno": "MARTA BRAZ NEVES"
                },
                {
                    "codigo_aluno": "153(...)16",
                    "nome_aluno": "MÉLANIE CRISTINA NORINHA MALVEIRO"
                },
                {
                    "codigo_aluno": "156(...)07",
                    "nome_aluno": "NADINE CAROLINA MARTINS AFONSO"
                },
                {
                    "codigo_aluno": "145(...)04",
                    "nome_aluno": "NADINE HORTA DOS SANTOS"
                },
                {
                    "codigo_aluno": "320(...)66",
                    "nome_aluno": "NINA MARIA LAHOTENKO KOZACHENKO"
                },
                {
                    "codigo_aluno": "152(...)85",
                    "nome_aluno": "RAFAEL BATISTA VIEGAS"
                },
                {
                    "codigo_aluno": "305(...)48",
                    "nome_aluno": "RAQUEL FILIPA FRADINHO BRUNO"
                },
                {
                    "codigo_aluno": "316(...)24",
                    "nome_aluno": "RAQUEL LEONOR MÓSCA FAVINHA VEIGA"
                },
                {
                    "codigo_aluno": "150(...)60",
                    "nome_aluno": "RITA FAÚLHA CASTELO"
                },
                {
                    "codigo_aluno": "309(...)80",
                    "nome_aluno": "RITA ISABEL TENDA PIRES"
                },
                {
                    "codigo_aluno": "309(...)44",
                    "nome_aluno": "SOFIA DE JESUS QUINTA QUEIMADA MARTINS"
                },
                {
                    "codigo_aluno": "306(...)70",
                    "nome_aluno": "SORAIA ALEXANDRA FALEIRO GUERREIRO"
                },
                {
                    "codigo_aluno": "309(...)10",
                    "nome_aluno": "TIAGO GUIOMAR GRAÇA VAZ"
                },
                {
                    "codigo_aluno": "304(...)19",
                    "nome_aluno": "VICTÓRIA REIS MONTEIRO DA COSTA TRINDADE"
                }
            ]
        }
    ]
}