{
    "codigo_universidade": "7075",
    "nome_universidade": "7075 - Instituto Politécnico de Viana do Castelo - Escola Superior de Saúde",
    "cursos": [
        {
            "codigo_curso": "9500",
            "nome_curso": "9500 - Enfermagem",
            "colocados": [
                {
                    "codigo_aluno": "313(...)05",
                    "nome_aluno": "ADRIANA MARIA VEZENTAN MENDES DE MORAIS"
                },
                {
                    "codigo_aluno": "306(...)12",
                    "nome_aluno": "AFONSO BARREIRO BRANDÃO"
                },
                {
                    "codigo_aluno": "301(...)41",
                    "nome_aluno": "AFONSO JOSÉ ANDRADE DE PAULA"
                },
                {
                    "codigo_aluno": "309(...)46",
                    "nome_aluno": "ANA BEATRIZ SOUSA CORREIA"
                },
                {
                    "codigo_aluno": "310(...)12",
                    "nome_aluno": "ANA CRISTINA MACEDO COSTA"
                },
                {
                    "codigo_aluno": "152(...)21",
                    "nome_aluno": "ANA RITA DIAS VICENTE BAPTISTA"
                },
                {
                    "codigo_aluno": "153(...)29",
                    "nome_aluno": "ANA SOFIA MILHAZES DA COSTA"
                },
                {
                    "codigo_aluno": "310(...)05",
                    "nome_aluno": "ANA TORRES PASSOS"
                },
                {
                    "codigo_aluno": "316(...)08",
                    "nome_aluno": "ANDRÉ DA SILVA FERREIRA"
                },
                {
                    "codigo_aluno": "308(...)18",
                    "nome_aluno": "BEATRIZ COSTA ALVES"
                },
                {
                    "codigo_aluno": "144(...)98",
                    "nome_aluno": "BEATRIZ DOURADO RIBEIRO"
                },
                {
                    "codigo_aluno": "301(...)16",
                    "nome_aluno": "BEATRIZ MARIA MARTINS SIMÕES"
                },
                {
                    "codigo_aluno": "310(...)08",
                    "nome_aluno": "BEATRIZ SOFIA CARNEIRO DA SILVA"
                },
                {
                    "codigo_aluno": "153(...)03",
                    "nome_aluno": "CAROLINA RAMALHOSA SILVA CUNHA"
                },
                {
                    "codigo_aluno": "304(...)63",
                    "nome_aluno": "CATARINA ROSENDO DE MACEDO"
                },
                {
                    "codigo_aluno": "303(...)36",
                    "nome_aluno": "CLARA SOFIA ABREU FREITAS"
                },
                {
                    "codigo_aluno": "308(...)29",
                    "nome_aluno": "CRISTIANO DANIEL PEREIRA LIMA"
                },
                {
                    "codigo_aluno": "307(...)05",
                    "nome_aluno": "CYNDY LUCIE MOITA"
                },
                {
                    "codigo_aluno": "308(...)02",
                    "nome_aluno": "DANIEL AZEVEDO GONÇALVES"
                },
                {
                    "codigo_aluno": "310(...)41",
                    "nome_aluno": "DIANA BEATRIZ MATOS FERREIRA"
                },
                {
                    "codigo_aluno": "300(...)86",
                    "nome_aluno": "EVA BARRETO PADRÃO"
                },
                {
                    "codigo_aluno": "159(...)87",
                    "nome_aluno": "FILIPA COSTA LOURENÇO"
                },
                {
                    "codigo_aluno": "154(...)31",
                    "nome_aluno": "FRANCISCO SOUSA LOURENCO"
                },
                {
                    "codigo_aluno": "240(...)12",
                    "nome_aluno": "GIOVANNA CARVALHO SILVA"
                },
                {
                    "codigo_aluno": "307(...)82",
                    "nome_aluno": "GUILHERME DUARTE GONÇALVES"
                },
                {
                    "codigo_aluno": "300(...)70",
                    "nome_aluno": "GUSTAVO DA SILVA FERNANDES"
                },
                {
                    "codigo_aluno": "311(...)80",
                    "nome_aluno": "HELENA ISABEL TRIFU"
                },
                {
                    "codigo_aluno": "304(...)99",
                    "nome_aluno": "IARA LOPES BARBOSA"
                },
                {
                    "codigo_aluno": "305(...)13",
                    "nome_aluno": "INÊS DE JESUS MACEDO OLIVEIRA"
                },
                {
                    "codigo_aluno": "309(...)57",
                    "nome_aluno": "INÊS GOMES NASCIMENTO"
                },
                {
                    "codigo_aluno": "303(...)91",
                    "nome_aluno": "ISABEL CRISTINA AMORIM MATOS PEREIRA"
                },
                {
                    "codigo_aluno": "312(...)12",
                    "nome_aluno": "JACINTA SOFIA BRAGA PINTO"
                },
                {
                    "codigo_aluno": "309(...)37",
                    "nome_aluno": "JESSICA PATRICIA CORREIA LAVANDEIRA"
                },
                {
                    "codigo_aluno": "150(...)72",
                    "nome_aluno": "JOÃO BERNARDO LAGO LIMA"
                },
                {
                    "codigo_aluno": "300(...)86",
                    "nome_aluno": "LARA DA SILVA COSTA"
                },
                {
                    "codigo_aluno": "308(...)94",
                    "nome_aluno": "LARA FILIPA RIBEIRO CARVALHO"
                },
                {
                    "codigo_aluno": "151(...)07",
                    "nome_aluno": "LAURA AREZES BLAYER GÓIS"
                },
                {
                    "codigo_aluno": "304(...)24",
                    "nome_aluno": "LAURA RAFAELA BARBOSA ALVES"
                },
                {
                    "codigo_aluno": "151(...)76",
                    "nome_aluno": "LAURA SOFIA JARDIM NÓBREGA VIVEIROS"
                },
                {
                    "codigo_aluno": "157(...)58",
                    "nome_aluno": "LEONOR BARROSO DA SILVA"
                },
                {
                    "codigo_aluno": "155(...)80",
                    "nome_aluno": "LEONOR DE BARROS GOMES"
                },
                {
                    "codigo_aluno": "155(...)24",
                    "nome_aluno": "LEONOR GUEDES NOVO RIBEIRO"
                },
                {
                    "codigo_aluno": "307(...)24",
                    "nome_aluno": "LEONOR LOPES PINHEIRO"
                },
                {
                    "codigo_aluno": "300(...)70",
                    "nome_aluno": "LUNA FERNANDES FRUTUOSO"
                },
                {
                    "codigo_aluno": "305(...)34",
                    "nome_aluno": "LUNA SOEIRO DOS REIS"
                },
                {
                    "codigo_aluno": "306(...)55",
                    "nome_aluno": "MARGARIDA BARRETO DA FONTE"
                },
                {
                    "codigo_aluno": "315(...)00",
                    "nome_aluno": "MARGARIDA MOTA SILVA"
                },
                {
                    "codigo_aluno": "306(...)45",
                    "nome_aluno": "MARIA JOÃO FERREIRA MARQUES"
                },
                {
                    "codigo_aluno": "303(...)60",
                    "nome_aluno": "MARIA MARTINS BARBOSA FERRADEIRA DE FARIA"
                },
                {
                    "codigo_aluno": "305(...)54",
                    "nome_aluno": "MARIANA CALDAS PEREIRA"
                },
                {
                    "codigo_aluno": "159(...)12",
                    "nome_aluno": "MARIANA DE ANTAS RODRIGUES"
                },
                {
                    "codigo_aluno": "309(...)01",
                    "nome_aluno": "MARIANA TABORDA CERQUEIRA"
                },
                {
                    "codigo_aluno": "159(...)10",
                    "nome_aluno": "MARTA COELHO FONTES"
                },
                {
                    "codigo_aluno": "153(...)37",
                    "nome_aluno": "MATILDE FARIA ANGÉLICO"
                },
                {
                    "codigo_aluno": "309(...)99",
                    "nome_aluno": "MATILDE MONTEIRO PARENTE"
                },
                {
                    "codigo_aluno": "309(...)37",
                    "nome_aluno": "MATILDE SIMÕES SEIXAS"
                },
                {
                    "codigo_aluno": "322(...)22",
                    "nome_aluno": "POLINA GOLOLOBOVA"
                },
                {
                    "codigo_aluno": "322(...)72",
                    "nome_aluno": "RHANA BASTOS MARQUES"
                },
                {
                    "codigo_aluno": "310(...)98",
                    "nome_aluno": "RITA CATARINA VAZ VIEIRA MAIA"
                },
                {
                    "codigo_aluno": "153(...)93",
                    "nome_aluno": "RITA DANIELA PEREIRA FERNANDES"
                },
                {
                    "codigo_aluno": "310(...)98",
                    "nome_aluno": "RUTE GIGANTE CALDAS DA SILVA"
                },
                {
                    "codigo_aluno": "307(...)48",
                    "nome_aluno": "SARA MARIANA VILAS BOAS BARBOSA"
                },
                {
                    "codigo_aluno": "304(...)00",
                    "nome_aluno": "SARA MICAELA RODRIGUES"
                },
                {
                    "codigo_aluno": "306(...)24",
                    "nome_aluno": "SIMÃO PEDRO PEREIRA CALHEIROS"
                },
                {
                    "codigo_aluno": "157(...)95",
                    "nome_aluno": "SOFIA ALMEIDA FERREIRA"
                },
                {
                    "codigo_aluno": "310(...)61",
                    "nome_aluno": "SORAIA DA CRUZ PEREIRA"
                },
                {
                    "codigo_aluno": "312(...)21",
                    "nome_aluno": "TANIA OLIVEIRA FREITAS"
                },
                {
                    "codigo_aluno": "315(...)96",
                    "nome_aluno": "TIAGO MIGUEL LOUREIRO REIS MARTINS"
                },
                {
                    "codigo_aluno": "315(...)63",
                    "nome_aluno": "TOMÁS NOGUEIRA AZEVEDO"
                },
                {
                    "codigo_aluno": "240(...)37",
                    "nome_aluno": "VINICIUS DE CONTO FORTUNATI"
                }
            ]
        }
    ]
}