{
    "codigo_universidade": "3081",
    "nome_universidade": "3081 - Universidade do Algarve - Escola Superior de Educação e Comunicação",
    "cursos": [
        {
            "codigo_curso": "9023",
            "nome_curso": "9023 - Ciências da Comunicação",
            "colocados": [
                {
                    "codigo_aluno": "152(...)03",
                    "nome_aluno": "AFONSO SANTOS GUERREIRO"
                },
                {
                    "codigo_aluno": "152(...)23",
                    "nome_aluno": "ANA CATARINA DE OLIVEIRA FRANCISCO"
                },
                {
                    "codigo_aluno": "301(...)40",
                    "nome_aluno": "ANA RITA FREIRE MATOS"
                },
                {
                    "codigo_aluno": "301(...)90",
                    "nome_aluno": "ANGELICA MARINA MARTINS JESUS"
                },
                {
                    "codigo_aluno": "153(...)85",
                    "nome_aluno": "BÁRBARA VENTURINHA LOPES PAULO"
                },
                {
                    "codigo_aluno": "152(...)36",
                    "nome_aluno": "BEATRIZ GOMES SARAIVA"
                },
                {
                    "codigo_aluno": "156(...)72",
                    "nome_aluno": "BEATRIZ MARIA DE ANDRADE VENTURA SIMÕES"
                },
                {
                    "codigo_aluno": "330(...)70",
                    "nome_aluno": "CARLOS GUILHERME ASSUNÇÃO RIBEIRO"
                },
                {
                    "codigo_aluno": "301(...)84",
                    "nome_aluno": "CATARINA FILIPA LOPES BALTAZAR"
                },
                {
                    "codigo_aluno": "149(...)61",
                    "nome_aluno": "CATARINA PONTES JANEIRA"
                },
                {
                    "codigo_aluno": "156(...)64",
                    "nome_aluno": "CONSTANÇA GARCIA BASÍLIO"
                },
                {
                    "codigo_aluno": "310(...)92",
                    "nome_aluno": "DANIELA SOFIA MATOS GUERREIRO"
                },
                {
                    "codigo_aluno": "307(...)11",
                    "nome_aluno": "DAVID MIGUEL RAMOS RÔLO"
                },
                {
                    "codigo_aluno": "309(...)53",
                    "nome_aluno": "DIANA FILIPA DA ROCHA LÚCIO"
                },
                {
                    "codigo_aluno": "152(...)97",
                    "nome_aluno": "DIEGO MASCARENHAS NEVES RODRIGUES FERREIRA"
                },
                {
                    "codigo_aluno": "155(...)70",
                    "nome_aluno": "DIOGO DUARTE FERNANDES MARIZ LOURENÇO"
                },
                {
                    "codigo_aluno": "154(...)38",
                    "nome_aluno": "GABRIEL RAFAEL ALVAREZ CORREIA"
                },
                {
                    "codigo_aluno": "156(...)08",
                    "nome_aluno": "GONÇALO MIGUEL TRINDADE MONTEIRO"
                },
                {
                    "codigo_aluno": "303(...)17",
                    "nome_aluno": "IARA RAMOS PEREIRA VIDEIRA"
                },
                {
                    "codigo_aluno": "303(...)13",
                    "nome_aluno": "INÊS MARTINS DUARTE"
                },
                {
                    "codigo_aluno": "304(...)31",
                    "nome_aluno": "JOANA FILIPA GAUDÊNCIO JOSÉ"
                },
                {
                    "codigo_aluno": "158(...)60",
                    "nome_aluno": "JOANA GRAÇA CHARRUA"
                },
                {
                    "codigo_aluno": "154(...)77",
                    "nome_aluno": "LUCAS DIMAS GONÇALVES"
                },
                {
                    "codigo_aluno": "300(...)59",
                    "nome_aluno": "MADALENA OLIVEIRA DA PALMA"
                },
                {
                    "codigo_aluno": "314(...)54",
                    "nome_aluno": "MARIA DIAS CRAVO"
                },
                {
                    "codigo_aluno": "309(...)39",
                    "nome_aluno": "MARIANA RIBEIRO SAMÚDIO"
                },
                {
                    "codigo_aluno": "155(...)47",
                    "nome_aluno": "MARTA MARIA LOURENÇO SANTOS"
                },
                {
                    "codigo_aluno": "158(...)82",
                    "nome_aluno": "MARTA NUNES FARIA"
                },
                {
                    "codigo_aluno": "153(...)46",
                    "nome_aluno": "MARTA RIBEIRO SERAFIM"
                },
                {
                    "codigo_aluno": "310(...)76",
                    "nome_aluno": "MARTIM MARIA DE SOUSA PAIXÃO DOS SANTOS"
                },
                {
                    "codigo_aluno": "156(...)57",
                    "nome_aluno": "RAQUEL MARIA FIDALGO LOURA"
                },
                {
                    "codigo_aluno": "306(...)73",
                    "nome_aluno": "ROSA DA SILVA PAIXÃO"
                },
                {
                    "codigo_aluno": "240(...)02",
                    "nome_aluno": "SABRINA BIANCA DA SILVA OLIVEIRA"
                },
                {
                    "codigo_aluno": "300(...)63",
                    "nome_aluno": "SANDRINA ELISABETE DOS SANTOS"
                },
                {
                    "codigo_aluno": "155(...)51",
                    "nome_aluno": "SARA FILIPA FIALHO PIRES"
                },
                {
                    "codigo_aluno": "308(...)89",
                    "nome_aluno": "SAVANNAH HOWARTH CAMACHO"
                },
                {
                    "codigo_aluno": "149(...)81",
                    "nome_aluno": "SILVANA GRAMACHO CORREIA"
                },
                {
                    "codigo_aluno": "156(...)44",
                    "nome_aluno": "SOFIA ALEXANDRE NETO"
                },
                {
                    "codigo_aluno": "316(...)71",
                    "nome_aluno": "SOFIA BALIEIRO FRANCO AFONSO"
                },
                {
                    "codigo_aluno": "309(...)03",
                    "nome_aluno": "SOFIA GUERREIRO COELHO"
                },
                {
                    "codigo_aluno": "158(...)41",
                    "nome_aluno": "TIAGO MATEUS NÓBREGA FERREIRA"
                }
            ]
        },
        {
            "codigo_curso": "9070",
            "nome_curso": "9070 - Design de Comunicação",
            "colocados": [
                {
                    "codigo_aluno": "158(...)50",
                    "nome_aluno": "AISHA CHLÖE VEIGA BINSTOCK"
                },
                {
                    "codigo_aluno": "311(...)22",
                    "nome_aluno": "ALEXANDRE DOS SANTOS PIRES"
                },
                {
                    "codigo_aluno": "303(...)49",
                    "nome_aluno": "ANDRÉ FILIPE MATA DA SILVA"
                },
                {
                    "codigo_aluno": "300(...)63",
                    "nome_aluno": "BEATRIZ ALEXANDRA VALINHO FERREIRA"
                },
                {
                    "codigo_aluno": "309(...)33",
                    "nome_aluno": "CARLOTA SOFIA COELHO BARÃO"
                },
                {
                    "codigo_aluno": "305(...)61",
                    "nome_aluno": "CATARINA GUERREIRO FERNANDES"
                },
                {
                    "codigo_aluno": "152(...)02",
                    "nome_aluno": "CONSTANÇA BENTO MATEUS BESSA"
                },
                {
                    "codigo_aluno": "150(...)95",
                    "nome_aluno": "DIANA SOFIA DOMINGOS SHKRABA"
                },
                {
                    "codigo_aluno": "159(...)15",
                    "nome_aluno": "DIANA STURZU"
                },
                {
                    "codigo_aluno": "240(...)56",
                    "nome_aluno": "DIOGO LIN WANG"
                },
                {
                    "codigo_aluno": "301(...)38",
                    "nome_aluno": "FILIPA REIS MARQUES"
                },
                {
                    "codigo_aluno": "307(...)32",
                    "nome_aluno": "HENRIQUE ENCARNAÇÃO MARQUES"
                },
                {
                    "codigo_aluno": "240(...)66",
                    "nome_aluno": "HEVELYN VITÓRIA CASSIANO OLIVEIRA"
                },
                {
                    "codigo_aluno": "315(...)83",
                    "nome_aluno": "INÊS FILIPA ERNESTO DO VALLE SANTOS"
                },
                {
                    "codigo_aluno": "159(...)61",
                    "nome_aluno": "JÉSSICA SOFIA ALI ALVES"
                },
                {
                    "codigo_aluno": "301(...)70",
                    "nome_aluno": "JOANA FERNANDES E FERNANDES"
                },
                {
                    "codigo_aluno": "304(...)61",
                    "nome_aluno": "JOANA FILIPE REIS"
                },
                {
                    "codigo_aluno": "306(...)03",
                    "nome_aluno": "LEÓNIA FILIPA PEREIRA CONTENDA"
                },
                {
                    "codigo_aluno": "151(...)20",
                    "nome_aluno": "LIA DA COSTA MARIA"
                },
                {
                    "codigo_aluno": "159(...)76",
                    "nome_aluno": "LIA SIMÃO PALMA"
                },
                {
                    "codigo_aluno": "307(...)19",
                    "nome_aluno": "LÍDIA HELENA BURKATSKA CHEREVKO"
                },
                {
                    "codigo_aluno": "155(...)81",
                    "nome_aluno": "LISANDRA ALMEIDA DA CRUZ"
                },
                {
                    "codigo_aluno": "306(...)64",
                    "nome_aluno": "LOIDE DE JESUS PERNAS"
                },
                {
                    "codigo_aluno": "307(...)17",
                    "nome_aluno": "LUCAS MANUEL BATISTA LUZ"
                },
                {
                    "codigo_aluno": "307(...)39",
                    "nome_aluno": "MAFALDA BEJINHA GUERREIRO"
                },
                {
                    "codigo_aluno": "152(...)08",
                    "nome_aluno": "MAFALDA VITAL DA SILVA GOMES SAMPAIO"
                },
                {
                    "codigo_aluno": "303(...)41",
                    "nome_aluno": "MAGDA JOANA FONSECA RAMOS"
                },
                {
                    "codigo_aluno": "306(...)18",
                    "nome_aluno": "MARGARIDA ISABEL GUERREIRO PALMA"
                },
                {
                    "codigo_aluno": "240(...)57",
                    "nome_aluno": "MARIA CLARA GOUVEA PIMENTEL DUARTE"
                },
                {
                    "codigo_aluno": "153(...)94",
                    "nome_aluno": "MARIANA ISABEL FERNANDES DE ALMEIDA"
                },
                {
                    "codigo_aluno": "240(...)14",
                    "nome_aluno": "NICOLE RODRIGUES ALVES DE MORAIS"
                },
                {
                    "codigo_aluno": "305(...)90",
                    "nome_aluno": "NICOLE TITO CORREIA"
                },
                {
                    "codigo_aluno": "153(...)93",
                    "nome_aluno": "PEDRO ALEXANDRE FERNANDES LEDO SIMÕES"
                },
                {
                    "codigo_aluno": "307(...)50",
                    "nome_aluno": "RAFAELA ALINE LANDIM OLIVEIRA"
                },
                {
                    "codigo_aluno": "240(...)51",
                    "nome_aluno": "SAMUEL PEREIRA DE SOUZA"
                },
                {
                    "codigo_aluno": "159(...)92",
                    "nome_aluno": "SOFIA MONTEIRO TERMENTINA"
                },
                {
                    "codigo_aluno": "156(...)12",
                    "nome_aluno": "SOLANGE CAROLINA COSTA MEIJNDERTS"
                },
                {
                    "codigo_aluno": "307(...)82",
                    "nome_aluno": "VITÓRIA DA CONCEIÇÃO SEQUEIRA"
                },
                {
                    "codigo_aluno": "301(...)85",
                    "nome_aluno": "YASMIN FILIPA ESTRABOUCHA GASPAR"
                }
            ]
        },
        {
            "codigo_curso": "9563",
            "nome_curso": "9563 - Desporto",
            "colocados": [
                {
                    "codigo_aluno": "153(...)66",
                    "nome_aluno": "AFONSO MARIA FIGUEIRINHAS DE SOUZA ORNELAS"
                },
                {
                    "codigo_aluno": "311(...)25",
                    "nome_aluno": "ALEXANDRE JOSE LUCAS SILVA"
                },
                {
                    "codigo_aluno": "240(...)06",
                    "nome_aluno": "ALICE DARLENE DA COSTA VAZ"
                },
                {
                    "codigo_aluno": "303(...)06",
                    "nome_aluno": "ANDERSON GABRIEL BRITO DE PINA"
                },
                {
                    "codigo_aluno": "309(...)43",
                    "nome_aluno": "BÁRBARA LOPES BARRA DA COSTA"
                },
                {
                    "codigo_aluno": "307(...)77",
                    "nome_aluno": "CONSTANÇA DE JESUS MARQUES"
                },
                {
                    "codigo_aluno": "306(...)73",
                    "nome_aluno": "CONSTANÇA GONÇALVES MATEUS"
                },
                {
                    "codigo_aluno": "154(...)82",
                    "nome_aluno": "DANIEL HORTA GUERREIRO"
                },
                {
                    "codigo_aluno": "159(...)73",
                    "nome_aluno": "DAVID PIRES TAVARES"
                },
                {
                    "codigo_aluno": "318(...)35",
                    "nome_aluno": "ENZO FONSECA LANZILLOTTA"
                },
                {
                    "codigo_aluno": "153(...)86",
                    "nome_aluno": "FILIPA LOPES DOS SANTOS"
                },
                {
                    "codigo_aluno": "316(...)72",
                    "nome_aluno": "FRANCISCO GAITTO VITORINO"
                },
                {
                    "codigo_aluno": "303(...)34",
                    "nome_aluno": "FRANCISCO WALKER CORREIA"
                },
                {
                    "codigo_aluno": "150(...)91",
                    "nome_aluno": "GABRIEL PEREIRA NETO"
                },
                {
                    "codigo_aluno": "317(...)73",
                    "nome_aluno": "GABRIEL SIMA ENACHE"
                },
                {
                    "codigo_aluno": "155(...)88",
                    "nome_aluno": "GONÇALO JOAQUIM VIEGAS"
                },
                {
                    "codigo_aluno": "312(...)24",
                    "nome_aluno": "JOANA NUNES PAULINO"
                },
                {
                    "codigo_aluno": "152(...)11",
                    "nome_aluno": "JOÃO GUSTAVO NÓBREGA CALÇADA"
                },
                {
                    "codigo_aluno": "310(...)73",
                    "nome_aluno": "JOÃO RICARDO ELIAS TOMÁS"
                },
                {
                    "codigo_aluno": "155(...)19",
                    "nome_aluno": "JOAO TIAGO ROCHA DOS SANTOS"
                },
                {
                    "codigo_aluno": "305(...)16",
                    "nome_aluno": "LEANDRO FELIX GONÇALVES"
                },
                {
                    "codigo_aluno": "150(...)00",
                    "nome_aluno": "LOURENÇO FIGUEIRA PEDRO FILIPE"
                },
                {
                    "codigo_aluno": "304(...)98",
                    "nome_aluno": "LUCAS PAIS MARTA"
                },
                {
                    "codigo_aluno": "301(...)06",
                    "nome_aluno": "MANUEL DA SILVA CARVALHO CUNHA PACHECO"
                },
                {
                    "codigo_aluno": "310(...)64",
                    "nome_aluno": "MARIA INÊS MARTINS PINTO DE ANDRADE"
                },
                {
                    "codigo_aluno": "153(...)94",
                    "nome_aluno": "MARIA TERESA ALMEIDA PINTO SALGADO FIGENSCHOU"
                },
                {
                    "codigo_aluno": "312(...)94",
                    "nome_aluno": "MÁRIO ADRIANO BALANICA"
                },
                {
                    "codigo_aluno": "309(...)14",
                    "nome_aluno": "MIGUEL ÂNGELO OLIVEIRA FERREIRA"
                },
                {
                    "codigo_aluno": "159(...)87",
                    "nome_aluno": "MIGUEL TOMÁS PESINHA PINA"
                },
                {
                    "codigo_aluno": "153(...)86",
                    "nome_aluno": "NUNO FERREIRA PINTO SALGADO FIGENSCHOU"
                },
                {
                    "codigo_aluno": "305(...)71",
                    "nome_aluno": "NUNO FILIPE LOPES CARMO"
                },
                {
                    "codigo_aluno": "312(...)60",
                    "nome_aluno": "PEDRO DINIS CAVACO SIMAO"
                },
                {
                    "codigo_aluno": "154(...)01",
                    "nome_aluno": "PEDRO MIGUEL ROCHA PINGUINHA"
                },
                {
                    "codigo_aluno": "306(...)60",
                    "nome_aluno": "RAFAEL DE JESUS MARTINS"
                },
                {
                    "codigo_aluno": "303(...)75",
                    "nome_aluno": "RODRIGO RAMOS LIMA"
                },
                {
                    "codigo_aluno": "316(...)27",
                    "nome_aluno": "RUI CATARINO BRANCO ABREU TEIXEIRA"
                },
                {
                    "codigo_aluno": "154(...)07",
                    "nome_aluno": "SANTIAGO MARTINS PIRES"
                },
                {
                    "codigo_aluno": "306(...)09",
                    "nome_aluno": "SIMÃO ANDRÉ MARTINS GONÇALVES"
                },
                {
                    "codigo_aluno": "314(...)83",
                    "nome_aluno": "TOMÁS ALEXANDRE DA ENCARNAÇÃO ANDRÉ"
                },
                {
                    "codigo_aluno": "155(...)40",
                    "nome_aluno": "TOMÁS BERNARDO ROSALINO"
                },
                {
                    "codigo_aluno": "304(...)71",
                    "nome_aluno": "TOMÁS GUERREIRO GEADA"
                }
            ]
        },
        {
            "codigo_curso": "9853",
            "nome_curso": "9853 - Educação Básica",
            "colocados": [
                {
                    "codigo_aluno": "151(...)42",
                    "nome_aluno": "ALEXANDRA SOFIA VELOZA MELIM"
                },
                {
                    "codigo_aluno": "307(...)03",
                    "nome_aluno": "ANA BEATRIZ MARTINS DE CASTRO"
                },
                {
                    "codigo_aluno": "240(...)23",
                    "nome_aluno": "ANA BELEN DELGADO NARANJO"
                },
                {
                    "codigo_aluno": "302(...)79",
                    "nome_aluno": "ANA SOFIA LOURENÇO MADAMA"
                },
                {
                    "codigo_aluno": "304(...)46",
                    "nome_aluno": "ANDREIA FILIPA FONSECA CAPITÃO"
                },
                {
                    "codigo_aluno": "152(...)79",
                    "nome_aluno": "BEATRIZ ALEXANDRA VERISSIMO CAETANO"
                },
                {
                    "codigo_aluno": "300(...)33",
                    "nome_aluno": "BEATRIZ MARIA CRISTINA CASCALHEIRA"
                },
                {
                    "codigo_aluno": "155(...)77",
                    "nome_aluno": "BIANCA VERA AQUINO"
                },
                {
                    "codigo_aluno": "307(...)55",
                    "nome_aluno": "CAROLINA VAIRINHOS GUERREIRO"
                },
                {
                    "codigo_aluno": "310(...)35",
                    "nome_aluno": "DANIELA TORRINHA ANTÓNIO"
                },
                {
                    "codigo_aluno": "157(...)37",
                    "nome_aluno": "DIANA CANARIAS DE JESUS"
                },
                {
                    "codigo_aluno": "314(...)52",
                    "nome_aluno": "ELOAN CAYENNE VICENTE GUILLERMOU"
                },
                {
                    "codigo_aluno": "300(...)52",
                    "nome_aluno": "EMA MARTINS JESUS"
                },
                {
                    "codigo_aluno": "300(...)95",
                    "nome_aluno": "EVA BAPTISTA MIRANDA CRUZ"
                },
                {
                    "codigo_aluno": "305(...)79",
                    "nome_aluno": "FILIPA PEREIRA"
                },
                {
                    "codigo_aluno": "153(...)44",
                    "nome_aluno": "GUILHERME DE GOMES VIEIRA"
                },
                {
                    "codigo_aluno": "158(...)99",
                    "nome_aluno": "HENRIQUE CARLOS BRAZ CLARO"
                },
                {
                    "codigo_aluno": "155(...)64",
                    "nome_aluno": "INÊS MARTINS BELCHIOR"
                },
                {
                    "codigo_aluno": "148(...)84",
                    "nome_aluno": "INÊS SOFIA GONÇALVES LEAL NEVES"
                },
                {
                    "codigo_aluno": "301(...)13",
                    "nome_aluno": "JOANA AFONSO MORIM"
                },
                {
                    "codigo_aluno": "155(...)89",
                    "nome_aluno": "JOANA RITA FERRADEIRA DIAS"
                },
                {
                    "codigo_aluno": "152(...)74",
                    "nome_aluno": "LAURA BEATRIZ CARDEIRA COELHO"
                },
                {
                    "codigo_aluno": "314(...)02",
                    "nome_aluno": "MADALENA SAMEIRO FERREIRA"
                },
                {
                    "codigo_aluno": "154(...)69",
                    "nome_aluno": "MARGARIDA MADEIRA GONÇALVES"
                },
                {
                    "codigo_aluno": "152(...)80",
                    "nome_aluno": "MARIA BEATRIZ ZACARIAS DIAS BOTELHO"
                },
                {
                    "codigo_aluno": "308(...)83",
                    "nome_aluno": "MARIA INÊS GONÇALVES RODRIGUES"
                },
                {
                    "codigo_aluno": "153(...)68",
                    "nome_aluno": "MARIA JOAQUINA CORREIA MARQUES"
                },
                {
                    "codigo_aluno": "301(...)77",
                    "nome_aluno": "MARIA RODRIGUES SOUSA"
                },
                {
                    "codigo_aluno": "153(...)26",
                    "nome_aluno": "PATRÍCIA ANDREZ POMBA"
                },
                {
                    "codigo_aluno": "154(...)00",
                    "nome_aluno": "RAFAEL COLAÇO NARCISO"
                },
                {
                    "codigo_aluno": "151(...)60",
                    "nome_aluno": "RAQUEL CRISTINA NETO"
                },
                {
                    "codigo_aluno": "306(...)68",
                    "nome_aluno": "RÚBEN FILIPE DOS REIS COSTA"
                },
                {
                    "codigo_aluno": "159(...)93",
                    "nome_aluno": "SABRINA DE FÁTIMA PEREIRA SIMAS"
                }
            ]
        },
        {
            "codigo_curso": "9084",
            "nome_curso": "9084 - Educação Social",
            "colocados": [
                {
                    "codigo_aluno": "152(...)56",
                    "nome_aluno": "ALICE BASÍLIO MARTINS"
                },
                {
                    "codigo_aluno": "303(...)74",
                    "nome_aluno": "BEATRIZ BARROS MENDES"
                },
                {
                    "codigo_aluno": "308(...)31",
                    "nome_aluno": "BEATRIZ LUNA MARTINS SANTOS"
                },
                {
                    "codigo_aluno": "300(...)61",
                    "nome_aluno": "BEATRIZ MEDEIROS SILVA"
                },
                {
                    "codigo_aluno": "305(...)71",
                    "nome_aluno": "BEATRIZ SANTOS RAPOSO"
                },
                {
                    "codigo_aluno": "147(...)38",
                    "nome_aluno": "BRUNA ALEXANDRA ROCHA CORREIA"
                },
                {
                    "codigo_aluno": "307(...)08",
                    "nome_aluno": "CARLOTA SOARES GOMES"
                },
                {
                    "codigo_aluno": "303(...)09",
                    "nome_aluno": "CAROLINA DE JESUS VALENTIM"
                },
                {
                    "codigo_aluno": "316(...)51",
                    "nome_aluno": "CAROLINA DEL NEGRO SOARES PEREIRA DA SILVA"
                },
                {
                    "codigo_aluno": "305(...)35",
                    "nome_aluno": "CAROLINA GRAÇA MIRA RESENDE"
                },
                {
                    "codigo_aluno": "306(...)30",
                    "nome_aluno": "CATARINA GOMES FERREIRA"
                },
                {
                    "codigo_aluno": "151(...)22",
                    "nome_aluno": "CATARINA ISABEL CARRUSCA DIOGO DE CARVALHO CASCÂO"
                },
                {
                    "codigo_aluno": "159(...)75",
                    "nome_aluno": "ÉRICA JESUS REIS"
                },
                {
                    "codigo_aluno": "300(...)01",
                    "nome_aluno": "ÉRICA SOFIA MESTRE SILVA"
                },
                {
                    "codigo_aluno": "156(...)70",
                    "nome_aluno": "INÊS VINAGRE REVÉS"
                },
                {
                    "codigo_aluno": "153(...)30",
                    "nome_aluno": "JOANA ISABEL NASCIMENTO MARQUES"
                },
                {
                    "codigo_aluno": "303(...)14",
                    "nome_aluno": "JOANA SOFIA CAETANO GIRÃO"
                },
                {
                    "codigo_aluno": "152(...)15",
                    "nome_aluno": "LARA ISABEL BARÃO FALEIRO"
                },
                {
                    "codigo_aluno": "157(...)70",
                    "nome_aluno": "LUANA MARIA CAIADO PEDRO"
                },
                {
                    "codigo_aluno": "306(...)40",
                    "nome_aluno": "LUANA MARIA CASTRO HORTA"
                },
                {
                    "codigo_aluno": "307(...)48",
                    "nome_aluno": "LUANA PALMA BONIXE"
                },
                {
                    "codigo_aluno": "309(...)05",
                    "nome_aluno": "LUNA PATRÍCIA DOS SANTOS BELCHIOR"
                },
                {
                    "codigo_aluno": "311(...)40",
                    "nome_aluno": "MÁRCIA FILIPA MONTEIRO DE CASTRO"
                },
                {
                    "codigo_aluno": "149(...)86",
                    "nome_aluno": "MARGARIDA MARQUES LOPES"
                },
                {
                    "codigo_aluno": "303(...)98",
                    "nome_aluno": "MARGARIDA RODRIGUES ROMAO FERNANDES"
                },
                {
                    "codigo_aluno": "147(...)76",
                    "nome_aluno": "MARIA DE LURDES ROSA LOURENÇO"
                },
                {
                    "codigo_aluno": "240(...)02",
                    "nome_aluno": "MARIA EDUARDA CAMPOS SANTOS"
                },
                {
                    "codigo_aluno": "240(...)13",
                    "nome_aluno": "MARIA LORENA STEGERAN"
                },
                {
                    "codigo_aluno": "312(...)83",
                    "nome_aluno": "MARIANA FERREIRA SERRANO"
                },
                {
                    "codigo_aluno": "311(...)28",
                    "nome_aluno": "MARTA ISABEL COELHO MOREIRA"
                },
                {
                    "codigo_aluno": "301(...)85",
                    "nome_aluno": "MATILDE ALVES SERRA"
                },
                {
                    "codigo_aluno": "314(...)83",
                    "nome_aluno": "MÉLISSA FILIPE APOLINÁRIO"
                },
                {
                    "codigo_aluno": "304(...)69",
                    "nome_aluno": "PATRICIA BANDARRA FELIX"
                },
                {
                    "codigo_aluno": "304(...)55",
                    "nome_aluno": "RAQUEL DAVID MARTINS"
                },
                {
                    "codigo_aluno": "303(...)65",
                    "nome_aluno": "RITA MARIA GONZALEZ ROLÃO"
                }
            ]
        },
        {
            "codigo_curso": "8337",
            "nome_curso": "8337 - Imagem Animada",
            "colocados": [
                {
                    "codigo_aluno": "301(...)38",
                    "nome_aluno": "AFONSO JOSÉ CABEÇA PARREIRINHA"
                },
                {
                    "codigo_aluno": "308(...)36",
                    "nome_aluno": "ANA CATARINA VALENTE DA SILVA"
                },
                {
                    "codigo_aluno": "300(...)83",
                    "nome_aluno": "ANA MATILDE SOUSA NUNES"
                },
                {
                    "codigo_aluno": "307(...)51",
                    "nome_aluno": "ANDRÉ NEVES MORTÁGUA"
                },
                {
                    "codigo_aluno": "320(...)95",
                    "nome_aluno": "ANGÉLICA ANTYNESKUL"
                },
                {
                    "codigo_aluno": "301(...)36",
                    "nome_aluno": "ARI DOS SANTOS BRANDAO DA FONSECA"
                },
                {
                    "codigo_aluno": "154(...)43",
                    "nome_aluno": "CASSANDRA VINGADO EVARISTO"
                },
                {
                    "codigo_aluno": "154(...)70",
                    "nome_aluno": "CÉSAR CARNEIRO E SANTOS"
                },
                {
                    "codigo_aluno": "301(...)60",
                    "nome_aluno": "DANIELA OLIVEIRA TAVARES"
                },
                {
                    "codigo_aluno": "150(...)05",
                    "nome_aluno": "DIEGO ALEJANDRO GARCIA DA FONTE"
                },
                {
                    "codigo_aluno": "152(...)84",
                    "nome_aluno": "DIOGO FILIPE MORBEY DOS SANTOS NEGRÃO LOPES"
                },
                {
                    "codigo_aluno": "308(...)54",
                    "nome_aluno": "EMA SERÔDIO GONÇALVES"
                },
                {
                    "codigo_aluno": "308(...)48",
                    "nome_aluno": "FABIANA ALEXANDRA FERREIRA DE SOUSA"
                },
                {
                    "codigo_aluno": "315(...)40",
                    "nome_aluno": "FRANCISCA CORTE REAL ALFACINHA GABRIEL DE MELLO"
                },
                {
                    "codigo_aluno": "159(...)55",
                    "nome_aluno": "GONÇALO MARQUES BARBOSA"
                },
                {
                    "codigo_aluno": "154(...)66",
                    "nome_aluno": "GONÇALO TEIXEIRA DA COSTA LIMA"
                },
                {
                    "codigo_aluno": "300(...)43",
                    "nome_aluno": "INÊS FURTADO DA COSTA"
                },
                {
                    "codigo_aluno": "307(...)47",
                    "nome_aluno": "JOANA FILIPA DA SILVA BAIÃO"
                },
                {
                    "codigo_aluno": "309(...)39",
                    "nome_aluno": "JOÃO ALEXANDRE PEDREIRA NUNES CUSTÓDIO"
                },
                {
                    "codigo_aluno": "240(...)01",
                    "nome_aluno": "KONSTIANTYN MORDOVIN"
                },
                {
                    "codigo_aluno": "310(...)76",
                    "nome_aluno": "LARA SOFIA FONSECA RODRIGUES"
                },
                {
                    "codigo_aluno": "308(...)07",
                    "nome_aluno": "LAURA DOS REIS GUERREIRO"
                },
                {
                    "codigo_aluno": "157(...)27",
                    "nome_aluno": "LEONOR COITO FIALHO"
                },
                {
                    "codigo_aluno": "152(...)96",
                    "nome_aluno": "MARGARIDA MARIA MAURÍCIO LOURENÇO"
                },
                {
                    "codigo_aluno": "310(...)02",
                    "nome_aluno": "MARIA DA MOTA COUTO"
                },
                {
                    "codigo_aluno": "307(...)98",
                    "nome_aluno": "MARIA FRANCISCA BORGES DA SILVA ALVES"
                },
                {
                    "codigo_aluno": "306(...)50",
                    "nome_aluno": "MARIA RITA FRANCO MADEIRA"
                },
                {
                    "codigo_aluno": "240(...)56",
                    "nome_aluno": "MAXIMINO BALASHCHAK"
                },
                {
                    "codigo_aluno": "310(...)60",
                    "nome_aluno": "MIGUEL JOSÉ PAIS TEIXEIRA"
                },
                {
                    "codigo_aluno": "309(...)14",
                    "nome_aluno": "MIGUEL MARTINS GONÇALVES"
                },
                {
                    "codigo_aluno": "153(...)77",
                    "nome_aluno": "MÓNICA ABREU GARCÊS"
                },
                {
                    "codigo_aluno": "240(...)29",
                    "nome_aluno": "PAUL AARON HEUMÜLLER"
                },
                {
                    "codigo_aluno": "304(...)41",
                    "nome_aluno": "PEDRO MIGUEL GONÇALVES ROSA"
                },
                {
                    "codigo_aluno": "307(...)21",
                    "nome_aluno": "RICARDO JOSÉ BATISTA ROMÃO"
                },
                {
                    "codigo_aluno": "149(...)84",
                    "nome_aluno": "RODRIGO FREITAS LUÍS"
                },
                {
                    "codigo_aluno": "309(...)80",
                    "nome_aluno": "TERESA XAVIER VARELA"
                },
                {
                    "codigo_aluno": "240(...)02",
                    "nome_aluno": "ZAMIRA BARQUERO PORRAS"
                }
            ]
        }
    ]
}