{
    "codigo_universidade": "3011",
    "nome_universidade": "3011 - Universidade de Aveiro - Instituto Superior de Contabilidade e Administração de Aveiro",
    "cursos": [
        {
            "codigo_curso": "9056",
            "nome_curso": "9056 - Contabilidade",
            "colocados": [
                {
                    "codigo_aluno": "153(...)08",
                    "nome_aluno": "AFONSO DANIEL COUTINHO E PINHO"
                },
                {
                    "codigo_aluno": "307(...)97",
                    "nome_aluno": "ALEXANDRA LOPES RODRIGUES MACEDO"
                },
                {
                    "codigo_aluno": "313(...)23",
                    "nome_aluno": "ANA FRANCISCA MORAIS DE SÁ QUEIROZ"
                },
                {
                    "codigo_aluno": "310(...)38",
                    "nome_aluno": "ANA LUÍSA TAVARES SABAT"
                },
                {
                    "codigo_aluno": "300(...)29",
                    "nome_aluno": "ANA RITA DA SILVA SERENO"
                },
                {
                    "codigo_aluno": "158(...)15",
                    "nome_aluno": "ANA SOFIA ALVES JOÃO"
                },
                {
                    "codigo_aluno": "150(...)34",
                    "nome_aluno": "ARIANA MARQUES SANTOS"
                },
                {
                    "codigo_aluno": "240(...)20",
                    "nome_aluno": "ARTUR STEPANOVYCH LYLYK"
                },
                {
                    "codigo_aluno": "303(...)44",
                    "nome_aluno": "BEATRIZ COSTA SOARES"
                },
                {
                    "codigo_aluno": "304(...)73",
                    "nome_aluno": "BEATRIZ FERREIRA MIRANDA"
                },
                {
                    "codigo_aluno": "309(...)13",
                    "nome_aluno": "BEATRIZ MATEUS FERREIRA"
                },
                {
                    "codigo_aluno": "153(...)49",
                    "nome_aluno": "BRUNA ALEXANDRA DA SILVA TEIXEIRA"
                },
                {
                    "codigo_aluno": "307(...)20",
                    "nome_aluno": "CARLOS DANIEL NEVES DOS SANTOS"
                },
                {
                    "codigo_aluno": "309(...)97",
                    "nome_aluno": "CATARINA PEREIRA CARVALHO"
                },
                {
                    "codigo_aluno": "153(...)03",
                    "nome_aluno": "CHRISTIAN LEONARDO CARRERO RODRIGUES"
                },
                {
                    "codigo_aluno": "157(...)12",
                    "nome_aluno": "CONSTANÇA DE ALMEIDA PIMENTEL"
                },
                {
                    "codigo_aluno": "306(...)89",
                    "nome_aluno": "CRISTIANA SOARES COELHO"
                },
                {
                    "codigo_aluno": "303(...)23",
                    "nome_aluno": "DINIS FERREIRA CORREIA DA SILVA"
                },
                {
                    "codigo_aluno": "154(...)81",
                    "nome_aluno": "DIOGO DOURADO E ALVELOS DA COSTA RAMALHO"
                },
                {
                    "codigo_aluno": "310(...)29",
                    "nome_aluno": "DIOGO MIGUEL NUNES REALINHO"
                },
                {
                    "codigo_aluno": "305(...)09",
                    "nome_aluno": "EMA MARINHEIRO CORREIA"
                },
                {
                    "codigo_aluno": "306(...)01",
                    "nome_aluno": "ERICA GOMES MARTINS"
                },
                {
                    "codigo_aluno": "153(...)75",
                    "nome_aluno": "ÉRICA ISABEL BARREIRAS NUNES"
                },
                {
                    "codigo_aluno": "309(...)94",
                    "nome_aluno": "FILIPA ALEXANDRA FERNANDES FERREIRA"
                },
                {
                    "codigo_aluno": "306(...)26",
                    "nome_aluno": "FRANCISCA CASTRO SANTOS"
                },
                {
                    "codigo_aluno": "307(...)45",
                    "nome_aluno": "FRANCISCO CARDOSO MARTINS CAMPOS SOARES"
                },
                {
                    "codigo_aluno": "156(...)75",
                    "nome_aluno": "FRANCISCO PASTOR PEREIRA"
                },
                {
                    "codigo_aluno": "310(...)39",
                    "nome_aluno": "GABRIEL BATISTA"
                },
                {
                    "codigo_aluno": "159(...)21",
                    "nome_aluno": "GIOVANA DOS SANTOS ALBERTO"
                },
                {
                    "codigo_aluno": "306(...)59",
                    "nome_aluno": "GONÇALO MARTINS SOUSA"
                },
                {
                    "codigo_aluno": "303(...)56",
                    "nome_aluno": "GONÇALO SOARES LIMA"
                },
                {
                    "codigo_aluno": "309(...)36",
                    "nome_aluno": "GUILHERME ANTUNES FREITAS LOUREIRO"
                },
                {
                    "codigo_aluno": "307(...)29",
                    "nome_aluno": "GUILHERME MIRANDA MONTEIRO"
                },
                {
                    "codigo_aluno": "240(...)01",
                    "nome_aluno": "HILLARY EDUARDA ARAUJO SILVA"
                },
                {
                    "codigo_aluno": "300(...)79",
                    "nome_aluno": "HUGO ANDRÉ JESUS FREITAS"
                },
                {
                    "codigo_aluno": "306(...)51",
                    "nome_aluno": "INÊS ANDRÉ CORREIA"
                },
                {
                    "codigo_aluno": "304(...)97",
                    "nome_aluno": "INES DE OLIVEIRA LIMA"
                },
                {
                    "codigo_aluno": "306(...)30",
                    "nome_aluno": "INÊS LETÍCIA GONÇALVES ANTUNES"
                },
                {
                    "codigo_aluno": "156(...)55",
                    "nome_aluno": "INÊS MARIA DE CASTRO ESTEVES NOGUEIRA DA SILVA"
                },
                {
                    "codigo_aluno": "309(...)80",
                    "nome_aluno": "INÊS MIRANDA CRAVO"
                },
                {
                    "codigo_aluno": "309(...)26",
                    "nome_aluno": "INÊS SOUSA BASTOS"
                },
                {
                    "codigo_aluno": "301(...)39",
                    "nome_aluno": "ISABEL DA SILVA NUNES"
                },
                {
                    "codigo_aluno": "304(...)98",
                    "nome_aluno": "JÉSSICA CRISTINA PINHEIRO PINTO"
                },
                {
                    "codigo_aluno": "303(...)22",
                    "nome_aluno": "JÉSSICA SUELI FERREIRA MARQUES MENDES"
                },
                {
                    "codigo_aluno": "301(...)46",
                    "nome_aluno": "JOANA FRANCISCA TEIXEIRA BARROS"
                },
                {
                    "codigo_aluno": "316(...)24",
                    "nome_aluno": "JOANA MARGARIDA SILVA LEAL"
                },
                {
                    "codigo_aluno": "303(...)82",
                    "nome_aluno": "JOÃO CARVALHO RODRIGUES"
                },
                {
                    "codigo_aluno": "314(...)26",
                    "nome_aluno": "JOÃO PEDRO FERREIRA SANTOS"
                },
                {
                    "codigo_aluno": "311(...)71",
                    "nome_aluno": "JOÃO RAFAEL ASSIS TRIGO CARRAZEDO"
                },
                {
                    "codigo_aluno": "315(...)21",
                    "nome_aluno": "JOÃO TOMÁS DA SILVA PIRES"
                },
                {
                    "codigo_aluno": "307(...)41",
                    "nome_aluno": "JORGE MARQUES BARBOSA"
                },
                {
                    "codigo_aluno": "301(...)04",
                    "nome_aluno": "JÚLIA DE TEIXEIRA E PEREIRA"
                },
                {
                    "codigo_aluno": "148(...)58",
                    "nome_aluno": "JULIANA ESTEVES RODRIGUES"
                },
                {
                    "codigo_aluno": "303(...)68",
                    "nome_aluno": "JULIANA MARIA FAUSTINO PIRES"
                },
                {
                    "codigo_aluno": "303(...)96",
                    "nome_aluno": "LARA MARGARIDA MIRANDA DA COSTA"
                },
                {
                    "codigo_aluno": "156(...)64",
                    "nome_aluno": "LAURA SOFIA FREITAS ORNELAS"
                },
                {
                    "codigo_aluno": "308(...)54",
                    "nome_aluno": "LEANDRO GONÇALVES LOBO"
                },
                {
                    "codigo_aluno": "309(...)87",
                    "nome_aluno": "LEONARDO OLIVEIRA FERREIRA"
                },
                {
                    "codigo_aluno": "316(...)55",
                    "nome_aluno": "LUANA PATRÍCIA MARTINS ALVES"
                },
                {
                    "codigo_aluno": "317(...)02",
                    "nome_aluno": "LUCAS DE JESUS BARREIRA LOURENÇO"
                },
                {
                    "codigo_aluno": "154(...)76",
                    "nome_aluno": "MANUELA MORA MENEZES LOUZAS"
                },
                {
                    "codigo_aluno": "156(...)39",
                    "nome_aluno": "MARIA JOSÉ DA COSTA VIEIRA"
                },
                {
                    "codigo_aluno": "312(...)79",
                    "nome_aluno": "MARIA MOREIRA TEIXEIRA"
                },
                {
                    "codigo_aluno": "303(...)87",
                    "nome_aluno": "MARIA VAZ SANTOS"
                },
                {
                    "codigo_aluno": "153(...)01",
                    "nome_aluno": "MARIANA GOMES DE OLIVEIRA"
                },
                {
                    "codigo_aluno": "305(...)81",
                    "nome_aluno": "MARIANA LAPA MENDES"
                },
                {
                    "codigo_aluno": "320(...)01",
                    "nome_aluno": "MARIANA NASARIO DE OLIVEIRA"
                },
                {
                    "codigo_aluno": "313(...)78",
                    "nome_aluno": "MARIANA RAQUEL DA SILVA DIAS"
                },
                {
                    "codigo_aluno": "303(...)99",
                    "nome_aluno": "MARIANA SILVA MOURA"
                },
                {
                    "codigo_aluno": "307(...)59",
                    "nome_aluno": "MATILDE SÁ RIBEIRO DA SILVA"
                },
                {
                    "codigo_aluno": "152(...)00",
                    "nome_aluno": "MATILDE VARGAS ANDRÉ"
                },
                {
                    "codigo_aluno": "302(...)29",
                    "nome_aluno": "MELISSA CRISTINA FARIA GONÇALVES"
                },
                {
                    "codigo_aluno": "329(...)92",
                    "nome_aluno": "NADINE SOLÂNGELA VARELA RAMOS"
                },
                {
                    "codigo_aluno": "309(...)51",
                    "nome_aluno": "RAFAEL JORGE LOPES TAVARES"
                },
                {
                    "codigo_aluno": "307(...)42",
                    "nome_aluno": "RAFAEL MATOS CUNHA"
                },
                {
                    "codigo_aluno": "155(...)87",
                    "nome_aluno": "RAUL PAULO GOMES PEREIRA"
                },
                {
                    "codigo_aluno": "309(...)86",
                    "nome_aluno": "RICARDO ALBERTO SOARES DA ROCHA"
                },
                {
                    "codigo_aluno": "314(...)01",
                    "nome_aluno": "RICARDO NOVAIS CARDOSO"
                },
                {
                    "codigo_aluno": "306(...)94",
                    "nome_aluno": "RODRIGO JESUS ANDRADE"
                },
                {
                    "codigo_aluno": "300(...)46",
                    "nome_aluno": "ROGÉRIO FERNANDO FERNANDES NASCIMENTO"
                },
                {
                    "codigo_aluno": "307(...)24",
                    "nome_aluno": "RUI PEDRO LOPES LEITE"
                },
                {
                    "codigo_aluno": "304(...)88",
                    "nome_aluno": "SANTIAGO SOUSA FERNANDES"
                },
                {
                    "codigo_aluno": "317(...)81",
                    "nome_aluno": "SARA PATRÍCIA ALVES MORTÁGUA"
                },
                {
                    "codigo_aluno": "152(...)32",
                    "nome_aluno": "SIMÃO BRAGANÇA ALMEIDA"
                },
                {
                    "codigo_aluno": "309(...)00",
                    "nome_aluno": "SIMAO TEIXEIRA OLIVEIRA"
                },
                {
                    "codigo_aluno": "307(...)39",
                    "nome_aluno": "SOFIA FERREIRA MALTEZ DE ASCENÇÃO MANATA"
                },
                {
                    "codigo_aluno": "316(...)77",
                    "nome_aluno": "SOFIA ISABEL LOPES FERNANDES"
                },
                {
                    "codigo_aluno": "305(...)19",
                    "nome_aluno": "SORAIA GASPAR COSTA"
                },
                {
                    "codigo_aluno": "300(...)74",
                    "nome_aluno": "TIAGO ALEXANDRE MACHADO TEIXEIRA"
                },
                {
                    "codigo_aluno": "152(...)91",
                    "nome_aluno": "TIAGO MOREIRA OLIVEIRA"
                },
                {
                    "codigo_aluno": "312(...)19",
                    "nome_aluno": "TOMÁS ALEXANDRE CARVALHO"
                },
                {
                    "codigo_aluno": "312(...)54",
                    "nome_aluno": "TOMÁS CARVALHO PAULO"
                },
                {
                    "codigo_aluno": "313(...)61",
                    "nome_aluno": "TOMÁS GRAÇA PIRES"
                },
                {
                    "codigo_aluno": "314(...)56",
                    "nome_aluno": "TOMÁS VIEIRA NOVAIS"
                },
                {
                    "codigo_aluno": "329(...)27",
                    "nome_aluno": "VICENTE ANTÔNIO NETO"
                }
            ]
        },
        {
            "codigo_curso": "9869",
            "nome_curso": "9869 - Contabilidade (regime pós-laboral)",
            "colocados": [
                {
                    "codigo_aluno": "301(...)73",
                    "nome_aluno": "AFONSO DUARTE VENTURA DA SILVA"
                },
                {
                    "codigo_aluno": "118(...)30",
                    "nome_aluno": "ALZIRA TAVARES DE ALMEIDA"
                },
                {
                    "codigo_aluno": "158(...)65",
                    "nome_aluno": "ANA BEATRIZ VALENTE PEREIRA"
                },
                {
                    "codigo_aluno": "309(...)58",
                    "nome_aluno": "ANDREIA FILIPA TEIXEIRA VIEIRA"
                },
                {
                    "codigo_aluno": "151(...)69",
                    "nome_aluno": "ARIANA RODRIGUES HENRIQUES"
                },
                {
                    "codigo_aluno": "305(...)33",
                    "nome_aluno": "ARTUR SAUVAL PEREIRA"
                },
                {
                    "codigo_aluno": "314(...)35",
                    "nome_aluno": "DINIS ROSAS RIBAU"
                },
                {
                    "codigo_aluno": "148(...)20",
                    "nome_aluno": "FABIANA FILIPA RENDEIRO PINTO"
                },
                {
                    "codigo_aluno": "313(...)70",
                    "nome_aluno": "GABRIEL MIGUEL AIRES LOPES DA SILVA FERREIRA"
                },
                {
                    "codigo_aluno": "314(...)54",
                    "nome_aluno": "GONÇALO MANUEL ROCHA CASANOVA"
                },
                {
                    "codigo_aluno": "309(...)76",
                    "nome_aluno": "INÊS VERÓNICA GODINHO CAMILER DA SILVA"
                },
                {
                    "codigo_aluno": "151(...)47",
                    "nome_aluno": "IVO CORREIA DE PAIVA NASCIMENTO FERREIRINHO"
                },
                {
                    "codigo_aluno": "309(...)70",
                    "nome_aluno": "JOÃO GUILHERME DA COSTA BAPTISTA"
                },
                {
                    "codigo_aluno": "307(...)68",
                    "nome_aluno": "LARA RAQUEL OLIVEIRA CORREIA"
                },
                {
                    "codigo_aluno": "310(...)82",
                    "nome_aluno": "LUIS CARLOS FERNANDES SILVA"
                },
                {
                    "codigo_aluno": "310(...)56",
                    "nome_aluno": "MAGDA PEREIRA PINTO"
                },
                {
                    "codigo_aluno": "307(...)47",
                    "nome_aluno": "MARGARIDA ELISA NOGUEIRA BASTOS"
                },
                {
                    "codigo_aluno": "143(...)76",
                    "nome_aluno": "MARIA JOSÉ RODRIGUES MONTEIRO"
                },
                {
                    "codigo_aluno": "240(...)13",
                    "nome_aluno": "MATHEUS CAVALCANTI BARBOSA"
                },
                {
                    "codigo_aluno": "310(...)47",
                    "nome_aluno": "RODRIGO MANUEL ALMEIDA SANTOS"
                },
                {
                    "codigo_aluno": "312(...)12",
                    "nome_aluno": "SARA MARIA SOARES ROSA CRUZ MARTINS"
                }
            ]
        },
        {
            "codigo_curso": "9140",
            "nome_curso": "9140 - Finanças",
            "colocados": [
                {
                    "codigo_aluno": "152(...)42",
                    "nome_aluno": "ALEXANDRE MACHADO DA SILVA"
                },
                {
                    "codigo_aluno": "154(...)32",
                    "nome_aluno": "ANA SOFIA MADUREIRA PINHEIRO"
                },
                {
                    "codigo_aluno": "159(...)04",
                    "nome_aluno": "ANDRÉ TIAGO PAIS PINHO"
                },
                {
                    "codigo_aluno": "303(...)67",
                    "nome_aluno": "ANTÓNIO PEDRO PEDROSA ALVES"
                },
                {
                    "codigo_aluno": "309(...)56",
                    "nome_aluno": "BEATRIZ DOS SANTOS LIMA"
                },
                {
                    "codigo_aluno": "240(...)05",
                    "nome_aluno": "DAVI SIMÕES"
                },
                {
                    "codigo_aluno": "303(...)00",
                    "nome_aluno": "GABRIELA MENDES BENTO"
                },
                {
                    "codigo_aluno": "159(...)71",
                    "nome_aluno": "GUILHERME ANDRADE MONTEIRO"
                },
                {
                    "codigo_aluno": "154(...)13",
                    "nome_aluno": "HEITOR MANUEL FERNANDES CARVALHO DE PINHO"
                },
                {
                    "codigo_aluno": "312(...)72",
                    "nome_aluno": "INÊS DUARTE PINHÃO"
                },
                {
                    "codigo_aluno": "156(...)38",
                    "nome_aluno": "INÊS SOFIA SOARES DOS SANTOS VALENTE"
                },
                {
                    "codigo_aluno": "301(...)44",
                    "nome_aluno": "ÍRIS MARTINS ROSEIRO"
                },
                {
                    "codigo_aluno": "304(...)36",
                    "nome_aluno": "JOÃO TOMÁS CARVALHO VAZ"
                },
                {
                    "codigo_aluno": "150(...)03",
                    "nome_aluno": "KARINA VLADIMIROVNA ZAPLAVA RAMINHOS REFACHO"
                },
                {
                    "codigo_aluno": "317(...)53",
                    "nome_aluno": "LETÍCIA BENEDITO GOMES"
                },
                {
                    "codigo_aluno": "150(...)57",
                    "nome_aluno": "LUÍS MIGUEL REBOUTA VENTURA"
                },
                {
                    "codigo_aluno": "309(...)40",
                    "nome_aluno": "MIGUEL PEDRO CONTENTE LOURENÇO"
                },
                {
                    "codigo_aluno": "315(...)57",
                    "nome_aluno": "MIGUEL SANTOS COSTA"
                },
                {
                    "codigo_aluno": "307(...)47",
                    "nome_aluno": "NICOLE BRIGITE RODRIGUES SOUSA"
                },
                {
                    "codigo_aluno": "152(...)99",
                    "nome_aluno": "RODRIGO PEREIRA PADEIRA"
                }
            ]
        },
        {
            "codigo_curso": "9888",
            "nome_curso": "9888 - Finanças (regime pós-laboral)",
            "colocados": [
                {
                    "codigo_aluno": "305(...)48",
                    "nome_aluno": "AFONSO DANIEL CARVALHO VILELA"
                },
                {
                    "codigo_aluno": "322(...)08",
                    "nome_aluno": "ALANA OLIVEIRA DOS SANTOS"
                },
                {
                    "codigo_aluno": "303(...)08",
                    "nome_aluno": "DANIEL COBILEAC"
                },
                {
                    "codigo_aluno": "306(...)05",
                    "nome_aluno": "DIOGO LIBERATO FALCÃO"
                },
                {
                    "codigo_aluno": "155(...)13",
                    "nome_aluno": "GABRIEL SPÍNOLA SOUSA OLIVEIRA PINTO"
                },
                {
                    "codigo_aluno": "154(...)63",
                    "nome_aluno": "GONÇALO SOARES JUBERO BELO OLIVEIRA"
                },
                {
                    "codigo_aluno": "152(...)69",
                    "nome_aluno": "IRÍS MARGARIDA CLEMENTE FERREIRA"
                },
                {
                    "codigo_aluno": "150(...)23",
                    "nome_aluno": "IVO SANTOS LOPES"
                },
                {
                    "codigo_aluno": "304(...)20",
                    "nome_aluno": "JOÃO MANUEL BARBOSA RUSSO"
                },
                {
                    "codigo_aluno": "155(...)24",
                    "nome_aluno": "JOSÉ FRANCISCO CORREIA LÓPEZ"
                },
                {
                    "codigo_aluno": "309(...)21",
                    "nome_aluno": "LARA CARVALHO GOMES"
                },
                {
                    "codigo_aluno": "311(...)36",
                    "nome_aluno": "LEONOR DUARTE COUTINHO"
                },
                {
                    "codigo_aluno": "152(...)66",
                    "nome_aluno": "LIANE ISABEL FERNANDES NORDESTE"
                },
                {
                    "codigo_aluno": "308(...)49",
                    "nome_aluno": "MARTIM MAINSEL PAIS DE SOUSA"
                },
                {
                    "codigo_aluno": "320(...)57",
                    "nome_aluno": "MIGUEL ALVES FELGUEIRAS"
                },
                {
                    "codigo_aluno": "306(...)64",
                    "nome_aluno": "MIGUEL JOSÉ PEDRO NAVALHO"
                },
                {
                    "codigo_aluno": "152(...)67",
                    "nome_aluno": "NOÉ MOTA DA SILVA"
                },
                {
                    "codigo_aluno": "324(...)10",
                    "nome_aluno": "PAOLO MIGUEL PINTO DA SILVA"
                },
                {
                    "codigo_aluno": "305(...)54",
                    "nome_aluno": "TIAGO SOARES MENDES"
                },
                {
                    "codigo_aluno": "303(...)86",
                    "nome_aluno": "TOMÁS DIAS PEREIRA"
                }
            ]
        },
        {
            "codigo_curso": "9205",
            "nome_curso": "9205 - Marketing",
            "colocados": [
                {
                    "codigo_aluno": "313(...)25",
                    "nome_aluno": "AFONSO RAMIRO DE ANDRADE DOMINGUES FERREIRA"
                },
                {
                    "codigo_aluno": "301(...)22",
                    "nome_aluno": "AMÉRICO JOSÉ CARVALHINHO DOS SANTOS"
                },
                {
                    "codigo_aluno": "309(...)95",
                    "nome_aluno": "ANA BEATRIZ CORREIA NUNES DE AZEVEDO E ANDRADE"
                },
                {
                    "codigo_aluno": "151(...)44",
                    "nome_aluno": "ANA CAROLINA DA SILVA MENDES SOUSA"
                },
                {
                    "codigo_aluno": "300(...)24",
                    "nome_aluno": "BEATRIZ MARTINS COELHO"
                },
                {
                    "codigo_aluno": "150(...)89",
                    "nome_aluno": "DIOGO JOÃO GONÇALVES ANTUNES"
                },
                {
                    "codigo_aluno": "153(...)33",
                    "nome_aluno": "FRANCISCO GUEDES CARREIRA E PIRES DA CUNHA"
                },
                {
                    "codigo_aluno": "313(...)40",
                    "nome_aluno": "GONÇALO FERREIRA VALENTE"
                },
                {
                    "codigo_aluno": "158(...)65",
                    "nome_aluno": "INES LAGES BRANCO"
                },
                {
                    "codigo_aluno": "306(...)21",
                    "nome_aluno": "IRIS ELISABETE GONÇALVES DA COSTA"
                },
                {
                    "codigo_aluno": "304(...)27",
                    "nome_aluno": "JOANA MARIA RODRIGUES MARQUES"
                },
                {
                    "codigo_aluno": "150(...)38",
                    "nome_aluno": "JOÃO MIGUEL ABREU FERNANDES"
                },
                {
                    "codigo_aluno": "318(...)28",
                    "nome_aluno": "JULIANA GOMES TEIXEIRA"
                },
                {
                    "codigo_aluno": "154(...)88",
                    "nome_aluno": "MADALENA RODRIGUES RIBEIRO"
                },
                {
                    "codigo_aluno": "309(...)07",
                    "nome_aluno": "MADALENA SILVA PICADO"
                },
                {
                    "codigo_aluno": "240(...)10",
                    "nome_aluno": "MARCELO DE ARAUJO MENDES DE OLIVEIRA"
                },
                {
                    "codigo_aluno": "301(...)58",
                    "nome_aluno": "MARGARIDA SILVA SOARES"
                },
                {
                    "codigo_aluno": "305(...)69",
                    "nome_aluno": "MARIA ANA FILIPE CARVALHO"
                },
                {
                    "codigo_aluno": "303(...)66",
                    "nome_aluno": "MARIA BEATRIZ SOARES VIEIRA"
                },
                {
                    "codigo_aluno": "153(...)84",
                    "nome_aluno": "MARIA CAROLINA DA SILVA PEREIRA CARDOSO"
                },
                {
                    "codigo_aluno": "154(...)15",
                    "nome_aluno": "MARIA LEONOR VARELA BERKELEY COTTER"
                },
                {
                    "codigo_aluno": "307(...)53",
                    "nome_aluno": "MARIA TERESA PONTVIANNE FERREIRA GUEDES DE MELO"
                },
                {
                    "codigo_aluno": "156(...)10",
                    "nome_aluno": "MARIANA CERQUEIRA MALHEIRO"
                },
                {
                    "codigo_aluno": "310(...)73",
                    "nome_aluno": "MARIANA PILAR CLARO DE ALMEIDA"
                },
                {
                    "codigo_aluno": "154(...)06",
                    "nome_aluno": "MATILDE DA SILVA ROSÁRIO VIANA"
                },
                {
                    "codigo_aluno": "318(...)68",
                    "nome_aluno": "MATILDE JESUS PEREIRA FONSECA MIRANDA"
                },
                {
                    "codigo_aluno": "153(...)44",
                    "nome_aluno": "MATILDE PINTO ROMARIGO"
                },
                {
                    "codigo_aluno": "309(...)19",
                    "nome_aluno": "RAQUEL ALEXANDRA SILVANO SOUSA"
                },
                {
                    "codigo_aluno": "305(...)38",
                    "nome_aluno": "RAQUEL GASPAR DE BARROS"
                },
                {
                    "codigo_aluno": "240(...)28",
                    "nome_aluno": "SHARON NICOLLE PARDO BARRIOS"
                },
                {
                    "codigo_aluno": "300(...)42",
                    "nome_aluno": "TIAGO NEVES MACHADO CANELAS"
                },
                {
                    "codigo_aluno": "313(...)72",
                    "nome_aluno": "TOMÁS DIAS COELHO"
                },
                {
                    "codigo_aluno": "154(...)41",
                    "nome_aluno": "VASCO MESQUITA CUNHA BRITO MENDES"
                }
            ]
        },
        {
            "codigo_curso": "8005",
            "nome_curso": "8005 - Marketing (regime pós-laboral)",
            "colocados": [
                {
                    "codigo_aluno": "302(...)62",
                    "nome_aluno": "ANA CLÁUDIA VASCONCELOS PEREIRA"
                },
                {
                    "codigo_aluno": "310(...)87",
                    "nome_aluno": "ANDREIA FIGUEIREDO GOMES"
                },
                {
                    "codigo_aluno": "147(...)14",
                    "nome_aluno": "BRUNA FERREIRA VILAR"
                },
                {
                    "codigo_aluno": "240(...)50",
                    "nome_aluno": "CAROLINE PERES LOPES RUIZ MARTINS"
                },
                {
                    "codigo_aluno": "156(...)26",
                    "nome_aluno": "CATARINA MACHADO BORRALHO"
                },
                {
                    "codigo_aluno": "302(...)90",
                    "nome_aluno": "CONSTANÇA FREITAS DE SOUSA GIL"
                },
                {
                    "codigo_aluno": "302(...)23",
                    "nome_aluno": "DANIELA FILIPA BAPTISTA RODRIGUES"
                },
                {
                    "codigo_aluno": "301(...)24",
                    "nome_aluno": "EDUARDO GABRIEL ALEGRIO E MÔSCA"
                },
                {
                    "codigo_aluno": "156(...)19",
                    "nome_aluno": "GABRIEL GOMES DE VASCONCELOS COSTA"
                },
                {
                    "codigo_aluno": "305(...)15",
                    "nome_aluno": "GABRIELA SOFIA DINIS RIBEIRO PEIXOTO MONTEIRO"
                },
                {
                    "codigo_aluno": "240(...)07",
                    "nome_aluno": "JULIA ROCHA SODRE"
                },
                {
                    "codigo_aluno": "156(...)02",
                    "nome_aluno": "LEONOR LOPES DE OLIVEIRA"
                },
                {
                    "codigo_aluno": "149(...)83",
                    "nome_aluno": "LEONOR SALGADO CARVALHO DIAS RAMALHÃO"
                },
                {
                    "codigo_aluno": "156(...)52",
                    "nome_aluno": "LUANA CUNHA CHINCALECE"
                },
                {
                    "codigo_aluno": "311(...)06",
                    "nome_aluno": "MARGARIDA DE JESUS RIBEIRO PEREIRA"
                },
                {
                    "codigo_aluno": "304(...)36",
                    "nome_aluno": "MIGUEL ROCHA FERNANDES"
                },
                {
                    "codigo_aluno": "311(...)99",
                    "nome_aluno": "NEUZA ALEXANDRA ROCHA PINTO"
                },
                {
                    "codigo_aluno": "240(...)28",
                    "nome_aluno": "ROSANA CAROLINE SILVA"
                },
                {
                    "codigo_aluno": "310(...)65",
                    "nome_aluno": "TIAGO VICENTE MARTINS DOS SANTOS PEREIRA"
                },
                {
                    "codigo_aluno": "306(...)58",
                    "nome_aluno": "VASCO TOMAS CARVALHO TAVARES DE PEREIRA PARREIRA"
                }
            ]
        }
    ]
}