{
    "codigo_universidade": "7010",
    "nome_universidade": "7010 - Universidade do Minho - Escola Superior de Enfermagem",
    "cursos": [
        {
            "codigo_curso": "9500",
            "nome_curso": "9500 - Enfermagem",
            "colocados": [
                {
                    "codigo_aluno": "308(...)31",
                    "nome_aluno": "ADRIANA BUGARIN DE OLIVEIRA"
                },
                {
                    "codigo_aluno": "154(...)91",
                    "nome_aluno": "ALEXANDRA ROCHA TEIXEIRA"
                },
                {
                    "codigo_aluno": "302(...)00",
                    "nome_aluno": "ANA BEATRIZ FERNANDES SILVA"
                },
                {
                    "codigo_aluno": "329(...)72",
                    "nome_aluno": "ANA CAROLINA VASCONCELOS CARVALHO"
                },
                {
                    "codigo_aluno": "154(...)17",
                    "nome_aluno": "ANA DE TRUTA MIRANDA E OLIVEIRA DUARTE"
                },
                {
                    "codigo_aluno": "304(...)12",
                    "nome_aluno": "ANA ELISABETE DIAS MENDES"
                },
                {
                    "codigo_aluno": "316(...)11",
                    "nome_aluno": "ANA FRANCISCA DE FREITAS NOVAIS"
                },
                {
                    "codigo_aluno": "305(...)68",
                    "nome_aluno": "ANA LAURA CABECEIRO SILVA"
                },
                {
                    "codigo_aluno": "300(...)96",
                    "nome_aluno": "ANA LUÍSA DA ROCHA FERNANDES"
                },
                {
                    "codigo_aluno": "316(...)36",
                    "nome_aluno": "ANA MARGARIDA ABREU GONÇALVES"
                },
                {
                    "codigo_aluno": "240(...)09",
                    "nome_aluno": "ANNA LUIZA ESTEVÃO"
                },
                {
                    "codigo_aluno": "156(...)75",
                    "nome_aluno": "BEATRIZ CALDEIRA ESTEVES GONÇALVES"
                },
                {
                    "codigo_aluno": "304(...)98",
                    "nome_aluno": "BEATRIZ GONÇALVES FERREIRA"
                },
                {
                    "codigo_aluno": "303(...)08",
                    "nome_aluno": "BEATRIZ GONÇALVES RIBEIRO DA SILVA"
                },
                {
                    "codigo_aluno": "155(...)48",
                    "nome_aluno": "BEATRIZ MARIA CARVALHO COELHO"
                },
                {
                    "codigo_aluno": "159(...)23",
                    "nome_aluno": "BEATRIZ MARIA MOREIRA DIAS"
                },
                {
                    "codigo_aluno": "152(...)32",
                    "nome_aluno": "BENEDITA BRAGA E SILVA"
                },
                {
                    "codigo_aluno": "304(...)73",
                    "nome_aluno": "BRUNA FERREIRA CARVALHO"
                },
                {
                    "codigo_aluno": "302(...)75",
                    "nome_aluno": "BRUNA SOFIA COSTA FERNANDES"
                },
                {
                    "codigo_aluno": "154(...)88",
                    "nome_aluno": "CAROLINA BRAGA HILÁRIO"
                },
                {
                    "codigo_aluno": "312(...)74",
                    "nome_aluno": "CAROLINA DA SILVA MARQUES"
                },
                {
                    "codigo_aluno": "301(...)36",
                    "nome_aluno": "CAROLINA SOUTO ASSUNÇÃO"
                },
                {
                    "codigo_aluno": "313(...)46",
                    "nome_aluno": "CATARINA CARVALHO CARDOSO"
                },
                {
                    "codigo_aluno": "155(...)68",
                    "nome_aluno": "DINIS JOSE SILVA REGO CALDAS"
                },
                {
                    "codigo_aluno": "309(...)28",
                    "nome_aluno": "DUARTE GONÇALVES ALBUQUERQUE COSTA"
                },
                {
                    "codigo_aluno": "159(...)42",
                    "nome_aluno": "EDUARDA BARBOSA LOUREIRO DOS SANTOS"
                },
                {
                    "codigo_aluno": "304(...)81",
                    "nome_aluno": "ÉRICA MARQUES BRAGA"
                },
                {
                    "codigo_aluno": "151(...)00",
                    "nome_aluno": "EVA SOFIA HENRIQUES DE FREITAS"
                },
                {
                    "codigo_aluno": "309(...)44",
                    "nome_aluno": "FRANCISCA COSTA MATOS"
                },
                {
                    "codigo_aluno": "300(...)79",
                    "nome_aluno": "GABRIELA RODRIGUES MANSO"
                },
                {
                    "codigo_aluno": "158(...)20",
                    "nome_aluno": "GONÇALO DINIS OLIVEIRA PINHEIRO"
                },
                {
                    "codigo_aluno": "309(...)66",
                    "nome_aluno": "GONÇALO FILIPE LAMEIRAS FERNANDES"
                },
                {
                    "codigo_aluno": "309(...)88",
                    "nome_aluno": "GONÇALO FILIPE PINHEIRO"
                },
                {
                    "codigo_aluno": "300(...)96",
                    "nome_aluno": "GUILHERME ALAN FERNANDES ABREU"
                },
                {
                    "codigo_aluno": "301(...)32",
                    "nome_aluno": "IARA CATARINA FÉLIX DO CARMO"
                },
                {
                    "codigo_aluno": "156(...)54",
                    "nome_aluno": "IARA FARIA FERNANDES"
                },
                {
                    "codigo_aluno": "309(...)04",
                    "nome_aluno": "INES COELHO DUARTE"
                },
                {
                    "codigo_aluno": "305(...)96",
                    "nome_aluno": "INÊS DANIELA ANDRADE GARRIDO"
                },
                {
                    "codigo_aluno": "152(...)15",
                    "nome_aluno": "INÊS GOMES VAZ"
                },
                {
                    "codigo_aluno": "154(...)12",
                    "nome_aluno": "INÊS JÁCOME PEREIRA FERREIRA"
                },
                {
                    "codigo_aluno": "153(...)92",
                    "nome_aluno": "INÊS MACHADO COUTO MONTEIRO"
                },
                {
                    "codigo_aluno": "153(...)08",
                    "nome_aluno": "ISA RAFAELA OLIVEIRA BARROSO"
                },
                {
                    "codigo_aluno": "155(...)76",
                    "nome_aluno": "ISMAEL JORDÃO JULIÃO"
                },
                {
                    "codigo_aluno": "309(...)79",
                    "nome_aluno": "JÉSSICA MARINA SILVA BORGES"
                },
                {
                    "codigo_aluno": "322(...)52",
                    "nome_aluno": "JESSICA STEPHANIE MATOS LIMA PINHEIRO"
                },
                {
                    "codigo_aluno": "306(...)31",
                    "nome_aluno": "JOANA FILIPA ALVES OLIVEIRA"
                },
                {
                    "codigo_aluno": "306(...)24",
                    "nome_aluno": "JOANA TEIXEIRA GOMES"
                },
                {
                    "codigo_aluno": "152(...)96",
                    "nome_aluno": "JOÃO DA COSTA MARQUES"
                },
                {
                    "codigo_aluno": "153(...)14",
                    "nome_aluno": "LARA ANA KOZA DA SILVA"
                },
                {
                    "codigo_aluno": "313(...)87",
                    "nome_aluno": "LARA BEATRIZ FARIA FERREIRA"
                },
                {
                    "codigo_aluno": "307(...)47",
                    "nome_aluno": "LARA FILIPA PINTO VEIGA"
                },
                {
                    "codigo_aluno": "154(...)85",
                    "nome_aluno": "LARA SOFIA VICENTE MEIRA"
                },
                {
                    "codigo_aluno": "305(...)72",
                    "nome_aluno": "LEANDRA FERNANDES ALVES RODRIGUES"
                },
                {
                    "codigo_aluno": "309(...)15",
                    "nome_aluno": "LUCAS DANIEL SILVA COSTA"
                },
                {
                    "codigo_aluno": "309(...)34",
                    "nome_aluno": "MARGARIDA DA SILVA FERNANDES"
                },
                {
                    "codigo_aluno": "309(...)96",
                    "nome_aluno": "MARGARIDA EIRAS FARIA"
                },
                {
                    "codigo_aluno": "315(...)00",
                    "nome_aluno": "MARGARIDA GONÇALVES MESQUITA"
                },
                {
                    "codigo_aluno": "154(...)92",
                    "nome_aluno": "MARGARIDA VIEIRA REIS"
                },
                {
                    "codigo_aluno": "303(...)37",
                    "nome_aluno": "MARIA FRANCISCA FREITAS MOREIRA"
                },
                {
                    "codigo_aluno": "308(...)56",
                    "nome_aluno": "MARIA MARGARIDA ALMEIDA CARVALHO"
                },
                {
                    "codigo_aluno": "159(...)06",
                    "nome_aluno": "MARIA NOGAL ARAÚJO"
                },
                {
                    "codigo_aluno": "152(...)78",
                    "nome_aluno": "MARIA RITA OSÓRIO ARAÚJO FERREIRA DE MELO"
                },
                {
                    "codigo_aluno": "306(...)82",
                    "nome_aluno": "MARIANA FILIPA PEREIRA FELICIDADE DE BARROS"
                },
                {
                    "codigo_aluno": "304(...)70",
                    "nome_aluno": "MARINA SOFIA AMORIM PEREIRA"
                },
                {
                    "codigo_aluno": "150(...)26",
                    "nome_aluno": "MATILDE BARROS FREITAS"
                },
                {
                    "codigo_aluno": "310(...)36",
                    "nome_aluno": "MATILDE SEMANAS FERREIRA DE MOURA"
                },
                {
                    "codigo_aluno": "157(...)17",
                    "nome_aluno": "MATILDE VALE COSTA"
                },
                {
                    "codigo_aluno": "306(...)13",
                    "nome_aluno": "NINA SOFIA COSTA DE SOUSA"
                },
                {
                    "codigo_aluno": "315(...)37",
                    "nome_aluno": "PAULA FILIPA DIAS MONTEIRO"
                },
                {
                    "codigo_aluno": "301(...)70",
                    "nome_aluno": "RAFAEL PEREIRA CARDOSO"
                },
                {
                    "codigo_aluno": "304(...)55",
                    "nome_aluno": "RAFAELA FERREIRA DE LIMA E CAMPOS"
                },
                {
                    "codigo_aluno": "151(...)88",
                    "nome_aluno": "RAQUEL MARGARIDA ARAÚJO DA SILVA"
                },
                {
                    "codigo_aluno": "310(...)85",
                    "nome_aluno": "RITA DANIELA FREITAS MACHADO"
                },
                {
                    "codigo_aluno": "309(...)83",
                    "nome_aluno": "RITA SILVA MACHADO"
                },
                {
                    "codigo_aluno": "309(...)62",
                    "nome_aluno": "SARA DE CARVALHO MESQUITA"
                },
                {
                    "codigo_aluno": "308(...)26",
                    "nome_aluno": "SARA FILIPA SILVA NEIVA"
                },
                {
                    "codigo_aluno": "149(...)28",
                    "nome_aluno": "SILVIA FILIPA PONTES DE FREITAS"
                },
                {
                    "codigo_aluno": "303(...)77",
                    "nome_aluno": "SIMÃO PEDRO LOPES PEREIRA"
                },
                {
                    "codigo_aluno": "309(...)50",
                    "nome_aluno": "SOFIA VIEIRA CARVALHO"
                },
                {
                    "codigo_aluno": "306(...)38",
                    "nome_aluno": "TANIA MARIA RIOS CARVALHO"
                }
            ]
        }
    ]
}