{
    "codigo_universidade": "3181",
    "nome_universidade": "3181 - Instituto Politécnico de Viseu - Escola Superior de Educação de Viseu",
    "cursos": [
        {
            "codigo_curso": "9681",
            "nome_curso": "9681 - Artes Performativas",
            "colocados": [
                {
                    "codigo_aluno": "313(...)79",
                    "nome_aluno": "CAROLINA SOFIA PEDROSA PIMENTA"
                },
                {
                    "codigo_aluno": "150(...)84",
                    "nome_aluno": "MARIA FRANCISCA MEDEIROS DANTAS"
                },
                {
                    "codigo_aluno": "158(...)99",
                    "nome_aluno": "MARIANA MARTINS ALMEIDA"
                },
                {
                    "codigo_aluno": "300(...)63",
                    "nome_aluno": "NUNO MIGUEL TOMÉ DOS SANTOS"
                }
            ]
        },
        {
            "codigo_curso": "9347",
            "nome_curso": "9347 - Artes Plásticas e Multimédia",
            "colocados": [
                {
                    "codigo_aluno": "159(...)77",
                    "nome_aluno": "ADRIANA SOARES DE BARROS"
                },
                {
                    "codigo_aluno": "302(...)39",
                    "nome_aluno": "ALEXIA TAVARES CARDOSO"
                },
                {
                    "codigo_aluno": "301(...)56",
                    "nome_aluno": "ALICIA SOFIA REIGADA DA COSTA"
                },
                {
                    "codigo_aluno": "312(...)30",
                    "nome_aluno": "ANA BEATRIZ SANTOS FERREIRA"
                },
                {
                    "codigo_aluno": "312(...)32",
                    "nome_aluno": "ANA FRANCISCA PINTO GRAÇA"
                },
                {
                    "codigo_aluno": "309(...)11",
                    "nome_aluno": "ANA JORGE DA VELHA BATISTA"
                },
                {
                    "codigo_aluno": "240(...)40",
                    "nome_aluno": "ANA JÚLIA DE OLIVEIRA DOS SANTOS"
                },
                {
                    "codigo_aluno": "303(...)52",
                    "nome_aluno": "ANA MARIA MOREIRA PEREIRA"
                },
                {
                    "codigo_aluno": "305(...)14",
                    "nome_aluno": "ANA RAQUEL COELHO SANTOS"
                },
                {
                    "codigo_aluno": "315(...)76",
                    "nome_aluno": "ANITA LUÍSA DOS REIS FERREIRA"
                },
                {
                    "codigo_aluno": "307(...)06",
                    "nome_aluno": "BEATRIZ MONTEIRO BRANCO"
                },
                {
                    "codigo_aluno": "325(...)14",
                    "nome_aluno": "CATARINA CUNHA SPÍNOLA DE BRITO"
                },
                {
                    "codigo_aluno": "159(...)09",
                    "nome_aluno": "CELINA ISABEL BAPTISTA HINGÁ"
                },
                {
                    "codigo_aluno": "301(...)27",
                    "nome_aluno": "CONSTANÇA CORREIA PEREIRA"
                },
                {
                    "codigo_aluno": "304(...)23",
                    "nome_aluno": "DIANA DO CARMO COSTA"
                },
                {
                    "codigo_aluno": "311(...)29",
                    "nome_aluno": "DIANA FILIPA FERREIRA SAMPAIO"
                },
                {
                    "codigo_aluno": "307(...)01",
                    "nome_aluno": "DIANA PEDRO RIBEIRO"
                },
                {
                    "codigo_aluno": "326(...)90",
                    "nome_aluno": "ELISA MARIE LOPES"
                },
                {
                    "codigo_aluno": "305(...)87",
                    "nome_aluno": "ERICA FREITAS LOPES"
                },
                {
                    "codigo_aluno": "307(...)08",
                    "nome_aluno": "GABRIEL RODRIGUES VIANA"
                },
                {
                    "codigo_aluno": "157(...)79",
                    "nome_aluno": "GABRIELA ALESSANDRA MATIAS SOARES"
                },
                {
                    "codigo_aluno": "309(...)72",
                    "nome_aluno": "JOANA ALMEIDA SOUSA"
                },
                {
                    "codigo_aluno": "315(...)29",
                    "nome_aluno": "JOANA CONCEIÇÃO FIGUEIREDO"
                },
                {
                    "codigo_aluno": "307(...)18",
                    "nome_aluno": "JOANA FILIPA OLIVEIRA DIAS"
                },
                {
                    "codigo_aluno": "152(...)47",
                    "nome_aluno": "JOANA LOPES FRANCO"
                },
                {
                    "codigo_aluno": "309(...)69",
                    "nome_aluno": "JOANA LOPES SANTOS"
                },
                {
                    "codigo_aluno": "314(...)59",
                    "nome_aluno": "JOANA VITÓRIA MARQUES MESQUITA FAIA"
                },
                {
                    "codigo_aluno": "307(...)01",
                    "nome_aluno": "LARA ALMEIDA SARAIVA"
                },
                {
                    "codigo_aluno": "306(...)39",
                    "nome_aluno": "LEONARDO MIGUEL PEYROTEO MAGALHÃES"
                },
                {
                    "codigo_aluno": "240(...)07",
                    "nome_aluno": "LUYSA SOPHIA LIMA DA SILVA"
                },
                {
                    "codigo_aluno": "306(...)89",
                    "nome_aluno": "MAFALDA MARGARIDA DIAS SANTOS"
                },
                {
                    "codigo_aluno": "330(...)03",
                    "nome_aluno": "MARIA CLARA AFONSO ROCHA CAMPOS DA COSTA"
                },
                {
                    "codigo_aluno": "240(...)21",
                    "nome_aluno": "MARIA LUÍZA MACHADO GUERREIRO"
                },
                {
                    "codigo_aluno": "303(...)76",
                    "nome_aluno": "MARIANA CRAVEIRO DOS SANTOS"
                },
                {
                    "codigo_aluno": "300(...)76",
                    "nome_aluno": "MARTA JORGE DUARTE"
                },
                {
                    "codigo_aluno": "307(...)36",
                    "nome_aluno": "MARTA SOFIA ALVES COSTA"
                },
                {
                    "codigo_aluno": "154(...)69",
                    "nome_aluno": "MATILDE CARVALHO RAMOS"
                },
                {
                    "codigo_aluno": "309(...)92",
                    "nome_aluno": "MATILDE LOPES SOUSA"
                },
                {
                    "codigo_aluno": "156(...)79",
                    "nome_aluno": "MATILDE MARINHO MATOS"
                },
                {
                    "codigo_aluno": "305(...)86",
                    "nome_aluno": "MATILDE PERDIGÃO SANTOS"
                },
                {
                    "codigo_aluno": "302(...)30",
                    "nome_aluno": "ORIANA MARIA COELHO RIBEIRO"
                },
                {
                    "codigo_aluno": "152(...)23",
                    "nome_aluno": "RAFAEL ALMEIDA GONÇALVES"
                },
                {
                    "codigo_aluno": "157(...)70",
                    "nome_aluno": "REBECA DA SILVA MORAIS"
                },
                {
                    "codigo_aluno": "159(...)62",
                    "nome_aluno": "SOFIA COUTO DE ALMEIDA"
                },
                {
                    "codigo_aluno": "154(...)59",
                    "nome_aluno": "TOMÁS GAMBOA CORREIA"
                }
            ]
        },
        {
            "codigo_curso": "9054",
            "nome_curso": "9054 - Comunicação Social",
            "colocados": [
                {
                    "codigo_aluno": "309(...)52",
                    "nome_aluno": "AFONSO MENDES MORAIS"
                },
                {
                    "codigo_aluno": "308(...)56",
                    "nome_aluno": "ÂNGELA MIGUEL ALMEIDA PAIS"
                },
                {
                    "codigo_aluno": "308(...)60",
                    "nome_aluno": "BEATRIZ CORREIA CARVALHO"
                },
                {
                    "codigo_aluno": "305(...)37",
                    "nome_aluno": "BEATRIZ ESPIRITO SANTO SEQUEIRA"
                },
                {
                    "codigo_aluno": "312(...)32",
                    "nome_aluno": "BEATRIZ FREIRE CADIMA"
                },
                {
                    "codigo_aluno": "316(...)63",
                    "nome_aluno": "BEATRIZ MARQUES ESTEVES"
                },
                {
                    "codigo_aluno": "302(...)02",
                    "nome_aluno": "BEATRIZ MARTINS SANTOS"
                },
                {
                    "codigo_aluno": "308(...)75",
                    "nome_aluno": "BEATRIZ OLIVEIRA ABREU"
                },
                {
                    "codigo_aluno": "309(...)78",
                    "nome_aluno": "CÈSAR ANDRÈ MARQUES BALDAIA"
                },
                {
                    "codigo_aluno": "153(...)34",
                    "nome_aluno": "DANIELA LEBREUX CARREIRA"
                },
                {
                    "codigo_aluno": "318(...)47",
                    "nome_aluno": "DANIELA LOUREIRO GOMES COSTA"
                },
                {
                    "codigo_aluno": "305(...)11",
                    "nome_aluno": "DIANA FILIPA RIBEIRO CARVALHO"
                },
                {
                    "codigo_aluno": "303(...)00",
                    "nome_aluno": "DIOGO MANUEL DOS SANTOS PINTO"
                },
                {
                    "codigo_aluno": "308(...)07",
                    "nome_aluno": "DIOGO RAFAEL FERREIRA LOUREIRO"
                },
                {
                    "codigo_aluno": "309(...)28",
                    "nome_aluno": "EDMUNDO ANDRÉ SOUSA"
                },
                {
                    "codigo_aluno": "305(...)77",
                    "nome_aluno": "FRANCISCO DANIEL FERRÃO BARATA MENDES ALMEIDA"
                },
                {
                    "codigo_aluno": "314(...)18",
                    "nome_aluno": "GABRIEL AMARAL DE SOUSA RUÃO"
                },
                {
                    "codigo_aluno": "307(...)56",
                    "nome_aluno": "GABRIEL REIS LOPES"
                },
                {
                    "codigo_aluno": "307(...)62",
                    "nome_aluno": "GONÇALO MACIEL SILVA"
                },
                {
                    "codigo_aluno": "306(...)23",
                    "nome_aluno": "GUILHERME DE SOUSA AGUIAR PEREIRINHA RAMALHO"
                },
                {
                    "codigo_aluno": "306(...)59",
                    "nome_aluno": "GUILHERME MARQUES PINTO"
                },
                {
                    "codigo_aluno": "157(...)54",
                    "nome_aluno": "INÊS DE ALMEIDA RAMOS"
                },
                {
                    "codigo_aluno": "157(...)37",
                    "nome_aluno": "INES NECA SOUSA"
                },
                {
                    "codigo_aluno": "309(...)64",
                    "nome_aluno": "JOANA FILIPA TEIXEIRA MONTEIRO"
                },
                {
                    "codigo_aluno": "310(...)80",
                    "nome_aluno": "JOANA FRANCISCA RODRIGUES COSTA"
                },
                {
                    "codigo_aluno": "151(...)13",
                    "nome_aluno": "JOANA LOUREIRO DA SILVA ALMEIDA"
                },
                {
                    "codigo_aluno": "300(...)04",
                    "nome_aluno": "JOANA MOLEIRO NOIVO"
                },
                {
                    "codigo_aluno": "302(...)42",
                    "nome_aluno": "LARA BIANCA DE ALMEIDA DIAS"
                },
                {
                    "codigo_aluno": "305(...)63",
                    "nome_aluno": "LEONOR DOS SANTOS ALBERNAZ"
                },
                {
                    "codigo_aluno": "304(...)87",
                    "nome_aluno": "LEONOR SIMÕES ALVES"
                },
                {
                    "codigo_aluno": "316(...)21",
                    "nome_aluno": "LEONOR SOARES AUGUSTO VITAL"
                },
                {
                    "codigo_aluno": "306(...)19",
                    "nome_aluno": "LETÍCIA FERNANDES MARQUES"
                },
                {
                    "codigo_aluno": "302(...)43",
                    "nome_aluno": "MADALENA SOFIA LOUREIRO FONSECA"
                },
                {
                    "codigo_aluno": "302(...)15",
                    "nome_aluno": "MAFALDA MARIA GUTERRES SERÔDIO"
                },
                {
                    "codigo_aluno": "154(...)35",
                    "nome_aluno": "MARGARIDA RATO RAMIRES FERNANDES"
                },
                {
                    "codigo_aluno": "307(...)66",
                    "nome_aluno": "MARIA FERNANDA OCHOA REIS"
                },
                {
                    "codigo_aluno": "306(...)16",
                    "nome_aluno": "MARIA INÊS DA SILVA PINTO"
                },
                {
                    "codigo_aluno": "153(...)93",
                    "nome_aluno": "MARIA JOÃO PINTO SILVA MARTINS"
                },
                {
                    "codigo_aluno": "314(...)71",
                    "nome_aluno": "MARIA SALOMÉ VISEU MATIAS"
                },
                {
                    "codigo_aluno": "302(...)44",
                    "nome_aluno": "MARIANA PINHO FIDALGO"
                },
                {
                    "codigo_aluno": "315(...)07",
                    "nome_aluno": "MARIANA RODRIGUES SILVA"
                },
                {
                    "codigo_aluno": "313(...)60",
                    "nome_aluno": "MÁRIO JORGE FERREIRA DE OLIVEIRA"
                },
                {
                    "codigo_aluno": "159(...)34",
                    "nome_aluno": "MATILDE BAPTISTA PIRES"
                },
                {
                    "codigo_aluno": "317(...)32",
                    "nome_aluno": "MATILDE CORREIA DOS SANTOS"
                },
                {
                    "codigo_aluno": "154(...)07",
                    "nome_aluno": "MATILDE SOUSA BRANDAO"
                },
                {
                    "codigo_aluno": "158(...)24",
                    "nome_aluno": "MIGUEL TEIXEIRA BRÁS OLIVEIRA DA CUNHA"
                },
                {
                    "codigo_aluno": "153(...)93",
                    "nome_aluno": "PATRÍCIA MONTEIRO"
                },
                {
                    "codigo_aluno": "315(...)26",
                    "nome_aluno": "PEDRO JORGE DOS SANTOS CRUZ"
                },
                {
                    "codigo_aluno": "316(...)90",
                    "nome_aluno": "RAFAEL GOUCHO GUERRA"
                },
                {
                    "codigo_aluno": "152(...)65",
                    "nome_aluno": "RAFAEL SANTOS FONSECA FARIA"
                },
                {
                    "codigo_aluno": "302(...)96",
                    "nome_aluno": "RICARDO MIGUEL GOUVEIA SANTOS"
                },
                {
                    "codigo_aluno": "154(...)17",
                    "nome_aluno": "RODRIGO GUIMARÃES MOREIRA DE OLIVEIRA"
                },
                {
                    "codigo_aluno": "316(...)54",
                    "nome_aluno": "RODRIGO JOSÉ DOS SANTOS GOUVEIA"
                },
                {
                    "codigo_aluno": "304(...)32",
                    "nome_aluno": "RODRIGO MANUEL QUINTEIRO MARQUES"
                },
                {
                    "codigo_aluno": "313(...)13",
                    "nome_aluno": "SARA NUNES MENDES"
                },
                {
                    "codigo_aluno": "159(...)30",
                    "nome_aluno": "SIMAO RAFAEL AZEVEDO FRANCISCO"
                },
                {
                    "codigo_aluno": "152(...)03",
                    "nome_aluno": "SIMÃO SOARES GOMES"
                },
                {
                    "codigo_aluno": "312(...)12",
                    "nome_aluno": "SORAIA BEATRIZ DA COSTA MEIRELES"
                },
                {
                    "codigo_aluno": "309(...)23",
                    "nome_aluno": "TERESA NARCISO JOURDAN"
                },
                {
                    "codigo_aluno": "150(...)25",
                    "nome_aluno": "TIAGO FLIN LOPES GARRIDO"
                },
                {
                    "codigo_aluno": "152(...)64",
                    "nome_aluno": "TIAGO MANUEL FERREIRA DE SILVA"
                },
                {
                    "codigo_aluno": "152(...)89",
                    "nome_aluno": "TIAGO MONTEIRO PINHEIRO"
                },
                {
                    "codigo_aluno": "154(...)32",
                    "nome_aluno": "TOMÁS MARIA VIGÁRIO FERREIRA BAILA"
                },
                {
                    "codigo_aluno": "155(...)01",
                    "nome_aluno": "TOMÁS SILVA DE ALMEIDA"
                }
            ]
        },
        {
            "codigo_curso": "9850",
            "nome_curso": "9850 - Desporto e Atividade Física",
            "colocados": [
                {
                    "codigo_aluno": "307(...)70",
                    "nome_aluno": "ANA LÚCIA NEVES PEREIRA"
                },
                {
                    "codigo_aluno": "316(...)07",
                    "nome_aluno": "CLÁUDIO MIGUEL DOS SANTOS ALMEIDA"
                },
                {
                    "codigo_aluno": "152(...)17",
                    "nome_aluno": "DINIS MIGUEL PINA MOURA"
                },
                {
                    "codigo_aluno": "157(...)34",
                    "nome_aluno": "DIOGO ALEXANDRE MAGALHÃES SOARES"
                },
                {
                    "codigo_aluno": "153(...)05",
                    "nome_aluno": "EDUARDO MIGUEL DE OLIVEIRA GONÇALVES"
                },
                {
                    "codigo_aluno": "315(...)98",
                    "nome_aluno": "FRANCISCO JOAO MARTINS MIRANDA"
                },
                {
                    "codigo_aluno": "310(...)51",
                    "nome_aluno": "GONÇALO BETTENCOURT MARTINS CARDOSO"
                },
                {
                    "codigo_aluno": "309(...)74",
                    "nome_aluno": "GONÇALO PAIVA NOGUEIRA"
                },
                {
                    "codigo_aluno": "154(...)69",
                    "nome_aluno": "JOAO CARLOS RIBEIRO SILVA"
                },
                {
                    "codigo_aluno": "310(...)68",
                    "nome_aluno": "JOÃO PAULO SILVA PEREIRA"
                },
                {
                    "codigo_aluno": "311(...)79",
                    "nome_aluno": "JOÃO PEDRO MARQUES PINHO"
                },
                {
                    "codigo_aluno": "307(...)91",
                    "nome_aluno": "JOÃO REGALADO FERREIRA ALVES"
                },
                {
                    "codigo_aluno": "153(...)44",
                    "nome_aluno": "JUVENAL FRAGA ESTEVES"
                },
                {
                    "codigo_aluno": "309(...)40",
                    "nome_aluno": "LEANDRO ANDRÉ DE SOUSA SILVA"
                },
                {
                    "codigo_aluno": "152(...)17",
                    "nome_aluno": "LUCAS DAMIAN VAN OSCH NOVAIS"
                },
                {
                    "codigo_aluno": "303(...)85",
                    "nome_aluno": "MARGARIDA MARQUES CARVALHO VIANA RODRIGUES"
                },
                {
                    "codigo_aluno": "305(...)23",
                    "nome_aluno": "MARIA JOÃO BARTOLO ALBUQUERQUE"
                },
                {
                    "codigo_aluno": "311(...)63",
                    "nome_aluno": "MARIANA NEVES SILVA PEREIRA"
                },
                {
                    "codigo_aluno": "152(...)51",
                    "nome_aluno": "MARTIM LOPES SIMÕES"
                },
                {
                    "codigo_aluno": "151(...)52",
                    "nome_aluno": "MATEUS ALVES DA CONCEIÇÃO"
                },
                {
                    "codigo_aluno": "314(...)47",
                    "nome_aluno": "MATILDE MARQUES COSTA"
                },
                {
                    "codigo_aluno": "151(...)94",
                    "nome_aluno": "MICAEL FILIPE SANTOS CUNHA"
                },
                {
                    "codigo_aluno": "300(...)41",
                    "nome_aluno": "NICOLE SOFIA OLIVEIRA PINHO"
                },
                {
                    "codigo_aluno": "315(...)59",
                    "nome_aluno": "NUNO ALFREDO SALDANHA SOBRAL REBELO COTTA"
                },
                {
                    "codigo_aluno": "147(...)96",
                    "nome_aluno": "PEDRO DANIEL BAPTISTA PEREIRA"
                },
                {
                    "codigo_aluno": "159(...)89",
                    "nome_aluno": "PEDRO MANUEL BORGES OLIVEIRA"
                },
                {
                    "codigo_aluno": "304(...)13",
                    "nome_aluno": "RAFAEL PEREIRA GOUVEIA"
                },
                {
                    "codigo_aluno": "300(...)03",
                    "nome_aluno": "RICARDO FONSECA OLIVEIRA"
                },
                {
                    "codigo_aluno": "150(...)30",
                    "nome_aluno": "RODRIGO DOS SANTOS SIMÕES"
                },
                {
                    "codigo_aluno": "315(...)39",
                    "nome_aluno": "RODRIGO FILIPE BORGES BOTELHO"
                },
                {
                    "codigo_aluno": "156(...)56",
                    "nome_aluno": "RODRIGO JOSÉ TAVARES RAMOS"
                },
                {
                    "codigo_aluno": "305(...)05",
                    "nome_aluno": "RODRIGO MATOS RODRIGUES"
                },
                {
                    "codigo_aluno": "300(...)94",
                    "nome_aluno": "RODRIGO MIGUEL CORREIA DE GOIS"
                },
                {
                    "codigo_aluno": "314(...)61",
                    "nome_aluno": "SANTIAGO BONITO GOMES"
                },
                {
                    "codigo_aluno": "303(...)15",
                    "nome_aluno": "SANTIAGO SOL LOPES FERNANDES"
                },
                {
                    "codigo_aluno": "309(...)83",
                    "nome_aluno": "SIMAO ALMEIDA GOMES"
                },
                {
                    "codigo_aluno": "153(...)29",
                    "nome_aluno": "SIMÃO PEDRO DOS SANTOS FERREIRA"
                }
            ]
        },
        {
            "codigo_curso": "9853",
            "nome_curso": "9853 - Educação Básica",
            "colocados": [
                {
                    "codigo_aluno": "307(...)03",
                    "nome_aluno": "ALEXANDRA SOFIA LOPES RANITO"
                },
                {
                    "codigo_aluno": "304(...)66",
                    "nome_aluno": "ANA CARLOTA FILIPE RAPOSO PEIXOTO SANTOS"
                },
                {
                    "codigo_aluno": "159(...)30",
                    "nome_aluno": "ANA DE SOUSA FERREIRA"
                },
                {
                    "codigo_aluno": "307(...)65",
                    "nome_aluno": "ANA FRANCISCA FONSECA SARAIVA"
                },
                {
                    "codigo_aluno": "306(...)84",
                    "nome_aluno": "ANA JÚLIA CAPELA PINTO"
                },
                {
                    "codigo_aluno": "300(...)80",
                    "nome_aluno": "ANA RAQUEL FERREIRA PEREIRA"
                },
                {
                    "codigo_aluno": "315(...)73",
                    "nome_aluno": "ANDREIA FILIPA CARVALHO ESTEVES"
                },
                {
                    "codigo_aluno": "305(...)04",
                    "nome_aluno": "BEATRIZ BATISTA JANUÁRIO DE CARVALHO"
                },
                {
                    "codigo_aluno": "306(...)06",
                    "nome_aluno": "BEATRIZ DE ALMEIDA SÁ"
                },
                {
                    "codigo_aluno": "306(...)22",
                    "nome_aluno": "BEATRIZ FERREIRA CARDOSO"
                },
                {
                    "codigo_aluno": "302(...)31",
                    "nome_aluno": "BEATRIZ MERINO COUTO"
                },
                {
                    "codigo_aluno": "301(...)05",
                    "nome_aluno": "BEATRIZ SOUSA NÉRI"
                },
                {
                    "codigo_aluno": "306(...)10",
                    "nome_aluno": "CARINA ISABEL FERNANDES MARTINS"
                },
                {
                    "codigo_aluno": "149(...)39",
                    "nome_aluno": "CATARINA SOARES GODINHO"
                },
                {
                    "codigo_aluno": "304(...)22",
                    "nome_aluno": "DANIELA FILIPA SANTOS LOPES"
                },
                {
                    "codigo_aluno": "308(...)73",
                    "nome_aluno": "DIANA SOFIA DE ALMEIDA PINTO"
                },
                {
                    "codigo_aluno": "309(...)36",
                    "nome_aluno": "FRANCISCA OLIVEIRA PAIVA"
                },
                {
                    "codigo_aluno": "309(...)93",
                    "nome_aluno": "GABRIELA PEREIRA NEVES"
                },
                {
                    "codigo_aluno": "308(...)07",
                    "nome_aluno": "INÊS ESTEVES AMARAL"
                },
                {
                    "codigo_aluno": "302(...)15",
                    "nome_aluno": "INÊS FILIPA LOURENÇO DA COSTA"
                },
                {
                    "codigo_aluno": "301(...)66",
                    "nome_aluno": "IRIS COSTA FERREIRA"
                },
                {
                    "codigo_aluno": "155(...)44",
                    "nome_aluno": "IRIS GONÇALVES CRAVO"
                },
                {
                    "codigo_aluno": "155(...)90",
                    "nome_aluno": "IRIS SANTOS CUNHA"
                },
                {
                    "codigo_aluno": "307(...)90",
                    "nome_aluno": "JÉSSICA RAFAELA SIMÕES SANTOS"
                },
                {
                    "codigo_aluno": "158(...)90",
                    "nome_aluno": "JULIA SOUTO COSTA"
                },
                {
                    "codigo_aluno": "153(...)90",
                    "nome_aluno": "JÚLIO CESAR LEAL LOZANO MATOS"
                },
                {
                    "codigo_aluno": "315(...)36",
                    "nome_aluno": "LARA FABIANA RIBEIRO PEREIRA"
                },
                {
                    "codigo_aluno": "159(...)53",
                    "nome_aluno": "LARA FABIANA SOUSA GOMES"
                },
                {
                    "codigo_aluno": "305(...)01",
                    "nome_aluno": "LARA SOFIA TAVARES SILVA"
                },
                {
                    "codigo_aluno": "316(...)00",
                    "nome_aluno": "LEONOR RIBEIRO ISABEL"
                },
                {
                    "codigo_aluno": "306(...)84",
                    "nome_aluno": "LEONOR RODRIGUES CALDEIRA"
                },
                {
                    "codigo_aluno": "309(...)57",
                    "nome_aluno": "LETÍCIA OLIVEIRA PEREIRA"
                },
                {
                    "codigo_aluno": "303(...)15",
                    "nome_aluno": "LUANA FERREIRA DA COSTA"
                },
                {
                    "codigo_aluno": "309(...)37",
                    "nome_aluno": "MAFALDA MARTINS LUÍS DE ALMEIDA PEIXOTO"
                },
                {
                    "codigo_aluno": "309(...)51",
                    "nome_aluno": "MARGARIDA SERRANO DE ALMEIDA SIMÕES"
                },
                {
                    "codigo_aluno": "310(...)97",
                    "nome_aluno": "MARGARIDA SIMÕES ALMEIDA"
                },
                {
                    "codigo_aluno": "307(...)92",
                    "nome_aluno": "MARGARIDA VASCONCELOS BICA CARVALHO"
                },
                {
                    "codigo_aluno": "308(...)59",
                    "nome_aluno": "MARIA ADÃO GONÇALVES FERREIRA"
                },
                {
                    "codigo_aluno": "153(...)45",
                    "nome_aluno": "MARIA GONÇALVES FERREIRA"
                },
                {
                    "codigo_aluno": "305(...)24",
                    "nome_aluno": "MARIA INÊS SANTOS RODRIGUES"
                },
                {
                    "codigo_aluno": "308(...)24",
                    "nome_aluno": "MARIA JOÃO DIAS ABREU"
                },
                {
                    "codigo_aluno": "305(...)22",
                    "nome_aluno": "MARIA JOÃO OLIVEIRA SILVA"
                },
                {
                    "codigo_aluno": "302(...)79",
                    "nome_aluno": "MARIA JOAO SANTOS GONÇALVES"
                },
                {
                    "codigo_aluno": "305(...)45",
                    "nome_aluno": "MARIA MANUEL CARRINHO FERREIRA"
                },
                {
                    "codigo_aluno": "307(...)63",
                    "nome_aluno": "MARIA MORGADO E COSTA"
                },
                {
                    "codigo_aluno": "311(...)47",
                    "nome_aluno": "MARIANA FERNANDES GOUVEIA"
                },
                {
                    "codigo_aluno": "318(...)28",
                    "nome_aluno": "MARIANA FILIPA SILVA MARQUES"
                },
                {
                    "codigo_aluno": "309(...)85",
                    "nome_aluno": "MARIANA NERI PEREIRA"
                },
                {
                    "codigo_aluno": "152(...)41",
                    "nome_aluno": "MATILDE COSTA DIAS"
                },
                {
                    "codigo_aluno": "310(...)51",
                    "nome_aluno": "MATILDE ROCHA PAULA"
                },
                {
                    "codigo_aluno": "159(...)00",
                    "nome_aluno": "SOFIA DA SILVA BARROS"
                },
                {
                    "codigo_aluno": "310(...)68",
                    "nome_aluno": "TOMÁS SILVA FERREIRA"
                }
            ]
        },
        {
            "codigo_curso": "9084",
            "nome_curso": "9084 - Educação Social",
            "colocados": [
                {
                    "codigo_aluno": "309(...)45",
                    "nome_aluno": "AFONSO DINIS CARVALHO FIGUEIREDO"
                },
                {
                    "codigo_aluno": "303(...)65",
                    "nome_aluno": "AFONSO MOTA SILVA"
                },
                {
                    "codigo_aluno": "309(...)44",
                    "nome_aluno": "AFONSO SILVA GONÇALVES"
                },
                {
                    "codigo_aluno": "240(...)02",
                    "nome_aluno": "AGHATHA KIMBERLYN SOUZA DA SILVA"
                },
                {
                    "codigo_aluno": "308(...)82",
                    "nome_aluno": "ALEXANDRINA LOPES ALMEIDA"
                },
                {
                    "codigo_aluno": "306(...)80",
                    "nome_aluno": "ANA FILIPA RODRIGUES MARTINS"
                },
                {
                    "codigo_aluno": "303(...)06",
                    "nome_aluno": "ANA FRANCISCA ALMEIDA FERREIRA"
                },
                {
                    "codigo_aluno": "308(...)93",
                    "nome_aluno": "ANA LUCIA OLIVEIRA BASTOS"
                },
                {
                    "codigo_aluno": "307(...)16",
                    "nome_aluno": "ANA LUÍSA PINTO APOLINÁRIO"
                },
                {
                    "codigo_aluno": "312(...)67",
                    "nome_aluno": "ANA LUÍSA RODRIGUES PINTO"
                },
                {
                    "codigo_aluno": "304(...)02",
                    "nome_aluno": "ANA MARIANA CARVALHO CRUZ"
                },
                {
                    "codigo_aluno": "309(...)79",
                    "nome_aluno": "ANA MIGUEL NASCIMENTO RIBEIRO"
                },
                {
                    "codigo_aluno": "311(...)94",
                    "nome_aluno": "ANA SOFIA DA CUNHA TRINDADE"
                },
                {
                    "codigo_aluno": "308(...)86",
                    "nome_aluno": "BÁRBARA CARINA MINISTRO FIGUEIREDO"
                },
                {
                    "codigo_aluno": "158(...)73",
                    "nome_aluno": "BÁRBARA SIMÕES DA SILVA"
                },
                {
                    "codigo_aluno": "313(...)21",
                    "nome_aluno": "BEATRIZ ALEXANDRA DOMINGUES DOS SANTOS"
                },
                {
                    "codigo_aluno": "312(...)97",
                    "nome_aluno": "BEATRIZ DE MELO MARTINS"
                },
                {
                    "codigo_aluno": "309(...)30",
                    "nome_aluno": "BEATRIZ DOS SANTOS MARQUES"
                },
                {
                    "codigo_aluno": "153(...)93",
                    "nome_aluno": "BEATRIZ FILIPA BELDADE SANTOS"
                },
                {
                    "codigo_aluno": "314(...)05",
                    "nome_aluno": "BEATRIZ MARIA BERNARDO GONÇALVES"
                },
                {
                    "codigo_aluno": "157(...)26",
                    "nome_aluno": "BEATRIZ SOUSA MARQUES"
                },
                {
                    "codigo_aluno": "240(...)10",
                    "nome_aluno": "BIANCA MULIM FLORENCIO"
                },
                {
                    "codigo_aluno": "305(...)47",
                    "nome_aluno": "CAROLINA FERREIRA PERRE LIMA"
                },
                {
                    "codigo_aluno": "312(...)72",
                    "nome_aluno": "CAROLINA GOMES NUNES"
                },
                {
                    "codigo_aluno": "301(...)36",
                    "nome_aluno": "CASSANDRA SAMÕES MATEUS"
                },
                {
                    "codigo_aluno": "307(...)24",
                    "nome_aluno": "DIOGO ANDRÉ DA COSTA RODRIGUES"
                },
                {
                    "codigo_aluno": "307(...)42",
                    "nome_aluno": "EDUARDA SANTOS NEVES"
                },
                {
                    "codigo_aluno": "309(...)99",
                    "nome_aluno": "FILIPA SANTOS MELO"
                },
                {
                    "codigo_aluno": "300(...)28",
                    "nome_aluno": "FLAVIA DANIELA RIBEIRO DE OLIVEIRA"
                },
                {
                    "codigo_aluno": "305(...)02",
                    "nome_aluno": "FLAVIA MATINHAS PEREIRA"
                },
                {
                    "codigo_aluno": "159(...)91",
                    "nome_aluno": "FRANCISCA LOPES SILVA"
                },
                {
                    "codigo_aluno": "316(...)46",
                    "nome_aluno": "FRANCISCO MARQUES ALVES"
                },
                {
                    "codigo_aluno": "306(...)49",
                    "nome_aluno": "GABRIELA CRISTINA DA SILVA MARTINS"
                },
                {
                    "codigo_aluno": "305(...)25",
                    "nome_aluno": "GONÇALO MANUEL LUCAS RIBEIRO"
                },
                {
                    "codigo_aluno": "315(...)22",
                    "nome_aluno": "GUILHERME CORTE REAL DA CRUZ"
                },
                {
                    "codigo_aluno": "314(...)71",
                    "nome_aluno": "GUILHERME MARTINS AMORIM"
                },
                {
                    "codigo_aluno": "312(...)17",
                    "nome_aluno": "GUILHERME NEVES DO ROSARIO"
                },
                {
                    "codigo_aluno": "151(...)03",
                    "nome_aluno": "HELENA LARANJO SILVA FERREIRA"
                },
                {
                    "codigo_aluno": "158(...)90",
                    "nome_aluno": "INÊS ATAÍDE GUERNER"
                },
                {
                    "codigo_aluno": "309(...)14",
                    "nome_aluno": "INÊS DA SILVA CASTRO"
                },
                {
                    "codigo_aluno": "152(...)40",
                    "nome_aluno": "ÍRIS MARISA INÁCIO GONÇALVES"
                },
                {
                    "codigo_aluno": "317(...)55",
                    "nome_aluno": "JOANA MARGARIDA GOMES PEREIRA"
                },
                {
                    "codigo_aluno": "159(...)98",
                    "nome_aluno": "JOANA SOFIA SANTOS RODRIGUES"
                },
                {
                    "codigo_aluno": "156(...)44",
                    "nome_aluno": "JOÃO CARLOS FONSECA FERREIRA DE CASTRO"
                },
                {
                    "codigo_aluno": "314(...)07",
                    "nome_aluno": "JÚLIA CARVALHO GONÇALVES RIQUITO"
                },
                {
                    "codigo_aluno": "304(...)43",
                    "nome_aluno": "LARA BORGES SANTOS"
                },
                {
                    "codigo_aluno": "309(...)41",
                    "nome_aluno": "LEONOR ISABEL OLIVEIRA TAVARES"
                },
                {
                    "codigo_aluno": "302(...)38",
                    "nome_aluno": "LEONOR JERÓNIMO MOUTINHO"
                },
                {
                    "codigo_aluno": "313(...)03",
                    "nome_aluno": "LEONOR TEIXEIRA DOS SANTOS"
                },
                {
                    "codigo_aluno": "309(...)29",
                    "nome_aluno": "LETICIA ISABEL JUSTO LUIS"
                },
                {
                    "codigo_aluno": "304(...)05",
                    "nome_aluno": "LETÍCIA ISABEL MOUTINHO PONCIANO"
                },
                {
                    "codigo_aluno": "302(...)00",
                    "nome_aluno": "LILIANA MELO PAIS"
                },
                {
                    "codigo_aluno": "307(...)61",
                    "nome_aluno": "LÚCIA ANDREIA MONTEIRO DUARTE"
                },
                {
                    "codigo_aluno": "314(...)62",
                    "nome_aluno": "LUCIANA MARIA VIEIRA DOS SANTOS"
                },
                {
                    "codigo_aluno": "305(...)28",
                    "nome_aluno": "MAFALDA RAQUEL ALMEIDA FIGUEIREDO"
                },
                {
                    "codigo_aluno": "304(...)91",
                    "nome_aluno": "MARA CONCEIÇÃO DOS SANTOS GOMES"
                },
                {
                    "codigo_aluno": "157(...)32",
                    "nome_aluno": "MARIA LUISA XAVIER COSTA SANTOS"
                },
                {
                    "codigo_aluno": "316(...)84",
                    "nome_aluno": "MARIANA CABRAL ABREU"
                },
                {
                    "codigo_aluno": "151(...)05",
                    "nome_aluno": "RAFAELA FILIPA ABREU DA COSTA"
                },
                {
                    "codigo_aluno": "315(...)96",
                    "nome_aluno": "RICARDO VASCONCELOS BRANDÃO"
                },
                {
                    "codigo_aluno": "304(...)38",
                    "nome_aluno": "SARA ROCHA GAMEIRO"
                },
                {
                    "codigo_aluno": "154(...)07",
                    "nome_aluno": "TATIANA CARDOSO PINTO"
                },
                {
                    "codigo_aluno": "314(...)10",
                    "nome_aluno": "VANESSA FILIPA PINTO CARDOSO"
                },
                {
                    "codigo_aluno": "152(...)11",
                    "nome_aluno": "VERÓNICA DIAS KUMPAN"
                }
            ]
        },
        {
            "codigo_curso": "9930",
            "nome_curso": "9930 - Publicidade e Relações Públicas",
            "colocados": [
                {
                    "codigo_aluno": "149(...)87",
                    "nome_aluno": "AGNES RAQUEL DE SOUSA COELHO ZIMBA"
                },
                {
                    "codigo_aluno": "314(...)41",
                    "nome_aluno": "ALEXANDRE DA ROCHA E SILVA"
                },
                {
                    "codigo_aluno": "311(...)17",
                    "nome_aluno": "ANA BEATRIZ GONÇALVES PESTANA"
                },
                {
                    "codigo_aluno": "159(...)34",
                    "nome_aluno": "ANA CAROLINA CORREIA PEREIRA"
                },
                {
                    "codigo_aluno": "314(...)12",
                    "nome_aluno": "ANA CAROLINA MACEDO FERREIRA"
                },
                {
                    "codigo_aluno": "300(...)80",
                    "nome_aluno": "ANA LUÍSA ALMEIDA FRAGA"
                },
                {
                    "codigo_aluno": "300(...)51",
                    "nome_aluno": "ANDREIA ALEXANDRA DA SILVA MACHADO"
                },
                {
                    "codigo_aluno": "314(...)86",
                    "nome_aluno": "ANDREIA FILIPA MARQUES MIRA"
                },
                {
                    "codigo_aluno": "303(...)67",
                    "nome_aluno": "BÁRBARA FONSECA PAIXÃO GALVÃO"
                },
                {
                    "codigo_aluno": "154(...)63",
                    "nome_aluno": "BEATRIZ LUANA SILVA MARQUES"
                },
                {
                    "codigo_aluno": "310(...)20",
                    "nome_aluno": "BEATRIZ SERENO TAIPINA"
                },
                {
                    "codigo_aluno": "240(...)09",
                    "nome_aluno": "BERNARDO ARAGÃO MOREIRA LIMA"
                },
                {
                    "codigo_aluno": "309(...)95",
                    "nome_aluno": "BERNARDO MARQUES CORTEZ"
                },
                {
                    "codigo_aluno": "149(...)02",
                    "nome_aluno": "BRUNA FILIPA FERNANDES SILVA"
                },
                {
                    "codigo_aluno": "304(...)90",
                    "nome_aluno": "BRUNA RAQUEL GOMES SOARES"
                },
                {
                    "codigo_aluno": "315(...)02",
                    "nome_aluno": "CAROLINA MARQUES RAMOS"
                },
                {
                    "codigo_aluno": "316(...)64",
                    "nome_aluno": "CHEILA MARIA CORREIA PEREIRA"
                },
                {
                    "codigo_aluno": "301(...)27",
                    "nome_aluno": "CONSTANÇA PAIS PEREIRA MARTINS NORTON"
                },
                {
                    "codigo_aluno": "305(...)22",
                    "nome_aluno": "DIANA CAROLINA FERREIRA MARTINS"
                },
                {
                    "codigo_aluno": "305(...)84",
                    "nome_aluno": "DIANA PINTO MOREIRA"
                },
                {
                    "codigo_aluno": "315(...)30",
                    "nome_aluno": "DIANA SOARES GONÇALVES"
                },
                {
                    "codigo_aluno": "158(...)19",
                    "nome_aluno": "DILAN QUEIRÓS RAMALHO"
                },
                {
                    "codigo_aluno": "312(...)47",
                    "nome_aluno": "DINIS HENRIQUE BATISTA AZEVEDO"
                },
                {
                    "codigo_aluno": "302(...)26",
                    "nome_aluno": "DIOGO MAGALHÃES REMUGE"
                },
                {
                    "codigo_aluno": "310(...)05",
                    "nome_aluno": "DYLAN ALEXANDER VEIGA"
                },
                {
                    "codigo_aluno": "307(...)06",
                    "nome_aluno": "FRANCISCO DUARTE MENDES PINTO"
                },
                {
                    "codigo_aluno": "306(...)13",
                    "nome_aluno": "FRANCISCO JOÃO DA CRUZ RODRIGUES"
                },
                {
                    "codigo_aluno": "304(...)60",
                    "nome_aluno": "FRANCISCO JOSE XAVIER SILVA"
                },
                {
                    "codigo_aluno": "304(...)21",
                    "nome_aluno": "HELENA FÉLIX RODRIGUES NETO"
                },
                {
                    "codigo_aluno": "303(...)08",
                    "nome_aluno": "HELENA HASSE SIMÕES"
                },
                {
                    "codigo_aluno": "314(...)39",
                    "nome_aluno": "INÊS ALMEIDA COSTA"
                },
                {
                    "codigo_aluno": "305(...)64",
                    "nome_aluno": "INÊS FERREIRA LOUREIRO"
                },
                {
                    "codigo_aluno": "314(...)91",
                    "nome_aluno": "INÊS MARGARIDA ANTÓNIO PINTO"
                },
                {
                    "codigo_aluno": "306(...)59",
                    "nome_aluno": "JÉSSICA CARVALHO MARQUES"
                },
                {
                    "codigo_aluno": "306(...)76",
                    "nome_aluno": "JOANA DANIEL COITO"
                },
                {
                    "codigo_aluno": "300(...)71",
                    "nome_aluno": "JOÃO ANTÓNIO MOREIRA RIANÇO"
                },
                {
                    "codigo_aluno": "308(...)21",
                    "nome_aluno": "JOÃO GOMES DE SÁ OLIVEIRA"
                },
                {
                    "codigo_aluno": "154(...)56",
                    "nome_aluno": "LEONOR SIMÕES SALVADOR"
                },
                {
                    "codigo_aluno": "154(...)87",
                    "nome_aluno": "LEONOR ZARRO FORMIGA"
                },
                {
                    "codigo_aluno": "305(...)94",
                    "nome_aluno": "LETÍCIA DUARTE MENDES"
                },
                {
                    "codigo_aluno": "156(...)04",
                    "nome_aluno": "LETICIA FREIRE NEVES"
                },
                {
                    "codigo_aluno": "300(...)42",
                    "nome_aluno": "MÁRCIA RAQUEL RIBEIRO LONGA"
                },
                {
                    "codigo_aluno": "309(...)50",
                    "nome_aluno": "MARGARIDA PINTO PINA"
                },
                {
                    "codigo_aluno": "157(...)80",
                    "nome_aluno": "MARGARIDA SIMÕES ANTUNES"
                },
                {
                    "codigo_aluno": "302(...)03",
                    "nome_aluno": "MARIA INÊS FÉLIX DUARTE PACHECO"
                },
                {
                    "codigo_aluno": "307(...)27",
                    "nome_aluno": "MARIA MERCEDES CUNHA GUIMARÃES TEIXEIRA"
                },
                {
                    "codigo_aluno": "157(...)85",
                    "nome_aluno": "MARIANA ALMEIDA DA SILVA"
                },
                {
                    "codigo_aluno": "159(...)35",
                    "nome_aluno": "MARIANA DURAES CARVALHO"
                },
                {
                    "codigo_aluno": "332(...)17",
                    "nome_aluno": "MARIANA LIMA OLIVEIRA"
                },
                {
                    "codigo_aluno": "312(...)46",
                    "nome_aluno": "MARIANA MORGADO ABREU"
                },
                {
                    "codigo_aluno": "310(...)61",
                    "nome_aluno": "MARIANA RAQUEL PEREIRA D´ OLIVEIRA"
                },
                {
                    "codigo_aluno": "306(...)67",
                    "nome_aluno": "MARTA ALMEIDA SOUSA"
                },
                {
                    "codigo_aluno": "154(...)59",
                    "nome_aluno": "MARTIM JÚLIO TELES DE SOUSA"
                },
                {
                    "codigo_aluno": "157(...)21",
                    "nome_aluno": "MATILDE ADAMSON CAMEIRÃO DIAS"
                },
                {
                    "codigo_aluno": "314(...)68",
                    "nome_aluno": "MATILDE OLIVEIRA SANTOS"
                },
                {
                    "codigo_aluno": "157(...)06",
                    "nome_aluno": "MATILDE SIMÕES ANTUNES"
                },
                {
                    "codigo_aluno": "308(...)86",
                    "nome_aluno": "MIGUEL FILIPE SERRÃO FIGUEIREDO"
                },
                {
                    "codigo_aluno": "306(...)66",
                    "nome_aluno": "RAQUEL MARIA SANTOS SOUSA"
                },
                {
                    "codigo_aluno": "150(...)05",
                    "nome_aluno": "RITA BABEL RIBEIRO RANCHORDAS"
                },
                {
                    "codigo_aluno": "159(...)42",
                    "nome_aluno": "RODRIGO ABRANCHES AGUIAR LOUREIRO MORAIS SAMPAIO"
                },
                {
                    "codigo_aluno": "300(...)43",
                    "nome_aluno": "RODRIGO GOMES BATISTA"
                },
                {
                    "codigo_aluno": "315(...)44",
                    "nome_aluno": "RODRIGO MANUEL OLIVEIRA SANTOS"
                },
                {
                    "codigo_aluno": "305(...)91",
                    "nome_aluno": "SARA SANTOS FRIAS"
                },
                {
                    "codigo_aluno": "308(...)57",
                    "nome_aluno": "SIMÃO MIGUEL PEREIRA CABRAL"
                },
                {
                    "codigo_aluno": "306(...)99",
                    "nome_aluno": "SOFIA FERNANDES SILVA"
                },
                {
                    "codigo_aluno": "240(...)08",
                    "nome_aluno": "THARCIO CERQUEIRA PORFIRIO"
                },
                {
                    "codigo_aluno": "308(...)65",
                    "nome_aluno": "TOMÁS GASPAR NOGUEIRA"
                },
                {
                    "codigo_aluno": "310(...)90",
                    "nome_aluno": "TOMÁS PEDROSO COSTA"
                }
            ]
        }
    ]
}