{
    "codigo_universidade": "7020",
    "nome_universidade": "7020 - Instituto Politécnico de Castelo Branco - Escola Superior de Saúde Dr. Lopes Dias",
    "cursos": [
        {
            "codigo_curso": "L068",
            "nome_curso": "L068 - Ciências Biomédicas Laboratoriais",
            "colocados": [
                {
                    "codigo_aluno": "309(...)14",
                    "nome_aluno": "ANA FILIPA GONÇALVES DOS SANTOS"
                },
                {
                    "codigo_aluno": "158(...)26",
                    "nome_aluno": "ANA MARGARIDA VENTURA DUARTE ALCOBIA"
                },
                {
                    "codigo_aluno": "240(...)01",
                    "nome_aluno": "ANNE ARAUJO FERNANDEZ"
                },
                {
                    "codigo_aluno": "240(...)15",
                    "nome_aluno": "AUGUSTO PATRICK BENTO DE SOUZA"
                },
                {
                    "codigo_aluno": "317(...)26",
                    "nome_aluno": "BEATRIZ CANHOTO CALADO"
                },
                {
                    "codigo_aluno": "308(...)11",
                    "nome_aluno": "BEATRIZ ISABEL FERNANDES COELHO"
                },
                {
                    "codigo_aluno": "300(...)57",
                    "nome_aluno": "CAROLINA MARIA NUNES ESTEVES"
                },
                {
                    "codigo_aluno": "309(...)63",
                    "nome_aluno": "CAROLINA MARQUES SIMÕES"
                },
                {
                    "codigo_aluno": "308(...)22",
                    "nome_aluno": "CATARINA DIOGO LEITAO DE JESUS MATIAS"
                },
                {
                    "codigo_aluno": "156(...)58",
                    "nome_aluno": "CATARINA DOS SANTOS SIMÕES"
                },
                {
                    "codigo_aluno": "240(...)36",
                    "nome_aluno": "ELISMERY CARVALHO DA CRUZ"
                },
                {
                    "codigo_aluno": "151(...)55",
                    "nome_aluno": "FRANCISCA MARIA DA SILVA FERREIRA"
                },
                {
                    "codigo_aluno": "314(...)29",
                    "nome_aluno": "ÍRIS DOS SANTOS FERNANDES"
                },
                {
                    "codigo_aluno": "304(...)23",
                    "nome_aluno": "JOANA LOPES PEREIRA"
                },
                {
                    "codigo_aluno": "240(...)44",
                    "nome_aluno": "JULIETH DANIELA GÓMEZ NIÑO"
                },
                {
                    "codigo_aluno": "154(...)59",
                    "nome_aluno": "LEONOR LOBO MATOS BETENCOURT"
                },
                {
                    "codigo_aluno": "240(...)19",
                    "nome_aluno": "LUIZ VICTOR OLIVEIRA DOS SANTOS"
                },
                {
                    "codigo_aluno": "157(...)00",
                    "nome_aluno": "MARGARIDA PENEDO NETO"
                },
                {
                    "codigo_aluno": "157(...)08",
                    "nome_aluno": "MARIA JOÃO DA COSTA FERREIRA"
                },
                {
                    "codigo_aluno": "309(...)60",
                    "nome_aluno": "MARIA JOAO JORGE DA COSTA"
                },
                {
                    "codigo_aluno": "305(...)18",
                    "nome_aluno": "MATILDE CARRASQUEIRA BELAS"
                },
                {
                    "codigo_aluno": "152(...)41",
                    "nome_aluno": "PATRICIA SOFIA VALENTE AMADOR"
                },
                {
                    "codigo_aluno": "306(...)53",
                    "nome_aluno": "RITA TERESA FERREIRA DA SILVA"
                },
                {
                    "codigo_aluno": "151(...)61",
                    "nome_aluno": "TIAGO MIGUEL ROSA CARDOSO"
                }
            ]
        },
        {
            "codigo_curso": "9500",
            "nome_curso": "9500 - Enfermagem",
            "colocados": [
                {
                    "codigo_aluno": "315(...)83",
                    "nome_aluno": "AFONSO JESUS RAPOSO"
                },
                {
                    "codigo_aluno": "304(...)11",
                    "nome_aluno": "ANA MARGARIDA NEVES MARQUES"
                },
                {
                    "codigo_aluno": "158(...)33",
                    "nome_aluno": "BEATRIZ NETO VENTURA"
                },
                {
                    "codigo_aluno": "320(...)52",
                    "nome_aluno": "BEATRIZ SEICEIRA DUARTE"
                },
                {
                    "codigo_aluno": "152(...)33",
                    "nome_aluno": "BEATRIZ TOMÉ MATOS"
                },
                {
                    "codigo_aluno": "310(...)32",
                    "nome_aluno": "BRUNA SEQUEIRA CATARINO"
                },
                {
                    "codigo_aluno": "315(...)29",
                    "nome_aluno": "BRUNA SOFIA LOPES TOMÉ"
                },
                {
                    "codigo_aluno": "300(...)32",
                    "nome_aluno": "CAROLINA CARATÃO DA CONCEIÇÃO"
                },
                {
                    "codigo_aluno": "311(...)31",
                    "nome_aluno": "CAROLINA FERNANDES RIBEIRO CAETANO"
                },
                {
                    "codigo_aluno": "308(...)14",
                    "nome_aluno": "CAROLINA MARIA MORGADO CRUCHINHO"
                },
                {
                    "codigo_aluno": "304(...)75",
                    "nome_aluno": "CAROLINA MARIA PEREIRA BENTO"
                },
                {
                    "codigo_aluno": "315(...)31",
                    "nome_aluno": "CAROLINA MARQUES RODRIGUES"
                },
                {
                    "codigo_aluno": "303(...)70",
                    "nome_aluno": "CATARINA ISABEL ROQUE ISCA"
                },
                {
                    "codigo_aluno": "302(...)17",
                    "nome_aluno": "CLARA RIBEIRO MENDES PINHEIRO VILELA"
                },
                {
                    "codigo_aluno": "308(...)15",
                    "nome_aluno": "DIANA ALVES PROENÇA"
                },
                {
                    "codigo_aluno": "159(...)14",
                    "nome_aluno": "DIOGO DINIS MENDES DA SILVA"
                },
                {
                    "codigo_aluno": "329(...)28",
                    "nome_aluno": "ELIANE DOS RAMOS RODRIGUES"
                },
                {
                    "codigo_aluno": "309(...)20",
                    "nome_aluno": "EMA MARGARIDA RAMOS BAPTISTA"
                },
                {
                    "codigo_aluno": "151(...)98",
                    "nome_aluno": "ÉRICA ALEXANDRA FERREIRA RODRIGUES"
                },
                {
                    "codigo_aluno": "158(...)53",
                    "nome_aluno": "GUILHERME PEREIRA LOURENÇO LOPES"
                },
                {
                    "codigo_aluno": "303(...)81",
                    "nome_aluno": "IARA AZEVEDO VIEIRA"
                },
                {
                    "codigo_aluno": "156(...)02",
                    "nome_aluno": "INÊS BEATRIZ MENDES PEDRO"
                },
                {
                    "codigo_aluno": "309(...)51",
                    "nome_aluno": "INÊS DIAS OLIVEIRA"
                },
                {
                    "codigo_aluno": "306(...)19",
                    "nome_aluno": "ÍRIS ALVES EUSÉBIO"
                },
                {
                    "codigo_aluno": "312(...)52",
                    "nome_aluno": "ÍRIS MARTINS AFONSO"
                },
                {
                    "codigo_aluno": "240(...)06",
                    "nome_aluno": "JAMILA CAPITÃO TETANI DA GLÓRIA"
                },
                {
                    "codigo_aluno": "310(...)58",
                    "nome_aluno": "JOANA NUNES MARTINS"
                },
                {
                    "codigo_aluno": "309(...)19",
                    "nome_aluno": "LARA CRISTINA SILVESTRE ARAÚJO"
                },
                {
                    "codigo_aluno": "309(...)43",
                    "nome_aluno": "LARA DIAS BARATA"
                },
                {
                    "codigo_aluno": "314(...)63",
                    "nome_aluno": "LARA FABIANA CARRETO PORTUGAL"
                },
                {
                    "codigo_aluno": "308(...)73",
                    "nome_aluno": "LARA NUNES ALMEIDA"
                },
                {
                    "codigo_aluno": "152(...)91",
                    "nome_aluno": "LARA SOFIA FARINHA AFONSO"
                },
                {
                    "codigo_aluno": "309(...)07",
                    "nome_aluno": "LETÍCIA PARDELINHA MARTINS"
                },
                {
                    "codigo_aluno": "306(...)49",
                    "nome_aluno": "LUANA GREGÓRIO FUSCO"
                },
                {
                    "codigo_aluno": "312(...)97",
                    "nome_aluno": "LUIS MARIA GOMES CAMEJO"
                },
                {
                    "codigo_aluno": "306(...)38",
                    "nome_aluno": "MÁRCIA ALEXANDRA PEREIRA DE JESUS GONÇALVES"
                },
                {
                    "codigo_aluno": "304(...)50",
                    "nome_aluno": "MARIA EDUARDA DA SILVA GRAÇA DA COSTA"
                },
                {
                    "codigo_aluno": "158(...)67",
                    "nome_aluno": "MARIA EDUARDA TINTORI MONIZ CARVALHO"
                },
                {
                    "codigo_aluno": "309(...)64",
                    "nome_aluno": "MARIA GONÇALVES FERREIRA UMBELINA"
                },
                {
                    "codigo_aluno": "315(...)06",
                    "nome_aluno": "MARIA LEONOR VICENTE SIMÕES"
                },
                {
                    "codigo_aluno": "309(...)73",
                    "nome_aluno": "MARIA PEDRO FAZENDEIRO FRANCO"
                },
                {
                    "codigo_aluno": "157(...)08",
                    "nome_aluno": "MARTA FILIPA PORTELA GASPAR"
                },
                {
                    "codigo_aluno": "309(...)02",
                    "nome_aluno": "MATILDE FILIPA PRIOR DURÃO"
                },
                {
                    "codigo_aluno": "309(...)26",
                    "nome_aluno": "MATILDE LUCAS ROQUE"
                },
                {
                    "codigo_aluno": "309(...)32",
                    "nome_aluno": "MATILDE MARTINS LOURENÇO"
                },
                {
                    "codigo_aluno": "307(...)50",
                    "nome_aluno": "MATILDE VILELA DE ALMEIDA"
                },
                {
                    "codigo_aluno": "307(...)40",
                    "nome_aluno": "MAURO PINHEIRO REGO"
                },
                {
                    "codigo_aluno": "325(...)78",
                    "nome_aluno": "PATRÍCIA ELOÍSA RIBEIRO BRANCO"
                },
                {
                    "codigo_aluno": "240(...)02",
                    "nome_aluno": "PRISCILA SOUSA SILVA"
                },
                {
                    "codigo_aluno": "305(...)98",
                    "nome_aluno": "RODRIGO MARINHEIRO REIS"
                },
                {
                    "codigo_aluno": "155(...)51",
                    "nome_aluno": "SANDRO DINIS PIRES SALVADO"
                },
                {
                    "codigo_aluno": "309(...)11",
                    "nome_aluno": "SOFIA PEDRO OLIVEIRA NASCIMENTO"
                },
                {
                    "codigo_aluno": "312(...)42",
                    "nome_aluno": "TÂNIA RAQUEL ALVES MARTINS"
                },
                {
                    "codigo_aluno": "316(...)01",
                    "nome_aluno": "TOMÁS PEDRO VALENTIM GARCIA"
                }
            ]
        },
        {
            "codigo_curso": "L067",
            "nome_curso": "L067 - Fisiologia Clínica",
            "colocados": [
                {
                    "codigo_aluno": "159(...)44",
                    "nome_aluno": "ADRIANA FILIPA MARQUES CRUZ"
                },
                {
                    "codigo_aluno": "309(...)58",
                    "nome_aluno": "ANA BEATRIZ LOUREIRO DE FIGUEIREDO"
                },
                {
                    "codigo_aluno": "311(...)27",
                    "nome_aluno": "ANA RAQUEL ALVES RIBEIRO"
                },
                {
                    "codigo_aluno": "313(...)20",
                    "nome_aluno": "ANDRÉ SIMÃO REIS DOS SANTOS"
                },
                {
                    "codigo_aluno": "153(...)11",
                    "nome_aluno": "BRUNA SOFIA VASCONCELOS RODRIGUES"
                },
                {
                    "codigo_aluno": "306(...)61",
                    "nome_aluno": "CAROLINA SILVA MENDES"
                },
                {
                    "codigo_aluno": "310(...)30",
                    "nome_aluno": "CATARINA GASPAR FERREIRA LOPES"
                },
                {
                    "codigo_aluno": "158(...)53",
                    "nome_aluno": "DANIEL CARDOSO GASPAR"
                },
                {
                    "codigo_aluno": "300(...)15",
                    "nome_aluno": "FRANCISCA HENRIQUES DE ALMEIDA"
                },
                {
                    "codigo_aluno": "159(...)14",
                    "nome_aluno": "GUILHERME ALEXANDRE CRAVEIRO JOIA"
                },
                {
                    "codigo_aluno": "313(...)90",
                    "nome_aluno": "INÊS ALEXANDRA CUSTÓDIO CAPELA"
                },
                {
                    "codigo_aluno": "310(...)07",
                    "nome_aluno": "JOANA CERQUEIRA DE SÁ"
                },
                {
                    "codigo_aluno": "310(...)14",
                    "nome_aluno": "MAFALDA SIMÕES INÁCIO"
                },
                {
                    "codigo_aluno": "309(...)46",
                    "nome_aluno": "MARGARIDA PATRICIO GONÇALVES"
                },
                {
                    "codigo_aluno": "309(...)24",
                    "nome_aluno": "MARGARIDA SOFIA MENDES GOMES"
                },
                {
                    "codigo_aluno": "305(...)60",
                    "nome_aluno": "MARIA FERREIRA BONÉ"
                },
                {
                    "codigo_aluno": "159(...)52",
                    "nome_aluno": "MARIA LEONOR CAMPOS PENTEADO"
                },
                {
                    "codigo_aluno": "153(...)18",
                    "nome_aluno": "MARIA MARGARIDA CLAUDINO RODRIGUES"
                },
                {
                    "codigo_aluno": "312(...)96",
                    "nome_aluno": "MARIANA DE SOUSA MOREIRA"
                },
                {
                    "codigo_aluno": "306(...)89",
                    "nome_aluno": "MARIANA PAIVA FARROMBA CRISÓSTOMO FARINHA"
                },
                {
                    "codigo_aluno": "308(...)06",
                    "nome_aluno": "MATILDE JORGE RODRIGUES"
                },
                {
                    "codigo_aluno": "153(...)31",
                    "nome_aluno": "NICOLE DIAS ZHYTARYUK"
                },
                {
                    "codigo_aluno": "306(...)07",
                    "nome_aluno": "RITA MONTEIRO ABREU"
                },
                {
                    "codigo_aluno": "302(...)81",
                    "nome_aluno": "SORAIA CONSTANÇA PAIVA SERAFIM VAZ ROQUE"
                },
                {
                    "codigo_aluno": "313(...)35",
                    "nome_aluno": "TOMÁS RIBEIRO CARDOSO"
                },
                {
                    "codigo_aluno": "309(...)59",
                    "nome_aluno": "VANESSA FILIPA SANTOS GONÇALVES"
                }
            ]
        },
        {
            "codigo_curso": "9504",
            "nome_curso": "9504 - Fisioterapia",
            "colocados": [
                {
                    "codigo_aluno": "305(...)54",
                    "nome_aluno": "ADRIANA CABAÇO DIAS"
                },
                {
                    "codigo_aluno": "240(...)02",
                    "nome_aluno": "ALEXANDRINA SECRIERU"
                },
                {
                    "codigo_aluno": "240(...)01",
                    "nome_aluno": "ANA BEATRIZ CARDOSO MOURA"
                },
                {
                    "codigo_aluno": "159(...)06",
                    "nome_aluno": "ANA MARGARIDA SOUSA ALVES"
                },
                {
                    "codigo_aluno": "309(...)47",
                    "nome_aluno": "ANA SOFIA AFONSO DUARTE"
                },
                {
                    "codigo_aluno": "152(...)44",
                    "nome_aluno": "ANTÓNIO MANUEL DA COSTA RODRIGUES"
                },
                {
                    "codigo_aluno": "310(...)86",
                    "nome_aluno": "BEATRIZ CARDOSO DIAS"
                },
                {
                    "codigo_aluno": "309(...)43",
                    "nome_aluno": "CATARINA SOFIA ALMEIDA MORAIS SILVA"
                },
                {
                    "codigo_aluno": "310(...)92",
                    "nome_aluno": "EDUARDO REIS LOPES"
                },
                {
                    "codigo_aluno": "151(...)83",
                    "nome_aluno": "ELODIE GONÇALVES GARCIA"
                },
                {
                    "codigo_aluno": "309(...)44",
                    "nome_aluno": "FRANCISCO LUIS JORGE"
                },
                {
                    "codigo_aluno": "153(...)16",
                    "nome_aluno": "GABRIEL MIRANDA CRUZ"
                },
                {
                    "codigo_aluno": "312(...)07",
                    "nome_aluno": "GUILHERME LUIS GOMES CAMEJO"
                },
                {
                    "codigo_aluno": "159(...)32",
                    "nome_aluno": "IARA DANIELA CARDOSO MORAIS"
                },
                {
                    "codigo_aluno": "309(...)74",
                    "nome_aluno": "INÊS MARLENE REBELO PAIS"
                },
                {
                    "codigo_aluno": "158(...)41",
                    "nome_aluno": "JOANA RAQUEL GOMES COSTA"
                },
                {
                    "codigo_aluno": "152(...)23",
                    "nome_aluno": "JOAO MIGUEL AGOSTINHO AMARO"
                },
                {
                    "codigo_aluno": "156(...)55",
                    "nome_aluno": "JOSÉ MATEUS FRANCO GUERRA"
                },
                {
                    "codigo_aluno": "309(...)84",
                    "nome_aluno": "LUNA MARIA LEMOS MARQUES"
                },
                {
                    "codigo_aluno": "304(...)04",
                    "nome_aluno": "MAFALDA LOPES SILVA"
                },
                {
                    "codigo_aluno": "154(...)66",
                    "nome_aluno": "MARGARIDA BATISTA RAMOS"
                },
                {
                    "codigo_aluno": "306(...)72",
                    "nome_aluno": "MARGARIDA DA SILVA PIRES"
                },
                {
                    "codigo_aluno": "303(...)93",
                    "nome_aluno": "MARIA INÊS PIRES MATEUS HENRIQUES"
                },
                {
                    "codigo_aluno": "302(...)03",
                    "nome_aluno": "MÁRIO JOSÉ DUARTE SERRANO"
                },
                {
                    "codigo_aluno": "158(...)71",
                    "nome_aluno": "MARTA FERNANDES BALTAZAR"
                },
                {
                    "codigo_aluno": "308(...)02",
                    "nome_aluno": "MARTIM ANDRADE CRUZ"
                },
                {
                    "codigo_aluno": "159(...)82",
                    "nome_aluno": "MATILDE DE SÁ NUNES"
                },
                {
                    "codigo_aluno": "310(...)69",
                    "nome_aluno": "MATILDE SOFIA AFONSO AMARAL"
                },
                {
                    "codigo_aluno": "309(...)79",
                    "nome_aluno": "MICAELA ANTUNES DIAS ROQUE"
                },
                {
                    "codigo_aluno": "313(...)00",
                    "nome_aluno": "MIGUEL MARTIM SALDANHA DA COSTA VIEIRA"
                },
                {
                    "codigo_aluno": "308(...)04",
                    "nome_aluno": "RITA MORAIS FERNANDES"
                },
                {
                    "codigo_aluno": "152(...)29",
                    "nome_aluno": "RODRIGO MIGUEL AFONSO CORREIA"
                },
                {
                    "codigo_aluno": "159(...)27",
                    "nome_aluno": "TOMÁS MIGUEL MARQUES VILA NOVA"
                },
                {
                    "codigo_aluno": "150(...)95",
                    "nome_aluno": "VANESSA AMARAL PACHECO"
                },
                {
                    "codigo_aluno": "311(...)40",
                    "nome_aluno": "VICENTE DE OLIVEIRA RIBEIRO BOLÉU"
                }
            ]
        },
        {
            "codigo_curso": "L066",
            "nome_curso": "L066 - Imagem Médica e Radioterapia",
            "colocados": [
                {
                    "codigo_aluno": "309(...)37",
                    "nome_aluno": "AFONSO DINIS DA CRUZ ALMEIDA"
                },
                {
                    "codigo_aluno": "300(...)34",
                    "nome_aluno": "ANA RITA SOEIRO JANEIRO"
                },
                {
                    "codigo_aluno": "311(...)49",
                    "nome_aluno": "ANAISA SARMENTO QUEIROS"
                },
                {
                    "codigo_aluno": "317(...)40",
                    "nome_aluno": "CATARINA ALEXANDRA CARVALHEIRO COSTA"
                },
                {
                    "codigo_aluno": "154(...)85",
                    "nome_aluno": "CATARINA LOURENÇO VITÓRIA"
                },
                {
                    "codigo_aluno": "302(...)14",
                    "nome_aluno": "DIOGO AFONSO SÁ FERREIRA"
                },
                {
                    "codigo_aluno": "306(...)86",
                    "nome_aluno": "DUARTE MARTINS SILVA"
                },
                {
                    "codigo_aluno": "309(...)37",
                    "nome_aluno": "FILIPA DANIELA COELHO DE SOUSA"
                },
                {
                    "codigo_aluno": "309(...)09",
                    "nome_aluno": "GABRIELA CINTRA NEVES"
                },
                {
                    "codigo_aluno": "316(...)55",
                    "nome_aluno": "GONÇALO DINIS GONÇALVES ANTUNES"
                },
                {
                    "codigo_aluno": "308(...)87",
                    "nome_aluno": "GONÇALO DOS SANTOS NUNES"
                },
                {
                    "codigo_aluno": "158(...)24",
                    "nome_aluno": "INES FONSECA SARAIVA"
                },
                {
                    "codigo_aluno": "318(...)92",
                    "nome_aluno": "INÊS PINTO GERARDO"
                },
                {
                    "codigo_aluno": "311(...)86",
                    "nome_aluno": "JOANA FILIPA CORREIA DA SILVA"
                },
                {
                    "codigo_aluno": "309(...)39",
                    "nome_aluno": "JOSÉ AFONSO COSTA ALBUQUERQUE"
                },
                {
                    "codigo_aluno": "319(...)16",
                    "nome_aluno": "JOSE ALEJANDRO RIVAS SOUSA"
                },
                {
                    "codigo_aluno": "302(...)07",
                    "nome_aluno": "MARIA GONÇALVES DIAS"
                },
                {
                    "codigo_aluno": "152(...)80",
                    "nome_aluno": "MARIA MOUTELA ANDRADE"
                },
                {
                    "codigo_aluno": "154(...)16",
                    "nome_aluno": "MARIANA ALARICO DE OLIVEIRA FIDALGO"
                },
                {
                    "codigo_aluno": "152(...)48",
                    "nome_aluno": "MARTA PORTELA RUFO"
                },
                {
                    "codigo_aluno": "154(...)23",
                    "nome_aluno": "MATILDE SANTOS TELO"
                },
                {
                    "codigo_aluno": "158(...)56",
                    "nome_aluno": "SIMÃO PEDRO FERREIRA MEDEIROS"
                },
                {
                    "codigo_aluno": "318(...)81",
                    "nome_aluno": "TOMÁS FILIPE CUNHA ANTUNES"
                },
                {
                    "codigo_aluno": "309(...)57",
                    "nome_aluno": "XAVIER CARREIRO DE OLIVEIRA"
                }
            ]
        }
    ]
}