{
    "codigo_universidade": "3092",
    "nome_universidade": "3092 - Instituto Politécnico da Guarda - Escola Superior de Tecnologia e Gestão",
    "cursos": [
        {
            "codigo_curso": "L283",
            "nome_curso": "L283 - Ciência de Dados e Inteligência Artificial",
            "colocados": [
                {
                    "codigo_aluno": "303(...)98",
                    "nome_aluno": "AFONSO DUARTE PARDAL DA SILVA CARACOL"
                },
                {
                    "codigo_aluno": "314(...)37",
                    "nome_aluno": "ANDRÉ MIGUEL NINA AUGUSTO"
                },
                {
                    "codigo_aluno": "310(...)71",
                    "nome_aluno": "BEATRIZ TEIXEIRA OLIVEIRA"
                },
                {
                    "codigo_aluno": "307(...)45",
                    "nome_aluno": "EVA LEONOR MARQUES GUERRA DE ROMÃO NEVES"
                },
                {
                    "codigo_aluno": "301(...)24",
                    "nome_aluno": "GABRIEL BRITO DE PINHO"
                },
                {
                    "codigo_aluno": "153(...)68",
                    "nome_aluno": "KEVIN ADRIANO DA SILVA"
                },
                {
                    "codigo_aluno": "301(...)84",
                    "nome_aluno": "MIGUEL RAIMUNDO CANCELA"
                },
                {
                    "codigo_aluno": "305(...)63",
                    "nome_aluno": "RÚBEN ALEXANDRE TAVARES RODRIGUES"
                }
            ]
        },
        {
            "codigo_curso": "9056",
            "nome_curso": "9056 - Contabilidade",
            "colocados": [
                {
                    "codigo_aluno": "302(...)41",
                    "nome_aluno": "ANA MARGARIDA OLIVEIRA PIRES"
                },
                {
                    "codigo_aluno": "151(...)20",
                    "nome_aluno": "ANDRE FILIPE GONÇALVES MARTINS"
                },
                {
                    "codigo_aluno": "308(...)57",
                    "nome_aluno": "BEATRIZ FRANCO DIAS"
                },
                {
                    "codigo_aluno": "310(...)92",
                    "nome_aluno": "CAROLINA SANTOS OLIVEIRA"
                },
                {
                    "codigo_aluno": "316(...)40",
                    "nome_aluno": "EDUARDO JOB MATIAS"
                },
                {
                    "codigo_aluno": "308(...)72",
                    "nome_aluno": "INÊS JESUS NOGUEIRA"
                },
                {
                    "codigo_aluno": "159(...)62",
                    "nome_aluno": "JOANA FILIPA RIBEIRO PATRICIO"
                },
                {
                    "codigo_aluno": "240(...)01",
                    "nome_aluno": "VANESSA ARAUJO DA GLÓRIA DAIO DOS SANTOS"
                }
            ]
        },
        {
            "codigo_curso": "L335",
            "nome_curso": "L335 - Design de Equipamento e Ambientes",
            "colocados": [
                {
                    "codigo_aluno": "309(...)55",
                    "nome_aluno": "ANA SOFIA BRANCO DE OLIVEIRA"
                },
                {
                    "codigo_aluno": "300(...)47",
                    "nome_aluno": "ANDREIA FERREIRA ALMEIDA"
                },
                {
                    "codigo_aluno": "308(...)66",
                    "nome_aluno": "BRUNA ALEXANDRA TEIXEIRA MOREIRA"
                },
                {
                    "codigo_aluno": "310(...)24",
                    "nome_aluno": "CAROLINA SOFIA NASCIMENTO DOMINGOS"
                },
                {
                    "codigo_aluno": "311(...)91",
                    "nome_aluno": "CATARINA ALEXANDRA MARTINS GONÇALVES"
                },
                {
                    "codigo_aluno": "310(...)58",
                    "nome_aluno": "CÁTIA DEMCHUK"
                },
                {
                    "codigo_aluno": "159(...)12",
                    "nome_aluno": "DÉBORA DOS SANTOS MESTRE"
                },
                {
                    "codigo_aluno": "156(...)14",
                    "nome_aluno": "DIANA SILVA CARVALHO"
                },
                {
                    "codigo_aluno": "152(...)48",
                    "nome_aluno": "GONÇALO SCHREYER BANDEIRA MACEDO DA FONSECA"
                },
                {
                    "codigo_aluno": "150(...)34",
                    "nome_aluno": "INÊS LUNA FORMIGA FERRARIA"
                },
                {
                    "codigo_aluno": "314(...)92",
                    "nome_aluno": "JOANA SALDANHA CLEMENTE"
                },
                {
                    "codigo_aluno": "240(...)08",
                    "nome_aluno": "JOÃO GABRIEL VIDAL SERRA"
                },
                {
                    "codigo_aluno": "307(...)29",
                    "nome_aluno": "LARA RAFAELA PARALTA RODRIGUES"
                },
                {
                    "codigo_aluno": "300(...)59",
                    "nome_aluno": "LEVI PROENÇA MARTINS DA COSTA"
                },
                {
                    "codigo_aluno": "309(...)39",
                    "nome_aluno": "LUÍSA ROXO CARDOSO DE JESUS"
                },
                {
                    "codigo_aluno": "317(...)91",
                    "nome_aluno": "MARGARIDA ALVES PIRES DUARTE NUNES"
                },
                {
                    "codigo_aluno": "310(...)29",
                    "nome_aluno": "MARTA SOUSA AMARAL"
                },
                {
                    "codigo_aluno": "305(...)87",
                    "nome_aluno": "TATIANA PEREIRA LOPES"
                },
                {
                    "codigo_aluno": "313(...)13",
                    "nome_aluno": "VERÓNICA MARIA MAGUETA TEIXEIRA CAÇOILO"
                }
            ]
        },
        {
            "codigo_curso": "9855",
            "nome_curso": "9855 - Energia e Ambiente",
            "colocados": [
                {
                    "codigo_aluno": "149(...)08",
                    "nome_aluno": "MARTA AMARAL FRANCO"
                }
            ]
        },
        {
            "codigo_curso": "9089",
            "nome_curso": "9089 - Engenharia Civil",
            "colocados": []
        },
        {
            "codigo_curso": "9119",
            "nome_curso": "9119 - Engenharia Informática",
            "colocados": [
                {
                    "codigo_aluno": "152(...)28",
                    "nome_aluno": "ANDRÉ ALEIXO MONTEIRO"
                },
                {
                    "codigo_aluno": "305(...)29",
                    "nome_aluno": "ANDRÉ LOURENÇO DIONÍSIO"
                },
                {
                    "codigo_aluno": "151(...)91",
                    "nome_aluno": "BÁRBARA SOFIA CARREIRAS BALTAZAR"
                },
                {
                    "codigo_aluno": "310(...)76",
                    "nome_aluno": "BERNARDO FERNANDES ALVES"
                },
                {
                    "codigo_aluno": "156(...)43",
                    "nome_aluno": "DANIELA RIBEIRO DA SILVA"
                },
                {
                    "codigo_aluno": "310(...)36",
                    "nome_aluno": "DIOGO MIGUEL GOUVEIA CUNHA"
                },
                {
                    "codigo_aluno": "313(...)89",
                    "nome_aluno": "FILIPE JOSÉ AMARAL COSTA"
                },
                {
                    "codigo_aluno": "309(...)34",
                    "nome_aluno": "FRANCISCO MATOS GODINHO BASTOS MONIZ"
                },
                {
                    "codigo_aluno": "306(...)29",
                    "nome_aluno": "GABRIEL DIAS FERNANDES"
                },
                {
                    "codigo_aluno": "301(...)23",
                    "nome_aluno": "GONÇALO DA ROCHA SOARES"
                },
                {
                    "codigo_aluno": "311(...)20",
                    "nome_aluno": "GUILHERME ALCOBIA COSTA PEREIRA SILVA"
                },
                {
                    "codigo_aluno": "154(...)72",
                    "nome_aluno": "GUILHERME DINIS RIO PRETO"
                },
                {
                    "codigo_aluno": "303(...)55",
                    "nome_aluno": "MIGUEL FERREIRA DE OLIVEIRA"
                },
                {
                    "codigo_aluno": "306(...)99",
                    "nome_aluno": "RODRIGO CORREIA GONÇALVES"
                },
                {
                    "codigo_aluno": "301(...)67",
                    "nome_aluno": "RODRIGO DE ALMEIDA MARTINS"
                },
                {
                    "codigo_aluno": "307(...)37",
                    "nome_aluno": "RODRIGO DE OLIVEIRA CANEDO"
                },
                {
                    "codigo_aluno": "314(...)49",
                    "nome_aluno": "RODRIGO MANUEL OLIVEIRA FERREIRA"
                },
                {
                    "codigo_aluno": "316(...)72",
                    "nome_aluno": "TATIANA FILIPA AZEVEDO CASTANHO"
                }
            ]
        },
        {
            "codigo_curso": "9128",
            "nome_curso": "9128 - Engenharia Topográfica",
            "colocados": []
        },
        {
            "codigo_curso": "9147",
            "nome_curso": "9147 - Gestão",
            "colocados": [
                {
                    "codigo_aluno": "300(...)47",
                    "nome_aluno": "AFONSO PACHECO PINTO"
                },
                {
                    "codigo_aluno": "308(...)35",
                    "nome_aluno": "ALEXANDRA ISABEL MOREIRA DA COSTA"
                },
                {
                    "codigo_aluno": "303(...)00",
                    "nome_aluno": "AMADEU DIAS ANTÓNIO"
                },
                {
                    "codigo_aluno": "306(...)44",
                    "nome_aluno": "ANA JANINE FERREIRA LOURENÇO"
                },
                {
                    "codigo_aluno": "153(...)92",
                    "nome_aluno": "ANA LUÍSA FERREIRA ALVES"
                },
                {
                    "codigo_aluno": "155(...)46",
                    "nome_aluno": "ANA LUÍSA MACHADO PINTO"
                },
                {
                    "codigo_aluno": "156(...)65",
                    "nome_aluno": "ANA LUÍSA VINAGREIRO PINTO"
                },
                {
                    "codigo_aluno": "310(...)71",
                    "nome_aluno": "ANA PATRÍCIA RODRIGUES VIDAL"
                },
                {
                    "codigo_aluno": "153(...)05",
                    "nome_aluno": "ANDRÉ PEREIRA SANTOS"
                },
                {
                    "codigo_aluno": "306(...)94",
                    "nome_aluno": "ANDREIA LOPES BARATA GORDINO FARIAS"
                },
                {
                    "codigo_aluno": "309(...)75",
                    "nome_aluno": "BEATRIZ DOMINGUES MOTA"
                },
                {
                    "codigo_aluno": "308(...)09",
                    "nome_aluno": "BEATRIZ SILVA LOPES"
                },
                {
                    "codigo_aluno": "306(...)50",
                    "nome_aluno": "BEATRIZ SORAIA DOS SANTOS FERREIRA"
                },
                {
                    "codigo_aluno": "158(...)14",
                    "nome_aluno": "BIANCA SOFIA PEREIRA SOARES"
                },
                {
                    "codigo_aluno": "309(...)88",
                    "nome_aluno": "CAROLINA ISABEL MENDES GASPAR"
                },
                {
                    "codigo_aluno": "308(...)68",
                    "nome_aluno": "DAVID NUNES PEREIRA"
                },
                {
                    "codigo_aluno": "155(...)79",
                    "nome_aluno": "DAVID SIMÃO NOGUEIRA PINTO"
                },
                {
                    "codigo_aluno": "304(...)77",
                    "nome_aluno": "DINIS GONÇALO RUANO"
                },
                {
                    "codigo_aluno": "155(...)17",
                    "nome_aluno": "DIOGO AFONSO ABREU AZEVEDO FERNANDES"
                },
                {
                    "codigo_aluno": "303(...)60",
                    "nome_aluno": "DIOGO JESUS RODRIGUES"
                },
                {
                    "codigo_aluno": "306(...)47",
                    "nome_aluno": "DIOGO MARQUES ESTIMADO"
                },
                {
                    "codigo_aluno": "307(...)34",
                    "nome_aluno": "DUARTE ALVES RIBEIRO"
                },
                {
                    "codigo_aluno": "240(...)04",
                    "nome_aluno": "EDUARDA MANOELLE PINTO MOURA"
                },
                {
                    "codigo_aluno": "316(...)72",
                    "nome_aluno": "FRANCISCO JOSE DOMINGUES GUEDES MACHADO"
                },
                {
                    "codigo_aluno": "310(...)39",
                    "nome_aluno": "GABRIEL SANTOS SILVA"
                },
                {
                    "codigo_aluno": "314(...)18",
                    "nome_aluno": "GONÇALO FERREIRA PATRÍCIO"
                },
                {
                    "codigo_aluno": "240(...)02",
                    "nome_aluno": "GUILHERME ROBERTO CRISPIM"
                },
                {
                    "codigo_aluno": "157(...)59",
                    "nome_aluno": "GUILHERME SOBRAL MOREIRA"
                },
                {
                    "codigo_aluno": "305(...)77",
                    "nome_aluno": "INÊS GONÇALVES OLIVEIRA"
                },
                {
                    "codigo_aluno": "309(...)89",
                    "nome_aluno": "INÊS NETO BATISTA"
                },
                {
                    "codigo_aluno": "311(...)88",
                    "nome_aluno": "JOÃO ANTÓNIO TEIXEIRA OLIVEIRA"
                },
                {
                    "codigo_aluno": "305(...)92",
                    "nome_aluno": "JOÃO CARLOS CUNHA DELGADO"
                },
                {
                    "codigo_aluno": "159(...)00",
                    "nome_aluno": "JOÃO PEDRO ALVES PEGO"
                },
                {
                    "codigo_aluno": "301(...)66",
                    "nome_aluno": "LARA MACEDO SANTOS"
                },
                {
                    "codigo_aluno": "313(...)25",
                    "nome_aluno": "LARA VILA REAL FONSECA"
                },
                {
                    "codigo_aluno": "152(...)48",
                    "nome_aluno": "LEONOR SOFIA GOMES BAPTISTA"
                },
                {
                    "codigo_aluno": "309(...)43",
                    "nome_aluno": "LUANA AGUIAR FERREIRA"
                },
                {
                    "codigo_aluno": "309(...)01",
                    "nome_aluno": "LUANA RAMOS FERNANDES"
                },
                {
                    "codigo_aluno": "151(...)95",
                    "nome_aluno": "MANUEL JOAQUIM LOPES SILVA"
                },
                {
                    "codigo_aluno": "153(...)43",
                    "nome_aluno": "MARGARIDA LOPES RODRIGUES"
                },
                {
                    "codigo_aluno": "159(...)27",
                    "nome_aluno": "MARGARIDA PINTO DA CUNHA"
                },
                {
                    "codigo_aluno": "305(...)21",
                    "nome_aluno": "MIGUEL LOPES AMORIM"
                },
                {
                    "codigo_aluno": "309(...)36",
                    "nome_aluno": "MIGUEL TELES DE SÁ"
                },
                {
                    "codigo_aluno": "309(...)47",
                    "nome_aluno": "MÓNICA DE SOUSA PEDROSA"
                },
                {
                    "codigo_aluno": "150(...)58",
                    "nome_aluno": "RAFAEL AFONSO DE SOUSA"
                },
                {
                    "codigo_aluno": "311(...)95",
                    "nome_aluno": "RAFAEL CARVALHO BRAZETE"
                },
                {
                    "codigo_aluno": "154(...)06",
                    "nome_aluno": "RAFAEL DOS SANTOS GANDAREZ"
                },
                {
                    "codigo_aluno": "153(...)00",
                    "nome_aluno": "RAFAEL FERNANDO AMARAL LOPES"
                },
                {
                    "codigo_aluno": "154(...)42",
                    "nome_aluno": "RAFAELA CARLOS OLIVEIRA"
                },
                {
                    "codigo_aluno": "309(...)63",
                    "nome_aluno": "RODRIGO DA CUNHA SANTOS"
                },
                {
                    "codigo_aluno": "152(...)97",
                    "nome_aluno": "SANDRO ANTÓNIO OLIVEIRA FERREIRA"
                },
                {
                    "codigo_aluno": "308(...)99",
                    "nome_aluno": "SIMÃO MACEDO DE CARVALHO"
                },
                {
                    "codigo_aluno": "316(...)65",
                    "nome_aluno": "SIMÃO PEDRO RIBEIRO CAETANO"
                },
                {
                    "codigo_aluno": "159(...)72",
                    "nome_aluno": "SONIA DOS SANTOS CALOBA"
                },
                {
                    "codigo_aluno": "153(...)85",
                    "nome_aluno": "TIAGO ANDRE MARIANO NEVES"
                }
            ]
        },
        {
            "codigo_curso": "9157",
            "nome_curso": "9157 - Gestão de Recursos Humanos",
            "colocados": [
                {
                    "codigo_aluno": "158(...)02",
                    "nome_aluno": "ANDREIA DA SILVA BARBOSA"
                },
                {
                    "codigo_aluno": "305(...)35",
                    "nome_aluno": "BEATRIZ DOS SANTOS DINIZ"
                },
                {
                    "codigo_aluno": "313(...)16",
                    "nome_aluno": "CAROLINA ALMEIDA SILVA"
                },
                {
                    "codigo_aluno": "312(...)06",
                    "nome_aluno": "CAROLINA RODRIGUES PINTO BESSA"
                },
                {
                    "codigo_aluno": "153(...)08",
                    "nome_aluno": "CRISTIANO LOURENÇO CARPINTEIRO"
                },
                {
                    "codigo_aluno": "152(...)76",
                    "nome_aluno": "DAVID MORAIS OLIVEIRA"
                },
                {
                    "codigo_aluno": "240(...)09",
                    "nome_aluno": "DÉBORA PATRÍCIA ANTÓNIO BANDEIRA DA SILVA"
                },
                {
                    "codigo_aluno": "300(...)14",
                    "nome_aluno": "DIANA ALEXANDRA NETO PEDRO"
                },
                {
                    "codigo_aluno": "302(...)72",
                    "nome_aluno": "ERICA POPULO RODRIGUES"
                },
                {
                    "codigo_aluno": "159(...)10",
                    "nome_aluno": "EVA CAROLINA CARVALHAS SILVA"
                },
                {
                    "codigo_aluno": "154(...)49",
                    "nome_aluno": "EVA PARDAL SANTOS DE ALMEIDA MELO"
                },
                {
                    "codigo_aluno": "309(...)58",
                    "nome_aluno": "FILIPA TEIXEIRA ALVES"
                },
                {
                    "codigo_aluno": "301(...)40",
                    "nome_aluno": "FRANCISCO DE MOURA BARRELEIRO"
                },
                {
                    "codigo_aluno": "156(...)85",
                    "nome_aluno": "FRANCISCO MANUEL DE JESUS VELOSO"
                },
                {
                    "codigo_aluno": "157(...)35",
                    "nome_aluno": "GABRIEL FILIPE TAVARES FERREIRA"
                },
                {
                    "codigo_aluno": "240(...)11",
                    "nome_aluno": "GABRIELA ALCARRIA BORTOLAÇO AVELINO"
                },
                {
                    "codigo_aluno": "302(...)33",
                    "nome_aluno": "GABRIELA SOFIA MOREIRA NUNES"
                },
                {
                    "codigo_aluno": "303(...)11",
                    "nome_aluno": "GUILHERME FERREIRA DOS SANTOS"
                },
                {
                    "codigo_aluno": "306(...)42",
                    "nome_aluno": "GUILHERME PEREIRA DOS SANTOS"
                },
                {
                    "codigo_aluno": "307(...)69",
                    "nome_aluno": "JOANA GOMES MARTINS"
                },
                {
                    "codigo_aluno": "312(...)70",
                    "nome_aluno": "JULIANA GOMES MOREIRA"
                },
                {
                    "codigo_aluno": "325(...)02",
                    "nome_aluno": "KELMAR MARCELO CHIVALA E SILVA"
                },
                {
                    "codigo_aluno": "309(...)58",
                    "nome_aluno": "LEONOR SOARES OLIVEIRA"
                },
                {
                    "codigo_aluno": "240(...)01",
                    "nome_aluno": "MÁRCIA DE FÁTIMA CAXALA"
                },
                {
                    "codigo_aluno": "156(...)44",
                    "nome_aluno": "MARGARIDA MIRCEA SANTOS"
                },
                {
                    "codigo_aluno": "314(...)89",
                    "nome_aluno": "MARIA BEATRIZ DE JESUS CUNHA"
                },
                {
                    "codigo_aluno": "155(...)04",
                    "nome_aluno": "MARIA CAETANA VALADARES OLIVEIRA RODRIGUES"
                },
                {
                    "codigo_aluno": "303(...)44",
                    "nome_aluno": "MARIA INÊS AGUIAR AMADOR"
                },
                {
                    "codigo_aluno": "304(...)12",
                    "nome_aluno": "MARIA ISABEL CARVALHO LOPES"
                },
                {
                    "codigo_aluno": "318(...)71",
                    "nome_aluno": "MARIANA BEATRIZ BEIRAO RIBEIRO"
                },
                {
                    "codigo_aluno": "312(...)84",
                    "nome_aluno": "MARIANA FONSECA E SANCHO"
                },
                {
                    "codigo_aluno": "240(...)13",
                    "nome_aluno": "MARIANA QUINA DE SIQUEIRA MOYSES"
                },
                {
                    "codigo_aluno": "313(...)94",
                    "nome_aluno": "MARTA SOFIA REIS RITO"
                },
                {
                    "codigo_aluno": "306(...)23",
                    "nome_aluno": "MATILDE NEVES PRIETO"
                },
                {
                    "codigo_aluno": "309(...)99",
                    "nome_aluno": "NÁDIA JACINTO CRUZ"
                },
                {
                    "codigo_aluno": "159(...)86",
                    "nome_aluno": "PEDRO MIGUEL VASCONCELOS AMORIM"
                },
                {
                    "codigo_aluno": "306(...)37",
                    "nome_aluno": "RAFAEL NASCIMENTO GONÇALVES"
                },
                {
                    "codigo_aluno": "312(...)04",
                    "nome_aluno": "RAQUEL MARTINS VEIGA"
                },
                {
                    "codigo_aluno": "159(...)34",
                    "nome_aluno": "RITA PEIXINHA CARLOS"
                },
                {
                    "codigo_aluno": "303(...)14",
                    "nome_aluno": "SARA BEATRIZ FERNANDES RODRIGUES"
                },
                {
                    "codigo_aluno": "307(...)19",
                    "nome_aluno": "SARA DOS SANTOS BATISTA"
                },
                {
                    "codigo_aluno": "305(...)13",
                    "nome_aluno": "SOFIA PACHECO ASSUNÇÃO"
                },
                {
                    "codigo_aluno": "150(...)26",
                    "nome_aluno": "SOFIA RABELO ALBERTO FIGUEIRA"
                },
                {
                    "codigo_aluno": "311(...)00",
                    "nome_aluno": "TIAGO ANDRÉ PROENÇA FREITAS"
                },
                {
                    "codigo_aluno": "159(...)79",
                    "nome_aluno": "TOMÁS DA SILVA FERREIRA"
                },
                {
                    "codigo_aluno": "306(...)20",
                    "nome_aluno": "VÂNIA SOFIA DOMINGUES SOARES SILVA"
                }
            ]
        },
        {
            "codigo_curso": "9205",
            "nome_curso": "9205 - Marketing",
            "colocados": [
                {
                    "codigo_aluno": "154(...)05",
                    "nome_aluno": "AFONSO ISAAC DA CONÇEICÃO MONTEIRO"
                },
                {
                    "codigo_aluno": "152(...)34",
                    "nome_aluno": "AFONSO PIRES PINHEIRO"
                },
                {
                    "codigo_aluno": "308(...)55",
                    "nome_aluno": "AFONSO SILVA GRÁCIO"
                },
                {
                    "codigo_aluno": "309(...)18",
                    "nome_aluno": "ANA RITA MARTINS SILVA"
                },
                {
                    "codigo_aluno": "309(...)06",
                    "nome_aluno": "ANA SOFIA MARTINS OLIVEIRA BRÁS"
                },
                {
                    "codigo_aluno": "240(...)13",
                    "nome_aluno": "BRUCE KELLY DE SENVANO"
                },
                {
                    "codigo_aluno": "304(...)70",
                    "nome_aluno": "CAROLINA ARAÚJO VIEIRA DA CUNHA"
                },
                {
                    "codigo_aluno": "308(...)78",
                    "nome_aluno": "DAVID RAMALHO MORGADO"
                },
                {
                    "codigo_aluno": "157(...)44",
                    "nome_aluno": "DIANA VALÉRIA FIGUEIRA FARIA"
                },
                {
                    "codigo_aluno": "159(...)12",
                    "nome_aluno": "DIOGO CARVALHAIS DOMINGUES"
                },
                {
                    "codigo_aluno": "308(...)39",
                    "nome_aluno": "DIOGO GONÇALVES BATISTA"
                },
                {
                    "codigo_aluno": "306(...)37",
                    "nome_aluno": "DUARTE ALEXANDRE MARTINS MATOS"
                },
                {
                    "codigo_aluno": "305(...)01",
                    "nome_aluno": "DUARTE MIGUEL TELES SOARES"
                },
                {
                    "codigo_aluno": "304(...)26",
                    "nome_aluno": "GABRIEL SANTIAGO LOPES ABRANTES"
                },
                {
                    "codigo_aluno": "155(...)29",
                    "nome_aluno": "GABRIELA QUINTAS MOITA"
                },
                {
                    "codigo_aluno": "311(...)29",
                    "nome_aluno": "GONÇALO MANUEL GONÇALVES AFONSO"
                },
                {
                    "codigo_aluno": "303(...)95",
                    "nome_aluno": "HUGO FILIPE FONTES TEIXEIRA"
                },
                {
                    "codigo_aluno": "304(...)38",
                    "nome_aluno": "INÊS SOFIA DE SOUSA BARRETO"
                },
                {
                    "codigo_aluno": "153(...)07",
                    "nome_aluno": "JOÃO PAULO FERREIRA MARÇAL"
                },
                {
                    "codigo_aluno": "324(...)45",
                    "nome_aluno": "JOAQUIM NORMANDO TEIXEIRA HENRIQUES"
                },
                {
                    "codigo_aluno": "310(...)32",
                    "nome_aluno": "LUÍS FILIPE ROMÃO MARQUES"
                },
                {
                    "codigo_aluno": "152(...)71",
                    "nome_aluno": "MARIA INÊS LUIS ALTURAS"
                },
                {
                    "codigo_aluno": "309(...)36",
                    "nome_aluno": "MARIA JOAO CORREIA MARTINS"
                },
                {
                    "codigo_aluno": "157(...)99",
                    "nome_aluno": "PEDRO NUNO GUERREIRO GANHÃO POMBO PINEDO"
                },
                {
                    "codigo_aluno": "240(...)09",
                    "nome_aluno": "PIETER MACHADO DE JONGE"
                },
                {
                    "codigo_aluno": "156(...)53",
                    "nome_aluno": "RICARDO VAL-DO-RIO GOMES COSTA"
                },
                {
                    "codigo_aluno": "311(...)08",
                    "nome_aluno": "RODRIGO ANDRÉ MACEDO MONTEIRO"
                },
                {
                    "codigo_aluno": "311(...)33",
                    "nome_aluno": "RODRIGO FILIPE CARVALHO BARROS"
                },
                {
                    "codigo_aluno": "153(...)92",
                    "nome_aluno": "RÚBEN DA CRUZ VALENTE"
                },
                {
                    "codigo_aluno": "312(...)66",
                    "nome_aluno": "RUI PEDRO SILVA GOMES"
                },
                {
                    "codigo_aluno": "154(...)08",
                    "nome_aluno": "TIAGO ALEXANDRE DA SILVA"
                },
                {
                    "codigo_aluno": "309(...)14",
                    "nome_aluno": "TIAGO GERALDES MARTINS"
                }
            ]
        },
        {
            "codigo_curso": "L196",
            "nome_curso": "L196 - Mecânica e Informática Industrial",
            "colocados": [
                {
                    "codigo_aluno": "326(...)34",
                    "nome_aluno": "AFONSO LEI DUQUE"
                },
                {
                    "codigo_aluno": "309(...)92",
                    "nome_aluno": "DIOGO MARTINS AUGUSTO"
                },
                {
                    "codigo_aluno": "301(...)00",
                    "nome_aluno": "DIOGO MIGUEL BOAVIDA VINDIMA LÚCIO"
                },
                {
                    "codigo_aluno": "307(...)62",
                    "nome_aluno": "DUARTE NICOLAU CARREIRA FERREIRA"
                },
                {
                    "codigo_aluno": "315(...)95",
                    "nome_aluno": "FÁBIO FERNANDO BERNARDO LOPES"
                },
                {
                    "codigo_aluno": "307(...)32",
                    "nome_aluno": "GUILHERME MOREIRA SANTOS"
                },
                {
                    "codigo_aluno": "153(...)83",
                    "nome_aluno": "JOÃO MIGUEL SIMÃO MARINHO"
                },
                {
                    "codigo_aluno": "159(...)08",
                    "nome_aluno": "JOAQUIM MARQUES AMORIM DE SOUSA"
                },
                {
                    "codigo_aluno": "157(...)99",
                    "nome_aluno": "NUNO LIMAS MENDES"
                },
                {
                    "codigo_aluno": "308(...)18",
                    "nome_aluno": "PEDRO SANTIAGO ROCHA DOS SANTOS ROLO"
                },
                {
                    "codigo_aluno": "155(...)31",
                    "nome_aluno": "RICARDO PEREIRA JERÓNIMO"
                },
                {
                    "codigo_aluno": "316(...)95",
                    "nome_aluno": "SIMÃO SOARES CASTRO"
                },
                {
                    "codigo_aluno": "156(...)35",
                    "nome_aluno": "TIAGO PAIS MARTINS"
                },
                {
                    "codigo_aluno": "311(...)81",
                    "nome_aluno": "TOMÁS MAIO LAGES"
                },
                {
                    "codigo_aluno": "309(...)20",
                    "nome_aluno": "TOMÁS NEVES MARQUES"
                }
            ]
        }
    ]
}