{
    "codigo_universidade": "7065",
    "nome_universidade": "7065 - Instituto Politécnico de Santarém - Escola Superior de Saúde de Santarém",
    "cursos": [
        {
            "codigo_curso": "9500",
            "nome_curso": "9500 - Enfermagem",
            "colocados": [
                {
                    "codigo_aluno": "240(...)01",
                    "nome_aluno": "ABJACILENE NASCIMENTO RODRIGUES"
                },
                {
                    "codigo_aluno": "155(...)57",
                    "nome_aluno": "ALEX FILIPE DA SILVA RODRIGUES"
                },
                {
                    "codigo_aluno": "305(...)89",
                    "nome_aluno": "ALEXANDRA ROSA MORAIS"
                },
                {
                    "codigo_aluno": "153(...)90",
                    "nome_aluno": "ANA LUÍSA GOMES BARBOSA"
                },
                {
                    "codigo_aluno": "309(...)95",
                    "nome_aluno": "ANDREIA FILIPA COELHO LOBATO"
                },
                {
                    "codigo_aluno": "317(...)86",
                    "nome_aluno": "ÂNGELA SOFIA DA SILVA"
                },
                {
                    "codigo_aluno": "300(...)09",
                    "nome_aluno": "ARIANA FILIPA FERNANDES DIAS"
                },
                {
                    "codigo_aluno": "151(...)88",
                    "nome_aluno": "BEATRIZ FONTOURA CAEIRO"
                },
                {
                    "codigo_aluno": "309(...)45",
                    "nome_aluno": "BEATRIZ MARQUES CADIMAS"
                },
                {
                    "codigo_aluno": "310(...)42",
                    "nome_aluno": "BEATRIZ SANTOS RODRIGUES"
                },
                {
                    "codigo_aluno": "306(...)43",
                    "nome_aluno": "BEATRIZ SOFIA LEÃO ANTUNES"
                },
                {
                    "codigo_aluno": "315(...)58",
                    "nome_aluno": "BIANCA NADINE SANTOS OLIVEIRA"
                },
                {
                    "codigo_aluno": "304(...)13",
                    "nome_aluno": "BRUNA ALEXANDRA OLIVEIRA PINTO RODRIGUES"
                },
                {
                    "codigo_aluno": "315(...)28",
                    "nome_aluno": "BRUNO MIGUEL DE ABREU MENDES"
                },
                {
                    "codigo_aluno": "315(...)96",
                    "nome_aluno": "CARLA CARINA DA CRUZ CATENDO"
                },
                {
                    "codigo_aluno": "151(...)35",
                    "nome_aluno": "CARLOS EDUARDO BETTENCOURT GONÇALVES"
                },
                {
                    "codigo_aluno": "301(...)65",
                    "nome_aluno": "CARLOTA PARREIRA JOANAZ"
                },
                {
                    "codigo_aluno": "301(...)48",
                    "nome_aluno": "CAROLINA MARIA ABREU CARREGUEIRA"
                },
                {
                    "codigo_aluno": "156(...)63",
                    "nome_aluno": "CAROLINA MIRANDA ROSA"
                },
                {
                    "codigo_aluno": "308(...)46",
                    "nome_aluno": "CATARINA FERREIRA DA SILVA"
                },
                {
                    "codigo_aluno": "304(...)69",
                    "nome_aluno": "CATARINA REBANDA CORREIA"
                },
                {
                    "codigo_aluno": "302(...)07",
                    "nome_aluno": "DANIELA LUCAS FERNANDES"
                },
                {
                    "codigo_aluno": "303(...)38",
                    "nome_aluno": "DIANA PAULA SECRIERI"
                },
                {
                    "codigo_aluno": "158(...)06",
                    "nome_aluno": "DIOGO FRANCO CANDEIAS MOREIRA MARTINS"
                },
                {
                    "codigo_aluno": "157(...)23",
                    "nome_aluno": "EDUARDO MANUEL MAURÍCIO CHINITA GUERRA"
                },
                {
                    "codigo_aluno": "240(...)77",
                    "nome_aluno": "EVILLY KALINE SILVA E SILVA"
                },
                {
                    "codigo_aluno": "304(...)02",
                    "nome_aluno": "FILIPE MANUEL MOUCO LOURENÇO"
                },
                {
                    "codigo_aluno": "306(...)00",
                    "nome_aluno": "GUILHERME DE MATOS GALVEIAS SILVESTRE"
                },
                {
                    "codigo_aluno": "157(...)02",
                    "nome_aluno": "GUILHERME LOBO DUARTE"
                },
                {
                    "codigo_aluno": "312(...)32",
                    "nome_aluno": "IARA DUARTE SANTOS"
                },
                {
                    "codigo_aluno": "305(...)13",
                    "nome_aluno": "JOANA ISABEL SABINO DA CONCEIÇÃO"
                },
                {
                    "codigo_aluno": "240(...)42",
                    "nome_aluno": "JOÃO CARLOS CRUZ BEZERRA"
                },
                {
                    "codigo_aluno": "304(...)34",
                    "nome_aluno": "JOÃO PAULO MOUQUINHO CARVALHO MENDES"
                },
                {
                    "codigo_aluno": "303(...)04",
                    "nome_aluno": "JORGE FILIPE DA SILVA BORGES"
                },
                {
                    "codigo_aluno": "309(...)55",
                    "nome_aluno": "LARA ABIGAIL SANTOS VARA"
                },
                {
                    "codigo_aluno": "300(...)24",
                    "nome_aluno": "LEONOR FERREIRA OLIVEIRA"
                },
                {
                    "codigo_aluno": "306(...)70",
                    "nome_aluno": "LEONOR ISABEL CARDOSO JACINTO"
                },
                {
                    "codigo_aluno": "152(...)01",
                    "nome_aluno": "LEONOR ROSADO MARREIROS DE PAIVA RAMOS"
                },
                {
                    "codigo_aluno": "304(...)72",
                    "nome_aluno": "LETICIA DA ROSA BAPTISTA"
                },
                {
                    "codigo_aluno": "240(...)02",
                    "nome_aluno": "LETYCIA NASCIMENTO DE SOUZA"
                },
                {
                    "codigo_aluno": "159(...)17",
                    "nome_aluno": "MAFALDA GONÇALVES DOS SANTOS SOARES"
                },
                {
                    "codigo_aluno": "310(...)04",
                    "nome_aluno": "MARIA BEATRIZ LOURENÇO OLIVEIRA"
                },
                {
                    "codigo_aluno": "304(...)80",
                    "nome_aluno": "MARIA INES FARIAS FERNANDES"
                },
                {
                    "codigo_aluno": "159(...)64",
                    "nome_aluno": "MARIA INÊS MARCELINO DIOGO"
                },
                {
                    "codigo_aluno": "313(...)25",
                    "nome_aluno": "MARIA JOAO PEDRO JORGE"
                },
                {
                    "codigo_aluno": "309(...)85",
                    "nome_aluno": "MARIA LEONOR GARCIA MONTEIRO"
                },
                {
                    "codigo_aluno": "314(...)22",
                    "nome_aluno": "MARIA MADALENA FARIA DOS SANTOS"
                },
                {
                    "codigo_aluno": "309(...)98",
                    "nome_aluno": "MARIANA CAMPOS LUÍS"
                },
                {
                    "codigo_aluno": "153(...)63",
                    "nome_aluno": "MARIANA LUISA GOMES FINO"
                },
                {
                    "codigo_aluno": "153(...)70",
                    "nome_aluno": "MARIANA VICENTE FERREIRA"
                },
                {
                    "codigo_aluno": "314(...)18",
                    "nome_aluno": "MATILDE BAIÃO CARDOSO"
                },
                {
                    "codigo_aluno": "310(...)18",
                    "nome_aluno": "MATILDE FIGUEIREDO MARINHO"
                },
                {
                    "codigo_aluno": "300(...)51",
                    "nome_aluno": "MATILDE GONÇALVES PALMEIRA"
                },
                {
                    "codigo_aluno": "152(...)25",
                    "nome_aluno": "MATILDE INÊS FIRMO MINEIRO WOOLLER"
                },
                {
                    "codigo_aluno": "305(...)85",
                    "nome_aluno": "MATILDE MARIA LOURENÇO FREIRA"
                },
                {
                    "codigo_aluno": "307(...)36",
                    "nome_aluno": "MATILDE MARIA XAVIER DA SILVA"
                },
                {
                    "codigo_aluno": "306(...)95",
                    "nome_aluno": "MATILDE MARTINS PEREIRA"
                },
                {
                    "codigo_aluno": "153(...)60",
                    "nome_aluno": "MATILDE RIJO ALFAIA"
                },
                {
                    "codigo_aluno": "310(...)29",
                    "nome_aluno": "NATACHA MARIA DE FREITAS RABAÇAL"
                },
                {
                    "codigo_aluno": "309(...)83",
                    "nome_aluno": "PEDRO AFONSO BARATA CALHA"
                },
                {
                    "codigo_aluno": "301(...)81",
                    "nome_aluno": "PEDRO FERREIRA NUNES DINIS MATEUS"
                },
                {
                    "codigo_aluno": "159(...)88",
                    "nome_aluno": "RAQUEL FERNANDES GALRINHO"
                },
                {
                    "codigo_aluno": "152(...)68",
                    "nome_aluno": "RICARDO PEDRO SEMKIV"
                },
                {
                    "codigo_aluno": "302(...)31",
                    "nome_aluno": "RITA ONOFRE GARRIDO"
                },
                {
                    "codigo_aluno": "153(...)07",
                    "nome_aluno": "RITA PALHÃO AFONSO"
                },
                {
                    "codigo_aluno": "154(...)05",
                    "nome_aluno": "RITA PESTANA DIAS"
                },
                {
                    "codigo_aluno": "306(...)65",
                    "nome_aluno": "RITA PIMENTEL DOS SANTOS"
                },
                {
                    "codigo_aluno": "151(...)37",
                    "nome_aluno": "RODRIGO MENDES DA SILVA FERNANDES"
                },
                {
                    "codigo_aluno": "312(...)06",
                    "nome_aluno": "SIMÃO SOUSA LOPES"
                },
                {
                    "codigo_aluno": "303(...)19",
                    "nome_aluno": "SOFIA CORREIA DE BARROS"
                },
                {
                    "codigo_aluno": "302(...)85",
                    "nome_aluno": "TIAGO ALEXANDRE PORTUGAL RUSSO"
                }
            ]
        }
    ]
}