{
    "codigo_universidade": "3243",
    "nome_universidade": "3243 - Instituto Politécnico de Tomar - Escola Superior de Tecnologia de Abrantes",
    "cursos": [
        {
            "codigo_curso": "L211",
            "nome_curso": "L211 - Computação e Logística",
            "colocados": []
        },
        {
            "codigo_curso": "L297",
            "nome_curso": "L297 - Comunicação Social: Jornalismo e Comunicação Empresarial",
            "colocados": [
                {
                    "codigo_aluno": "159(...)49",
                    "nome_aluno": "ANA BEATRIZ E SILVA ANTUNES"
                },
                {
                    "codigo_aluno": "148(...)10",
                    "nome_aluno": "ANA ISABEL AGOSTINHO VIEIRA"
                },
                {
                    "codigo_aluno": "152(...)36",
                    "nome_aluno": "BÁRBARA MARQUES DE MACEDO"
                },
                {
                    "codigo_aluno": "300(...)94",
                    "nome_aluno": "CARLOTA ESPADINHA DA SILVA NETO"
                },
                {
                    "codigo_aluno": "310(...)74",
                    "nome_aluno": "CAROLINA ALEXANDRA GOMES DA SILVA"
                },
                {
                    "codigo_aluno": "316(...)61",
                    "nome_aluno": "CLARA GONÇALVES MENDES"
                },
                {
                    "codigo_aluno": "309(...)32",
                    "nome_aluno": "CRISTIANO MIGUEL SIMÕES SANTOS"
                },
                {
                    "codigo_aluno": "240(...)01",
                    "nome_aluno": "DAVI LINS COSTA"
                },
                {
                    "codigo_aluno": "304(...)67",
                    "nome_aluno": "DIOGO MEDEIROS MARTINS LOURO RABAÇAL"
                },
                {
                    "codigo_aluno": "155(...)44",
                    "nome_aluno": "EDUARDO JORGE CUPERTINO NOGUEIRA"
                },
                {
                    "codigo_aluno": "155(...)00",
                    "nome_aluno": "FRANCISCA ROCHA GONÇALVES"
                },
                {
                    "codigo_aluno": "306(...)66",
                    "nome_aluno": "FRANCISCO MARIA MELO DE MATOS"
                },
                {
                    "codigo_aluno": "156(...)88",
                    "nome_aluno": "GABRIEL VICENTE FREIRE ROSADO"
                },
                {
                    "codigo_aluno": "303(...)33",
                    "nome_aluno": "GUILHERME COSTA PIRES"
                },
                {
                    "codigo_aluno": "304(...)02",
                    "nome_aluno": "GUILHERME PAIXAO CANTARINHO"
                },
                {
                    "codigo_aluno": "147(...)11",
                    "nome_aluno": "HELDER MANUEL BRÁS GONÇALVES"
                },
                {
                    "codigo_aluno": "240(...)63",
                    "nome_aluno": "HELLEM RAMOS DE BRITO"
                },
                {
                    "codigo_aluno": "306(...)62",
                    "nome_aluno": "INÊS FERREIRA VALÉRIO"
                },
                {
                    "codigo_aluno": "301(...)33",
                    "nome_aluno": "INÊS FILIPA SILVA SALVADO"
                },
                {
                    "codigo_aluno": "306(...)37",
                    "nome_aluno": "JOANA NUNES VELEZ VENANCIO BRAGA"
                },
                {
                    "codigo_aluno": "303(...)73",
                    "nome_aluno": "JOÃO ANTÓNIO DUARTE MESQUITA"
                },
                {
                    "codigo_aluno": "307(...)60",
                    "nome_aluno": "JOÃO ARTUR PINTO PATRÃO MARTINS"
                },
                {
                    "codigo_aluno": "240(...)06",
                    "nome_aluno": "JOÃO HENRIQUE GONZALEZ RAMOS"
                },
                {
                    "codigo_aluno": "549(...)03",
                    "nome_aluno": "LEANDRO WATANABE GRIBBLER"
                },
                {
                    "codigo_aluno": "309(...)66",
                    "nome_aluno": "LEONOR DE ALMEIDA RIBEIRO"
                },
                {
                    "codigo_aluno": "311(...)49",
                    "nome_aluno": "LEONOR SANTOS CASTANHEIRA"
                },
                {
                    "codigo_aluno": "306(...)06",
                    "nome_aluno": "LEONOR VIVIANA SANTOS CLEMENTINO"
                },
                {
                    "codigo_aluno": "300(...)11",
                    "nome_aluno": "MARIA CONCEIÇÃO SILVA"
                },
                {
                    "codigo_aluno": "308(...)63",
                    "nome_aluno": "MARIA RIBEIRO FERREIRA"
                },
                {
                    "codigo_aluno": "151(...)55",
                    "nome_aluno": "MARIANA FILIPA DIAS PEREIRA PINHEIRO CABRAL"
                },
                {
                    "codigo_aluno": "306(...)78",
                    "nome_aluno": "MARIANA PEREIRA MATOS"
                },
                {
                    "codigo_aluno": "315(...)78",
                    "nome_aluno": "MIRIAM FILIPA DORES COSTA"
                },
                {
                    "codigo_aluno": "305(...)99",
                    "nome_aluno": "PEDRO BÁRBARA SARAGAÇO"
                },
                {
                    "codigo_aluno": "324(...)77",
                    "nome_aluno": "RAFAEL ANTÓNIO SEBASTIÃO LOPES"
                },
                {
                    "codigo_aluno": "155(...)23",
                    "nome_aluno": "RODRIGO DOS SANTOS PIRES"
                },
                {
                    "codigo_aluno": "240(...)25",
                    "nome_aluno": "SILVIO TOMÁS GOMA PEDRO"
                },
                {
                    "codigo_aluno": "307(...)28",
                    "nome_aluno": "VICENTE MARIA PITTA LIVÉRIO E PERES ALVES"
                },
                {
                    "codigo_aluno": "240(...)19",
                    "nome_aluno": "WINDJABA DOMINGOS SILVA"
                }
            ]
        },
        {
            "codigo_curso": "9123",
            "nome_curso": "9123 - Engenharia Mecânica",
            "colocados": [
                {
                    "codigo_aluno": "153(...)33",
                    "nome_aluno": "MATHEO CARVALHO FERNANDES GAMEIRO"
                }
            ]
        },
        {
            "codigo_curso": "L143",
            "nome_curso": "L143 - Informática e Tecnologias Multimédia",
            "colocados": [
                {
                    "codigo_aluno": "157(...)51",
                    "nome_aluno": "DINIS DE JESUS ROSENDO GOMES SAMPAIO"
                },
                {
                    "codigo_aluno": "154(...)96",
                    "nome_aluno": "GUILHERME MAIA CASTANHO"
                },
                {
                    "codigo_aluno": "305(...)09",
                    "nome_aluno": "MIGUEL ALEXANDRE RIBEIRO DE CAMPOS DOS SANTOS BASÍLIO"
                },
                {
                    "codigo_aluno": "154(...)51",
                    "nome_aluno": "SOFIA JACINTO COSTA"
                }
            ]
        }
    ]
}