{
    "codigo_universidade": "3045",
    "nome_universidade": "3045 - Instituto Politécnico de Bragança - Escola Superior de Comunicação, Administração e Turismo de Mirandela",
    "cursos": [
        {
            "codigo_curso": "8309",
            "nome_curso": "8309 - Design de Jogos Digitais",
            "colocados": [
                {
                    "codigo_aluno": "308(...)16",
                    "nome_aluno": "ANA BEATRIZ PEREIRA FERREIRA"
                },
                {
                    "codigo_aluno": "300(...)32",
                    "nome_aluno": "CAMILA ALMOCIM PATROCÍNIO CARVALHO"
                },
                {
                    "codigo_aluno": "303(...)73",
                    "nome_aluno": "CLÁUDIO ALEXANDRE FERREIRA LUCAS"
                },
                {
                    "codigo_aluno": "302(...)22",
                    "nome_aluno": "DIANA FRANCISCA RODRIGUES MAGALHÃES"
                },
                {
                    "codigo_aluno": "309(...)82",
                    "nome_aluno": "DUARTE CARDOSO RIBEIRO"
                },
                {
                    "codigo_aluno": "306(...)12",
                    "nome_aluno": "EDUARDO ANTÓNIO MOREIRA SOARES"
                },
                {
                    "codigo_aluno": "156(...)16",
                    "nome_aluno": "EUNICE MARIA NUNES VARGAS"
                },
                {
                    "codigo_aluno": "240(...)09",
                    "nome_aluno": "FABIANA GABRIELA JARAMILLO OCHOA"
                },
                {
                    "codigo_aluno": "147(...)97",
                    "nome_aluno": "FRANCISCO ANDRÉ NUNES DIOGO MENDES"
                },
                {
                    "codigo_aluno": "159(...)12",
                    "nome_aluno": "FRANCISCO FARIA SOUSA SOARES"
                },
                {
                    "codigo_aluno": "159(...)08",
                    "nome_aluno": "GONÇALO JOSÉ PACHECO DE SOUSA"
                },
                {
                    "codigo_aluno": "159(...)27",
                    "nome_aluno": "HENRIQUE FORTE DA CUNHA"
                },
                {
                    "codigo_aluno": "300(...)75",
                    "nome_aluno": "INÊS FERNANDES RIBEIRO"
                },
                {
                    "codigo_aluno": "152(...)41",
                    "nome_aluno": "INÊS NUNES ALVES"
                },
                {
                    "codigo_aluno": "317(...)76",
                    "nome_aluno": "IRINA CRISTINA DA ROCHA MOREIRA"
                },
                {
                    "codigo_aluno": "331(...)05",
                    "nome_aluno": "JÉSSICA CASTRO RAMBO"
                },
                {
                    "codigo_aluno": "309(...)68",
                    "nome_aluno": "JOANA CAROLINA COSTA GOMES"
                },
                {
                    "codigo_aluno": "316(...)36",
                    "nome_aluno": "JOÃO ALVES RIBEIRO"
                },
                {
                    "codigo_aluno": "303(...)56",
                    "nome_aluno": "JOÃO RAFAEL BEBIANO SOARES"
                },
                {
                    "codigo_aluno": "306(...)22",
                    "nome_aluno": "JOÃO TOMÁS PEREIRA RIBEIRO"
                },
                {
                    "codigo_aluno": "156(...)29",
                    "nome_aluno": "JORGE LEBRE FERREIRA DE SOUSA"
                },
                {
                    "codigo_aluno": "300(...)06",
                    "nome_aluno": "LEANDRO LEITE MACHADO"
                },
                {
                    "codigo_aluno": "157(...)44",
                    "nome_aluno": "LILIANA RIBEIRO DOS SANTOS"
                },
                {
                    "codigo_aluno": "157(...)72",
                    "nome_aluno": "LUANA CATARINA DE SOBRAL E RAPOSINHO"
                },
                {
                    "codigo_aluno": "306(...)62",
                    "nome_aluno": "MARIA TERESA CASTRO VINHAS E COSTA FAIA"
                },
                {
                    "codigo_aluno": "303(...)64",
                    "nome_aluno": "MICAEL TIAGO COSTA FERREIRA"
                },
                {
                    "codigo_aluno": "156(...)94",
                    "nome_aluno": "NUNO GONÇALO MAGALHÃES GOMES"
                },
                {
                    "codigo_aluno": "306(...)37",
                    "nome_aluno": "RAISSA ALVES GOMES"
                },
                {
                    "codigo_aluno": "327(...)66",
                    "nome_aluno": "RAISSA DE SOUZA RAMOS"
                },
                {
                    "codigo_aluno": "159(...)79",
                    "nome_aluno": "RICARDO CASIMIRO CARVALHO VIEIRA"
                },
                {
                    "codigo_aluno": "304(...)65",
                    "nome_aluno": "TIAGO MIGUEL GONÇALVES DANTAS"
                }
            ]
        },
        {
            "codigo_curso": "9165",
            "nome_curso": "9165 - Gestão e Administração Pública",
            "colocados": [
                {
                    "codigo_aluno": "157(...)35",
                    "nome_aluno": "AFONSO DA CUNHA VALENTE"
                },
                {
                    "codigo_aluno": "309(...)50",
                    "nome_aluno": "AFONSO GUERRA CARDOSO"
                },
                {
                    "codigo_aluno": "309(...)22",
                    "nome_aluno": "ANA CLARA SILVA DO NASCIMENTO"
                },
                {
                    "codigo_aluno": "305(...)14",
                    "nome_aluno": "ÂNIA MARIA SOUSA FREITAS"
                },
                {
                    "codigo_aluno": "151(...)28",
                    "nome_aluno": "DIOGO MIGUEL FERNANDES DOS SANTOS"
                },
                {
                    "codigo_aluno": "153(...)60",
                    "nome_aluno": "GONÇALO MIGUEL PÓVOA PERDIGÃO"
                },
                {
                    "codigo_aluno": "308(...)36",
                    "nome_aluno": "INÊS ISABEL FERREIRA MONTEIRO"
                },
                {
                    "codigo_aluno": "154(...)34",
                    "nome_aluno": "JOAO PEDRO BELCHIOR FARIA"
                },
                {
                    "codigo_aluno": "152(...)12",
                    "nome_aluno": "JOÃO PEDRO MARTINS RIBEIRO"
                },
                {
                    "codigo_aluno": "310(...)20",
                    "nome_aluno": "JOAQUIM COUTINHO VIEIRA"
                },
                {
                    "codigo_aluno": "314(...)97",
                    "nome_aluno": "LUANA MANUELA FERNANDES PEREIRA"
                },
                {
                    "codigo_aluno": "310(...)67",
                    "nome_aluno": "LÚCIA MANUELA MARTINS RODRIGUES"
                },
                {
                    "codigo_aluno": "312(...)82",
                    "nome_aluno": "LÚCIA MARGARIDA PEREIRA MONTEIRO"
                },
                {
                    "codigo_aluno": "306(...)62",
                    "nome_aluno": "LUÍS EMANUEL NAMBI LOPES"
                },
                {
                    "codigo_aluno": "315(...)77",
                    "nome_aluno": "MARGARIDA ISABEL MACHADO PAULOS"
                },
                {
                    "codigo_aluno": "303(...)57",
                    "nome_aluno": "MARIA DO CARMO GARCIA GONÇALVES"
                },
                {
                    "codigo_aluno": "308(...)08",
                    "nome_aluno": "MARIA ISABEL MESQUITA MADUREIRA"
                },
                {
                    "codigo_aluno": "159(...)11",
                    "nome_aluno": "MARIANA RAQUEL FERREIRA CARDOSO"
                },
                {
                    "codigo_aluno": "306(...)99",
                    "nome_aluno": "NÁDIA CONCEIÇÃO GOMES"
                },
                {
                    "codigo_aluno": "304(...)43",
                    "nome_aluno": "NELSON MIGUEL RAMALHO FERNANDES"
                },
                {
                    "codigo_aluno": "159(...)25",
                    "nome_aluno": "RENATO ESCALEIRA RODRIGUES"
                },
                {
                    "codigo_aluno": "303(...)53",
                    "nome_aluno": "RENATO RODRIGUES DE SÁ"
                },
                {
                    "codigo_aluno": "312(...)50",
                    "nome_aluno": "RICARDO LUIS CEPEDA MARRÂO"
                },
                {
                    "codigo_aluno": "157(...)02",
                    "nome_aluno": "RODRIGO ANDRÉ FERREIRA"
                },
                {
                    "codigo_aluno": "312(...)11",
                    "nome_aluno": "RODRIGO PINTO CARVALHO"
                },
                {
                    "codigo_aluno": "309(...)43",
                    "nome_aluno": "RÚBEN MAGALHÃES MOREIRA"
                },
                {
                    "codigo_aluno": "307(...)90",
                    "nome_aluno": "RÚBEN MIGUEL PAIXÃO CORREIA"
                },
                {
                    "codigo_aluno": "155(...)37",
                    "nome_aluno": "TÂNIA LOPES MIRANDA"
                },
                {
                    "codigo_aluno": "306(...)93",
                    "nome_aluno": "TATIANA FILIPA PACHECO RIBEIRO"
                },
                {
                    "codigo_aluno": "305(...)31",
                    "nome_aluno": "TATIANA SAMPAIO MARTINS"
                },
                {
                    "codigo_aluno": "316(...)81",
                    "nome_aluno": "TIAGO FILIPE MEIRINHOS FALCÃO"
                },
                {
                    "codigo_aluno": "310(...)03",
                    "nome_aluno": "VASCO MARQUES SILVA"
                }
            ]
        },
        {
            "codigo_curso": "9188",
            "nome_curso": "9188 - Informática e Comunicações",
            "colocados": []
        },
        {
            "codigo_curso": "9205",
            "nome_curso": "9205 - Marketing",
            "colocados": [
                {
                    "codigo_aluno": "310(...)04",
                    "nome_aluno": "ANA FERREIRA DA COSTA"
                },
                {
                    "codigo_aluno": "307(...)32",
                    "nome_aluno": "ANA FRANCISCA CARVALHO NATÁRIO"
                },
                {
                    "codigo_aluno": "306(...)82",
                    "nome_aluno": "ANA GABRIELA DA COSTA MARQUES"
                },
                {
                    "codigo_aluno": "306(...)46",
                    "nome_aluno": "ANITA CAROLINA RIBEIRO TEIXEIRA"
                },
                {
                    "codigo_aluno": "303(...)86",
                    "nome_aluno": "BEATRIZ JACINTA NUNES FERREIRA"
                },
                {
                    "codigo_aluno": "304(...)88",
                    "nome_aluno": "BEATRIZ RODRIGUES PAULINO"
                },
                {
                    "codigo_aluno": "159(...)87",
                    "nome_aluno": "CLÁUDIA ISABEL GUEDES PEREIRA"
                },
                {
                    "codigo_aluno": "311(...)42",
                    "nome_aluno": "DAVID DANIEL PINHEIRO FREIRE"
                },
                {
                    "codigo_aluno": "159(...)18",
                    "nome_aluno": "DAVID FERREIRA DA SILVA"
                },
                {
                    "codigo_aluno": "306(...)63",
                    "nome_aluno": "DIANA BEATRIZ SOARES FERNANDES"
                },
                {
                    "codigo_aluno": "302(...)88",
                    "nome_aluno": "DIANA SOUSA CUNHA"
                },
                {
                    "codigo_aluno": "306(...)10",
                    "nome_aluno": "DIOGO RAFAEL PINTO SOARES"
                },
                {
                    "codigo_aluno": "152(...)11",
                    "nome_aluno": "EDUARDA FILIPA MOREIRA DA SILVA"
                },
                {
                    "codigo_aluno": "156(...)95",
                    "nome_aluno": "EVA MARTINA GONÇALVES CATANHO"
                },
                {
                    "codigo_aluno": "309(...)56",
                    "nome_aluno": "EVAN ALEXANDRE NOVAIS DA COSTA"
                },
                {
                    "codigo_aluno": "309(...)15",
                    "nome_aluno": "FILIPA CAMPOS RODRIGUES"
                },
                {
                    "codigo_aluno": "301(...)94",
                    "nome_aluno": "FRANCISCA COELHO PINTO"
                },
                {
                    "codigo_aluno": "303(...)05",
                    "nome_aluno": "FRANCISCA FIGUEIREDO MARQUES"
                },
                {
                    "codigo_aluno": "157(...)91",
                    "nome_aluno": "GUILHERME FERREIRA FERNANDES"
                },
                {
                    "codigo_aluno": "309(...)96",
                    "nome_aluno": "IARA RAQUEL PINTO FERREIRA"
                },
                {
                    "codigo_aluno": "152(...)98",
                    "nome_aluno": "JULIANA DA LUZ RODRIGUES"
                },
                {
                    "codigo_aluno": "159(...)96",
                    "nome_aluno": "LARA FILIPA FERREIRA ALVES"
                },
                {
                    "codigo_aluno": "152(...)52",
                    "nome_aluno": "LUANA SANTOS FERNANDES"
                },
                {
                    "codigo_aluno": "303(...)05",
                    "nome_aluno": "LUCAS DANIEL OLIVEIRA NETO"
                },
                {
                    "codigo_aluno": "309(...)14",
                    "nome_aluno": "MARGARIDA CORREIA GUIMARÃES"
                },
                {
                    "codigo_aluno": "307(...)43",
                    "nome_aluno": "MARIA FARIA MARTINS"
                },
                {
                    "codigo_aluno": "303(...)70",
                    "nome_aluno": "MARIA FIGUEIREDO MARQUES"
                },
                {
                    "codigo_aluno": "307(...)93",
                    "nome_aluno": "MARIANA VIEIRA DA SILVA"
                },
                {
                    "codigo_aluno": "156(...)34",
                    "nome_aluno": "MARTA FILIPA MARTINS RODRIGUES"
                },
                {
                    "codigo_aluno": "309(...)23",
                    "nome_aluno": "MATILDE SANCHO SALGUEIRO FERRÃO"
                },
                {
                    "codigo_aluno": "154(...)76",
                    "nome_aluno": "MATILDE VIEIRA LEITE"
                },
                {
                    "codigo_aluno": "312(...)74",
                    "nome_aluno": "PEDRO CARDOSO HENRIQUE"
                },
                {
                    "codigo_aluno": "313(...)95",
                    "nome_aluno": "RAFAELA ALEXANDRA FERREIRA PINTO"
                },
                {
                    "codigo_aluno": "301(...)89",
                    "nome_aluno": "RODRIGO MIGUEL PINTO DA SILVA"
                },
                {
                    "codigo_aluno": "308(...)43",
                    "nome_aluno": "RÚBEN AGOSTINHO MACHADO VIEIRA"
                },
                {
                    "codigo_aluno": "159(...)50",
                    "nome_aluno": "SIMÃO DANIEL TEIXEIRA PINTO"
                },
                {
                    "codigo_aluno": "306(...)34",
                    "nome_aluno": "SORAIA DA SILVA RODRIGUES"
                },
                {
                    "codigo_aluno": "159(...)06",
                    "nome_aluno": "TERESA DEOLINDA OLIVEIRA SOUSA"
                },
                {
                    "codigo_aluno": "311(...)66",
                    "nome_aluno": "TIAGO RIBEIRO ABREU"
                },
                {
                    "codigo_aluno": "154(...)79",
                    "nome_aluno": "TOMÁS DAVID GUIMARÃES CASTRO"
                }
            ]
        },
        {
            "codigo_curso": "9213",
            "nome_curso": "9213 - Multimédia",
            "colocados": [
                {
                    "codigo_aluno": "306(...)71",
                    "nome_aluno": "ANA PACHECO PARDILHÓ"
                },
                {
                    "codigo_aluno": "310(...)59",
                    "nome_aluno": "ANA RITA DA SILVA LEMOS"
                },
                {
                    "codigo_aluno": "159(...)34",
                    "nome_aluno": "ANDRÉ FILIPE DA ROCHA PINTO"
                },
                {
                    "codigo_aluno": "301(...)76",
                    "nome_aluno": "DANIELA CARVALHO ARAÚJO"
                },
                {
                    "codigo_aluno": "301(...)32",
                    "nome_aluno": "GUSTAVO NUNO CARVALHO DA ROCHA"
                },
                {
                    "codigo_aluno": "150(...)88",
                    "nome_aluno": "LARA BEATRIZ BARBOSA RIBEIRO"
                },
                {
                    "codigo_aluno": "157(...)23",
                    "nome_aluno": "LIA RAFAELA BELCHIOR FERNANDES"
                },
                {
                    "codigo_aluno": "240(...)02",
                    "nome_aluno": "MAURÍCIO CRUZ BARRETO JUNIOR"
                },
                {
                    "codigo_aluno": "153(...)21",
                    "nome_aluno": "PEDRO RIBEIRO DOS SANTOS BORBA"
                },
                {
                    "codigo_aluno": "303(...)29",
                    "nome_aluno": "RUI ADRIANO FREITAS SANTOS"
                },
                {
                    "codigo_aluno": "303(...)72",
                    "nome_aluno": "SOFIA COUTO DA SILVA"
                }
            ]
        },
        {
            "codigo_curso": "9242",
            "nome_curso": "9242 - Solicitadoria",
            "colocados": [
                {
                    "codigo_aluno": "306(...)67",
                    "nome_aluno": "ADOLFO ALVES ARAÚJO"
                },
                {
                    "codigo_aluno": "303(...)05",
                    "nome_aluno": "ANA BEATRIZ ROCHA FERNANDES"
                },
                {
                    "codigo_aluno": "302(...)21",
                    "nome_aluno": "ANA CAROLINA GOMES DE PINHO PORTAL"
                },
                {
                    "codigo_aluno": "307(...)09",
                    "nome_aluno": "ANA CATARINA SILVA CONDE MENDES"
                },
                {
                    "codigo_aluno": "309(...)74",
                    "nome_aluno": "ANA CLARA PENTEADO FARIA"
                },
                {
                    "codigo_aluno": "303(...)55",
                    "nome_aluno": "ANA FILIPA BERNARDO DE SOUSA"
                },
                {
                    "codigo_aluno": "316(...)20",
                    "nome_aluno": "ANA LUÍSA DA SILVA MARTINS CARVALHO"
                },
                {
                    "codigo_aluno": "309(...)10",
                    "nome_aluno": "ANA LUÍSA OLIVEIRA RIBEIRO"
                },
                {
                    "codigo_aluno": "306(...)59",
                    "nome_aluno": "ANA RITA BARREIRA CLARO"
                },
                {
                    "codigo_aluno": "314(...)64",
                    "nome_aluno": "ANA RITA GOMES MACHADO"
                },
                {
                    "codigo_aluno": "313(...)42",
                    "nome_aluno": "ANA RITA TEIXEIRA FREIRE"
                },
                {
                    "codigo_aluno": "309(...)65",
                    "nome_aluno": "BEATRIZ DANIELA MARTINS PINHEIRO"
                },
                {
                    "codigo_aluno": "310(...)04",
                    "nome_aluno": "BEATRIZ SOFIA LOPES NETO"
                },
                {
                    "codigo_aluno": "153(...)70",
                    "nome_aluno": "BEATRIZ TEIXEIRA PINTO"
                },
                {
                    "codigo_aluno": "306(...)81",
                    "nome_aluno": "CAROLINA CANELHAS NEVES"
                },
                {
                    "codigo_aluno": "153(...)27",
                    "nome_aluno": "CAROLINA DA SILVA RIBEIRO"
                },
                {
                    "codigo_aluno": "158(...)79",
                    "nome_aluno": "CAROLINA SOEIRO FERREIRA"
                },
                {
                    "codigo_aluno": "304(...)72",
                    "nome_aluno": "CATARINA ALEXANDRA FERREIRA LOPES"
                },
                {
                    "codigo_aluno": "151(...)41",
                    "nome_aluno": "CATARINA SOFIA SOUSA QUINTAL"
                },
                {
                    "codigo_aluno": "153(...)09",
                    "nome_aluno": "CHRISTIAN TEIXEIRA PEREIRA"
                },
                {
                    "codigo_aluno": "313(...)47",
                    "nome_aluno": "CLÁUDIO AFONSO FIRMINO"
                },
                {
                    "codigo_aluno": "308(...)65",
                    "nome_aluno": "CRISTIANA BEATRIZ TAVEIRA COSTA"
                },
                {
                    "codigo_aluno": "313(...)25",
                    "nome_aluno": "CRISTIANA DUARTE MEDEIROS"
                },
                {
                    "codigo_aluno": "153(...)00",
                    "nome_aluno": "DIANA FILIPA TEIXEIRA PARDAL"
                },
                {
                    "codigo_aluno": "316(...)21",
                    "nome_aluno": "DIOGO RODRIGUES SÁ"
                },
                {
                    "codigo_aluno": "300(...)70",
                    "nome_aluno": "ÉRICA EIRAS RODRIGUES"
                },
                {
                    "codigo_aluno": "306(...)83",
                    "nome_aluno": "FERNANDO HENRIQUE CARDOSO DA SILVA"
                },
                {
                    "codigo_aluno": "310(...)42",
                    "nome_aluno": "FRANCISCA DA FONSECA PINTO"
                },
                {
                    "codigo_aluno": "305(...)84",
                    "nome_aluno": "FRANCISCA INÊS FERREIRA VENTURA"
                },
                {
                    "codigo_aluno": "303(...)39",
                    "nome_aluno": "GISELA LUCIANA COELHO PEREIRA"
                },
                {
                    "codigo_aluno": "154(...)83",
                    "nome_aluno": "JÉSSICA MARIA MONTEIRO MARTINS"
                },
                {
                    "codigo_aluno": "303(...)47",
                    "nome_aluno": "JOANA ALEXANDRA CORREIA RIBEIRO"
                },
                {
                    "codigo_aluno": "306(...)84",
                    "nome_aluno": "JOSÉ PEDRO PINTO PORTILHO"
                },
                {
                    "codigo_aluno": "307(...)90",
                    "nome_aluno": "JULIANA BEATRIZ NOBRE DA SILVA"
                },
                {
                    "codigo_aluno": "148(...)22",
                    "nome_aluno": "JULIANA RAFAELA MARIANO CASCAIS"
                },
                {
                    "codigo_aluno": "240(...)19",
                    "nome_aluno": "KEURISE VICTORIA VAZ PEREIRA D'ALVA"
                },
                {
                    "codigo_aluno": "240(...)14",
                    "nome_aluno": "LAYSSA VITÓRIA NERES RIBEIRO"
                },
                {
                    "codigo_aluno": "316(...)36",
                    "nome_aluno": "LETÍCIA BRIOSO DA NOVA"
                },
                {
                    "codigo_aluno": "314(...)94",
                    "nome_aluno": "MARCOS ANTÓNIO PINHEIRO PONTES FERREIRA"
                },
                {
                    "codigo_aluno": "309(...)52",
                    "nome_aluno": "MARGARIDA DA SILVA BERNARDINO"
                },
                {
                    "codigo_aluno": "310(...)60",
                    "nome_aluno": "MARGARIDA MARCELINO SILVA"
                },
                {
                    "codigo_aluno": "153(...)59",
                    "nome_aluno": "MARGARIDA SOUSA DIAS ANDRADE"
                },
                {
                    "codigo_aluno": "158(...)90",
                    "nome_aluno": "MARIA INÊS COUTO PAIVA AMARAL"
                },
                {
                    "codigo_aluno": "308(...)22",
                    "nome_aluno": "MARIANA ISABEL PINTO RIBEIRO"
                },
                {
                    "codigo_aluno": "317(...)49",
                    "nome_aluno": "MARIANA PINTO RODRIGUES"
                },
                {
                    "codigo_aluno": "312(...)47",
                    "nome_aluno": "MARTA FILIPA DA COSTA FERRAZ"
                },
                {
                    "codigo_aluno": "159(...)58",
                    "nome_aluno": "MARTA FILIPA GUIMARÃES SALGADO"
                },
                {
                    "codigo_aluno": "159(...)66",
                    "nome_aluno": "MARTA ISABEL LIMA PIRES"
                },
                {
                    "codigo_aluno": "153(...)25",
                    "nome_aluno": "MARTA ISABEL LOPES PINTO"
                },
                {
                    "codigo_aluno": "157(...)82",
                    "nome_aluno": "MATILDE FERNANDES CUNHA PEREIRA"
                },
                {
                    "codigo_aluno": "301(...)77",
                    "nome_aluno": "MATILDE NOBRE PEREIRA"
                },
                {
                    "codigo_aluno": "241(...)12",
                    "nome_aluno": "MELIZA LAURA CALEI CAMBULO"
                },
                {
                    "codigo_aluno": "305(...)31",
                    "nome_aluno": "MIGUEL ANES FIGUEIREDO NUNES"
                },
                {
                    "codigo_aluno": "158(...)68",
                    "nome_aluno": "NUNO GUILHERME ROCHA CARVALHO"
                },
                {
                    "codigo_aluno": "311(...)97",
                    "nome_aluno": "RICARDO RIBEIRO SOEIRO"
                },
                {
                    "codigo_aluno": "159(...)95",
                    "nome_aluno": "RITA FERNANDES OLIVEIRA"
                },
                {
                    "codigo_aluno": "316(...)97",
                    "nome_aluno": "SARA VILELA FERREIRA"
                },
                {
                    "codigo_aluno": "309(...)75",
                    "nome_aluno": "TOMÁS FILIPE FENA TEIXEIRA"
                },
                {
                    "codigo_aluno": "312(...)39",
                    "nome_aluno": "VERÓNICA MARIA MARQUES MAGALHÃES"
                }
            ]
        },
        {
            "codigo_curso": "9254",
            "nome_curso": "9254 - Turismo",
            "colocados": [
                {
                    "codigo_aluno": "308(...)05",
                    "nome_aluno": "ANDRÉ FILIPE GONÇALVES ALMEIDA"
                },
                {
                    "codigo_aluno": "240(...)26",
                    "nome_aluno": "CARLA ALINE TAVEIRA ALVES"
                },
                {
                    "codigo_aluno": "312(...)39",
                    "nome_aluno": "CATARINA LIMA CUNHA"
                },
                {
                    "codigo_aluno": "304(...)62",
                    "nome_aluno": "EDUARDA BARBOSA CARNEIRO"
                },
                {
                    "codigo_aluno": "312(...)82",
                    "nome_aluno": "GONÇALO JOSÉ GONÇALVES SOARES AGUIAR"
                },
                {
                    "codigo_aluno": "309(...)45",
                    "nome_aluno": "INÊS COELHO DA SILVA"
                },
                {
                    "codigo_aluno": "306(...)12",
                    "nome_aluno": "JOSÉ PEDRO SILVESTRE MONTEIRO DE MOURA"
                },
                {
                    "codigo_aluno": "304(...)25",
                    "nome_aluno": "LARA ISABEL NUNES DA COSTA"
                },
                {
                    "codigo_aluno": "300(...)94",
                    "nome_aluno": "LARA MARIA TEIXEIRA GASPAR"
                },
                {
                    "codigo_aluno": "156(...)43",
                    "nome_aluno": "LETÍCIA MARIA MOREIRA POSSIDÓNIO"
                },
                {
                    "codigo_aluno": "153(...)91",
                    "nome_aluno": "MARIANA MARTINHO DE ALMEIDA"
                },
                {
                    "codigo_aluno": "306(...)61",
                    "nome_aluno": "MATILDE TEIXEIRA PINTO"
                },
                {
                    "codigo_aluno": "309(...)38",
                    "nome_aluno": "PEDRO MIGUEL TOMÁS CARDOSO"
                },
                {
                    "codigo_aluno": "159(...)52",
                    "nome_aluno": "RAFAEL DA COSTA MARTINS"
                },
                {
                    "codigo_aluno": "303(...)44",
                    "nome_aluno": "RODRIGO COSTA MARTINS"
                }
            ]
        }
    ]
}