{
    "codigo_universidade": "3095",
    "nome_universidade": "3095 - Instituto Politécnico da Guarda - Escola Superior de Turismo e Hotelaria",
    "cursos": [
        {
            "codigo_curso": "L061",
            "nome_curso": "L061 - Gestão do Turismo e da Hospitalidade",
            "colocados": [
                {
                    "codigo_aluno": "145(...)13",
                    "nome_aluno": "ISIS BRUNA MENDES DA SILVA"
                }
            ]
        },
        {
            "codigo_curso": "9173",
            "nome_curso": "9173 - Gestão Hoteleira",
            "colocados": [
                {
                    "codigo_aluno": "317(...)60",
                    "nome_aluno": "BRUNA FILIPA FERREIRA DA SILVA"
                },
                {
                    "codigo_aluno": "307(...)26",
                    "nome_aluno": "ÉRICA INÊS FONSECA MENDES"
                },
                {
                    "codigo_aluno": "310(...)06",
                    "nome_aluno": "GUILHERME FERNANDES PAIXÃO"
                },
                {
                    "codigo_aluno": "159(...)74",
                    "nome_aluno": "LAURA ALMEIDA GOMES"
                },
                {
                    "codigo_aluno": "304(...)41",
                    "nome_aluno": "MARIANA ISABEL COSTA RODRIGUES"
                },
                {
                    "codigo_aluno": "314(...)78",
                    "nome_aluno": "MATILDE SOUSA PEREIRA"
                },
                {
                    "codigo_aluno": "309(...)20",
                    "nome_aluno": "MIGUEL CAMPOS VIEIRA"
                },
                {
                    "codigo_aluno": "314(...)16",
                    "nome_aluno": "RICARDO GABRIEL KOVACS CALDEIRA"
                },
                {
                    "codigo_aluno": "309(...)20",
                    "nome_aluno": "RICARDO JOSÉ MARQUES LOUREIRO"
                },
                {
                    "codigo_aluno": "305(...)18",
                    "nome_aluno": "RODRIGO CARRIÇO SIMÕES"
                },
                {
                    "codigo_aluno": "157(...)71",
                    "nome_aluno": "TIAGO ANDRÉ BORGES RODRIGUES"
                }
            ]
        },
        {
            "codigo_curso": "9484",
            "nome_curso": "9484 - Restauração e Catering",
            "colocados": [
                {
                    "codigo_aluno": "304(...)90",
                    "nome_aluno": "EDGAR MARTINS DE SOUSA"
                },
                {
                    "codigo_aluno": "150(...)13",
                    "nome_aluno": "LAURA DOS SANTOS CORDEIRO"
                },
                {
                    "codigo_aluno": "302(...)11",
                    "nome_aluno": "MARIA FERNANDA BROCHADO FERREIRA DA ROCHA"
                }
            ]
        },
        {
            "codigo_curso": "9255",
            "nome_curso": "9255 - Turismo e Lazer",
            "colocados": [
                {
                    "codigo_aluno": "306(...)96",
                    "nome_aluno": "FRANCISCO VAZ MONTEIRO"
                },
                {
                    "codigo_aluno": "300(...)89",
                    "nome_aluno": "GUILHERME FERREIRA OLIVEIRA BASTOS"
                },
                {
                    "codigo_aluno": "309(...)83",
                    "nome_aluno": "MARIANA MARTINS ALVES"
                }
            ]
        }
    ]
}