{
    "codigo_universidade": "3139",
    "nome_universidade": "3139 - Instituto Politécnico do Porto - Escola Superior de Hotelaria e Turismo",
    "cursos": [
        {
            "codigo_curso": "L131",
            "nome_curso": "L131 - Gestão da Restauração e Catering",
            "colocados": [
                {
                    "codigo_aluno": "308(...)44",
                    "nome_aluno": "ANDRÉ FILIPE PASSOS GUIMARÃES"
                },
                {
                    "codigo_aluno": "308(...)41",
                    "nome_aluno": "ANDRÉ NUNES BOULHOSA"
                },
                {
                    "codigo_aluno": "300(...)13",
                    "nome_aluno": "ARTHUR DO NASCIMENTO GOMES"
                },
                {
                    "codigo_aluno": "309(...)62",
                    "nome_aluno": "BEATRIZ MONTEIRO FARIA"
                },
                {
                    "codigo_aluno": "300(...)97",
                    "nome_aluno": "BEATRIZ PEREIRA BARROS"
                },
                {
                    "codigo_aluno": "305(...)76",
                    "nome_aluno": "BRUNO MIGUEL DA SILVA MOREIRA"
                },
                {
                    "codigo_aluno": "151(...)40",
                    "nome_aluno": "DIOGO VITORINO FERNANDES CALES"
                },
                {
                    "codigo_aluno": "305(...)44",
                    "nome_aluno": "GONÇALO DA SILVA CRUZ"
                },
                {
                    "codigo_aluno": "242(...)02",
                    "nome_aluno": "HENRIQUE RODRIGUES SANTIAGO DOS SANTOS"
                },
                {
                    "codigo_aluno": "308(...)45",
                    "nome_aluno": "INÊS FREITAS DE CARVALHO"
                },
                {
                    "codigo_aluno": "314(...)58",
                    "nome_aluno": "ISABEL MARIA MARQUES MARTINS"
                },
                {
                    "codigo_aluno": "154(...)74",
                    "nome_aluno": "JOANA FILIPA FERREIRA DE ALMEIDA"
                },
                {
                    "codigo_aluno": "153(...)77",
                    "nome_aluno": "JOAO MARIA FORTE MENDES TERROSO"
                },
                {
                    "codigo_aluno": "303(...)49",
                    "nome_aluno": "JOAO PEDRO RIBEIRO DA SILVA"
                },
                {
                    "codigo_aluno": "301(...)94",
                    "nome_aluno": "JOSÉ HENRIQUE DE CARVALHO"
                },
                {
                    "codigo_aluno": "156(...)90",
                    "nome_aluno": "LARA RODRIGUES PEREIRA"
                },
                {
                    "codigo_aluno": "158(...)92",
                    "nome_aluno": "MARA ORIANA FERREIRA DA COSTA"
                },
                {
                    "codigo_aluno": "303(...)40",
                    "nome_aluno": "MARGARIDA MARTINS ARAÚJO"
                },
                {
                    "codigo_aluno": "155(...)42",
                    "nome_aluno": "MARIA RITA BARROSO MÜLLER"
                },
                {
                    "codigo_aluno": "302(...)57",
                    "nome_aluno": "MARIANA CONCEIÇÃO RODRIGUES SANTOS"
                },
                {
                    "codigo_aluno": "155(...)74",
                    "nome_aluno": "MATILDE NAVEGA DUARTE"
                },
                {
                    "codigo_aluno": "300(...)58",
                    "nome_aluno": "PEDRO GONCALVES PEREIRA"
                },
                {
                    "codigo_aluno": "314(...)93",
                    "nome_aluno": "PEDRO MIGUEL SILVA RIBEIRO"
                },
                {
                    "codigo_aluno": "155(...)55",
                    "nome_aluno": "RAFAEL GOUVEIA EMÍLIO"
                },
                {
                    "codigo_aluno": "304(...)31",
                    "nome_aluno": "RODRIGO ALMEIDA CARDOSO"
                },
                {
                    "codigo_aluno": "159(...)70",
                    "nome_aluno": "RODRIGO FERREIRA ANDRADE"
                },
                {
                    "codigo_aluno": "157(...)44",
                    "nome_aluno": "SARA DE NORONHA CUNHA DE ALMEIDA"
                },
                {
                    "codigo_aluno": "152(...)16",
                    "nome_aluno": "SERENA IARA SULTANE FERREIRA"
                },
                {
                    "codigo_aluno": "154(...)14",
                    "nome_aluno": "SOFIA DE SÁ MONTEIRO"
                },
                {
                    "codigo_aluno": "303(...)84",
                    "nome_aluno": "TOMÁS DE OLIVEIRA PINTO PAULOS"
                }
            ]
        },
        {
            "codigo_curso": "9921",
            "nome_curso": "9921 - Gestão das Atividades Turísticas",
            "colocados": [
                {
                    "codigo_aluno": "153(...)74",
                    "nome_aluno": "ANA FRANCISCA DE OLIVEIRA DIAS MARTINS"
                },
                {
                    "codigo_aluno": "311(...)61",
                    "nome_aluno": "BEATRIZ FERREIRA SOARES"
                },
                {
                    "codigo_aluno": "304(...)03",
                    "nome_aluno": "BEATRIZ MIRANDA DINIZ"
                },
                {
                    "codigo_aluno": "318(...)11",
                    "nome_aluno": "CATARINA FILIPA FERREIRA ANDRADE"
                },
                {
                    "codigo_aluno": "156(...)12",
                    "nome_aluno": "CRISTIANA PEREIRA LIMA"
                },
                {
                    "codigo_aluno": "312(...)10",
                    "nome_aluno": "DANIELA FILIPA CAMPOS RIOS"
                },
                {
                    "codigo_aluno": "151(...)62",
                    "nome_aluno": "DINIS OSÓRIO VALENTE DE ANTAS GUIMARÃES"
                },
                {
                    "codigo_aluno": "311(...)43",
                    "nome_aluno": "DIOGO FILIPE GOMES AMERICANO"
                },
                {
                    "codigo_aluno": "303(...)64",
                    "nome_aluno": "DIOGO TEIXEIRA GOMES"
                },
                {
                    "codigo_aluno": "309(...)80",
                    "nome_aluno": "FRANCISCO DE SOUSA ALMEIDA"
                },
                {
                    "codigo_aluno": "308(...)54",
                    "nome_aluno": "INÊS OLIVEIRA GOMES"
                },
                {
                    "codigo_aluno": "309(...)94",
                    "nome_aluno": "INÊS SILVA GUIMARÃES"
                },
                {
                    "codigo_aluno": "301(...)78",
                    "nome_aluno": "INÊS SOFIA MONTEIRO BARBOSA"
                },
                {
                    "codigo_aluno": "155(...)22",
                    "nome_aluno": "JOÃO LUÍS MONTEIRO SILVA"
                },
                {
                    "codigo_aluno": "316(...)10",
                    "nome_aluno": "JOSÉ CARLOS MARTINS DE CASTRO"
                },
                {
                    "codigo_aluno": "312(...)81",
                    "nome_aluno": "JULIANA FILIPA MOREIRA SOARES"
                },
                {
                    "codigo_aluno": "308(...)21",
                    "nome_aluno": "LEONOR MACIEL GOMES"
                },
                {
                    "codigo_aluno": "300(...)07",
                    "nome_aluno": "LETÍCIA COSTA FIGUEIRA"
                },
                {
                    "codigo_aluno": "154(...)74",
                    "nome_aluno": "MÁRCIA ALEXANDRA DOMINGUES FERREIRA"
                },
                {
                    "codigo_aluno": "313(...)76",
                    "nome_aluno": "MARIA INÊS CARNEIRO GUIMARÃES"
                },
                {
                    "codigo_aluno": "304(...)51",
                    "nome_aluno": "MARIA INÊS COELHO CARVALHO"
                },
                {
                    "codigo_aluno": "155(...)86",
                    "nome_aluno": "MARIA JOÃO DA SILVA MORADO"
                },
                {
                    "codigo_aluno": "309(...)01",
                    "nome_aluno": "MARIANA GOMES FERREIRA"
                },
                {
                    "codigo_aluno": "303(...)83",
                    "nome_aluno": "MATILDE CEIA PINHEIRO"
                },
                {
                    "codigo_aluno": "310(...)74",
                    "nome_aluno": "MATILDE XAVIER COSTA"
                },
                {
                    "codigo_aluno": "157(...)68",
                    "nome_aluno": "PEDRO MIGUEL MAXIMINO NOGUEIRA"
                },
                {
                    "codigo_aluno": "154(...)09",
                    "nome_aluno": "RITA GOMES PINTO DE OLIVEIRA"
                },
                {
                    "codigo_aluno": "155(...)87",
                    "nome_aluno": "RUBEN FILIPE GOMES VASCONCELOS"
                },
                {
                    "codigo_aluno": "305(...)20",
                    "nome_aluno": "SOFIA ALEXANDRA BARBOSA SILVA"
                },
                {
                    "codigo_aluno": "313(...)71",
                    "nome_aluno": "SORAIA SANTOS TRIGUEIRA"
                },
                {
                    "codigo_aluno": "154(...)09",
                    "nome_aluno": "VERÓNICA PINTO DUARTE"
                },
                {
                    "codigo_aluno": "159(...)41",
                    "nome_aluno": "VITÓRIA SOFIA GOMES PEIXOTO"
                },
                {
                    "codigo_aluno": "240(...)09",
                    "nome_aluno": "YOUSSEF LEGHRESSI ARIGAT"
                }
            ]
        },
        {
            "codigo_curso": "8442",
            "nome_curso": "8442 - Gestão das Atividades Turísticas (regime pós-laboral)",
            "colocados": [
                {
                    "codigo_aluno": "305(...)26",
                    "nome_aluno": "ANDREIA FILIPA TORRES RODRIGUES"
                },
                {
                    "codigo_aluno": "302(...)10",
                    "nome_aluno": "BRUNA ALEXANDRA DA SILVA MARTINS"
                },
                {
                    "codigo_aluno": "307(...)91",
                    "nome_aluno": "CAROLINA RIBEIRO NOGUEIRA"
                },
                {
                    "codigo_aluno": "307(...)57",
                    "nome_aluno": "CATARINA RIBEIRO FRANCISCO"
                },
                {
                    "codigo_aluno": "312(...)10",
                    "nome_aluno": "DEBORA ANISA MANUEL MORAIS"
                },
                {
                    "codigo_aluno": "152(...)65",
                    "nome_aluno": "DINIS DA SILVA COSTA"
                },
                {
                    "codigo_aluno": "153(...)11",
                    "nome_aluno": "GABRIEL DE SÁ FIGUEIREDO E SOUSA"
                },
                {
                    "codigo_aluno": "312(...)11",
                    "nome_aluno": "GONÇALO FERREIRA DIAS"
                },
                {
                    "codigo_aluno": "303(...)12",
                    "nome_aluno": "GONÇALO FILIPE PEREIRA PIMENTEL"
                },
                {
                    "codigo_aluno": "301(...)33",
                    "nome_aluno": "GONÇALO JOSÉ PIRES DE ARAÚJO ABREU"
                },
                {
                    "codigo_aluno": "304(...)90",
                    "nome_aluno": "GUILHERME DE JESUS CARVALHO"
                },
                {
                    "codigo_aluno": "242(...)01",
                    "nome_aluno": "JESIMIEL JAIR DE ALMEIDA LUCALA"
                },
                {
                    "codigo_aluno": "301(...)52",
                    "nome_aluno": "JOSÉ MANUEL TRINDADE BARBOSA"
                },
                {
                    "codigo_aluno": "301(...)13",
                    "nome_aluno": "LARA RAQUEL FERREIRA RODRIGUES"
                },
                {
                    "codigo_aluno": "304(...)44",
                    "nome_aluno": "LUCINIO MANUEL SANTOS RIBEIRO"
                },
                {
                    "codigo_aluno": "159(...)27",
                    "nome_aluno": "MANUEL MARIA MALHEIRO ARAGAO DE OLIVEIRA MONTEIRO"
                },
                {
                    "codigo_aluno": "310(...)36",
                    "nome_aluno": "MARIA JOÃO VENCESLAU MACEDO LIMA"
                },
                {
                    "codigo_aluno": "313(...)36",
                    "nome_aluno": "MARIA MIGUEL MOREIRA MARQUES"
                },
                {
                    "codigo_aluno": "304(...)95",
                    "nome_aluno": "MARIANA DE JESUS TIQUE SERRA"
                },
                {
                    "codigo_aluno": "309(...)52",
                    "nome_aluno": "RAFAEL DOS SANTOS MAGALHÃES"
                },
                {
                    "codigo_aluno": "307(...)97",
                    "nome_aluno": "RODRIGO FILIPE PINTO MARCELINO"
                },
                {
                    "codigo_aluno": "306(...)68",
                    "nome_aluno": "SOFIA PEIXOTO MARQUES"
                },
                {
                    "codigo_aluno": "153(...)47",
                    "nome_aluno": "VASCO DIOGO SILVA GUERREIRO"
                }
            ]
        },
        {
            "codigo_curso": "9164",
            "nome_curso": "9164 - Gestão e Administração Hoteleira",
            "colocados": [
                {
                    "codigo_aluno": "156(...)13",
                    "nome_aluno": "AFONSO MANUEL PINTO MATOS BENTICK"
                },
                {
                    "codigo_aluno": "300(...)61",
                    "nome_aluno": "AFONSO MONTEIRO DA COSTA"
                },
                {
                    "codigo_aluno": "151(...)07",
                    "nome_aluno": "ALEXANDRE DE MAGALHÃES MALHEIRO"
                },
                {
                    "codigo_aluno": "313(...)58",
                    "nome_aluno": "ALICE ALMEIDA DOMINGOS"
                },
                {
                    "codigo_aluno": "306(...)11",
                    "nome_aluno": "ANA JOÃO MOREIRA SAMPAIO"
                },
                {
                    "codigo_aluno": "312(...)32",
                    "nome_aluno": "ANA RITA MELO FERREIRA"
                },
                {
                    "codigo_aluno": "156(...)26",
                    "nome_aluno": "ANTÓNIO PEDRO VIANEZ COUTO MIEIRO"
                },
                {
                    "codigo_aluno": "303(...)52",
                    "nome_aluno": "CAROLINA TORRAO GOMES BIANCHI-RODRIGUES"
                },
                {
                    "codigo_aluno": "302(...)11",
                    "nome_aluno": "CATARINA COSTA BORGES"
                },
                {
                    "codigo_aluno": "151(...)31",
                    "nome_aluno": "DIANA CATARINA PEREIRA MONTEIRO"
                },
                {
                    "codigo_aluno": "313(...)12",
                    "nome_aluno": "ELSA MARGARIDA FERREIRA BISPO"
                },
                {
                    "codigo_aluno": "154(...)90",
                    "nome_aluno": "ERIKAH DOS SANTOS BARBOSA"
                },
                {
                    "codigo_aluno": "302(...)55",
                    "nome_aluno": "EVA HELENO ALMEIDA CUNHA"
                },
                {
                    "codigo_aluno": "315(...)65",
                    "nome_aluno": "FABIANA CUNHA E SILVA"
                },
                {
                    "codigo_aluno": "155(...)56",
                    "nome_aluno": "FRANCISCA QUINTAS FIGUEIREDO MATIAS CHAVES"
                },
                {
                    "codigo_aluno": "307(...)97",
                    "nome_aluno": "GUILHERME ALEXANDRE DIAS RIBEIRO"
                },
                {
                    "codigo_aluno": "301(...)50",
                    "nome_aluno": "GUILHERME ALVES FERREIRA"
                },
                {
                    "codigo_aluno": "306(...)46",
                    "nome_aluno": "INÊS COELHO SANTOS CANITO"
                },
                {
                    "codigo_aluno": "151(...)04",
                    "nome_aluno": "JÉSSICA DOS SANTOS FERREIRA"
                },
                {
                    "codigo_aluno": "307(...)32",
                    "nome_aluno": "JOANA ISABEL SOARES PINTO"
                },
                {
                    "codigo_aluno": "155(...)78",
                    "nome_aluno": "JOÃO MARTINS RAPOSO PEREIRA"
                },
                {
                    "codigo_aluno": "151(...)36",
                    "nome_aluno": "LARA SILVA LEITE"
                },
                {
                    "codigo_aluno": "149(...)60",
                    "nome_aluno": "LARA SOFIA LAVANDEIRA MENDES"
                },
                {
                    "codigo_aluno": "308(...)13",
                    "nome_aluno": "LEONOR DA SILVA MONTEIRO"
                },
                {
                    "codigo_aluno": "308(...)97",
                    "nome_aluno": "MADALENA MARTINS COELHO"
                },
                {
                    "codigo_aluno": "153(...)49",
                    "nome_aluno": "MARGARIDA CUNHA GOMES DA COSTA"
                },
                {
                    "codigo_aluno": "152(...)92",
                    "nome_aluno": "MARGARIDA PINTO DE CARVALHO"
                },
                {
                    "codigo_aluno": "151(...)40",
                    "nome_aluno": "MARIA BEATRIZ BRANDÃO COSTA"
                },
                {
                    "codigo_aluno": "310(...)86",
                    "nome_aluno": "MARIA INÊS COELHO FONSECA"
                },
                {
                    "codigo_aluno": "304(...)65",
                    "nome_aluno": "MARIA JOÃO COELHO OLIVEIRA MADEIRA"
                },
                {
                    "codigo_aluno": "317(...)72",
                    "nome_aluno": "MARIANA MOTA PEREIRA DE OLIVEIRA WANZELER"
                },
                {
                    "codigo_aluno": "320(...)23",
                    "nome_aluno": "MATEUS TAVARES MANTOVANI"
                },
                {
                    "codigo_aluno": "309(...)66",
                    "nome_aluno": "MATILDE SANTOS BATISTA MOTA FELICIANO"
                },
                {
                    "codigo_aluno": "151(...)42",
                    "nome_aluno": "PEDRO AFONSO BAPTISTA GERALDO"
                },
                {
                    "codigo_aluno": "305(...)49",
                    "nome_aluno": "PEDRO ALEXANDRE SOUSA DIAS"
                },
                {
                    "codigo_aluno": "309(...)37",
                    "nome_aluno": "PEDRO FERREIRA RODRIGUES"
                },
                {
                    "codigo_aluno": "304(...)19",
                    "nome_aluno": "RITA CRISTINA SEQUEIRA CAMPOS"
                },
                {
                    "codigo_aluno": "157(...)80",
                    "nome_aluno": "RODRIGO DE SOUSA E SILVA PINTO MONTEIRO"
                },
                {
                    "codigo_aluno": "147(...)54",
                    "nome_aluno": "RODRIGO MIGUEL SOUSA RODRIGUES"
                },
                {
                    "codigo_aluno": "309(...)13",
                    "nome_aluno": "SIMÃO BASTOS FERNANDES"
                },
                {
                    "codigo_aluno": "310(...)37",
                    "nome_aluno": "TIAGO DUARTE SEQUEIRA"
                },
                {
                    "codigo_aluno": "315(...)48",
                    "nome_aluno": "TIAGO FILIPE ARAÚJO LOPES"
                },
                {
                    "codigo_aluno": "152(...)90",
                    "nome_aluno": "TOMÁS MARQUES DE ALMEIDA E PINTO"
                },
                {
                    "codigo_aluno": "310(...)95",
                    "nome_aluno": "VÍTOR MANUEL PACHECO SOARES"
                },
                {
                    "codigo_aluno": "328(...)36",
                    "nome_aluno": "VITÓRIA CLARA ANDRADE DE ALMEIDA"
                }
            ]
        }
    ]
}