{
    "codigo_universidade": "3118",
    "nome_universidade": "3118 - Instituto Politécnico de Lisboa - Instituto Superior de Engenharia de Lisboa",
    "cursos": [
        {
            "codigo_curso": "9455",
            "nome_curso": "9455 - Engenharia Biomédica",
            "colocados": [
                {
                    "codigo_aluno": "313(...)65",
                    "nome_aluno": "AFONSO SEIXO FERREIRA"
                },
                {
                    "codigo_aluno": "307(...)28",
                    "nome_aluno": "ANDREEA BITCA"
                },
                {
                    "codigo_aluno": "302(...)29",
                    "nome_aluno": "BEATRIZ GRILO RASOILO"
                },
                {
                    "codigo_aluno": "155(...)60",
                    "nome_aluno": "BIANCA MORGADO MIRANDA"
                },
                {
                    "codigo_aluno": "308(...)48",
                    "nome_aluno": "CARLOS FERREIRA DE OLIVEIRA"
                },
                {
                    "codigo_aluno": "301(...)78",
                    "nome_aluno": "CAROLINA ESPINHO AMÂNDIO"
                },
                {
                    "codigo_aluno": "156(...)04",
                    "nome_aluno": "CATARINA DA CONCEIÇÃO OLIVEIRA LOPES DA SILVA"
                },
                {
                    "codigo_aluno": "305(...)15",
                    "nome_aluno": "CRISTIANA MARIA CONSTANTINO DA SILVA"
                },
                {
                    "codigo_aluno": "156(...)16",
                    "nome_aluno": "DANIELA DOS REIS LOPO FERREIRA"
                },
                {
                    "codigo_aluno": "150(...)25",
                    "nome_aluno": "DIOGO PAISANA CORREIA"
                },
                {
                    "codigo_aluno": "316(...)00",
                    "nome_aluno": "DUARTE ALEXANDRE FERNANDES SILVA"
                },
                {
                    "codigo_aluno": "152(...)52",
                    "nome_aluno": "DUARTE LOURENÇO DE OLIVEIRA"
                },
                {
                    "codigo_aluno": "324(...)41",
                    "nome_aluno": "EDUARDO HENRIQUE OLIVEIRA FIRMINO"
                },
                {
                    "codigo_aluno": "308(...)76",
                    "nome_aluno": "FREDERICO JOÃO BERNARDO BAIÃO"
                },
                {
                    "codigo_aluno": "159(...)23",
                    "nome_aluno": "JOÃO LOURENÇO RAMALHETE ALVES"
                },
                {
                    "codigo_aluno": "240(...)17",
                    "nome_aluno": "JULIA AMORIM GARCIA DE AZEVEDO"
                },
                {
                    "codigo_aluno": "306(...)06",
                    "nome_aluno": "LARA DAVID CRESPO GONÇALVES"
                },
                {
                    "codigo_aluno": "306(...)07",
                    "nome_aluno": "LAURINDA CAMPOS MOREIRA"
                },
                {
                    "codigo_aluno": "307(...)46",
                    "nome_aluno": "LEANDRO FILIPE MARTINS BRANCO"
                },
                {
                    "codigo_aluno": "154(...)30",
                    "nome_aluno": "MARGARIDA DUARTE FERREIRA"
                },
                {
                    "codigo_aluno": "311(...)94",
                    "nome_aluno": "MARGARIDA GOULART PEDROSA"
                },
                {
                    "codigo_aluno": "309(...)67",
                    "nome_aluno": "MARIA LEONOR JARDIM GONCALVES TEIXEIRA DUARTE"
                },
                {
                    "codigo_aluno": "308(...)39",
                    "nome_aluno": "MARIA LEONOR VAZ MENDES"
                },
                {
                    "codigo_aluno": "152(...)10",
                    "nome_aluno": "MIGUEL ALMEIDA ZAWERTHAL DA SILVEIRA"
                },
                {
                    "codigo_aluno": "306(...)65",
                    "nome_aluno": "MIGUEL DE OLIVEIRA MAIA MENDES"
                },
                {
                    "codigo_aluno": "159(...)34",
                    "nome_aluno": "RITA CASTELO FERREIRA"
                }
            ]
        },
        {
            "codigo_curso": "9089",
            "nome_curso": "9089 - Engenharia Civil",
            "colocados": [
                {
                    "codigo_aluno": "300(...)12",
                    "nome_aluno": "AFONSO FONSECA PEREIRA"
                },
                {
                    "codigo_aluno": "154(...)92",
                    "nome_aluno": "ANA CAROLINA MONTEIRO SILVA"
                },
                {
                    "codigo_aluno": "309(...)34",
                    "nome_aluno": "ANDRÉ ALEXANDRE ALMEIDA MIGUEL"
                },
                {
                    "codigo_aluno": "316(...)84",
                    "nome_aluno": "CARINA FERREIRA DE CASTRO RIBEIRO"
                },
                {
                    "codigo_aluno": "154(...)94",
                    "nome_aluno": "CAROLINA RIBEIRO DINIS"
                },
                {
                    "codigo_aluno": "302(...)25",
                    "nome_aluno": "DANIEL TAVARES ANTUNES"
                },
                {
                    "codigo_aluno": "159(...)02",
                    "nome_aluno": "DIOGO MIGUEL PAULO DIAS"
                },
                {
                    "codigo_aluno": "152(...)41",
                    "nome_aluno": "DIOGO MIGUEL RAMOS PAULINO"
                },
                {
                    "codigo_aluno": "324(...)51",
                    "nome_aluno": "ELIANA BORGES VIEIRA ALMADA"
                },
                {
                    "codigo_aluno": "152(...)92",
                    "nome_aluno": "FILIPE JOSÉ POUSINHO DOS SANTOS COSTA"
                },
                {
                    "codigo_aluno": "159(...)44",
                    "nome_aluno": "FILIPE NAPOLEAO MENDES DA SILVA"
                },
                {
                    "codigo_aluno": "301(...)10",
                    "nome_aluno": "FRANCISCO BOURDAIN DE MACEDO ROSADO"
                },
                {
                    "codigo_aluno": "303(...)50",
                    "nome_aluno": "FRANCISCO FÉLIX VALENTIM DOS SANTOS CAVADAS"
                },
                {
                    "codigo_aluno": "154(...)42",
                    "nome_aluno": "FRANCISCO MIGUEL NOGUEIRA DA SILVA"
                },
                {
                    "codigo_aluno": "317(...)17",
                    "nome_aluno": "GONÇALO RIBEIRO VICENTE"
                },
                {
                    "codigo_aluno": "151(...)30",
                    "nome_aluno": "GONÇALO SANTANA PÉ-CURTO"
                },
                {
                    "codigo_aluno": "302(...)97",
                    "nome_aluno": "GUILHERME MIGUEL FERREIRA OLIVEIRA"
                },
                {
                    "codigo_aluno": "157(...)99",
                    "nome_aluno": "HUGO AFONSO ENCARNAÇÃO FERNANDES"
                },
                {
                    "codigo_aluno": "152(...)43",
                    "nome_aluno": "HUGO ALEXANDRE DE OLIVEIRA HENRIQUES"
                },
                {
                    "codigo_aluno": "315(...)90",
                    "nome_aluno": "ÍRIS SOFIA MOREIRA CARDOSO"
                },
                {
                    "codigo_aluno": "307(...)17",
                    "nome_aluno": "JESUS MANUEL PAEZ VALENTE"
                },
                {
                    "codigo_aluno": "152(...)34",
                    "nome_aluno": "JOÃO GONÇALO SOARES CLEMENTE"
                },
                {
                    "codigo_aluno": "153(...)88",
                    "nome_aluno": "JOÃO GUEDES PEIXE"
                },
                {
                    "codigo_aluno": "317(...)77",
                    "nome_aluno": "JOÃO MANUEL FRAGA AMARAL SEPÚLVEDA DA FONSECA"
                },
                {
                    "codigo_aluno": "307(...)30",
                    "nome_aluno": "JOÃO MIGUEL SIMIONAS"
                },
                {
                    "codigo_aluno": "152(...)27",
                    "nome_aluno": "JOÃO RODRIGO VIDIGAL PEREIRA DE GOUVEIA E FREITAS"
                },
                {
                    "codigo_aluno": "305(...)40",
                    "nome_aluno": "JORGE VICENTE PIMPÃO FILIPE"
                },
                {
                    "codigo_aluno": "150(...)78",
                    "nome_aluno": "JOSÉ MARIA ARROJA MADEIRA RIBEIRO CAPINHA"
                },
                {
                    "codigo_aluno": "311(...)28",
                    "nome_aluno": "LEONARDO FILIPE BARREIROS GRAÇA"
                },
                {
                    "codigo_aluno": "310(...)38",
                    "nome_aluno": "MADALENA CARRILHO DE OLIVEIRA"
                },
                {
                    "codigo_aluno": "156(...)88",
                    "nome_aluno": "MARIA INÊS BONANÇA ROCHA"
                },
                {
                    "codigo_aluno": "307(...)51",
                    "nome_aluno": "MARTA PEDROSA FERNANDES AGUILERA"
                },
                {
                    "codigo_aluno": "157(...)39",
                    "nome_aluno": "MATILDE CAROLINA NETO DIAS"
                },
                {
                    "codigo_aluno": "302(...)90",
                    "nome_aluno": "MIGUEL RIBEIRO TAPADINHAS"
                },
                {
                    "codigo_aluno": "153(...)17",
                    "nome_aluno": "MIGUEL SABINO BALOLA"
                },
                {
                    "codigo_aluno": "301(...)01",
                    "nome_aluno": "PAULO JOSÉ SEQUEIRA MARINHO"
                },
                {
                    "codigo_aluno": "159(...)93",
                    "nome_aluno": "PEDRO DOS SANTOS ADRIANO"
                },
                {
                    "codigo_aluno": "153(...)22",
                    "nome_aluno": "PEDRO JORGE CRUZ FELIX"
                },
                {
                    "codigo_aluno": "307(...)38",
                    "nome_aluno": "SIMAO DINIS DE BARROS ROSA"
                },
                {
                    "codigo_aluno": "155(...)04",
                    "nome_aluno": "TIAGO FIGUEIREDO CORREIA"
                },
                {
                    "codigo_aluno": "314(...)75",
                    "nome_aluno": "VITOR NEVES COSTEA"
                }
            ]
        },
        {
            "codigo_curso": "9108",
            "nome_curso": "9108 - Engenharia Eletrónica e Telecomunicações e de Computadores",
            "colocados": [
                {
                    "codigo_aluno": "308(...)28",
                    "nome_aluno": "ANDRÉ FILIPE CHING CRUZ DE CARVALHO"
                },
                {
                    "codigo_aluno": "152(...)21",
                    "nome_aluno": "DINIS AFONSO LOEK YAN"
                },
                {
                    "codigo_aluno": "307(...)73",
                    "nome_aluno": "DIOGO AFONSO COLAÇO MARTINS"
                },
                {
                    "codigo_aluno": "302(...)26",
                    "nome_aluno": "DIOGO GONÇALO REBELO MAIA"
                },
                {
                    "codigo_aluno": "300(...)41",
                    "nome_aluno": "DIOGO MIGUEL DE FONSECA MADUREIRA"
                },
                {
                    "codigo_aluno": "306(...)71",
                    "nome_aluno": "DIOGO MIGUEL HENRIQUES FERREIRA SANTOS DA CRUZ"
                },
                {
                    "codigo_aluno": "312(...)52",
                    "nome_aluno": "EDUARDO DA SILVA NEVES"
                },
                {
                    "codigo_aluno": "159(...)04",
                    "nome_aluno": "FREDERICO RIBEIRO DOS SANTOS CRASTES FILIPE"
                },
                {
                    "codigo_aluno": "240(...)27",
                    "nome_aluno": "GIULIANO MAGNO SANTANA DE MELO"
                },
                {
                    "codigo_aluno": "311(...)02",
                    "nome_aluno": "GONÇALO MATIAS PINTO"
                },
                {
                    "codigo_aluno": "144(...)44",
                    "nome_aluno": "GONÇALO PINTO TEIXEIRA"
                },
                {
                    "codigo_aluno": "306(...)28",
                    "nome_aluno": "GONÇALO SANCHES PEREIRA"
                },
                {
                    "codigo_aluno": "153(...)91",
                    "nome_aluno": "GUILHERME LOURENÇO BARREIRA ALVES GONÇALVES"
                },
                {
                    "codigo_aluno": "159(...)17",
                    "nome_aluno": "HENRIQUE ALEXANDRE DOS SANTOS DOS ANJOS"
                },
                {
                    "codigo_aluno": "156(...)43",
                    "nome_aluno": "HUGO BERNARDES DIAS DE JESUS"
                },
                {
                    "codigo_aluno": "159(...)21",
                    "nome_aluno": "JOÃO RICARDO CACHAPA DE FREITAS"
                },
                {
                    "codigo_aluno": "300(...)68",
                    "nome_aluno": "JOSÉ PEDRO LOPES COUTINHO"
                },
                {
                    "codigo_aluno": "150(...)18",
                    "nome_aluno": "LAURA DUARTE DE CARVALHO MELO E RAPOSO"
                },
                {
                    "codigo_aluno": "300(...)58",
                    "nome_aluno": "LEONOR MENDES DIOGO"
                },
                {
                    "codigo_aluno": "303(...)38",
                    "nome_aluno": "LUÍS CASTRO RORIZ ESTEVES DA SILVA"
                },
                {
                    "codigo_aluno": "310(...)15",
                    "nome_aluno": "MANUEL TEIXEIRA VALENTE DE OLIVEIRA GRENCHO"
                },
                {
                    "codigo_aluno": "309(...)83",
                    "nome_aluno": "MARTIM BICHO SEIA FERREIRA MONSANTO"
                },
                {
                    "codigo_aluno": "303(...)76",
                    "nome_aluno": "MARTIM CHOUPINA MOREIRA DIAS EMIDIO"
                },
                {
                    "codigo_aluno": "240(...)46",
                    "nome_aluno": "MAXIM BALITCHI"
                },
                {
                    "codigo_aluno": "151(...)95",
                    "nome_aluno": "MIGUEL VIEGAS PEREIRA"
                },
                {
                    "codigo_aluno": "300(...)78",
                    "nome_aluno": "NIL DANIEL DE JESUS ALVES DELGADO FONSECA"
                },
                {
                    "codigo_aluno": "302(...)44",
                    "nome_aluno": "RODRIGO FERNANDES DE MELO ALBUQUERQUE"
                },
                {
                    "codigo_aluno": "159(...)57",
                    "nome_aluno": "RODRIGO FREITAS ALVES MENDES MARIA"
                },
                {
                    "codigo_aluno": "152(...)66",
                    "nome_aluno": "RODRIGO MONIZ FRAZÃO CORREIA"
                },
                {
                    "codigo_aluno": "307(...)99",
                    "nome_aluno": "RODRIGO OLIVEIRA VELOSO"
                },
                {
                    "codigo_aluno": "309(...)87",
                    "nome_aluno": "SIMÃO BARBEIRO MACAU DA SILVA"
                },
                {
                    "codigo_aluno": "240(...)16",
                    "nome_aluno": "STEPHAN EMANUEL CANDA MONTEIRO"
                },
                {
                    "codigo_aluno": "300(...)81",
                    "nome_aluno": "TIAGO ALEXANDRE FONTÃO EXPOSTO"
                },
                {
                    "codigo_aluno": "301(...)42",
                    "nome_aluno": "TIAGO GONÇALVES GRANJA"
                },
                {
                    "codigo_aluno": "309(...)05",
                    "nome_aluno": "VIOLETA FERREIRA RODRIGUES ROCHA"
                }
            ]
        },
        {
            "codigo_curso": "9109",
            "nome_curso": "9109 - Engenharia Eletrotécnica",
            "colocados": [
                {
                    "codigo_aluno": "301(...)90",
                    "nome_aluno": "AFONSO GONÇALVES DIOGO"
                },
                {
                    "codigo_aluno": "156(...)19",
                    "nome_aluno": "AFONSO INFANTE DE JESUS"
                },
                {
                    "codigo_aluno": "305(...)37",
                    "nome_aluno": "AFONSO LOPES GUERRA"
                },
                {
                    "codigo_aluno": "304(...)12",
                    "nome_aluno": "AFONSO PAIVA PEREIRA TRIGUEIROS COVAS"
                },
                {
                    "codigo_aluno": "313(...)20",
                    "nome_aluno": "BÁRBARA DE ANDRADE MESTRE"
                },
                {
                    "codigo_aluno": "300(...)40",
                    "nome_aluno": "CARLOS JOSÉ RIBEIRO SANTOS"
                },
                {
                    "codigo_aluno": "156(...)48",
                    "nome_aluno": "CRISTI ONITA"
                },
                {
                    "codigo_aluno": "150(...)19",
                    "nome_aluno": "DANIELA CASTRO BARROS"
                },
                {
                    "codigo_aluno": "309(...)48",
                    "nome_aluno": "DIOGO MIGUEL MENDES FERREIRA"
                },
                {
                    "codigo_aluno": "306(...)72",
                    "nome_aluno": "DUARTE FERNANDO RODRIGUES MENDES"
                },
                {
                    "codigo_aluno": "301(...)18",
                    "nome_aluno": "DUARTE JOSÉ SANTANA FLORES"
                },
                {
                    "codigo_aluno": "302(...)35",
                    "nome_aluno": "GONÇALO REIS DE CARVALHO CUNHA MENDES"
                },
                {
                    "codigo_aluno": "308(...)93",
                    "nome_aluno": "GUILHERME ALEXANDRE DA COSTA BERNARDO"
                },
                {
                    "codigo_aluno": "154(...)76",
                    "nome_aluno": "GUILHERME FERNANDES DIAS"
                },
                {
                    "codigo_aluno": "155(...)21",
                    "nome_aluno": "GUILHERME MOREIRA BAIÃO"
                },
                {
                    "codigo_aluno": "303(...)64",
                    "nome_aluno": "HENRIQUE MIGUEL SIMÃO FRAZÃO"
                },
                {
                    "codigo_aluno": "157(...)02",
                    "nome_aluno": "JOÃO CARLOS COELHO NUNES"
                },
                {
                    "codigo_aluno": "305(...)92",
                    "nome_aluno": "JOAO MIGUEL MADEIRA ALEXANDRE"
                },
                {
                    "codigo_aluno": "306(...)13",
                    "nome_aluno": "JOSUÉ DA SILVA GALVÃO"
                },
                {
                    "codigo_aluno": "300(...)51",
                    "nome_aluno": "LOURENÇO PORTUGAL HENRIQUES VELHINHO"
                },
                {
                    "codigo_aluno": "314(...)96",
                    "nome_aluno": "LUIS MARIA VARELA CANADAS DE ARAÚJO"
                },
                {
                    "codigo_aluno": "148(...)85",
                    "nome_aluno": "MANUEL MALTA CATELA BETTENCOURT DA CÂMARA"
                },
                {
                    "codigo_aluno": "240(...)43",
                    "nome_aluno": "MATHEUS HENRIQUE AMORIM ANDRADE"
                },
                {
                    "codigo_aluno": "152(...)70",
                    "nome_aluno": "MIGUEL SOARES BARREIROS DE MATOS MARTINS"
                },
                {
                    "codigo_aluno": "308(...)49",
                    "nome_aluno": "PEDRO HENRIQUE COUTINHO FERNANDES"
                },
                {
                    "codigo_aluno": "302(...)11",
                    "nome_aluno": "PEDRO MARIA BENITO GARCIA ALVAREZ MARTINS"
                },
                {
                    "codigo_aluno": "149(...)59",
                    "nome_aluno": "PEDRO PINTO PEDROSO"
                },
                {
                    "codigo_aluno": "155(...)31",
                    "nome_aluno": "PEDRO RAFAEL MESQUITA FIDALGO"
                },
                {
                    "codigo_aluno": "157(...)99",
                    "nome_aluno": "PEDRO SALVADOR ABREU DA EIRA"
                },
                {
                    "codigo_aluno": "312(...)64",
                    "nome_aluno": "PEDRO SANTIAGO VILELA DO CARMO"
                },
                {
                    "codigo_aluno": "308(...)23",
                    "nome_aluno": "RAFAEL BENITO FERREIRA"
                },
                {
                    "codigo_aluno": "154(...)39",
                    "nome_aluno": "RAFAEL FILIPE ALVES MORAIS"
                },
                {
                    "codigo_aluno": "152(...)91",
                    "nome_aluno": "ROMEO FERNANDES GASPAR"
                },
                {
                    "codigo_aluno": "312(...)82",
                    "nome_aluno": "SAMUEL HORTA VIDEIRA"
                },
                {
                    "codigo_aluno": "154(...)55",
                    "nome_aluno": "SANDRO BACELAR CALÇONA"
                },
                {
                    "codigo_aluno": "153(...)91",
                    "nome_aluno": "TIAGO MIGUEL PAULO PEREIRA"
                }
            ]
        },
        {
            "codigo_curso": "L213",
            "nome_curso": "L213 - Engenharia Física Aplicada",
            "colocados": [
                {
                    "codigo_aluno": "151(...)75",
                    "nome_aluno": "DAVID ALEXANDRE DA COSTA VARELA"
                },
                {
                    "codigo_aluno": "159(...)78",
                    "nome_aluno": "DUARTE SOUSA ANASTÁCIO"
                },
                {
                    "codigo_aluno": "156(...)39",
                    "nome_aluno": "EMANUEL ANDRADE TIMÓTEO"
                },
                {
                    "codigo_aluno": "154(...)29",
                    "nome_aluno": "MIGUEL MAGRINHO DE OLIVEIRA MONTEIRO"
                },
                {
                    "codigo_aluno": "240(...)02",
                    "nome_aluno": "NICOLAU KONDRESKUL"
                },
                {
                    "codigo_aluno": "309(...)81",
                    "nome_aluno": "NUNO GUILHERME LEONARDO MOTA"
                },
                {
                    "codigo_aluno": "313(...)57",
                    "nome_aluno": "RAFAEL ZURZICA LUÍS"
                },
                {
                    "codigo_aluno": "154(...)96",
                    "nome_aluno": "RICARDO CLARO ALVES"
                },
                {
                    "codigo_aluno": "307(...)55",
                    "nome_aluno": "RODRIGO TOMÁS DIAS"
                }
            ]
        },
        {
            "codigo_curso": "9121",
            "nome_curso": "9121 - Engenharia Informática e de Computadores",
            "colocados": [
                {
                    "codigo_aluno": "153(...)31",
                    "nome_aluno": "AFONSO CARRIÇA NOBRE"
                },
                {
                    "codigo_aluno": "301(...)41",
                    "nome_aluno": "AFONSO CARVALHO MACHADO"
                },
                {
                    "codigo_aluno": "301(...)08",
                    "nome_aluno": "AFONSO DA SILVA REIS CORREIA RIBEIRO"
                },
                {
                    "codigo_aluno": "305(...)18",
                    "nome_aluno": "AFONSO DOS REIS GARRANHA"
                },
                {
                    "codigo_aluno": "306(...)93",
                    "nome_aluno": "ALEXANDRE MIGUEL PERIDES GONCALVES DA SILVA"
                },
                {
                    "codigo_aluno": "304(...)31",
                    "nome_aluno": "ÁLVARO BERNARDO RAMALHO DOS REIS"
                },
                {
                    "codigo_aluno": "312(...)85",
                    "nome_aluno": "ANA MARGARIDA PALMA MARQUES"
                },
                {
                    "codigo_aluno": "154(...)51",
                    "nome_aluno": "ANA RITA GONÇALVES LAMEIRA"
                },
                {
                    "codigo_aluno": "141(...)73",
                    "nome_aluno": "ANA TERESA PEREIRA LIMA"
                },
                {
                    "codigo_aluno": "150(...)85",
                    "nome_aluno": "ANDRE FERREIRA FIGUEIREDO"
                },
                {
                    "codigo_aluno": "302(...)78",
                    "nome_aluno": "ANDREIA ALEXANDRA BATISTA DE FREITAS"
                },
                {
                    "codigo_aluno": "309(...)98",
                    "nome_aluno": "ANTÓNIO MIGUEL DE SOUSA LOPES LOURENÇO"
                },
                {
                    "codigo_aluno": "153(...)86",
                    "nome_aluno": "BEATRIZ SILVA JESUS COSTA CARVALHO"
                },
                {
                    "codigo_aluno": "156(...)19",
                    "nome_aluno": "BERNARDO BRANCO FOUCHY BAPTISTA"
                },
                {
                    "codigo_aluno": "314(...)58",
                    "nome_aluno": "BERNARDO DE CARVALHO MELO ESTEVES"
                },
                {
                    "codigo_aluno": "151(...)46",
                    "nome_aluno": "BERNARDO JOSE CLAUDINO DE FARIA"
                },
                {
                    "codigo_aluno": "300(...)50",
                    "nome_aluno": "BERNARDO MIGUEL LANÇA GOMES"
                },
                {
                    "codigo_aluno": "146(...)17",
                    "nome_aluno": "BERNARDO VIEIRA DA SILVA"
                },
                {
                    "codigo_aluno": "240(...)24",
                    "nome_aluno": "BRUNO SALUSTIANO GOMES DE LIMA"
                },
                {
                    "codigo_aluno": "150(...)35",
                    "nome_aluno": "CAROLINA DA SILVA MIGUEL"
                },
                {
                    "codigo_aluno": "154(...)95",
                    "nome_aluno": "DANIEL FILIPE CAMPANIÇO FRANCO VIEGAS"
                },
                {
                    "codigo_aluno": "303(...)93",
                    "nome_aluno": "DANIEL FILIPE MENEZES PIRES DOS SANTOS"
                },
                {
                    "codigo_aluno": "306(...)82",
                    "nome_aluno": "DANIEL MIRANDA PETRUCCI"
                },
                {
                    "codigo_aluno": "157(...)93",
                    "nome_aluno": "DAVID FILIPE OLIVEIRA RIJO"
                },
                {
                    "codigo_aluno": "308(...)03",
                    "nome_aluno": "DAVID JOSÉ GUERRA LUÍS"
                },
                {
                    "codigo_aluno": "309(...)66",
                    "nome_aluno": "DINIS MANUEL RAPOSO CORREIA"
                },
                {
                    "codigo_aluno": "150(...)53",
                    "nome_aluno": "DIOGO HENRIQUE SOUSA RODRIGUES"
                },
                {
                    "codigo_aluno": "157(...)64",
                    "nome_aluno": "DIOGO TEIXEIRA PONTES"
                },
                {
                    "codigo_aluno": "300(...)30",
                    "nome_aluno": "DUARTE AFONSO PALMA REIS RODRIGUES"
                },
                {
                    "codigo_aluno": "307(...)28",
                    "nome_aluno": "DUARTE DE ALBUQUERQUE SANTOS"
                },
                {
                    "codigo_aluno": "157(...)59",
                    "nome_aluno": "DUARTE MARIA GANHÃO MAGRO"
                },
                {
                    "codigo_aluno": "302(...)93",
                    "nome_aluno": "DUARTE MARIA LAMEIRO CARVALHO BORGES DA COSTA"
                },
                {
                    "codigo_aluno": "308(...)13",
                    "nome_aluno": "EDUARDO DANIEL ROCHA CAVALEIRO"
                },
                {
                    "codigo_aluno": "150(...)89",
                    "nome_aluno": "EDUARDO PIMENTEL DA SILVA"
                },
                {
                    "codigo_aluno": "153(...)07",
                    "nome_aluno": "FILIPE DANIEL SANTOS LINDO"
                },
                {
                    "codigo_aluno": "312(...)70",
                    "nome_aluno": "FRANCISCO DANIEL PUERTO MOTA"
                },
                {
                    "codigo_aluno": "309(...)08",
                    "nome_aluno": "FRANCISCO DOS SANTOS RATINHO"
                },
                {
                    "codigo_aluno": "153(...)91",
                    "nome_aluno": "FRANCISCO JOSE GARCIA MENDES"
                },
                {
                    "codigo_aluno": "301(...)12",
                    "nome_aluno": "FRANCISCO MARIA COSTA CARVALHO MACHADO DA SILVA"
                },
                {
                    "codigo_aluno": "155(...)03",
                    "nome_aluno": "FRANCISCO MORGADO BRAGA SOUSA PALMA"
                },
                {
                    "codigo_aluno": "156(...)89",
                    "nome_aluno": "GABRIEL ARINTO PINTO COELHO"
                },
                {
                    "codigo_aluno": "145(...)52",
                    "nome_aluno": "GONÇALO ALVES GONÇALVES"
                },
                {
                    "codigo_aluno": "311(...)04",
                    "nome_aluno": "GONÇALO CARVALHO MAGRO RICHHEIMER SEQUEIRA"
                },
                {
                    "codigo_aluno": "308(...)38",
                    "nome_aluno": "GONÇALO GATINHO FLORINDO ALMEIDA DE ABREU"
                },
                {
                    "codigo_aluno": "153(...)04",
                    "nome_aluno": "GONÇALO LUÍS SHIN PIRES"
                },
                {
                    "codigo_aluno": "157(...)81",
                    "nome_aluno": "GONÇALO MIGUEL VIANA CALAMOTE"
                },
                {
                    "codigo_aluno": "156(...)83",
                    "nome_aluno": "GONÇALO PEREIRA CIPRIANO"
                },
                {
                    "codigo_aluno": "306(...)76",
                    "nome_aluno": "GONÇALO SOUSA AMARAL"
                },
                {
                    "codigo_aluno": "306(...)60",
                    "nome_aluno": "GUILHERME ALEXANDRE CONCEIÇÃO NOBRE"
                },
                {
                    "codigo_aluno": "301(...)95",
                    "nome_aluno": "GUILHERME ALEXANDRE PEREIRA DOS SANTOS"
                },
                {
                    "codigo_aluno": "307(...)03",
                    "nome_aluno": "GUILHERME ALEXANDRE SANTOS CALDEIRA"
                },
                {
                    "codigo_aluno": "149(...)12",
                    "nome_aluno": "GUILHERME AUGUSTO GOUVEIA PIRES"
                },
                {
                    "codigo_aluno": "309(...)85",
                    "nome_aluno": "GUILHERME DA CRUZ GALVÃO"
                },
                {
                    "codigo_aluno": "305(...)71",
                    "nome_aluno": "GUILHERME DOS SANTOS TEIXEIRA"
                },
                {
                    "codigo_aluno": "305(...)45",
                    "nome_aluno": "GUILHERME MIGUEL DOS SANTOS DIAS"
                },
                {
                    "codigo_aluno": "154(...)00",
                    "nome_aluno": "GUSTAVO BASTOS DO VALE"
                },
                {
                    "codigo_aluno": "152(...)86",
                    "nome_aluno": "GUSTAVO WALLACE FERREIRA JACINTO COSTA"
                },
                {
                    "codigo_aluno": "157(...)54",
                    "nome_aluno": "HENRIQUE JACINTO RAPOSO"
                },
                {
                    "codigo_aluno": "309(...)07",
                    "nome_aluno": "IAN FRUNZE"
                },
                {
                    "codigo_aluno": "307(...)51",
                    "nome_aluno": "INÊS MARGARIDA COSTA RODRIGUES"
                },
                {
                    "codigo_aluno": "305(...)99",
                    "nome_aluno": "INÊS RODRIGUES PITA GIL"
                },
                {
                    "codigo_aluno": "151(...)60",
                    "nome_aluno": "ISADORA AGUIAR DA SILVA MENDES"
                },
                {
                    "codigo_aluno": "152(...)12",
                    "nome_aluno": "JAIME NUNES MARQUES"
                },
                {
                    "codigo_aluno": "242(...)02",
                    "nome_aluno": "JOÃO ANDRÉ FENG"
                },
                {
                    "codigo_aluno": "307(...)30",
                    "nome_aluno": "JOÃO PEDRO DE RINO E CEREJO"
                },
                {
                    "codigo_aluno": "310(...)18",
                    "nome_aluno": "JOAO PEDRO MATALOTO HEITOR"
                },
                {
                    "codigo_aluno": "313(...)20",
                    "nome_aluno": "JOÃO PEDRO PIRES CARRÃO"
                },
                {
                    "codigo_aluno": "306(...)43",
                    "nome_aluno": "JOSÉ ALBERTO FERNANDES MARTINS"
                },
                {
                    "codigo_aluno": "310(...)58",
                    "nome_aluno": "KAUÃ LEÃO EUGÉNIO BORGES"
                },
                {
                    "codigo_aluno": "241(...)08",
                    "nome_aluno": "LÉO KAKALI DA FONSECA SOUZA"
                },
                {
                    "codigo_aluno": "151(...)89",
                    "nome_aluno": "LEONOR GONÇALVES FERREIRA NOBRE MANUEL"
                },
                {
                    "codigo_aluno": "305(...)45",
                    "nome_aluno": "LEONOR LÚCIO SANTOS"
                },
                {
                    "codigo_aluno": "155(...)95",
                    "nome_aluno": "MADALENA SOARES BERNARDO"
                },
                {
                    "codigo_aluno": "152(...)82",
                    "nome_aluno": "MANUEL RUI SIMÕES ABREU"
                },
                {
                    "codigo_aluno": "149(...)28",
                    "nome_aluno": "MARCO ANTONIO FERNANDES RODRIGUES"
                },
                {
                    "codigo_aluno": "301(...)69",
                    "nome_aluno": "MARTIM BARATA VIEIRA BARBOSA"
                },
                {
                    "codigo_aluno": "311(...)98",
                    "nome_aluno": "MARTIM DO CARMO MONTEIRO"
                },
                {
                    "codigo_aluno": "316(...)29",
                    "nome_aluno": "MARTIM DUARTE REIS"
                },
                {
                    "codigo_aluno": "151(...)57",
                    "nome_aluno": "MARTIM JOSÉ RIBEIRO GARCIA"
                },
                {
                    "codigo_aluno": "157(...)06",
                    "nome_aluno": "MAXIMUS CAETANO DELOREY"
                },
                {
                    "codigo_aluno": "309(...)73",
                    "nome_aluno": "MIGUEL ÂNGELO FERREIRA RIBEIRO"
                },
                {
                    "codigo_aluno": "302(...)00",
                    "nome_aluno": "MIGUEL BENITES ANTUNES RODRIGUES DOS SANTOS"
                },
                {
                    "codigo_aluno": "309(...)80",
                    "nome_aluno": "MIGUEL CAEIRO BATISTA"
                },
                {
                    "codigo_aluno": "154(...)98",
                    "nome_aluno": "MIGUEL MARIA DE LARANJEIRA ALMEIDA"
                },
                {
                    "codigo_aluno": "154(...)75",
                    "nome_aluno": "MIGUEL SANTA BÁRBARA FERNANDES SILVA"
                },
                {
                    "codigo_aluno": "306(...)19",
                    "nome_aluno": "MOISÉS DA SILVA PORTUGAL"
                },
                {
                    "codigo_aluno": "149(...)36",
                    "nome_aluno": "MUHAMAD MUSSÁ GANY"
                },
                {
                    "codigo_aluno": "320(...)49",
                    "nome_aluno": "OLEKSANDRA ZAIETS"
                },
                {
                    "codigo_aluno": "302(...)66",
                    "nome_aluno": "PEDRO ALEXANDRE DOS SANTOS FONSECA"
                },
                {
                    "codigo_aluno": "306(...)80",
                    "nome_aluno": "PEDRO NUNO TAIPINA PALHOUTO DA SILVA PEREIRA"
                },
                {
                    "codigo_aluno": "309(...)65",
                    "nome_aluno": "PEDRO RODRIGUES TORRES"
                },
                {
                    "codigo_aluno": "154(...)20",
                    "nome_aluno": "PEDRO TIAGO MARCELO ALCAIDE"
                },
                {
                    "codigo_aluno": "240(...)44",
                    "nome_aluno": "PHELIPE COSTA CAFORIO"
                },
                {
                    "codigo_aluno": "154(...)39",
                    "nome_aluno": "RAFAEL MARTINS NETO"
                },
                {
                    "codigo_aluno": "304(...)41",
                    "nome_aluno": "RAFAEL VERMELHO PEREIRA"
                },
                {
                    "codigo_aluno": "302(...)21",
                    "nome_aluno": "RAFAELA SOFIA CORDEIRO PEREIRA"
                },
                {
                    "codigo_aluno": "312(...)99",
                    "nome_aluno": "RICARDO ALEXANDRE FERREIRA LOURENÇO"
                },
                {
                    "codigo_aluno": "157(...)82",
                    "nome_aluno": "RODRIGO ALMEIDA GRILO"
                },
                {
                    "codigo_aluno": "153(...)42",
                    "nome_aluno": "RODRIGO CELORICO ALMAS"
                },
                {
                    "codigo_aluno": "312(...)74",
                    "nome_aluno": "RODRIGO DA SILVA CONCEIÇÃO"
                },
                {
                    "codigo_aluno": "151(...)08",
                    "nome_aluno": "RODRIGO DA SILVEIRA CABRITA MARTINS"
                },
                {
                    "codigo_aluno": "153(...)30",
                    "nome_aluno": "RODRIGO DE SOUSA DURÃES DA COSTA MOURÃO"
                },
                {
                    "codigo_aluno": "309(...)46",
                    "nome_aluno": "RODRIGO MANUEL RODRIGUES CARVALHO"
                },
                {
                    "codigo_aluno": "300(...)51",
                    "nome_aluno": "RÚBEN RODRIGUES TAVEIRA"
                },
                {
                    "codigo_aluno": "240(...)10",
                    "nome_aluno": "RUIDA LIU"
                },
                {
                    "codigo_aluno": "305(...)13",
                    "nome_aluno": "SARA FILIPA HENRIQUES GOMES"
                },
                {
                    "codigo_aluno": "301(...)60",
                    "nome_aluno": "SARA MARTINS PEDROSO"
                },
                {
                    "codigo_aluno": "309(...)00",
                    "nome_aluno": "SIMÃO ALMEIDA DIAS"
                },
                {
                    "codigo_aluno": "153(...)66",
                    "nome_aluno": "SIMÃO GRANJA FERREIRA"
                },
                {
                    "codigo_aluno": "308(...)68",
                    "nome_aluno": "SIMÃO PEDRO TEIXEIRA DE CASTRO SOUSA"
                },
                {
                    "codigo_aluno": "157(...)45",
                    "nome_aluno": "STELA CELESTINA COHEN NASCIMENTO ROCHETEAU"
                },
                {
                    "codigo_aluno": "317(...)49",
                    "nome_aluno": "TELMA MARGARIDA BISPO LOPES"
                },
                {
                    "codigo_aluno": "305(...)75",
                    "nome_aluno": "TIAGO DE MIRANDA MATEUS DOMINGOS GONÇALVES"
                },
                {
                    "codigo_aluno": "306(...)05",
                    "nome_aluno": "TIAGO DE VASCONCELOS NETO"
                },
                {
                    "codigo_aluno": "152(...)05",
                    "nome_aluno": "TIAGO MADEIRA DE QUEIROZ PEDROSO"
                },
                {
                    "codigo_aluno": "309(...)58",
                    "nome_aluno": "TIAGO MARTIM SEIXAS GUIMARÃES"
                },
                {
                    "codigo_aluno": "304(...)04",
                    "nome_aluno": "TIAGO SEQUEIRA DA SILVA"
                },
                {
                    "codigo_aluno": "156(...)63",
                    "nome_aluno": "TOMÁS AFONSO MARTINS ANICA"
                },
                {
                    "codigo_aluno": "155(...)40",
                    "nome_aluno": "TOMÁS ALEXANDRE CABRITA CONSTANTINO"
                },
                {
                    "codigo_aluno": "151(...)49",
                    "nome_aluno": "TOMÁS DE SOUSA CARVALHO GOMES DA CUNHA"
                },
                {
                    "codigo_aluno": "159(...)28",
                    "nome_aluno": "TOMÁS DINIS DE JESUS JOSE CHENG"
                },
                {
                    "codigo_aluno": "303(...)61",
                    "nome_aluno": "TOMÁS FERREIRA DOS SANTOS VAN DE WINCKEL"
                },
                {
                    "codigo_aluno": "158(...)89",
                    "nome_aluno": "TOMÁS MANUEL DUARTE"
                },
                {
                    "codigo_aluno": "309(...)05",
                    "nome_aluno": "TOMÁS MIGUEL DA SILVA FERREIRA"
                },
                {
                    "codigo_aluno": "309(...)33",
                    "nome_aluno": "TOMÁS PEREIRA ANTUNES"
                },
                {
                    "codigo_aluno": "155(...)45",
                    "nome_aluno": "VALENTIM SUKHAR"
                },
                {
                    "codigo_aluno": "155(...)89",
                    "nome_aluno": "VASCO MANUEL DA SILVA CARAMELO"
                },
                {
                    "codigo_aluno": "319(...)75",
                    "nome_aluno": "VICTOR GORINCIOI"
                },
                {
                    "codigo_aluno": "240(...)11",
                    "nome_aluno": "WHITNEY NESSIA DA CRUZ CASSIALA"
                },
                {
                    "codigo_aluno": "302(...)90",
                    "nome_aluno": "XAVIER GONZALEZ DA CUNHA"
                },
                {
                    "codigo_aluno": "240(...)13",
                    "nome_aluno": "YORKY BERRIO REYES"
                },
                {
                    "codigo_aluno": "240(...)16",
                    "nome_aluno": "YUHAO WANG"
                }
            ]
        },
        {
            "codigo_curso": "L052",
            "nome_curso": "L052 - Engenharia Informática e Multimédia",
            "colocados": [
                {
                    "codigo_aluno": "306(...)32",
                    "nome_aluno": "AFONSO DE AZEVEDO PINTO"
                },
                {
                    "codigo_aluno": "306(...)77",
                    "nome_aluno": "AFONSO GONÇALVES DUARTE"
                },
                {
                    "codigo_aluno": "155(...)75",
                    "nome_aluno": "AFONSO MOURA MADUREIRA PINTO"
                },
                {
                    "codigo_aluno": "314(...)87",
                    "nome_aluno": "ANDRÉ BARRIO VIEIRA DA ROCHA"
                },
                {
                    "codigo_aluno": "157(...)85",
                    "nome_aluno": "ANDRÉ MIGUEL RIBEIRO CROCA"
                },
                {
                    "codigo_aluno": "152(...)47",
                    "nome_aluno": "ANTÓNIO DANIEL DE MENEZES FAUSTINO"
                },
                {
                    "codigo_aluno": "320(...)30",
                    "nome_aluno": "ARTUR CAVALCANTI ASSIS"
                },
                {
                    "codigo_aluno": "305(...)69",
                    "nome_aluno": "BEATRIZ ISABEL SIMÕES DE JESUS"
                },
                {
                    "codigo_aluno": "310(...)29",
                    "nome_aluno": "BERNARDO RAFAEL LEMOS FONSECA DE AGUIAR"
                },
                {
                    "codigo_aluno": "153(...)33",
                    "nome_aluno": "CÂNDIDO MANUEL MATURINO DE SOUSA"
                },
                {
                    "codigo_aluno": "150(...)61",
                    "nome_aluno": "CAROLINA RODRIGUES DO CANTO"
                },
                {
                    "codigo_aluno": "300(...)94",
                    "nome_aluno": "CÁSSIA LIMPINHO GASPAR"
                },
                {
                    "codigo_aluno": "152(...)28",
                    "nome_aluno": "CRISTIANO JOSÉ SILVA ALVES"
                },
                {
                    "codigo_aluno": "307(...)03",
                    "nome_aluno": "DANIEL RODRIGO PINTO FIRMINO"
                },
                {
                    "codigo_aluno": "159(...)22",
                    "nome_aluno": "DAVID ALEXANDRE ALVES PITADAS SANTOS"
                },
                {
                    "codigo_aluno": "157(...)14",
                    "nome_aluno": "DAVID GABRIEL AGUIAR CAMPOS"
                },
                {
                    "codigo_aluno": "315(...)29",
                    "nome_aluno": "DIANA SOFIA MAGALHAES OLIVEIRA"
                },
                {
                    "codigo_aluno": "307(...)70",
                    "nome_aluno": "DIOGO MIGUEL DAVID COLAÇO DA COSTA"
                },
                {
                    "codigo_aluno": "157(...)19",
                    "nome_aluno": "DIOGO RODRIGUES CARDOSO"
                },
                {
                    "codigo_aluno": "302(...)28",
                    "nome_aluno": "DIOGO SIMÕES ALBUQUERQUE"
                },
                {
                    "codigo_aluno": "306(...)80",
                    "nome_aluno": "DIOGO VELOSO FREIRE"
                },
                {
                    "codigo_aluno": "303(...)26",
                    "nome_aluno": "DUARTE DE FIGUEIREDO DIONÍSIO ROSA"
                },
                {
                    "codigo_aluno": "306(...)20",
                    "nome_aluno": "EDUARDO RAICAR TINOCO PABLO GONCALVES"
                },
                {
                    "codigo_aluno": "310(...)56",
                    "nome_aluno": "FRANCISCO MIGUEL PACIANO DO CARMO PEREIRA"
                },
                {
                    "codigo_aluno": "153(...)71",
                    "nome_aluno": "FRANCISCO PACHECO DE PINA SOARES"
                },
                {
                    "codigo_aluno": "144(...)92",
                    "nome_aluno": "GONÇALO BAYO LOPES SANTOS PINTASSILGO"
                },
                {
                    "codigo_aluno": "304(...)75",
                    "nome_aluno": "GONÇALO CAETANO DOS SANTOS PROENÇA"
                },
                {
                    "codigo_aluno": "309(...)84",
                    "nome_aluno": "GONÇALO MARTIM LUZ FERREIRA"
                },
                {
                    "codigo_aluno": "315(...)67",
                    "nome_aluno": "GONÇALO VIEGAS MATEUS"
                },
                {
                    "codigo_aluno": "154(...)64",
                    "nome_aluno": "GUILHERME BERGANO NETO"
                },
                {
                    "codigo_aluno": "305(...)24",
                    "nome_aluno": "GUILHERME MARTINS DAS NEVES TORRES"
                },
                {
                    "codigo_aluno": "155(...)61",
                    "nome_aluno": "HELENA SOFIA ALVES NINA"
                },
                {
                    "codigo_aluno": "307(...)35",
                    "nome_aluno": "HENRIQUE CALDEIRA REGUENGO"
                },
                {
                    "codigo_aluno": "309(...)70",
                    "nome_aluno": "HENRIQUE CORTINHAS BARROS"
                },
                {
                    "codigo_aluno": "311(...)94",
                    "nome_aluno": "HUGO ERNST PEREIRA ZIEBELL"
                },
                {
                    "codigo_aluno": "308(...)41",
                    "nome_aluno": "IGOR STRELET"
                },
                {
                    "codigo_aluno": "151(...)27",
                    "nome_aluno": "INÊS CRISTIANA MORGADO MARTINS"
                },
                {
                    "codigo_aluno": "158(...)66",
                    "nome_aluno": "INÊS MARQUES ROSA"
                },
                {
                    "codigo_aluno": "302(...)77",
                    "nome_aluno": "ISAAC PIRES FERREIRA ISSA HACAMO"
                },
                {
                    "codigo_aluno": "156(...)53",
                    "nome_aluno": "JOSÉ MARIA RODRIGUES DAS NEVES NARCISO"
                },
                {
                    "codigo_aluno": "308(...)74",
                    "nome_aluno": "JOSÉ RAMOS DOS SANTOS"
                },
                {
                    "codigo_aluno": "240(...)08",
                    "nome_aluno": "KELVIN JOAQUIM RIBEIRO JACA"
                },
                {
                    "codigo_aluno": "300(...)69",
                    "nome_aluno": "LOURENÇO BILA LEANDRO"
                },
                {
                    "codigo_aluno": "315(...)66",
                    "nome_aluno": "LUIS FILIPE FERNANDES DE CARVALHO"
                },
                {
                    "codigo_aluno": "303(...)67",
                    "nome_aluno": "MANUEL BARROS PEIXEIRO MENDES CRUZ"
                },
                {
                    "codigo_aluno": "300(...)44",
                    "nome_aluno": "MARGARIDA SOFIA COELHO ANDRADE"
                },
                {
                    "codigo_aluno": "151(...)88",
                    "nome_aluno": "MARIA INES GOMES DIEB TEIXEIRA LOURENCO"
                },
                {
                    "codigo_aluno": "315(...)39",
                    "nome_aluno": "MARIANA DINIZ FERREIRA DOS SANTOS MENDONÇA"
                },
                {
                    "codigo_aluno": "309(...)35",
                    "nome_aluno": "MARIANA ISABEL DO COUTO RICARDO REBOLA"
                },
                {
                    "codigo_aluno": "157(...)66",
                    "nome_aluno": "MARTIM MIGUEL LAMEIRA DA SILVA"
                },
                {
                    "codigo_aluno": "309(...)34",
                    "nome_aluno": "MARTIM TORRADO GASPAR"
                },
                {
                    "codigo_aluno": "156(...)38",
                    "nome_aluno": "MARTIM VALADAS CACHOPO LOURENÇO FRANCO"
                },
                {
                    "codigo_aluno": "304(...)58",
                    "nome_aluno": "MIGUEL ÂNGELO LOPES DOS SANTOS NUNES"
                },
                {
                    "codigo_aluno": "156(...)60",
                    "nome_aluno": "MIGUEL RAPOSO DOS SANTOS"
                },
                {
                    "codigo_aluno": "157(...)07",
                    "nome_aluno": "MUHAMMAD HUZAIFAH USMANMIA"
                },
                {
                    "codigo_aluno": "152(...)15",
                    "nome_aluno": "NUNO DUARTE GROSSMANN"
                },
                {
                    "codigo_aluno": "154(...)50",
                    "nome_aluno": "NUNO MIGUEL JERÓNIMO GUILHERME"
                },
                {
                    "codigo_aluno": "303(...)90",
                    "nome_aluno": "PEDRO AFONSO LOURENÇO PIRES LOBO"
                },
                {
                    "codigo_aluno": "154(...)78",
                    "nome_aluno": "PEDRO CHEN"
                },
                {
                    "codigo_aluno": "155(...)49",
                    "nome_aluno": "PEDRO FILIPE DA ASSUNÇÃO DE LACERDA"
                },
                {
                    "codigo_aluno": "150(...)97",
                    "nome_aluno": "PEDRO RIBEIRO BARATA BASTOS"
                },
                {
                    "codigo_aluno": "153(...)19",
                    "nome_aluno": "RAFAEL FARIA LOPES UNWARSA CARRILHO"
                },
                {
                    "codigo_aluno": "309(...)45",
                    "nome_aluno": "RAFAEL FILIPE PEREIRA BATISTA"
                },
                {
                    "codigo_aluno": "303(...)98",
                    "nome_aluno": "RAFAEL GASPAR DE SOUSA"
                },
                {
                    "codigo_aluno": "301(...)35",
                    "nome_aluno": "RAFAEL JOÃO GAUDÊNCIO CRESPO DE CARVALHO"
                },
                {
                    "codigo_aluno": "155(...)85",
                    "nome_aluno": "RAFAEL NUNO CARDOSO GUERREIRO"
                },
                {
                    "codigo_aluno": "150(...)57",
                    "nome_aluno": "RITA DE ALMEIDA GAMA BARRETO"
                },
                {
                    "codigo_aluno": "307(...)38",
                    "nome_aluno": "RODRIGO DIAS MARQUES"
                },
                {
                    "codigo_aluno": "302(...)68",
                    "nome_aluno": "RODRIGO DIOGO MOREIRA MEDINA"
                },
                {
                    "codigo_aluno": "303(...)25",
                    "nome_aluno": "RODRIGO MALTA MATIAS"
                },
                {
                    "codigo_aluno": "309(...)96",
                    "nome_aluno": "RODRIGO MARTINS DOS SANTOS"
                },
                {
                    "codigo_aluno": "157(...)02",
                    "nome_aluno": "RODRIGO SOBRAL RESA"
                },
                {
                    "codigo_aluno": "311(...)92",
                    "nome_aluno": "RÚBEN CARVALHO BALSAS"
                },
                {
                    "codigo_aluno": "242(...)21",
                    "nome_aluno": "SABRINA ZHOU ZHU"
                },
                {
                    "codigo_aluno": "303(...)94",
                    "nome_aluno": "SANTIAGO DA COSTA RIBEIRO"
                },
                {
                    "codigo_aluno": "153(...)12",
                    "nome_aluno": "SEBASTIÃO FEIO VALE O'NEILL DAVID"
                },
                {
                    "codigo_aluno": "159(...)21",
                    "nome_aluno": "SIMÃO CAETANO DOS SANTOS"
                },
                {
                    "codigo_aluno": "306(...)21",
                    "nome_aluno": "SIMÃO FERRO RODRIGUES"
                },
                {
                    "codigo_aluno": "316(...)68",
                    "nome_aluno": "TIAGO ANDRE NUNES SALGADO"
                },
                {
                    "codigo_aluno": "152(...)45",
                    "nome_aluno": "TIAGO CABRAL LOPES"
                },
                {
                    "codigo_aluno": "313(...)29",
                    "nome_aluno": "TIAGO DA SILVA TEIXEIRA"
                },
                {
                    "codigo_aluno": "312(...)58",
                    "nome_aluno": "TIAGO DOS SANTOS E SILVA GALAIO"
                },
                {
                    "codigo_aluno": "154(...)58",
                    "nome_aluno": "TIAGO FERREIRA DUARTE"
                },
                {
                    "codigo_aluno": "155(...)27",
                    "nome_aluno": "TIAGO MIGUEL DA SILVA VIEGAS"
                },
                {
                    "codigo_aluno": "305(...)26",
                    "nome_aluno": "TIAGO MIGUEL GONÇALVES EMPADINHAS"
                },
                {
                    "codigo_aluno": "152(...)64",
                    "nome_aluno": "TOMÁS BAGO D'UVA FOGAÇA FERNANDES"
                },
                {
                    "codigo_aluno": "159(...)69",
                    "nome_aluno": "TOMÁS PARDAL BARROS DA MATA"
                },
                {
                    "codigo_aluno": "240(...)10",
                    "nome_aluno": "ZARA SAIF"
                }
            ]
        },
        {
            "codigo_curso": "L119",
            "nome_curso": "L119 - Engenharia Informática, Redes e Telecomunicações",
            "colocados": [
                {
                    "codigo_aluno": "303(...)53",
                    "nome_aluno": "AFONSO DE OLIVEIRA RAQUEL RITA"
                },
                {
                    "codigo_aluno": "307(...)73",
                    "nome_aluno": "AFONSO MARTIM PISSARRA OLIVEIRA NEVES"
                },
                {
                    "codigo_aluno": "240(...)09",
                    "nome_aluno": "ALEXANDRU-CATALIN CIULU"
                },
                {
                    "codigo_aluno": "153(...)30",
                    "nome_aluno": "ANDRÉ DIAS AMORAS"
                },
                {
                    "codigo_aluno": "149(...)34",
                    "nome_aluno": "ANDRE FILIPE SOUSA LOPES PINHO"
                },
                {
                    "codigo_aluno": "305(...)41",
                    "nome_aluno": "ANDRÉ MIGUEL PEDRAES REGO"
                },
                {
                    "codigo_aluno": "307(...)15",
                    "nome_aluno": "ANTÓNIO LOPES DOS SANTOS COSTA"
                },
                {
                    "codigo_aluno": "153(...)46",
                    "nome_aluno": "BERNARDO MARIA PENEDO DE SOUSA CARVALHAL SIM SIM"
                },
                {
                    "codigo_aluno": "150(...)42",
                    "nome_aluno": "DANIEL COSTA GATO"
                },
                {
                    "codigo_aluno": "151(...)64",
                    "nome_aluno": "DIOGO DA CRUZ SOBRAL"
                },
                {
                    "codigo_aluno": "300(...)66",
                    "nome_aluno": "DIOGO DA CUNHA ASSUNÇÃO"
                },
                {
                    "codigo_aluno": "308(...)65",
                    "nome_aluno": "ERNESTO MIGUEL DE MATOS SENA"
                },
                {
                    "codigo_aluno": "303(...)84",
                    "nome_aluno": "EVA FERNANDES SOARES"
                },
                {
                    "codigo_aluno": "306(...)91",
                    "nome_aluno": "FILIPE ALEXANDRE ALMEIDA DA PALMA"
                },
                {
                    "codigo_aluno": "307(...)79",
                    "nome_aluno": "FRANCISCO ANTÓNIO SILVA RIBEIRO"
                },
                {
                    "codigo_aluno": "153(...)72",
                    "nome_aluno": "FRANCISCO DUARTE MARTINHO ALMEIRÃO E MOREIRA DE ARAÚJO"
                },
                {
                    "codigo_aluno": "307(...)06",
                    "nome_aluno": "FRANCISCO MALVEIRO VINHAS"
                },
                {
                    "codigo_aluno": "305(...)65",
                    "nome_aluno": "GONÇALO ALEXANDRE SARDINHA RIBEIRO"
                },
                {
                    "codigo_aluno": "150(...)59",
                    "nome_aluno": "GONÇALO FÍSICO VENÂNCIO MADEIRA CAI-ÁGUA"
                },
                {
                    "codigo_aluno": "153(...)82",
                    "nome_aluno": "GONÇALO RIBEIRO E SILVA"
                },
                {
                    "codigo_aluno": "151(...)27",
                    "nome_aluno": "GONÇALO VERÍSSIMO DE FIGUEIREDO"
                },
                {
                    "codigo_aluno": "240(...)31",
                    "nome_aluno": "HAO XU"
                },
                {
                    "codigo_aluno": "158(...)92",
                    "nome_aluno": "INÊS SOFIA GUERREIRO RIBEIRO"
                },
                {
                    "codigo_aluno": "158(...)38",
                    "nome_aluno": "JOÃO MIGUEL DOS SANTOS ROCHA"
                },
                {
                    "codigo_aluno": "309(...)75",
                    "nome_aluno": "JOÃO PEDRO DUARTE ESTÊVÃO"
                },
                {
                    "codigo_aluno": "156(...)09",
                    "nome_aluno": "LOURENÇO FÉTAL MATIAS"
                },
                {
                    "codigo_aluno": "240(...)09",
                    "nome_aluno": "MÁDÁLIN ROSCA"
                },
                {
                    "codigo_aluno": "152(...)43",
                    "nome_aluno": "MANUEL RICARDO MARQUES ISIDORO"
                },
                {
                    "codigo_aluno": "149(...)94",
                    "nome_aluno": "MIGUEL ALEXANDRE BRANCO DIAS"
                },
                {
                    "codigo_aluno": "309(...)50",
                    "nome_aluno": "MIGUEL ÂNGELO GASPAR RAPOSO"
                },
                {
                    "codigo_aluno": "301(...)76",
                    "nome_aluno": "RAFAEL DOS SANTOS BANDOLA"
                },
                {
                    "codigo_aluno": "307(...)13",
                    "nome_aluno": "RITA PIÇARRA CARVALHEIRA"
                },
                {
                    "codigo_aluno": "301(...)63",
                    "nome_aluno": "RODRIGO FRANCISCO PIMENTEL CORDEIRO"
                },
                {
                    "codigo_aluno": "305(...)17",
                    "nome_aluno": "SORIN REVENCO"
                },
                {
                    "codigo_aluno": "303(...)50",
                    "nome_aluno": "TOMÁS MATOS RODRIGUES"
                },
                {
                    "codigo_aluno": "156(...)63",
                    "nome_aluno": "YASMIN BENEDITA N BOTCHE"
                }
            ]
        },
        {
            "codigo_curso": "9123",
            "nome_curso": "9123 - Engenharia Mecânica",
            "colocados": [
                {
                    "codigo_aluno": "300(...)71",
                    "nome_aluno": "AFONSO GAMITO DE ALBUQUERQUE"
                },
                {
                    "codigo_aluno": "153(...)72",
                    "nome_aluno": "AFONSO JOSE FERNANDES VICENTE"
                },
                {
                    "codigo_aluno": "159(...)04",
                    "nome_aluno": "AFONSO MANUEL DOS SANTOS GROSSO"
                },
                {
                    "codigo_aluno": "159(...)22",
                    "nome_aluno": "AFONSO MENDES MARTINHO"
                },
                {
                    "codigo_aluno": "314(...)57",
                    "nome_aluno": "AFONSO MILHEIRO BORBINHA"
                },
                {
                    "codigo_aluno": "309(...)71",
                    "nome_aluno": "AFONSO SILVA SANTOS DUARTE"
                },
                {
                    "codigo_aluno": "154(...)99",
                    "nome_aluno": "ALEXIS DENIZ ANTUNES VALCEIRO"
                },
                {
                    "codigo_aluno": "152(...)88",
                    "nome_aluno": "ANA GUADALUPE BENITES DE ANDRADE"
                },
                {
                    "codigo_aluno": "153(...)70",
                    "nome_aluno": "ANDRÉ NUNES CORREIA"
                },
                {
                    "codigo_aluno": "156(...)59",
                    "nome_aluno": "ANDRÉ VUCKOVIC PAGAIMO"
                },
                {
                    "codigo_aluno": "314(...)81",
                    "nome_aluno": "ANTONIO MARIA CORDEIRO DE SOUSA WEMANS"
                },
                {
                    "codigo_aluno": "306(...)13",
                    "nome_aluno": "BRUNO FERNANDO SANDU BRANCO"
                },
                {
                    "codigo_aluno": "311(...)39",
                    "nome_aluno": "CAROLINA PINTO ANUNCIAÇÃO"
                },
                {
                    "codigo_aluno": "156(...)50",
                    "nome_aluno": "CATARINA NASCIMENTO DIONIZIO"
                },
                {
                    "codigo_aluno": "152(...)14",
                    "nome_aluno": "CRISTIANO MIGUEL DOS SANTOS LAGE"
                },
                {
                    "codigo_aluno": "312(...)21",
                    "nome_aluno": "DINIS AFONSO PEREIRA RAMOS"
                },
                {
                    "codigo_aluno": "159(...)52",
                    "nome_aluno": "DINIS LOPES FONSECA"
                },
                {
                    "codigo_aluno": "153(...)05",
                    "nome_aluno": "DINIS MIGUEL PERPÉTUO BERNARDO"
                },
                {
                    "codigo_aluno": "305(...)43",
                    "nome_aluno": "DIOGO FILIPE CATALÃO DOS SANTOS REI"
                },
                {
                    "codigo_aluno": "301(...)83",
                    "nome_aluno": "DIOGO FILIPE LOBO DE PINA UCHA PEREIRA"
                },
                {
                    "codigo_aluno": "306(...)66",
                    "nome_aluno": "DIOGO MADEIRA PRATAS"
                },
                {
                    "codigo_aluno": "152(...)83",
                    "nome_aluno": "DUARTE AFONSO GHARBAOUI DO COUTO"
                },
                {
                    "codigo_aluno": "152(...)84",
                    "nome_aluno": "DUARTE FILIPE DOS SANTOS FERREIRA MATOS"
                },
                {
                    "codigo_aluno": "302(...)64",
                    "nome_aluno": "DUARTE MARIA PEREIRA DA COSTA NEO"
                },
                {
                    "codigo_aluno": "180(...)96",
                    "nome_aluno": "EYBER LUCAS LOZANO MURIEL"
                },
                {
                    "codigo_aluno": "303(...)61",
                    "nome_aluno": "FILIPE MIGUEL MATOS GASPAR"
                },
                {
                    "codigo_aluno": "158(...)72",
                    "nome_aluno": "FRANCISCO CASTANHINHA GONÇALVES DE OLIVEIRA MARTINS"
                },
                {
                    "codigo_aluno": "157(...)56",
                    "nome_aluno": "FRANCISCO CORRÊA ANTUNES LUÍS DA SILVA"
                },
                {
                    "codigo_aluno": "300(...)08",
                    "nome_aluno": "FRANCISCO DA COSTA CABRAL LYON DE CASTRO"
                },
                {
                    "codigo_aluno": "303(...)42",
                    "nome_aluno": "FRANCISCO DE CAMPOS BERNARDINO"
                },
                {
                    "codigo_aluno": "300(...)99",
                    "nome_aluno": "FRANCISCO MIGUEL RODRIGUES RIBEIRO"
                },
                {
                    "codigo_aluno": "152(...)67",
                    "nome_aluno": "FRANCISCO RAPOSO JACOBSOHN CARNEIRO"
                },
                {
                    "codigo_aluno": "154(...)99",
                    "nome_aluno": "GABRIEL REIS LEITÃO"
                },
                {
                    "codigo_aluno": "153(...)21",
                    "nome_aluno": "GONÇALO DE OLIVEIRA CARIOCA DA SILVA"
                },
                {
                    "codigo_aluno": "314(...)72",
                    "nome_aluno": "GONÇALO NUNO CALADO BAIÃO DA SILVA"
                },
                {
                    "codigo_aluno": "301(...)74",
                    "nome_aluno": "GONÇALO PIRES GODINHO"
                },
                {
                    "codigo_aluno": "307(...)00",
                    "nome_aluno": "GONÇALO SOARES PEREIRA"
                },
                {
                    "codigo_aluno": "306(...)80",
                    "nome_aluno": "GUILHERME CAPELA DUARTE"
                },
                {
                    "codigo_aluno": "310(...)51",
                    "nome_aluno": "GUILHERME COSTA CAMILO"
                },
                {
                    "codigo_aluno": "152(...)10",
                    "nome_aluno": "GUILHERME ESTEVES PIRES"
                },
                {
                    "codigo_aluno": "153(...)00",
                    "nome_aluno": "GUILHERME FERNANDES DE BRITO"
                },
                {
                    "codigo_aluno": "306(...)67",
                    "nome_aluno": "GUILHERME MARTINS VITORINO DA COSTA"
                },
                {
                    "codigo_aluno": "313(...)58",
                    "nome_aluno": "GUILHERME MIGUEL PIRES FERREIRA"
                },
                {
                    "codigo_aluno": "309(...)87",
                    "nome_aluno": "GUILHERME MONTEIRO DOS SANTOS"
                },
                {
                    "codigo_aluno": "309(...)67",
                    "nome_aluno": "GUILHERME SANTOS MARUJO DA SILVA CARLOS"
                },
                {
                    "codigo_aluno": "157(...)45",
                    "nome_aluno": "GUSTAVO ALMEIDA MIRANDA"
                },
                {
                    "codigo_aluno": "302(...)62",
                    "nome_aluno": "GUSTAVO JORGE ALVES"
                },
                {
                    "codigo_aluno": "309(...)27",
                    "nome_aluno": "GUSTAVO MARTIM DOS SANTOS VIEGAS"
                },
                {
                    "codigo_aluno": "304(...)13",
                    "nome_aluno": "HENRIQUE JOSÉ ALVES SARAIVA"
                },
                {
                    "codigo_aluno": "304(...)29",
                    "nome_aluno": "HENRIQUE MARIA GONÇALVES FARIA"
                },
                {
                    "codigo_aluno": "306(...)20",
                    "nome_aluno": "HERLANDER DANIEL ROSA SALGUEIRO LIMA"
                },
                {
                    "codigo_aluno": "240(...)09",
                    "nome_aluno": "HUGO JACOB BROUWER"
                },
                {
                    "codigo_aluno": "309(...)13",
                    "nome_aluno": "IARA ALEXANDRA GONÇALVES AUGUSTO"
                },
                {
                    "codigo_aluno": "158(...)07",
                    "nome_aluno": "IVO ELISÁRIO TELES"
                },
                {
                    "codigo_aluno": "304(...)07",
                    "nome_aluno": "JOANA NUNES GOMES"
                },
                {
                    "codigo_aluno": "302(...)31",
                    "nome_aluno": "JOÃO FRANCISCO ALFAIATE FONSECA"
                },
                {
                    "codigo_aluno": "154(...)34",
                    "nome_aluno": "JOÃO LUCAS ORTET MONIZ PEDRO"
                },
                {
                    "codigo_aluno": "154(...)61",
                    "nome_aluno": "JOÃO MIGUEL FERNANDES CAMÕES"
                },
                {
                    "codigo_aluno": "302(...)87",
                    "nome_aluno": "JOÃO RESENDE JORGE PEREIRA SANTOS"
                },
                {
                    "codigo_aluno": "300(...)31",
                    "nome_aluno": "JOÃO RODRIGO DA SILVA FONSECA"
                },
                {
                    "codigo_aluno": "305(...)94",
                    "nome_aluno": "JOAQUIM DINÍS BRANDÃO BARBOSA"
                },
                {
                    "codigo_aluno": "306(...)14",
                    "nome_aluno": "JOSÉ FRANCISCO CARVALHEIRA MENDES"
                },
                {
                    "codigo_aluno": "145(...)34",
                    "nome_aluno": "JOSÉ MARIA MAYA GOMES CUNHA SAMMER"
                },
                {
                    "codigo_aluno": "158(...)72",
                    "nome_aluno": "LENISE VITORIA SANCHES MONTEIRO"
                },
                {
                    "codigo_aluno": "152(...)00",
                    "nome_aluno": "LUCAS CARVALHO DE ALMEIDA"
                },
                {
                    "codigo_aluno": "309(...)95",
                    "nome_aluno": "LUCAS HENRIQUE FERREIRA BARATA"
                },
                {
                    "codigo_aluno": "156(...)76",
                    "nome_aluno": "LUÍSA FREIXO NETO"
                },
                {
                    "codigo_aluno": "153(...)29",
                    "nome_aluno": "MANUEL GOULART LEAL"
                },
                {
                    "codigo_aluno": "306(...)14",
                    "nome_aluno": "MANUEL JOÃO HENRIQUES SALVADOR"
                },
                {
                    "codigo_aluno": "301(...)83",
                    "nome_aluno": "MARCO VALENTIM RAMOS CADILHA"
                },
                {
                    "codigo_aluno": "156(...)69",
                    "nome_aluno": "MARTIM DA SILVA TAVARES"
                },
                {
                    "codigo_aluno": "156(...)75",
                    "nome_aluno": "MARTIM MOREIRA ALVES"
                },
                {
                    "codigo_aluno": "314(...)51",
                    "nome_aluno": "MAURO MARTINS LAPA"
                },
                {
                    "codigo_aluno": "153(...)33",
                    "nome_aluno": "MIGUEL DOS REIS NUNES"
                },
                {
                    "codigo_aluno": "151(...)55",
                    "nome_aluno": "MIGUEL FERREIRA VALENTE"
                },
                {
                    "codigo_aluno": "155(...)43",
                    "nome_aluno": "MIGUEL FILIPE ROMEIRA TAVARES GUERREIRO"
                },
                {
                    "codigo_aluno": "307(...)69",
                    "nome_aluno": "MIGUEL NUNES RAMOS"
                },
                {
                    "codigo_aluno": "157(...)71",
                    "nome_aluno": "MIRIAM ALVES GODINHO SILVA"
                },
                {
                    "codigo_aluno": "152(...)34",
                    "nome_aluno": "ODIN MESQUITA AZEVEDO DOS SANTOS"
                },
                {
                    "codigo_aluno": "312(...)26",
                    "nome_aluno": "PAULO DIAS QUINTANILHA GARCÊS"
                },
                {
                    "codigo_aluno": "307(...)96",
                    "nome_aluno": "PEDRO DA COSTA SANTOS SILVA"
                },
                {
                    "codigo_aluno": "304(...)25",
                    "nome_aluno": "PEDRO LADEIRA AMORIM"
                },
                {
                    "codigo_aluno": "306(...)48",
                    "nome_aluno": "PEDRO MANUEL NEVES BALEIZÃO ROQUES FAUSTINO"
                },
                {
                    "codigo_aluno": "151(...)42",
                    "nome_aluno": "PEDRO RODRIGUES MARIA ALVES"
                },
                {
                    "codigo_aluno": "309(...)12",
                    "nome_aluno": "PEDRO TIAGO GONÇALVES DA CUNHA LUÍS"
                },
                {
                    "codigo_aluno": "157(...)57",
                    "nome_aluno": "RAFAEL MIGUEL FERREIRA DA SILVA"
                },
                {
                    "codigo_aluno": "152(...)86",
                    "nome_aluno": "RICARDO DE CINTRA CORREIA RIBEIRETE"
                },
                {
                    "codigo_aluno": "309(...)84",
                    "nome_aluno": "RODRIGO ALEXANDRE DUARTE SILVA"
                },
                {
                    "codigo_aluno": "150(...)81",
                    "nome_aluno": "RODRIGO FILIPE COSTA MICAELO DE SOUSA COLAÇO"
                },
                {
                    "codigo_aluno": "153(...)92",
                    "nome_aluno": "RODRIGO TEIXEIRA CHAVES"
                },
                {
                    "codigo_aluno": "159(...)20",
                    "nome_aluno": "RYAN GABRIEL RODRIGUES SEIDI BÁ"
                },
                {
                    "codigo_aluno": "152(...)80",
                    "nome_aluno": "SAMUEL BARCELOS PEREIRA"
                },
                {
                    "codigo_aluno": "156(...)17",
                    "nome_aluno": "SANTIAGO MARQUÊS PEREIRA GABOLEIRO"
                },
                {
                    "codigo_aluno": "309(...)14",
                    "nome_aluno": "TERESA FIGUEIREDO CARVALHO DAS NEVES"
                },
                {
                    "codigo_aluno": "306(...)74",
                    "nome_aluno": "TIAGO ALEXANDRE GUERREIRO DIAS"
                },
                {
                    "codigo_aluno": "153(...)61",
                    "nome_aluno": "TIAGO ALEXANDRE ROCHA MATEUS"
                },
                {
                    "codigo_aluno": "153(...)47",
                    "nome_aluno": "TIAGO DE OLIVEIRA GABRIEL"
                },
                {
                    "codigo_aluno": "307(...)57",
                    "nome_aluno": "TIAGO NUNO MATOSO LEÃO"
                },
                {
                    "codigo_aluno": "154(...)06",
                    "nome_aluno": "TOMÁS PARRAGUÊS ALMEIDA"
                },
                {
                    "codigo_aluno": "154(...)63",
                    "nome_aluno": "TOMÁS RIBEIRO MARQUES DA SILVA"
                },
                {
                    "codigo_aluno": "309(...)74",
                    "nome_aluno": "TOMÁS RODRIGUES EMÍDIO EUGÉNIO"
                },
                {
                    "codigo_aluno": "156(...)55",
                    "nome_aluno": "TOMÁS TEIXEIRA PINGUICHA"
                },
                {
                    "codigo_aluno": "149(...)17",
                    "nome_aluno": "VASCO MARIA SACRAMENTO CORREIA GIL"
                },
                {
                    "codigo_aluno": "159(...)65",
                    "nome_aluno": "VICENTE LUIS RODRIGUES GONÇALVES"
                }
            ]
        },
        {
            "codigo_curso": "9126",
            "nome_curso": "9126 - Engenharia Química e Biológica",
            "colocados": [
                {
                    "codigo_aluno": "312(...)31",
                    "nome_aluno": "ANA CAROLINA SEQUEIRA GOMES"
                },
                {
                    "codigo_aluno": "308(...)38",
                    "nome_aluno": "BRUNO MIGUEL MARTINS GONÇALVES"
                },
                {
                    "codigo_aluno": "301(...)58",
                    "nome_aluno": "DANIEL ALEXANDRE SANTOS MUINHÁ ANTUNES"
                },
                {
                    "codigo_aluno": "159(...)31",
                    "nome_aluno": "DIANA PEREIRA DE ANDRADE"
                },
                {
                    "codigo_aluno": "154(...)02",
                    "nome_aluno": "DUARTE MARTIM FERREIRA ANDRADE"
                },
                {
                    "codigo_aluno": "155(...)08",
                    "nome_aluno": "GONÇALO AUGUSTO COSTA"
                },
                {
                    "codigo_aluno": "310(...)62",
                    "nome_aluno": "LOURENÇO ALEXANDRE DE BARROS MARTINS"
                },
                {
                    "codigo_aluno": "152(...)09",
                    "nome_aluno": "MADALENA BARATA FERNANDES PINTO PEREIRA"
                },
                {
                    "codigo_aluno": "302(...)32",
                    "nome_aluno": "MADALENA RIBEIRO ELVAS DE AGUIAR SANTOS"
                },
                {
                    "codigo_aluno": "150(...)41",
                    "nome_aluno": "MAFALDA ROQUE FÉLIX"
                },
                {
                    "codigo_aluno": "302(...)21",
                    "nome_aluno": "MARCO ANTÓNIO ANDRADE DE ALMEIDA CORREIA"
                },
                {
                    "codigo_aluno": "306(...)92",
                    "nome_aluno": "MÁRIO JOSÉ CASTANHEIRA PRATA"
                },
                {
                    "codigo_aluno": "149(...)85",
                    "nome_aluno": "MARTIM ALMEIDA LIVRAMENTO"
                },
                {
                    "codigo_aluno": "152(...)72",
                    "nome_aluno": "MARTIM LUIS AIRES DOS REIS"
                },
                {
                    "codigo_aluno": "309(...)98",
                    "nome_aluno": "MATILDE DUARTE MATEUS"
                },
                {
                    "codigo_aluno": "304(...)33",
                    "nome_aluno": "RITA MARIA NEOVESKY DE ALMEIDA COUTINHO"
                },
                {
                    "codigo_aluno": "300(...)28",
                    "nome_aluno": "SOFIA CLÁUDIA NICU RODRIGUES"
                }
            ]
        },
        {
            "codigo_curso": "L117",
            "nome_curso": "L117 - Matemática Aplicada à Tecnologia e à Empresa",
            "colocados": [
                {
                    "codigo_aluno": "155(...)66",
                    "nome_aluno": "ANA RITA DA COSTA MORAIS"
                },
                {
                    "codigo_aluno": "300(...)18",
                    "nome_aluno": "BEATRIZ MARIA LOURENÇO BENTO COIMBRA"
                },
                {
                    "codigo_aluno": "314(...)13",
                    "nome_aluno": "CRISTIANO MIGUEL DA SILVA PESSOA"
                },
                {
                    "codigo_aluno": "152(...)86",
                    "nome_aluno": "DANY ERNESTO CORREIA VELÁZQUEZ"
                },
                {
                    "codigo_aluno": "306(...)27",
                    "nome_aluno": "DIOGO ALEXANDRE SILVA FLORA"
                },
                {
                    "codigo_aluno": "301(...)89",
                    "nome_aluno": "DUARTE NUNO PARENTE FIDALGO"
                },
                {
                    "codigo_aluno": "306(...)72",
                    "nome_aluno": "FILIPE MIGUEL PIMPISTA METELO"
                },
                {
                    "codigo_aluno": "305(...)73",
                    "nome_aluno": "GUILHERME FLORENTIM DIOGO"
                },
                {
                    "codigo_aluno": "314(...)18",
                    "nome_aluno": "GUILHERME GOMES DOS SANTOS"
                },
                {
                    "codigo_aluno": "156(...)51",
                    "nome_aluno": "GUILHERME GONÇALVES GASPAR"
                },
                {
                    "codigo_aluno": "154(...)96",
                    "nome_aluno": "GUILHERME MANUEL OLIVEIRA SOUTO"
                },
                {
                    "codigo_aluno": "156(...)54",
                    "nome_aluno": "GUSTAVO BARBOSA FERNANDES"
                },
                {
                    "codigo_aluno": "309(...)35",
                    "nome_aluno": "HENRIQUE FERREIRA NEVES"
                },
                {
                    "codigo_aluno": "303(...)29",
                    "nome_aluno": "JOANA FILIPA GOMES DOS SANTOS"
                },
                {
                    "codigo_aluno": "305(...)17",
                    "nome_aluno": "JOÃO RICARDO FERNANDES FRANCHI"
                },
                {
                    "codigo_aluno": "309(...)86",
                    "nome_aluno": "JOÃO VICENTE DOS SANTOS"
                },
                {
                    "codigo_aluno": "300(...)67",
                    "nome_aluno": "JOSÉ AFONSO GONÇALVES LUZ"
                },
                {
                    "codigo_aluno": "152(...)15",
                    "nome_aluno": "LEONOR FRANCISCO DURAN"
                },
                {
                    "codigo_aluno": "159(...)16",
                    "nome_aluno": "LUANA IASMINA DO VALE"
                },
                {
                    "codigo_aluno": "154(...)31",
                    "nome_aluno": "MARGARIDA HELENA PERIQUITO CONDE"
                },
                {
                    "codigo_aluno": "152(...)26",
                    "nome_aluno": "MARIANA SILVA NETO DE LEMOS"
                },
                {
                    "codigo_aluno": "151(...)45",
                    "nome_aluno": "MATILDE MARQUES DE OLIVEIRA ROMÃO"
                },
                {
                    "codigo_aluno": "303(...)20",
                    "nome_aluno": "MIGUEL TEIXEIRA DOS SANTOS ALVES"
                },
                {
                    "codigo_aluno": "307(...)45",
                    "nome_aluno": "PEDRO SANTOS GRILO"
                },
                {
                    "codigo_aluno": "308(...)16",
                    "nome_aluno": "RAQUEL DELGADO RODRIGUES"
                },
                {
                    "codigo_aluno": "305(...)15",
                    "nome_aluno": "RODRIGO MIGUEL CARVALHO DA SILVA"
                },
                {
                    "codigo_aluno": "311(...)77",
                    "nome_aluno": "SOFIA COSTA RAMOS DE MORAIS TRIGO"
                },
                {
                    "codigo_aluno": "152(...)74",
                    "nome_aluno": "TIAGO ALEXANDRE PERALTA DE CARVALHO"
                },
                {
                    "codigo_aluno": "240(...)06",
                    "nome_aluno": "YIRONG ZHU"
                }
            ]
        },
        {
            "codigo_curso": "L085",
            "nome_curso": "L085 - Tecnologias e Gestão Municipal",
            "colocados": [
                {
                    "codigo_aluno": "151(...)60",
                    "nome_aluno": "AFONSO CARRILHO BENTO"
                },
                {
                    "codigo_aluno": "306(...)90",
                    "nome_aluno": "ANA LUISA FERNANDES NUNES"
                },
                {
                    "codigo_aluno": "309(...)81",
                    "nome_aluno": "BERNARDO MOTA GOMES FERREIRA"
                },
                {
                    "codigo_aluno": "306(...)26",
                    "nome_aluno": "CAROLINA SOUSA DA SILVA DA COSTA CHAPA"
                },
                {
                    "codigo_aluno": "301(...)68",
                    "nome_aluno": "CATARINA CRAVO CASEGAS"
                },
                {
                    "codigo_aluno": "159(...)59",
                    "nome_aluno": "DANIEL JOAQUIM DA COSTA PEREIRA"
                },
                {
                    "codigo_aluno": "156(...)84",
                    "nome_aluno": "DIOGO CAETANO DA SILVA"
                },
                {
                    "codigo_aluno": "150(...)67",
                    "nome_aluno": "DIOGO FILIPE DE MATOS GUIOMAR FORTES DA SILVA"
                },
                {
                    "codigo_aluno": "154(...)32",
                    "nome_aluno": "DIOGO LOPES ALVES"
                },
                {
                    "codigo_aluno": "309(...)13",
                    "nome_aluno": "DIOGO MANUEL BARATA MANIQUE CANELAS"
                },
                {
                    "codigo_aluno": "155(...)52",
                    "nome_aluno": "DIOGO PEDRINHO DIAS"
                },
                {
                    "codigo_aluno": "154(...)49",
                    "nome_aluno": "FRANCISCO MOREIRA MONTEIRO"
                },
                {
                    "codigo_aluno": "315(...)52",
                    "nome_aluno": "GUILHERME BATISTA PEREIRA"
                },
                {
                    "codigo_aluno": "151(...)52",
                    "nome_aluno": "GUILHERME FERNANDES BAPTISTA"
                },
                {
                    "codigo_aluno": "306(...)00",
                    "nome_aluno": "IRIS CAROLINA RODRIGUES FARIA"
                },
                {
                    "codigo_aluno": "310(...)51",
                    "nome_aluno": "JOÃO FRANCISCO LEITÃO OLIVIER"
                },
                {
                    "codigo_aluno": "155(...)96",
                    "nome_aluno": "MAFALDA GAMA PEREIRA GUERRA FRANCISCO"
                },
                {
                    "codigo_aluno": "300(...)06",
                    "nome_aluno": "MARTIM NEVES VIEIRA"
                },
                {
                    "codigo_aluno": "154(...)30",
                    "nome_aluno": "MATEUS MENDES JORGE"
                },
                {
                    "codigo_aluno": "305(...)63",
                    "nome_aluno": "PEDRO FILIPE LIMA NORA"
                },
                {
                    "codigo_aluno": "306(...)79",
                    "nome_aluno": "RODRIGO CARVALHO DOS SANTOS"
                },
                {
                    "codigo_aluno": "314(...)50",
                    "nome_aluno": "RODRIGO FILIPE CALDEIRA GONÇALVES"
                },
                {
                    "codigo_aluno": "301(...)68",
                    "nome_aluno": "TOMÁS MOREIRA BEIRÃO PEREIRA"
                }
            ]
        }
    ]
}