{
    "codigo_universidade": "3054",
    "nome_universidade": "3054 - Instituto Politécnico de Castelo Branco - Escola Superior de Gestão de Idanha-a-Nova",
    "cursos": [
        {
            "codigo_curso": "9002",
            "nome_curso": "9002 - Administração Pública",
            "colocados": [
                {
                    "codigo_aluno": "304(...)76",
                    "nome_aluno": "ALEXANDRA MARTA ARAÚJO"
                },
                {
                    "codigo_aluno": "240(...)56",
                    "nome_aluno": "ALEXANDRA SUIANY BERNARDO SIMÃO"
                },
                {
                    "codigo_aluno": "303(...)17",
                    "nome_aluno": "CARLOTA FORTUNATO RODRIGUES"
                },
                {
                    "codigo_aluno": "154(...)17",
                    "nome_aluno": "CAROLINA ERMITÃO SÁ"
                },
                {
                    "codigo_aluno": "154(...)40",
                    "nome_aluno": "DANIELA FILIPA LANDEIRO REIS"
                },
                {
                    "codigo_aluno": "307(...)69",
                    "nome_aluno": "DUARTE RAFAEL DOMINGOS DIAS"
                },
                {
                    "codigo_aluno": "159(...)41",
                    "nome_aluno": "ELISABETE FERREIRA MELO"
                },
                {
                    "codigo_aluno": "309(...)66",
                    "nome_aluno": "FILIPA MARGARIDA FRAZAO FERNANDES"
                },
                {
                    "codigo_aluno": "301(...)16",
                    "nome_aluno": "JOANA SOFIA TAVARES MEIRELES GIRAO"
                },
                {
                    "codigo_aluno": "240(...)01",
                    "nome_aluno": "JULIA NOGUEIRA ANDREANI DE MENEZES"
                },
                {
                    "codigo_aluno": "306(...)69",
                    "nome_aluno": "MARIA DE ALMEIDA BRÁS BELO"
                },
                {
                    "codigo_aluno": "314(...)40",
                    "nome_aluno": "MARIA MARGARIDA RIBEIRO GAMEIRO"
                },
                {
                    "codigo_aluno": "309(...)53",
                    "nome_aluno": "MARIANA BENTO LOPES"
                },
                {
                    "codigo_aluno": "154(...)16",
                    "nome_aluno": "RODRIGO LOPES DA SILVA"
                },
                {
                    "codigo_aluno": "309(...)73",
                    "nome_aluno": "RÚBEN OSÓRIO VEIGA"
                },
                {
                    "codigo_aluno": "242(...)12",
                    "nome_aluno": "SANDRO MARIANO FURTADO MATACANO"
                },
                {
                    "codigo_aluno": "303(...)11",
                    "nome_aluno": "SARA LOUREIRO FIGUEIREDO"
                },
                {
                    "codigo_aluno": "306(...)78",
                    "nome_aluno": "VALÉRIA KOMAR"
                }
            ]
        },
        {
            "codigo_curso": "9147",
            "nome_curso": "9147 - Gestão",
            "colocados": [
                {
                    "codigo_aluno": "303(...)07",
                    "nome_aluno": "AFONSO MENDONÇA FERNANDES DA SILVA"
                },
                {
                    "codigo_aluno": "312(...)53",
                    "nome_aluno": "AFONSO ROLO SEABRA"
                },
                {
                    "codigo_aluno": "319(...)69",
                    "nome_aluno": "ANA CLÁUDIA DE JESUS SANTOS BICALHO"
                },
                {
                    "codigo_aluno": "300(...)13",
                    "nome_aluno": "ANDREIA DIOGO VIEGAS"
                },
                {
                    "codigo_aluno": "312(...)52",
                    "nome_aluno": "BEATRIZ CINTRA DA COSTA"
                },
                {
                    "codigo_aluno": "156(...)63",
                    "nome_aluno": "BRUNO FILIPE SOARES PEREIRA"
                },
                {
                    "codigo_aluno": "313(...)68",
                    "nome_aluno": "CARINA DIAS MARTINS"
                },
                {
                    "codigo_aluno": "154(...)84",
                    "nome_aluno": "CAROLINA GARRIDO PARREIRA"
                },
                {
                    "codigo_aluno": "159(...)35",
                    "nome_aluno": "CATARINA SOFIA DA SILVA MARQUES"
                },
                {
                    "codigo_aluno": "300(...)70",
                    "nome_aluno": "DINIS DA SILVA RIBEIRO"
                },
                {
                    "codigo_aluno": "158(...)59",
                    "nome_aluno": "DIOGO SILVA CLETO"
                },
                {
                    "codigo_aluno": "306(...)12",
                    "nome_aluno": "FILIPA ROUXINOL ALMEIDA"
                },
                {
                    "codigo_aluno": "153(...)40",
                    "nome_aluno": "GABRIELA SANTOS ANTUNES"
                },
                {
                    "codigo_aluno": "159(...)35",
                    "nome_aluno": "GONÇALO DA SILVA ROCHA"
                },
                {
                    "codigo_aluno": "303(...)72",
                    "nome_aluno": "HENRIQUE FAZENDEIRO MORAIS"
                },
                {
                    "codigo_aluno": "158(...)58",
                    "nome_aluno": "JOÃO FERNANDO CASTANHO TEIXEIRA"
                },
                {
                    "codigo_aluno": "309(...)48",
                    "nome_aluno": "LARA ANDREIA ONOFRE RIÇO"
                },
                {
                    "codigo_aluno": "307(...)31",
                    "nome_aluno": "LARA CATARINA NEVES BORGES"
                },
                {
                    "codigo_aluno": "309(...)67",
                    "nome_aluno": "LUÍS PEDRO SOUSA SANTOS"
                },
                {
                    "codigo_aluno": "310(...)93",
                    "nome_aluno": "MARIA JOAO MIRANDA LOPES"
                },
                {
                    "codigo_aluno": "310(...)07",
                    "nome_aluno": "MARIA LEONOR FEVEREIRO CAMPOS BATISTA"
                },
                {
                    "codigo_aluno": "247(...)08",
                    "nome_aluno": "MARISE JATA RIBEIRO MIRANDA"
                },
                {
                    "codigo_aluno": "326(...)08",
                    "nome_aluno": "NATAN GUEDES DE FARIA"
                },
                {
                    "codigo_aluno": "305(...)78",
                    "nome_aluno": "PEDRO MANUEL SALGUEIRO TOMAS"
                },
                {
                    "codigo_aluno": "153(...)70",
                    "nome_aluno": "PEDRO OLIVEIRA BERNARDO"
                },
                {
                    "codigo_aluno": "150(...)88",
                    "nome_aluno": "RAFAEL RIBEIRO FERREIRA"
                },
                {
                    "codigo_aluno": "313(...)10",
                    "nome_aluno": "SARA BETÂNIA BORGES DE OLIVEIRA"
                },
                {
                    "codigo_aluno": "154(...)23",
                    "nome_aluno": "SARA MARIA BAETA ROCHA"
                },
                {
                    "codigo_aluno": "158(...)29",
                    "nome_aluno": "TOMÁS ALEXANDRE TREZENTOS FRANCISCO"
                },
                {
                    "codigo_aluno": "306(...)97",
                    "nome_aluno": "TOMÁS OLIVEIRA SILVA"
                },
                {
                    "codigo_aluno": "139(...)85",
                    "nome_aluno": "VERA PATRÍCIA CARDOSO MURTA"
                }
            ]
        },
        {
            "codigo_curso": "L021",
            "nome_curso": "L021 - Gestão Comercial",
            "colocados": [
                {
                    "codigo_aluno": "157(...)96",
                    "nome_aluno": "BEATRIZ DÖTTLING CARMO"
                },
                {
                    "codigo_aluno": "159(...)03",
                    "nome_aluno": "CAROLINA SANTOS GONÇALVES"
                },
                {
                    "codigo_aluno": "307(...)55",
                    "nome_aluno": "CATARINA SOFIA PENAS RAPOSO"
                },
                {
                    "codigo_aluno": "314(...)19",
                    "nome_aluno": "ELÓI OLIVEIRA BALTAZAR"
                },
                {
                    "codigo_aluno": "311(...)71",
                    "nome_aluno": "ÉRICA DOMINGAS DE OLIVEIRA AMARO"
                },
                {
                    "codigo_aluno": "154(...)85",
                    "nome_aluno": "FRANCISCO MARQUES SUAREZ"
                },
                {
                    "codigo_aluno": "313(...)92",
                    "nome_aluno": "JOÃO MIGUEL PRIMO MONTEIRO"
                },
                {
                    "codigo_aluno": "321(...)37",
                    "nome_aluno": "MATTEO RODRIGUES WERNER"
                },
                {
                    "codigo_aluno": "315(...)86",
                    "nome_aluno": "NELSON GABRIEL DE PASTOR ALMEIDA"
                },
                {
                    "codigo_aluno": "305(...)81",
                    "nome_aluno": "RAFAEL FILIPE BARBAS COELHO"
                },
                {
                    "codigo_aluno": "315(...)54",
                    "nome_aluno": "RODRIGO SALVADO NUNES"
                }
            ]
        },
        {
            "codigo_curso": "9242",
            "nome_curso": "9242 - Solicitadoria",
            "colocados": [
                {
                    "codigo_aluno": "151(...)92",
                    "nome_aluno": "ANA CATARINA CARVALHO DUARTE"
                },
                {
                    "codigo_aluno": "303(...)32",
                    "nome_aluno": "ANA RAQUEL MATOS FERNANDES"
                },
                {
                    "codigo_aluno": "148(...)37",
                    "nome_aluno": "ANA RITA GONÇALVES CORREIA"
                },
                {
                    "codigo_aluno": "309(...)50",
                    "nome_aluno": "ANDREIA FILIPA MATOS CORREIA"
                },
                {
                    "codigo_aluno": "318(...)91",
                    "nome_aluno": "BEATRIZ BAPTISTA BRANCO"
                },
                {
                    "codigo_aluno": "309(...)85",
                    "nome_aluno": "BEATRIZ DANIELA GOMES NUNES PIMENTEL"
                },
                {
                    "codigo_aluno": "313(...)14",
                    "nome_aluno": "BIANCA BETTENCOURT MARQUES"
                },
                {
                    "codigo_aluno": "312(...)01",
                    "nome_aluno": "CAROLINA FERNANDES MARTINS"
                },
                {
                    "codigo_aluno": "301(...)75",
                    "nome_aluno": "DANIA ROCHA HENRIQUES"
                },
                {
                    "codigo_aluno": "309(...)41",
                    "nome_aluno": "DIANA BONACHO CAMEJO"
                },
                {
                    "codigo_aluno": "309(...)78",
                    "nome_aluno": "GUILHERME CUSTÓDIO PENA"
                },
                {
                    "codigo_aluno": "308(...)59",
                    "nome_aluno": "HELENA PEREIRA METELA"
                },
                {
                    "codigo_aluno": "159(...)09",
                    "nome_aluno": "IARA GUADALUPE ABREU PEREIRA"
                },
                {
                    "codigo_aluno": "306(...)84",
                    "nome_aluno": "INÊS SOFIA PALMEIRÃO DIAS"
                },
                {
                    "codigo_aluno": "301(...)84",
                    "nome_aluno": "ÍRIS MICAELA VICENTE SIMÕES"
                },
                {
                    "codigo_aluno": "303(...)22",
                    "nome_aluno": "ISABEL FROIAS TRINDADE"
                },
                {
                    "codigo_aluno": "314(...)00",
                    "nome_aluno": "JÉSSICA DE JESUS LOPES"
                },
                {
                    "codigo_aluno": "303(...)90",
                    "nome_aluno": "JOÃO DIOGO GERMANO LEÃO"
                },
                {
                    "codigo_aluno": "307(...)23",
                    "nome_aluno": "JOÃO MIGUEL CARDOSO PAULINO"
                },
                {
                    "codigo_aluno": "152(...)14",
                    "nome_aluno": "MARGARIDA MARQUES FIGUEIREDO"
                },
                {
                    "codigo_aluno": "311(...)71",
                    "nome_aluno": "MARGARIDA NEVES PIRES"
                },
                {
                    "codigo_aluno": "156(...)59",
                    "nome_aluno": "MARIA INÊS MORAIS RODRIGUES"
                },
                {
                    "codigo_aluno": "302(...)90",
                    "nome_aluno": "MARIA LÍDIA ESTEVES MILHEIRO"
                },
                {
                    "codigo_aluno": "316(...)95",
                    "nome_aluno": "MARIANA ANTUNES PONCEANO ROSADO"
                },
                {
                    "codigo_aluno": "303(...)80",
                    "nome_aluno": "MARIANA BARBOSA NEIVA"
                },
                {
                    "codigo_aluno": "156(...)24",
                    "nome_aluno": "MARIANA DE MATOS FEIJÃO"
                },
                {
                    "codigo_aluno": "310(...)44",
                    "nome_aluno": "MARIANA SOFIA MARQUES DUARTE"
                },
                {
                    "codigo_aluno": "314(...)23",
                    "nome_aluno": "MARISA ALEXANDRA DA GRAÇA PALHINHAS"
                },
                {
                    "codigo_aluno": "307(...)60",
                    "nome_aluno": "MARTA SOFIA GUERRIAPA LOPES"
                },
                {
                    "codigo_aluno": "159(...)49",
                    "nome_aluno": "MATILDE ALEXANDRE PORTUGAL"
                },
                {
                    "codigo_aluno": "310(...)12",
                    "nome_aluno": "MATILDE MARQUES BRANCO PEREIRA"
                },
                {
                    "codigo_aluno": "159(...)67",
                    "nome_aluno": "MATILDE SORAIA SOUSA GONÇALVES"
                },
                {
                    "codigo_aluno": "302(...)43",
                    "nome_aluno": "MIGUEL VAZ ROSEIRO"
                },
                {
                    "codigo_aluno": "300(...)14",
                    "nome_aluno": "PATRÍCIA MARIA NÓBREGA PINTO"
                },
                {
                    "codigo_aluno": "307(...)40",
                    "nome_aluno": "RAFAELA GUEDES COSTA"
                },
                {
                    "codigo_aluno": "309(...)11",
                    "nome_aluno": "RAQUEL FILIPA HORTA DOS SANTOS LUÍS"
                },
                {
                    "codigo_aluno": "310(...)14",
                    "nome_aluno": "RAQUEL SOFIA LIMA SERRALHEIRO"
                },
                {
                    "codigo_aluno": "307(...)35",
                    "nome_aluno": "RODRIGO GASPAR MORGADO"
                },
                {
                    "codigo_aluno": "156(...)41",
                    "nome_aluno": "SOFIA PEREIRA CARDADOR LOPES ROSADO"
                },
                {
                    "codigo_aluno": "151(...)20",
                    "nome_aluno": "TOMÁS DUARTE AMARAL"
                },
                {
                    "codigo_aluno": "307(...)30",
                    "nome_aluno": "VERA ALMEIDA COELHO"
                }
            ]
        },
        {
            "codigo_curso": "9254",
            "nome_curso": "9254 - Turismo",
            "colocados": [
                {
                    "codigo_aluno": "310(...)43",
                    "nome_aluno": "ADRIANA DE JESUS MORGADO"
                },
                {
                    "codigo_aluno": "307(...)12",
                    "nome_aluno": "ANA MARGARIDA DO ROSÁRIO CORREIA"
                },
                {
                    "codigo_aluno": "150(...)76",
                    "nome_aluno": "BRUNA SOFIA OLIVEIRA DOS SANTOS"
                },
                {
                    "codigo_aluno": "310(...)56",
                    "nome_aluno": "DAVID MANOEL NUNES DE MOURA"
                },
                {
                    "codigo_aluno": "155(...)53",
                    "nome_aluno": "DUARTE CANAS MONTEIRO MARTINS"
                },
                {
                    "codigo_aluno": "306(...)08",
                    "nome_aluno": "JOÃO CARLOS VAZ MOURA"
                },
                {
                    "codigo_aluno": "318(...)52",
                    "nome_aluno": "JOÃO MIGUEL SAMPAIO PIRES"
                },
                {
                    "codigo_aluno": "240(...)56",
                    "nome_aluno": "JOHAAN VARGHESE SAMUEL"
                },
                {
                    "codigo_aluno": "314(...)42",
                    "nome_aluno": "JOSÉ PEDRO DA COSTA MENDES"
                },
                {
                    "codigo_aluno": "156(...)36",
                    "nome_aluno": "LEONOR DE MATOS PAIVA"
                },
                {
                    "codigo_aluno": "304(...)67",
                    "nome_aluno": "LISA PESTANA"
                },
                {
                    "codigo_aluno": "300(...)52",
                    "nome_aluno": "LUÍS FILIPE MARQUES DAVIDE"
                },
                {
                    "codigo_aluno": "304(...)92",
                    "nome_aluno": "MIGUEL CARDOSO MAXIMINO"
                },
                {
                    "codigo_aluno": "302(...)88",
                    "nome_aluno": "RENATA VICENTE CORREIA LUÍS"
                },
                {
                    "codigo_aluno": "310(...)11",
                    "nome_aluno": "RITA MARIA FELICIO VIDAL DA SILVA HENRIQUES"
                }
            ]
        }
    ]
}