{
    "codigo_universidade": "3124",
    "nome_universidade": "3124 - Instituto Politécnico de Portalegre - Escola Superior de Tecnologia, Gestão e Design",
    "cursos": [
        {
            "codigo_curso": "9670",
            "nome_curso": "9670 - Administração de Publicidade e Marketing",
            "colocados": [
                {
                    "codigo_aluno": "302(...)46",
                    "nome_aluno": "AFONSO DE JESUS CHORINCA"
                },
                {
                    "codigo_aluno": "154(...)08",
                    "nome_aluno": "AFONSO TIAGO RODRIGUES ESCÓRCIO"
                },
                {
                    "codigo_aluno": "301(...)51",
                    "nome_aluno": "ALEXANDRA MARQUES TAVARES"
                },
                {
                    "codigo_aluno": "317(...)16",
                    "nome_aluno": "ALEXANDRE MIGUEL MARTINS MATA"
                },
                {
                    "codigo_aluno": "301(...)99",
                    "nome_aluno": "ANA CAROLINA MOREIRA MODESTO"
                },
                {
                    "codigo_aluno": "154(...)86",
                    "nome_aluno": "ANA CATARINA MOURATO CARDOSO"
                },
                {
                    "codigo_aluno": "148(...)22",
                    "nome_aluno": "ANA FILIPA BATISTA"
                },
                {
                    "codigo_aluno": "154(...)96",
                    "nome_aluno": "ANA SOFIA FERREIRA CRISANTO"
                },
                {
                    "codigo_aluno": "312(...)49",
                    "nome_aluno": "ANTÓNIO MARIA COSTA NUNES"
                },
                {
                    "codigo_aluno": "308(...)75",
                    "nome_aluno": "BEATRIZ DA COSTA VICENTE"
                },
                {
                    "codigo_aluno": "158(...)94",
                    "nome_aluno": "BERNARDO ARQUINHAS ESTEVÃO"
                },
                {
                    "codigo_aluno": "309(...)43",
                    "nome_aluno": "CAROLINA FILIPA BARRETO ALMEIDA"
                },
                {
                    "codigo_aluno": "314(...)47",
                    "nome_aluno": "CAROLINA SALVADOR DIAS"
                },
                {
                    "codigo_aluno": "308(...)20",
                    "nome_aluno": "DIOGO ANDRÉ MATIAS RAMOS"
                },
                {
                    "codigo_aluno": "159(...)64",
                    "nome_aluno": "FRANCISCA GOMES ANTUNES"
                },
                {
                    "codigo_aluno": "240(...)19",
                    "nome_aluno": "GABRIEL SINIMBU LOBATO DE CARVALHO"
                },
                {
                    "codigo_aluno": "156(...)15",
                    "nome_aluno": "GONÇALO SOARES DIAS VILHENA DA COSTA"
                },
                {
                    "codigo_aluno": "308(...)27",
                    "nome_aluno": "HENRIQUE MIGUEL MENDES PIMENTA"
                },
                {
                    "codigo_aluno": "241(...)09",
                    "nome_aluno": "JENNIFER RAYSSA RODRIGUES DE ARRUDA CARVALHO"
                },
                {
                    "codigo_aluno": "151(...)66",
                    "nome_aluno": "JOANA SILVEIRA CHAVES"
                },
                {
                    "codigo_aluno": "307(...)12",
                    "nome_aluno": "JOÃO GAMA ROMUDAS"
                },
                {
                    "codigo_aluno": "149(...)55",
                    "nome_aluno": "LARA SANTOS BAPTISTA"
                },
                {
                    "codigo_aluno": "316(...)40",
                    "nome_aluno": "MARIANA DUARTE GOMES DE FREITAS MARQUES"
                },
                {
                    "codigo_aluno": "155(...)34",
                    "nome_aluno": "MARIANA FILIPA ROCHA LUZ"
                },
                {
                    "codigo_aluno": "152(...)67",
                    "nome_aluno": "MARIANA PERPÉTUA PALMA MARTINS"
                },
                {
                    "codigo_aluno": "321(...)20",
                    "nome_aluno": "NAYRA MELISSA VERDE FAKIR"
                },
                {
                    "codigo_aluno": "149(...)35",
                    "nome_aluno": "RAFAELA DE JESUS CERQUEIRA DE CARVALHO PINTO"
                },
                {
                    "codigo_aluno": "158(...)11",
                    "nome_aluno": "RITA SERRA ISABELINHA GUITA"
                },
                {
                    "codigo_aluno": "306(...)78",
                    "nome_aluno": "SIMÃO RODRIGUES CARDOSO"
                },
                {
                    "codigo_aluno": "307(...)37",
                    "nome_aluno": "TIAGO MIGUEL MARQUES GRILO"
                },
                {
                    "codigo_aluno": "309(...)66",
                    "nome_aluno": "TOMÁS GONÇALVES RAMALHO"
                }
            ]
        },
        {
            "codigo_curso": "L308",
            "nome_curso": "L308 - Design de Animação",
            "colocados": [
                {
                    "codigo_aluno": "152(...)06",
                    "nome_aluno": "ANA MARIA FERNANDES RODRIGUES"
                },
                {
                    "codigo_aluno": "309(...)97",
                    "nome_aluno": "BEATRIZ NUNES MARTINS"
                },
                {
                    "codigo_aluno": "240(...)43",
                    "nome_aluno": "BRUNA PFEIFFER PIMENTEL"
                },
                {
                    "codigo_aluno": "306(...)37",
                    "nome_aluno": "CAROLINA DINIS SILVA"
                },
                {
                    "codigo_aluno": "300(...)52",
                    "nome_aluno": "CONSTANÇA MARIA PRUDENTE MARQUES"
                },
                {
                    "codigo_aluno": "300(...)86",
                    "nome_aluno": "DANIEL RODRIGUES CAMPOS"
                },
                {
                    "codigo_aluno": "240(...)46",
                    "nome_aluno": "DIEGO LISBOA WINKELMANN"
                },
                {
                    "codigo_aluno": "309(...)04",
                    "nome_aluno": "EDNA CARVALHO LUÍS"
                },
                {
                    "codigo_aluno": "310(...)95",
                    "nome_aluno": "ERICA COXIXO SERRANO"
                },
                {
                    "codigo_aluno": "308(...)51",
                    "nome_aluno": "EVA INÊS FERREIRA RAINHO"
                },
                {
                    "codigo_aluno": "151(...)46",
                    "nome_aluno": "FRANCISCO JOSE ABREU DE FREITAS"
                },
                {
                    "codigo_aluno": "316(...)10",
                    "nome_aluno": "GABRIEL FERNANDO RAIMUNDO CARDOSO"
                },
                {
                    "codigo_aluno": "303(...)84",
                    "nome_aluno": "GABRIELA DA FONSECA MOITA"
                },
                {
                    "codigo_aluno": "159(...)15",
                    "nome_aluno": "GONÇALO RAFAEL MOUZINHO SILVÉRIO"
                },
                {
                    "codigo_aluno": "306(...)57",
                    "nome_aluno": "INÊS CARDOSO VEIGA"
                },
                {
                    "codigo_aluno": "300(...)70",
                    "nome_aluno": "INÊS FILIPA BRANDÃO ROCHA"
                },
                {
                    "codigo_aluno": "306(...)17",
                    "nome_aluno": "INÊS SOFIA DA SILVA GUERREIRO MACHADO"
                },
                {
                    "codigo_aluno": "306(...)70",
                    "nome_aluno": "IRIS MATOS ROLA"
                },
                {
                    "codigo_aluno": "159(...)18",
                    "nome_aluno": "LAURA ALEXANDRA DA SILVA PIRES"
                },
                {
                    "codigo_aluno": "310(...)66",
                    "nome_aluno": "LEONOR ISABEL POMAR VALENTE"
                },
                {
                    "codigo_aluno": "156(...)40",
                    "nome_aluno": "LEONOR SANTOS GAMA DIAS VEIGA"
                },
                {
                    "codigo_aluno": "154(...)21",
                    "nome_aluno": "MADALENA MAIA MEIRELES PINTO SILVA"
                },
                {
                    "codigo_aluno": "152(...)52",
                    "nome_aluno": "MADALENA TAVEIRA PONCES DE CARVALHO APARÍCIO"
                },
                {
                    "codigo_aluno": "240(...)40",
                    "nome_aluno": "MARIA AMÉLIA CURSINO DO NASCIMENTO"
                },
                {
                    "codigo_aluno": "314(...)14",
                    "nome_aluno": "MARIA DIAS TOSTE MEDEIROS GARCIA"
                },
                {
                    "codigo_aluno": "329(...)07",
                    "nome_aluno": "MARIA VERONICA VILLARROEL JESUS"
                },
                {
                    "codigo_aluno": "312(...)90",
                    "nome_aluno": "MATILDE DOMINGUES DOS SANTOS"
                },
                {
                    "codigo_aluno": "320(...)30",
                    "nome_aluno": "MICAELA ARIANNE DE ALMEIDA NICÁCIO GOMES"
                },
                {
                    "codigo_aluno": "159(...)25",
                    "nome_aluno": "PABLO KAUAN DA COSTA SILVA"
                },
                {
                    "codigo_aluno": "151(...)24",
                    "nome_aluno": "PATRÍCIA RAQUEL GONÇALVES DA SILVA PEREIRA"
                },
                {
                    "codigo_aluno": "320(...)60",
                    "nome_aluno": "RODRIGO LINS CHEVRAND BATISTA VASCONCELOS"
                },
                {
                    "codigo_aluno": "312(...)15",
                    "nome_aluno": "ROMEU MARTINS NUNES"
                }
            ]
        },
        {
            "codigo_curso": "9070",
            "nome_curso": "9070 - Design de Comunicação",
            "colocados": [
                {
                    "codigo_aluno": "302(...)37",
                    "nome_aluno": "ALEXANDRE ROMA BRITO"
                },
                {
                    "codigo_aluno": "150(...)83",
                    "nome_aluno": "ALÉXIA ISA PARREIRA DE SOUSA"
                },
                {
                    "codigo_aluno": "305(...)85",
                    "nome_aluno": "ANA RITA TOMÉ GOMES"
                },
                {
                    "codigo_aluno": "154(...)41",
                    "nome_aluno": "BEATRIZ SILVA RAMIRES"
                },
                {
                    "codigo_aluno": "315(...)47",
                    "nome_aluno": "CAROLINA MANUEL DE ASSUNÇÃO ALVES"
                },
                {
                    "codigo_aluno": "159(...)20",
                    "nome_aluno": "DIOGO MIGUEL GUIMARÃES BOLILA"
                },
                {
                    "codigo_aluno": "317(...)97",
                    "nome_aluno": "ERICA CORREIA LIMA"
                },
                {
                    "codigo_aluno": "155(...)11",
                    "nome_aluno": "FRANCISCO YAN"
                },
                {
                    "codigo_aluno": "302(...)87",
                    "nome_aluno": "ISABEL SANTANA MERA"
                },
                {
                    "codigo_aluno": "306(...)64",
                    "nome_aluno": "JOANA FILIPA DA SILVA ANICETO"
                },
                {
                    "codigo_aluno": "301(...)31",
                    "nome_aluno": "JOANA FILIPA MARTINS MARQUES"
                },
                {
                    "codigo_aluno": "151(...)11",
                    "nome_aluno": "JOSÉ PEDRO CATARINA PIRES"
                },
                {
                    "codigo_aluno": "316(...)73",
                    "nome_aluno": "LEONOR PEREIRA GERVÁSIO"
                },
                {
                    "codigo_aluno": "240(...)26",
                    "nome_aluno": "LUIANA JANDIRA DE CARVALHO RIBEIRO"
                },
                {
                    "codigo_aluno": "307(...)20",
                    "nome_aluno": "MARIA BEATRIZ FERNANDES INVERNO"
                },
                {
                    "codigo_aluno": "301(...)09",
                    "nome_aluno": "MARIA BRAGA GONÇALVES LUBRANO LOURENÇO"
                },
                {
                    "codigo_aluno": "301(...)14",
                    "nome_aluno": "MARIA INÊS DOS REIS ESTRELA"
                },
                {
                    "codigo_aluno": "315(...)09",
                    "nome_aluno": "MARIANA ALVES SANTANA"
                },
                {
                    "codigo_aluno": "309(...)82",
                    "nome_aluno": "MARIANA AZEVEDO TRANCOSO PEREIRA GONÇALVES"
                },
                {
                    "codigo_aluno": "310(...)11",
                    "nome_aluno": "MARTIM DE OLIVEIRA SIMÕES GOMES"
                },
                {
                    "codigo_aluno": "152(...)09",
                    "nome_aluno": "MATILDE CAETANO MARQUES"
                },
                {
                    "codigo_aluno": "315(...)60",
                    "nome_aluno": "MATILDE GUARDA SERRADAS GIL DUARTE"
                },
                {
                    "codigo_aluno": "240(...)01",
                    "nome_aluno": "MAYARA SOUZA DE MENEZES"
                },
                {
                    "codigo_aluno": "303(...)52",
                    "nome_aluno": "PEDRO PEIXOTO PACHECO"
                },
                {
                    "codigo_aluno": "315(...)40",
                    "nome_aluno": "SARA ISABEL CARDOSO FOUTO"
                },
                {
                    "codigo_aluno": "300(...)28",
                    "nome_aluno": "SARA MARGARIDA CAROLINO DOS SANTOS"
                },
                {
                    "codigo_aluno": "154(...)25",
                    "nome_aluno": "SIMÃO DA SILVA DOS SANTOS"
                }
            ]
        },
        {
            "codigo_curso": "9089",
            "nome_curso": "9089 - Engenharia Civil",
            "colocados": []
        },
        {
            "codigo_curso": "L309",
            "nome_curso": "L309 - Engenharia de Produção de Biocombustíveis",
            "colocados": []
        },
        {
            "codigo_curso": "9119",
            "nome_curso": "9119 - Engenharia Informática",
            "colocados": [
                {
                    "codigo_aluno": "154(...)36",
                    "nome_aluno": "ALEXANDRE CORREIA MIRANDA"
                },
                {
                    "codigo_aluno": "156(...)38",
                    "nome_aluno": "BERNARDO ANIELO VAZ RAIMUNDO"
                },
                {
                    "codigo_aluno": "150(...)62",
                    "nome_aluno": "DIOGO FILIPE AIRES COSTA"
                },
                {
                    "codigo_aluno": "307(...)61",
                    "nome_aluno": "GABRIEL MARIA CARUJO FERNANDES DE ALMEIDA SIMÃO"
                },
                {
                    "codigo_aluno": "309(...)03",
                    "nome_aluno": "JOÃO PEDRO FARINHA SEMEDO"
                },
                {
                    "codigo_aluno": "310(...)27",
                    "nome_aluno": "MIGUEL MOURINHO GODINHO"
                },
                {
                    "codigo_aluno": "309(...)40",
                    "nome_aluno": "NELSON FILIPE NÓBREGA ZAMBUJO"
                }
            ]
        },
        {
            "codigo_curso": "9147",
            "nome_curso": "9147 - Gestão",
            "colocados": [
                {
                    "codigo_aluno": "158(...)02",
                    "nome_aluno": "ALEXANDRE DAVID PAIXÃO DOS SANTOS"
                },
                {
                    "codigo_aluno": "320(...)32",
                    "nome_aluno": "ALEXANDRE FILIPE BALAN"
                },
                {
                    "codigo_aluno": "306(...)24",
                    "nome_aluno": "ALEXANDRE MIGUEL MARTINS SANTANA"
                },
                {
                    "codigo_aluno": "149(...)99",
                    "nome_aluno": "ANA PATRICIA SANTOS SERROTE"
                },
                {
                    "codigo_aluno": "303(...)27",
                    "nome_aluno": "ANA RITA SAMARRA MARMELO"
                },
                {
                    "codigo_aluno": "154(...)84",
                    "nome_aluno": "BEATRIZ GOMES VELEZ CONDE SILVEIRA"
                },
                {
                    "codigo_aluno": "312(...)98",
                    "nome_aluno": "BEATRIZ MARISA RODRIGUES GONÇALVES DOS SANTOS"
                },
                {
                    "codigo_aluno": "158(...)30",
                    "nome_aluno": "BRUNA ALEXANDRA HENRIQUES TRINDADE"
                },
                {
                    "codigo_aluno": "307(...)06",
                    "nome_aluno": "BRUNO MALTEZ ALVES"
                },
                {
                    "codigo_aluno": "303(...)98",
                    "nome_aluno": "CAROLINA CANÁRIO SEQUEIRA"
                },
                {
                    "codigo_aluno": "304(...)15",
                    "nome_aluno": "DANIELA MARIA GOUVEIA ASSUNÇÃO"
                },
                {
                    "codigo_aluno": "309(...)47",
                    "nome_aluno": "DUARTE JORGE BREJO RODRIGUES"
                },
                {
                    "codigo_aluno": "303(...)94",
                    "nome_aluno": "DUARTE MANUEL DE JESUS CARDOSO"
                },
                {
                    "codigo_aluno": "153(...)60",
                    "nome_aluno": "DUARTE MARIA OLIVEIRA AMANTE"
                },
                {
                    "codigo_aluno": "303(...)81",
                    "nome_aluno": "FRANCISCO MANUEL DE JESUS CARDOSO"
                },
                {
                    "codigo_aluno": "154(...)65",
                    "nome_aluno": "GABRIEL JOAO BENTO MIRA DE ALMEIDA"
                },
                {
                    "codigo_aluno": "158(...)15",
                    "nome_aluno": "GLORIA MARIA MURSA"
                },
                {
                    "codigo_aluno": "307(...)78",
                    "nome_aluno": "GONÇALO MANUEL JANEIRO RODRIGUES"
                },
                {
                    "codigo_aluno": "302(...)13",
                    "nome_aluno": "GUILHERME ANTUNES GARGATÉ"
                },
                {
                    "codigo_aluno": "308(...)26",
                    "nome_aluno": "GUILHERME JOSÉ CONCEIÇÃO DIREITO"
                },
                {
                    "codigo_aluno": "152(...)38",
                    "nome_aluno": "GUILHERME SAMPAIO MORGADO"
                },
                {
                    "codigo_aluno": "304(...)74",
                    "nome_aluno": "INÊS MARIA VALÉRIO DOS SANTOS"
                },
                {
                    "codigo_aluno": "300(...)37",
                    "nome_aluno": "JÉSSICA BARRADAS POMBO"
                },
                {
                    "codigo_aluno": "302(...)94",
                    "nome_aluno": "JOANA PORTELA MORAIS"
                },
                {
                    "codigo_aluno": "306(...)86",
                    "nome_aluno": "JOÃO MARIA CANHOTO CALDEIRINHA"
                },
                {
                    "codigo_aluno": "240(...)10",
                    "nome_aluno": "JOÃO PEDRO MEDEIROS DOURADO"
                },
                {
                    "codigo_aluno": "149(...)73",
                    "nome_aluno": "JOSÉ BERNARDO ANSELMO CARRILHO RAMALHO NEUTEL"
                },
                {
                    "codigo_aluno": "159(...)33",
                    "nome_aluno": "LEONOR BARROCAS CORDEIRO"
                },
                {
                    "codigo_aluno": "315(...)75",
                    "nome_aluno": "LETÍCIA ISABEL SILVA GANHÃO"
                },
                {
                    "codigo_aluno": "150(...)65",
                    "nome_aluno": "LUNA PORTES GUERREIRO"
                },
                {
                    "codigo_aluno": "308(...)92",
                    "nome_aluno": "MARGARIDA PINHEIRO PARRANO"
                },
                {
                    "codigo_aluno": "306(...)19",
                    "nome_aluno": "MARGARIDA REFORÇO TRIGACHEIRO"
                },
                {
                    "codigo_aluno": "303(...)73",
                    "nome_aluno": "MARIA EDUARDA GUIOMAR BRAGANÇA ALVES"
                },
                {
                    "codigo_aluno": "153(...)04",
                    "nome_aluno": "MARIA LEONOR DA CRUZ CLÁUDIO"
                },
                {
                    "codigo_aluno": "315(...)15",
                    "nome_aluno": "MATILDE DE LA SALETE BANHA MARTINS"
                },
                {
                    "codigo_aluno": "309(...)01",
                    "nome_aluno": "MATILDE NEVES MARTINS"
                },
                {
                    "codigo_aluno": "306(...)42",
                    "nome_aluno": "RITA ISABEL ALMEIDA CHÃO QUENTE"
                },
                {
                    "codigo_aluno": "310(...)77",
                    "nome_aluno": "RODRIGO DOS SANTOS OLÍMPIO"
                },
                {
                    "codigo_aluno": "308(...)68",
                    "nome_aluno": "RODRIGO MIGUEL RIBEIRO FERREIRA"
                },
                {
                    "codigo_aluno": "153(...)89",
                    "nome_aluno": "RODRIGO NUNES BELO"
                },
                {
                    "codigo_aluno": "309(...)53",
                    "nome_aluno": "RODRIGO PEDREIRO VIEIRA"
                },
                {
                    "codigo_aluno": "301(...)49",
                    "nome_aluno": "SÉRGIO MIGUEL DA SILVA AUGUSTO"
                },
                {
                    "codigo_aluno": "241(...)01",
                    "nome_aluno": "VASILE CONDREI"
                }
            ]
        },
        {
            "codigo_curso": "9991",
            "nome_curso": "9991 - Gestão (regime pós-laboral)",
            "colocados": [
                {
                    "codigo_aluno": "240(...)09",
                    "nome_aluno": "LAÍCIA CARVALHO LEITE"
                }
            ]
        }
    ]
}