{
    "codigo_universidade": "3082",
    "nome_universidade": "3082 - Universidade do Algarve - Escola Superior de Gestão, Hotelaria e Turismo",
    "cursos": [
        {
            "codigo_curso": "9147",
            "nome_curso": "9147 - Gestão",
            "colocados": [
                {
                    "codigo_aluno": "152(...)46",
                    "nome_aluno": "ABÍLIO ALEXANDRE GUERREIRO GOMES"
                },
                {
                    "codigo_aluno": "159(...)08",
                    "nome_aluno": "AFONSO ANICETO GUERRA"
                },
                {
                    "codigo_aluno": "152(...)75",
                    "nome_aluno": "AFONSO DINIS PINTASSILGO ROCHA"
                },
                {
                    "codigo_aluno": "308(...)37",
                    "nome_aluno": "AFONSO FRANGO BEATO"
                },
                {
                    "codigo_aluno": "300(...)13",
                    "nome_aluno": "AFONSO PIMENTA GONÇALVES"
                },
                {
                    "codigo_aluno": "152(...)06",
                    "nome_aluno": "ALEXANDRE FILIPE GORB ANTONINO"
                },
                {
                    "codigo_aluno": "304(...)13",
                    "nome_aluno": "ALEXANDRE PIRES DE FREITAS"
                },
                {
                    "codigo_aluno": "307(...)97",
                    "nome_aluno": "ALICE SOFIA ALVES VICENTE"
                },
                {
                    "codigo_aluno": "320(...)96",
                    "nome_aluno": "ALICE TIAGO ROSA"
                },
                {
                    "codigo_aluno": "302(...)80",
                    "nome_aluno": "ANA MARGARIDA PINA DE ANDRADE"
                },
                {
                    "codigo_aluno": "153(...)17",
                    "nome_aluno": "ANA MARIA ALVES CORREIA"
                },
                {
                    "codigo_aluno": "151(...)89",
                    "nome_aluno": "ANA RITA SANTOS DOMINGOS"
                },
                {
                    "codigo_aluno": "153(...)47",
                    "nome_aluno": "ANASTÁCIA FILIPA PROKOPENKO PACHECO"
                },
                {
                    "codigo_aluno": "157(...)33",
                    "nome_aluno": "ANDRÉ DUARTE SANTOS DE MATOS"
                },
                {
                    "codigo_aluno": "152(...)53",
                    "nome_aluno": "BEATRIZ RODRIGUES BRIDEL"
                },
                {
                    "codigo_aluno": "154(...)12",
                    "nome_aluno": "BERNARDO MIGUEL PEREIRA COELHO DE MORGADO MONTEIRO"
                },
                {
                    "codigo_aluno": "158(...)68",
                    "nome_aluno": "CATARINA FERRADEIRA LOPES"
                },
                {
                    "codigo_aluno": "240(...)53",
                    "nome_aluno": "CRINA ROBU"
                },
                {
                    "codigo_aluno": "304(...)21",
                    "nome_aluno": "CRISTIANO ALVES VIEGAS"
                },
                {
                    "codigo_aluno": "301(...)29",
                    "nome_aluno": "DINA ISABEL FELÍCIO PALMA"
                },
                {
                    "codigo_aluno": "302(...)40",
                    "nome_aluno": "DIOGO MIGUEL CAMPINO FIGUEIRAS"
                },
                {
                    "codigo_aluno": "152(...)72",
                    "nome_aluno": "DIOGO MIGUEL PEREIRA ANTÓNIO CALDAS"
                },
                {
                    "codigo_aluno": "301(...)70",
                    "nome_aluno": "DIOGO OLIVEIRA PINHO"
                },
                {
                    "codigo_aluno": "301(...)75",
                    "nome_aluno": "DORINA CIGORESCU"
                },
                {
                    "codigo_aluno": "312(...)77",
                    "nome_aluno": "DUARTE MIGUEL FERREIRA TROCADO"
                },
                {
                    "codigo_aluno": "314(...)93",
                    "nome_aluno": "DUARTE TEODÓSIO BICA DOS SANTOS"
                },
                {
                    "codigo_aluno": "153(...)14",
                    "nome_aluno": "EDUARDO CHAVES DA PIEDADE"
                },
                {
                    "codigo_aluno": "309(...)16",
                    "nome_aluno": "ELIANA FERNANDES DE ALMEIDA"
                },
                {
                    "codigo_aluno": "152(...)83",
                    "nome_aluno": "ÉRICA FILIPA BATISTA PACHECO"
                },
                {
                    "codigo_aluno": "305(...)85",
                    "nome_aluno": "ÉRICA FILIPA DO NASCIMENTO MARTINS"
                },
                {
                    "codigo_aluno": "300(...)42",
                    "nome_aluno": "FRANCISCO COUTINHO GUERREIRO"
                },
                {
                    "codigo_aluno": "154(...)07",
                    "nome_aluno": "FRANCISCO EDUARDO FREITAS DE LIZ PARAÍSO"
                },
                {
                    "codigo_aluno": "306(...)23",
                    "nome_aluno": "GABRIEL BOAVENTURA MORENO DA CONCEIÇÃO GRAÇA"
                },
                {
                    "codigo_aluno": "305(...)18",
                    "nome_aluno": "GABRIEL FILIPE QUARESMA CAVACO"
                },
                {
                    "codigo_aluno": "318(...)47",
                    "nome_aluno": "GONÇALO NUNES E ALMEIDA"
                },
                {
                    "codigo_aluno": "150(...)06",
                    "nome_aluno": "GUSTAVO FONTES XAVIER JORGE"
                },
                {
                    "codigo_aluno": "149(...)87",
                    "nome_aluno": "INÊS GOMES PAULO"
                },
                {
                    "codigo_aluno": "306(...)70",
                    "nome_aluno": "INÊS MENDES CORREIA"
                },
                {
                    "codigo_aluno": "154(...)14",
                    "nome_aluno": "INÊS PEREIRA ALVES"
                },
                {
                    "codigo_aluno": "147(...)78",
                    "nome_aluno": "INÊS RODRIGUES SANTOS"
                },
                {
                    "codigo_aluno": "309(...)04",
                    "nome_aluno": "ÍRIS DA SILVA EUGÉNIO"
                },
                {
                    "codigo_aluno": "308(...)48",
                    "nome_aluno": "JOANA COELHO PINA"
                },
                {
                    "codigo_aluno": "159(...)05",
                    "nome_aluno": "JOÃO MIGUEL MARTINS FERREIRA"
                },
                {
                    "codigo_aluno": "152(...)94",
                    "nome_aluno": "JOÃO PEDRO JESUS COSTA"
                },
                {
                    "codigo_aluno": "303(...)95",
                    "nome_aluno": "JORGE FILIPE GUERREIRO MACHADO"
                },
                {
                    "codigo_aluno": "309(...)50",
                    "nome_aluno": "LEONOR DO CARMO ALVES"
                },
                {
                    "codigo_aluno": "308(...)24",
                    "nome_aluno": "LUÍS PEDRO PEREIRA GOMES DE SOUSA"
                },
                {
                    "codigo_aluno": "308(...)69",
                    "nome_aluno": "LUISA ALVES DA SILVA"
                },
                {
                    "codigo_aluno": "301(...)42",
                    "nome_aluno": "MADALENA SOFIA PIRES GLÓRIA"
                },
                {
                    "codigo_aluno": "309(...)00",
                    "nome_aluno": "MARA FILIPA MARQUES PEREIRA"
                },
                {
                    "codigo_aluno": "150(...)49",
                    "nome_aluno": "MARIA BEATRIZ DOS SANTOS GONÇALVES"
                },
                {
                    "codigo_aluno": "319(...)11",
                    "nome_aluno": "MARIA EDUARDA FERREIRA DA LUZ GUIMARÃES"
                },
                {
                    "codigo_aluno": "158(...)88",
                    "nome_aluno": "MARIA GABRIELA MARTINS DOS REIS"
                },
                {
                    "codigo_aluno": "305(...)66",
                    "nome_aluno": "MARIA MARGARIDA DA SILVA FAÍSCA BOTA ROMÃO"
                },
                {
                    "codigo_aluno": "152(...)23",
                    "nome_aluno": "MARIANA OLIVEIRA CORREIA ALEXANDRE"
                },
                {
                    "codigo_aluno": "315(...)83",
                    "nome_aluno": "MARTIM COELHO GRAÇA"
                },
                {
                    "codigo_aluno": "240(...)55",
                    "nome_aluno": "MATHEUS OLIVEIRA SILVA"
                },
                {
                    "codigo_aluno": "307(...)74",
                    "nome_aluno": "MATILDE LUZ SILVA"
                },
                {
                    "codigo_aluno": "157(...)00",
                    "nome_aluno": "MATILDE SOARES BATISTA MONTE ROCHA"
                },
                {
                    "codigo_aluno": "308(...)73",
                    "nome_aluno": "MIGUEL FILIPE COTOVIO CARAPINHA"
                },
                {
                    "codigo_aluno": "304(...)76",
                    "nome_aluno": "NUNO PRATES DUARTE"
                },
                {
                    "codigo_aluno": "308(...)64",
                    "nome_aluno": "PEDRO FILIPE SOEIRO MARQUES PEREIRA"
                },
                {
                    "codigo_aluno": "240(...)03",
                    "nome_aluno": "PEDRO HENRIQUE DE OLIVEIRA HONORATO"
                },
                {
                    "codigo_aluno": "301(...)34",
                    "nome_aluno": "PEDRO MIGUEL AMARO DE ARAUJO"
                },
                {
                    "codigo_aluno": "150(...)25",
                    "nome_aluno": "PETRA FLOR ROSÁRIO NETO"
                },
                {
                    "codigo_aluno": "306(...)25",
                    "nome_aluno": "RAFAEL ALEXANDRE DA SILVA ISIDORO"
                },
                {
                    "codigo_aluno": "307(...)52",
                    "nome_aluno": "RAFAEL FILIPE FERNANDES REINO"
                },
                {
                    "codigo_aluno": "149(...)36",
                    "nome_aluno": "RITA SANTOS LOPES"
                },
                {
                    "codigo_aluno": "242(...)03",
                    "nome_aluno": "ROBERTO DANIEL YAUJAR CERVANTES"
                },
                {
                    "codigo_aluno": "306(...)40",
                    "nome_aluno": "RODRIGO DANIEL HENRIQUE COSTA"
                },
                {
                    "codigo_aluno": "309(...)95",
                    "nome_aluno": "RODRIGO GUERREIRO DIAS"
                },
                {
                    "codigo_aluno": "151(...)46",
                    "nome_aluno": "RODRIGO RICARDO"
                },
                {
                    "codigo_aluno": "314(...)51",
                    "nome_aluno": "SOFIA PEREIRA NEVES"
                },
                {
                    "codigo_aluno": "152(...)11",
                    "nome_aluno": "TATIANA DIAS VIEGAS"
                },
                {
                    "codigo_aluno": "152(...)09",
                    "nome_aluno": "TIAGO MIGUEL DA SILVA ROSA"
                },
                {
                    "codigo_aluno": "302(...)70",
                    "nome_aluno": "TOMÁS FILIPE SIMÃO LOPES"
                },
                {
                    "codigo_aluno": "309(...)31",
                    "nome_aluno": "XAVIER FILIPE RIBEIRO PAIXÃO"
                }
            ]
        },
        {
            "codigo_curso": "9148",
            "nome_curso": "9148 - Gestão (regime noturno)",
            "colocados": [
                {
                    "codigo_aluno": "309(...)59",
                    "nome_aluno": "AFONSO MÁRTIRES COLAÇO MARQUES"
                },
                {
                    "codigo_aluno": "240(...)02",
                    "nome_aluno": "ALEXANDRE QIU"
                },
                {
                    "codigo_aluno": "240(...)15",
                    "nome_aluno": "CARLOS EDUARDO DA SILVA MARQUES"
                },
                {
                    "codigo_aluno": "306(...)40",
                    "nome_aluno": "CATARINA ALEXANDRA SOUSA TAVARES"
                },
                {
                    "codigo_aluno": "159(...)70",
                    "nome_aluno": "DIANA SAPRYHA"
                },
                {
                    "codigo_aluno": "301(...)32",
                    "nome_aluno": "DIOGO FILIPE PIRES E FARO"
                },
                {
                    "codigo_aluno": "308(...)12",
                    "nome_aluno": "DIOGO VARELA GUERREIRO"
                },
                {
                    "codigo_aluno": "300(...)90",
                    "nome_aluno": "GONÇALO TEIXEIRA GRAVE"
                },
                {
                    "codigo_aluno": "157(...)29",
                    "nome_aluno": "HENRIQUE MESQUITA DE ÉVORA"
                },
                {
                    "codigo_aluno": "153(...)82",
                    "nome_aluno": "ISAAC JOSÉ SOUSA MASCARENHAS"
                },
                {
                    "codigo_aluno": "314(...)86",
                    "nome_aluno": "LEONEL FILIPE INACIO DA SILVA"
                },
                {
                    "codigo_aluno": "153(...)85",
                    "nome_aluno": "LUNA MARIA PEREIRA DINIS"
                },
                {
                    "codigo_aluno": "148(...)49",
                    "nome_aluno": "MARA TRINDADE PEREIRA"
                },
                {
                    "codigo_aluno": "311(...)92",
                    "nome_aluno": "MARIANA CAVACO DOS REIS"
                },
                {
                    "codigo_aluno": "313(...)22",
                    "nome_aluno": "MARIANA ISABEL FRANCISCO PINTO"
                },
                {
                    "codigo_aluno": "305(...)16",
                    "nome_aluno": "RAFAEL ASSUNÇÃO ATANÁZIO"
                },
                {
                    "codigo_aluno": "309(...)41",
                    "nome_aluno": "RAFAEL CURTINHA LUIS"
                },
                {
                    "codigo_aluno": "305(...)64",
                    "nome_aluno": "RODRIGO SOUSA LOPES"
                },
                {
                    "codigo_aluno": "309(...)28",
                    "nome_aluno": "RUTE MARLENE MELITA BORGES"
                },
                {
                    "codigo_aluno": "304(...)90",
                    "nome_aluno": "TERESA MARTINS FLORO"
                },
                {
                    "codigo_aluno": "300(...)83",
                    "nome_aluno": "TIAGO CUNHA AGOSTINHO"
                },
                {
                    "codigo_aluno": "303(...)08",
                    "nome_aluno": "TIAGO GUERREIRO DA CUNHA"
                },
                {
                    "codigo_aluno": "154(...)96",
                    "nome_aluno": "TIAGO MIGUEL GUERREIRO VIEGAS"
                },
                {
                    "codigo_aluno": "301(...)41",
                    "nome_aluno": "TOMÁS GODINHO DE OLIVEIRA"
                },
                {
                    "codigo_aluno": "305(...)04",
                    "nome_aluno": "TOMAS NASCIMENTO REDONDO"
                },
                {
                    "codigo_aluno": "150(...)42",
                    "nome_aluno": "TOMÉ CAVACO MOREIRINHA"
                }
            ]
        },
        {
            "codigo_curso": "9173",
            "nome_curso": "9173 - Gestão Hoteleira",
            "colocados": [
                {
                    "codigo_aluno": "306(...)59",
                    "nome_aluno": "AFONSO GUERREIRO RAMALHO"
                },
                {
                    "codigo_aluno": "305(...)16",
                    "nome_aluno": "ALICE BARBOSA TRAVASSOS"
                },
                {
                    "codigo_aluno": "155(...)33",
                    "nome_aluno": "ANA AFONSO DUARTE VAZ"
                },
                {
                    "codigo_aluno": "141(...)98",
                    "nome_aluno": "ARI GOMES VIEIRA"
                },
                {
                    "codigo_aluno": "155(...)53",
                    "nome_aluno": "BÁRBARA LEONOR PEREZ MACEDO"
                },
                {
                    "codigo_aluno": "311(...)50",
                    "nome_aluno": "DANIEL BERNEVEK KUCHMANICH"
                },
                {
                    "codigo_aluno": "308(...)11",
                    "nome_aluno": "DANIELA AZINHEIRA DIAS"
                },
                {
                    "codigo_aluno": "159(...)84",
                    "nome_aluno": "DIANA HONRADO DIAS"
                },
                {
                    "codigo_aluno": "154(...)29",
                    "nome_aluno": "DIOGO ALEXANDRE DUARTE MACHADO"
                },
                {
                    "codigo_aluno": "302(...)07",
                    "nome_aluno": "DIOGO FILIPE ALBINO TRINDADE"
                },
                {
                    "codigo_aluno": "306(...)65",
                    "nome_aluno": "DIOGO JOSÉ SANTOS SIMÃO"
                },
                {
                    "codigo_aluno": "306(...)28",
                    "nome_aluno": "ÉRICA ALEXANDRA ALMEIDA RIBEIRO"
                },
                {
                    "codigo_aluno": "301(...)32",
                    "nome_aluno": "GABRIEL DUARTE CABRITA GOMES CORREIA"
                },
                {
                    "codigo_aluno": "303(...)70",
                    "nome_aluno": "GONÇALO DIOGO ANDRÉS"
                },
                {
                    "codigo_aluno": "151(...)63",
                    "nome_aluno": "GUILHERME ALEXANDRE SANTOS MOITA"
                },
                {
                    "codigo_aluno": "323(...)63",
                    "nome_aluno": "HENRIQUE ALVES PELEJA"
                },
                {
                    "codigo_aluno": "307(...)46",
                    "nome_aluno": "IARA ISABEL COLAÇO CARDOSO"
                },
                {
                    "codigo_aluno": "152(...)93",
                    "nome_aluno": "JOÃO PEDRO SERRA CAETANO"
                },
                {
                    "codigo_aluno": "308(...)66",
                    "nome_aluno": "LARA SOFIA OLIVEIRA RIBEIRO"
                },
                {
                    "codigo_aluno": "303(...)09",
                    "nome_aluno": "LAURA CAEIRO CABRAL DE OLIVEIRA"
                },
                {
                    "codigo_aluno": "153(...)27",
                    "nome_aluno": "LAURA SOFIA MEDEIROS CORREIA"
                },
                {
                    "codigo_aluno": "153(...)79",
                    "nome_aluno": "LEONOR CAMPOS CAVACO"
                },
                {
                    "codigo_aluno": "305(...)66",
                    "nome_aluno": "LEONOR CONDE PEREIRA"
                },
                {
                    "codigo_aluno": "153(...)70",
                    "nome_aluno": "LUANA SOFIA PEREIRA SIMÕES"
                },
                {
                    "codigo_aluno": "159(...)53",
                    "nome_aluno": "LUIS FÍLIPE CANHA COPETO"
                },
                {
                    "codigo_aluno": "150(...)10",
                    "nome_aluno": "LUNA MOREIRA BUGALHO"
                },
                {
                    "codigo_aluno": "153(...)41",
                    "nome_aluno": "MANUEL DA SILVA FAUSTINO"
                },
                {
                    "codigo_aluno": "312(...)81",
                    "nome_aluno": "MANUEL FRANCISCO DA SILVA SANDE"
                },
                {
                    "codigo_aluno": "157(...)72",
                    "nome_aluno": "MÁRCIO MIGUEL MENINA DOMINGOS"
                },
                {
                    "codigo_aluno": "304(...)19",
                    "nome_aluno": "MARIA BEATRIZ SIMÃO HORTA"
                },
                {
                    "codigo_aluno": "303(...)93",
                    "nome_aluno": "MARIA CAROLINA SILVA CAETANO"
                },
                {
                    "codigo_aluno": "300(...)21",
                    "nome_aluno": "MARIA INÊS AFONSO"
                },
                {
                    "codigo_aluno": "154(...)30",
                    "nome_aluno": "MARIA LEONOR FERREIRA ANTUNES"
                },
                {
                    "codigo_aluno": "152(...)90",
                    "nome_aluno": "MARIA LEONOR MARREIROS SOARES"
                },
                {
                    "codigo_aluno": "301(...)57",
                    "nome_aluno": "MARIANA VIEGAS GONÇALVES"
                },
                {
                    "codigo_aluno": "305(...)89",
                    "nome_aluno": "MATILDE HIPÓLITO SERAFIM"
                },
                {
                    "codigo_aluno": "306(...)60",
                    "nome_aluno": "MATILDE ISABEL ROSADO DIAS"
                },
                {
                    "codigo_aluno": "156(...)20",
                    "nome_aluno": "MIGUEL BERNARDINO NELAS"
                },
                {
                    "codigo_aluno": "326(...)58",
                    "nome_aluno": "MIGUEL GUO LIU"
                },
                {
                    "codigo_aluno": "156(...)47",
                    "nome_aluno": "MIGUEL MONTES MESSIAS"
                },
                {
                    "codigo_aluno": "153(...)49",
                    "nome_aluno": "PEDRO MARIA MOREIRA NUNES"
                },
                {
                    "codigo_aluno": "156(...)10",
                    "nome_aluno": "RAÚL FILIPE DURÃO RIBEIRO"
                },
                {
                    "codigo_aluno": "306(...)79",
                    "nome_aluno": "RODRIGO PACHECO HENRIQUE"
                },
                {
                    "codigo_aluno": "150(...)55",
                    "nome_aluno": "RODRIGO VIANA ÁGUAS SALVADOR"
                },
                {
                    "codigo_aluno": "305(...)43",
                    "nome_aluno": "SARA DOMINGOS DIAS"
                },
                {
                    "codigo_aluno": "147(...)20",
                    "nome_aluno": "SOFIA BORBA MACHADO FELICIDADE DIOGO"
                },
                {
                    "codigo_aluno": "321(...)32",
                    "nome_aluno": "TÂNIA BRABOVEANU ANDRÉ"
                },
                {
                    "codigo_aluno": "151(...)77",
                    "nome_aluno": "TIAGO DINIS LINHOL GOMES"
                },
                {
                    "codigo_aluno": "154(...)77",
                    "nome_aluno": "TOMÁS GUERREIRO TAVARES"
                },
                {
                    "codigo_aluno": "317(...)61",
                    "nome_aluno": "VIKTORIA KUZMENKO"
                }
            ]
        },
        {
            "codigo_curso": "9205",
            "nome_curso": "9205 - Marketing",
            "colocados": [
                {
                    "codigo_aluno": "300(...)22",
                    "nome_aluno": "AFONSO LUÍS DIOGO DAS NEVES"
                },
                {
                    "codigo_aluno": "307(...)15",
                    "nome_aluno": "ANA CAROLINA FERREIRA PEREIRA LEITE DOS SANTOS"
                },
                {
                    "codigo_aluno": "154(...)00",
                    "nome_aluno": "ANA RITA PAIVA LOPES MARTINS"
                },
                {
                    "codigo_aluno": "156(...)04",
                    "nome_aluno": "BEATRIZ BOTEQUILHA ROLAO"
                },
                {
                    "codigo_aluno": "159(...)27",
                    "nome_aluno": "BEATRIZ GAGO LUÍS"
                },
                {
                    "codigo_aluno": "311(...)14",
                    "nome_aluno": "BIANCA RITA ARGEL"
                },
                {
                    "codigo_aluno": "308(...)86",
                    "nome_aluno": "CÁTIA RAMOS FERNANDES"
                },
                {
                    "codigo_aluno": "240(...)59",
                    "nome_aluno": "CLAIZIMILA ESMY MOURA GOMES PEREIRA"
                },
                {
                    "codigo_aluno": "152(...)13",
                    "nome_aluno": "CRISTIANO FILIPE FELICIANO DE SOUSA"
                },
                {
                    "codigo_aluno": "304(...)06",
                    "nome_aluno": "DIANA SOFIA PIRES REVÉS"
                },
                {
                    "codigo_aluno": "301(...)36",
                    "nome_aluno": "DIANA SOFIA SOUSA SILVA"
                },
                {
                    "codigo_aluno": "301(...)73",
                    "nome_aluno": "FRANCISCA SANTIAGO ROMÃO MARTINS"
                },
                {
                    "codigo_aluno": "301(...)53",
                    "nome_aluno": "INÊS DENTINHO CAMPELO"
                },
                {
                    "codigo_aluno": "159(...)21",
                    "nome_aluno": "JOANA RAQUEL ISIDRO CACHICOLO"
                },
                {
                    "codigo_aluno": "306(...)18",
                    "nome_aluno": "LAURA MARIA DA LUZ MARQUES"
                },
                {
                    "codigo_aluno": "304(...)38",
                    "nome_aluno": "LEONARDO NOGUEIRA FAVA"
                },
                {
                    "codigo_aluno": "155(...)78",
                    "nome_aluno": "LEONOR HENRIQUES FARIA"
                },
                {
                    "codigo_aluno": "309(...)96",
                    "nome_aluno": "MARCO ESTÊVÃO DE ALEXANDRIA"
                },
                {
                    "codigo_aluno": "157(...)40",
                    "nome_aluno": "MARGARIDA MARQUES PINTO"
                },
                {
                    "codigo_aluno": "150(...)40",
                    "nome_aluno": "MARIA BREITSCHWERDT GUERREIRO"
                },
                {
                    "codigo_aluno": "159(...)05",
                    "nome_aluno": "MARIA MADALENA CORREIA MARTINS"
                },
                {
                    "codigo_aluno": "306(...)01",
                    "nome_aluno": "MARIANA FILIPA SIMÃO VIEGAS"
                },
                {
                    "codigo_aluno": "240(...)07",
                    "nome_aluno": "MÉLINE LUCIE GUERITTE"
                },
                {
                    "codigo_aluno": "302(...)09",
                    "nome_aluno": "MIRIAM RUAS COSTA"
                },
                {
                    "codigo_aluno": "306(...)40",
                    "nome_aluno": "PEDRO AFONSO ESPADINHA DE ALMEIDA"
                },
                {
                    "codigo_aluno": "153(...)90",
                    "nome_aluno": "PEDRO MIGUEL AMARO SAPATEIRO"
                },
                {
                    "codigo_aluno": "310(...)86",
                    "nome_aluno": "RITA AFONSO VARGUES"
                },
                {
                    "codigo_aluno": "307(...)31",
                    "nome_aluno": "RITA ISABEL ALVES MARTINS"
                },
                {
                    "codigo_aluno": "157(...)89",
                    "nome_aluno": "ROSA LEONOR DIMAS TRINDADE"
                },
                {
                    "codigo_aluno": "156(...)87",
                    "nome_aluno": "RUI MIGUEL DA SILVA GONÇALVES"
                },
                {
                    "codigo_aluno": "150(...)52",
                    "nome_aluno": "SIMÃO AMENDOEIRA CALEÇA"
                },
                {
                    "codigo_aluno": "240(...)30",
                    "nome_aluno": "SOPHIE ISABEL GULLIVER"
                },
                {
                    "codigo_aluno": "311(...)42",
                    "nome_aluno": "VASCO MANTA MIGUEL"
                }
            ]
        },
        {
            "codigo_curso": "9254",
            "nome_curso": "9254 - Turismo",
            "colocados": [
                {
                    "codigo_aluno": "240(...)56",
                    "nome_aluno": "ALISSYA REZENDE"
                },
                {
                    "codigo_aluno": "240(...)24",
                    "nome_aluno": "ANA MARIA BUMBA"
                },
                {
                    "codigo_aluno": "332(...)05",
                    "nome_aluno": "ANDREIA ELIANA ADAMESCU TABREA"
                },
                {
                    "codigo_aluno": "150(...)34",
                    "nome_aluno": "BEATRIZ ALEXANDRA GRAÇA MAIA"
                },
                {
                    "codigo_aluno": "312(...)89",
                    "nome_aluno": "BEATRIZ SANDE ESTROIA"
                },
                {
                    "codigo_aluno": "304(...)37",
                    "nome_aluno": "BERNARDO ROQUE TAVARES"
                },
                {
                    "codigo_aluno": "159(...)87",
                    "nome_aluno": "CAROLINA BEATRIZ DE OLIVEIRA ISIDRO"
                },
                {
                    "codigo_aluno": "306(...)91",
                    "nome_aluno": "CATARINA MACHADO DA SILVA"
                },
                {
                    "codigo_aluno": "318(...)77",
                    "nome_aluno": "CLÁUDIA PAULA DOMINGOS SANCHO"
                },
                {
                    "codigo_aluno": "159(...)23",
                    "nome_aluno": "DANIEL BRAGA DE OLIVEIRA"
                },
                {
                    "codigo_aluno": "302(...)72",
                    "nome_aluno": "DAVID MIGUEL SANTOS FAUSTINO"
                },
                {
                    "codigo_aluno": "153(...)18",
                    "nome_aluno": "DIAMANTINO NUNES DURÃES"
                },
                {
                    "codigo_aluno": "304(...)63",
                    "nome_aluno": "DIANA ISABEL GONÇALVES DA SILVA"
                },
                {
                    "codigo_aluno": "304(...)88",
                    "nome_aluno": "DIOGO GUERREIRO DIAS"
                },
                {
                    "codigo_aluno": "308(...)90",
                    "nome_aluno": "DIOGO NUNES GOMES"
                },
                {
                    "codigo_aluno": "300(...)24",
                    "nome_aluno": "DIOGO VIZETTO DUARTE VASCONCELOS DO COUTO"
                },
                {
                    "codigo_aluno": "240(...)08",
                    "nome_aluno": "EDILSON EVANILDO CARVALHO OLIVEIRA"
                },
                {
                    "codigo_aluno": "306(...)96",
                    "nome_aluno": "ÉRICA ALEXANDRA ESPADA TAVARES"
                },
                {
                    "codigo_aluno": "113(...)80",
                    "nome_aluno": "FILIPE MIGUEL DOS SANTOS RODRIGUES"
                },
                {
                    "codigo_aluno": "307(...)37",
                    "nome_aluno": "FRANCISCO FILHO DA SILVA E SOUSA"
                },
                {
                    "codigo_aluno": "154(...)39",
                    "nome_aluno": "FRANCISCO JOSÉ RODRIGUES MARCOS"
                },
                {
                    "codigo_aluno": "240(...)21",
                    "nome_aluno": "HELSÍNTIA FREITAS DO ESPÍRITO SANTO"
                },
                {
                    "codigo_aluno": "154(...)66",
                    "nome_aluno": "HUGO ROMÃO BACOCO AMARO ALMEIDA"
                },
                {
                    "codigo_aluno": "152(...)25",
                    "nome_aluno": "IARA RAQUEL FÉLIX DOS SANTOS"
                },
                {
                    "codigo_aluno": "159(...)97",
                    "nome_aluno": "INÊS JORGE MATOS PEREIRA DA SILVA"
                },
                {
                    "codigo_aluno": "303(...)87",
                    "nome_aluno": "ÍRIS AZEVEDO DE CARRAPATO"
                },
                {
                    "codigo_aluno": "307(...)74",
                    "nome_aluno": "IRIS DANIELA LOPES RODRIGUES"
                },
                {
                    "codigo_aluno": "157(...)40",
                    "nome_aluno": "ISA ALVES MATEUS"
                },
                {
                    "codigo_aluno": "152(...)87",
                    "nome_aluno": "ISABELA SOUSA NUNES"
                },
                {
                    "codigo_aluno": "241(...)02",
                    "nome_aluno": "IULIANA CONDREI"
                },
                {
                    "codigo_aluno": "152(...)17",
                    "nome_aluno": "JÉSSICA MARIA ALEGRE TOUPEIRO"
                },
                {
                    "codigo_aluno": "306(...)89",
                    "nome_aluno": "JOANA FERNANDES DUARTE"
                },
                {
                    "codigo_aluno": "305(...)86",
                    "nome_aluno": "JOANA MARTINS FERREIRA DA SILVA"
                },
                {
                    "codigo_aluno": "154(...)68",
                    "nome_aluno": "JOÃO CAETANO DJATA"
                },
                {
                    "codigo_aluno": "159(...)01",
                    "nome_aluno": "JOÃO MIGUEL DE SOUSA SILVA JORGE"
                },
                {
                    "codigo_aluno": "312(...)25",
                    "nome_aluno": "JOAO RAFAEL COELHO TEIXEIRA"
                },
                {
                    "codigo_aluno": "309(...)35",
                    "nome_aluno": "JÚLIA SANTOS DO CARMO"
                },
                {
                    "codigo_aluno": "154(...)74",
                    "nome_aluno": "LAURA CALDEIRA ANDRÉ"
                },
                {
                    "codigo_aluno": "152(...)65",
                    "nome_aluno": "LAURA DA COSTA SIMEN"
                },
                {
                    "codigo_aluno": "306(...)31",
                    "nome_aluno": "LAURA SOFIA DUARTE ROSADO"
                },
                {
                    "codigo_aluno": "314(...)45",
                    "nome_aluno": "LEONOR CORREIA ÁGUAS LIMA MARTINS"
                },
                {
                    "codigo_aluno": "148(...)27",
                    "nome_aluno": "LÚCIA MENDES BORRALHO"
                },
                {
                    "codigo_aluno": "309(...)36",
                    "nome_aluno": "LÚCIA PALMA ROSA"
                },
                {
                    "codigo_aluno": "309(...)03",
                    "nome_aluno": "LÚCIA PIRES FALCÃO"
                },
                {
                    "codigo_aluno": "306(...)19",
                    "nome_aluno": "MARIANA JOSÉ ROLÃO"
                },
                {
                    "codigo_aluno": "304(...)16",
                    "nome_aluno": "MARTA MENDES PALMA"
                },
                {
                    "codigo_aluno": "300(...)51",
                    "nome_aluno": "MATILDE ISABEL VIDAL REIS"
                },
                {
                    "codigo_aluno": "303(...)12",
                    "nome_aluno": "MATILDE PIMENTA MIRRA DE CASTRO"
                },
                {
                    "codigo_aluno": "306(...)82",
                    "nome_aluno": "MATILDE SANTOS CATARINO"
                },
                {
                    "codigo_aluno": "301(...)79",
                    "nome_aluno": "MIGUEL AMORES MONTEIRO"
                },
                {
                    "codigo_aluno": "303(...)63",
                    "nome_aluno": "MIRIAM NUNES MOLINA"
                },
                {
                    "codigo_aluno": "153(...)01",
                    "nome_aluno": "NELSON AFONSO CADETE CASTILHO"
                },
                {
                    "codigo_aluno": "154(...)07",
                    "nome_aluno": "NICOLE SILVA TEIXEIRA"
                },
                {
                    "codigo_aluno": "151(...)55",
                    "nome_aluno": "NUNO FILIPE SOUSA DAS NEVES"
                },
                {
                    "codigo_aluno": "241(...)56",
                    "nome_aluno": "OLEKSII BERSHADSKYI"
                },
                {
                    "codigo_aluno": "305(...)70",
                    "nome_aluno": "PEDRO FONSECA DA CUNHA"
                },
                {
                    "codigo_aluno": "152(...)84",
                    "nome_aluno": "RAFAEL MENDONÇA PEREIRA"
                },
                {
                    "codigo_aluno": "304(...)82",
                    "nome_aluno": "RICARDO XAVIER MENDONCA CARTAXO"
                },
                {
                    "codigo_aluno": "307(...)71",
                    "nome_aluno": "RITA SOFIA DE BRITO LANÇA"
                },
                {
                    "codigo_aluno": "158(...)70",
                    "nome_aluno": "ROSANA NICOLE PEREIRA RODRIGUES"
                },
                {
                    "codigo_aluno": "330(...)46",
                    "nome_aluno": "TAINÁ GOMES DE SOUSA"
                },
                {
                    "codigo_aluno": "301(...)61",
                    "nome_aluno": "TIAGO AMORES MONTEIRO"
                },
                {
                    "codigo_aluno": "152(...)83",
                    "nome_aluno": "TIAGO MIGUEL RODRIGUES ALVARENGA"
                },
                {
                    "codigo_aluno": "305(...)33",
                    "nome_aluno": "TOMÁS NUNES VIDAL DA CONCEIÇÃO PIRIQUITO"
                },
                {
                    "codigo_aluno": "240(...)02",
                    "nome_aluno": "WILLYAN DE CAMARGO MORAES"
                }
            ]
        }
    ]
}