{
    "codigo_universidade": "3153",
    "nome_universidade": "3153 - Instituto Politécnico de Setúbal - Escola Superior de Ciências Empresariais",
    "cursos": [
        {
            "codigo_curso": "9627",
            "nome_curso": "9627 - Contabilidade e Finanças",
            "colocados": [
                {
                    "codigo_aluno": "241(...)21",
                    "nome_aluno": "ALYSSON VASCONCELOS DE ANDRADE LIMA"
                },
                {
                    "codigo_aluno": "133(...)06",
                    "nome_aluno": "ANA RITA FERNANDES BEJA"
                },
                {
                    "codigo_aluno": "309(...)41",
                    "nome_aluno": "ANDRÉ MIGUEL DUARTE NEVES"
                },
                {
                    "codigo_aluno": "156(...)57",
                    "nome_aluno": "BEATRIZ ALMEIDA PACHECO"
                },
                {
                    "codigo_aluno": "301(...)40",
                    "nome_aluno": "BEATRIZ MOREIRA CAMPOS"
                },
                {
                    "codigo_aluno": "309(...)85",
                    "nome_aluno": "BRUNA FILIPA MENDONÇA RODRIGUES"
                },
                {
                    "codigo_aluno": "153(...)74",
                    "nome_aluno": "BRUNO VALENTIM LOPES"
                },
                {
                    "codigo_aluno": "158(...)08",
                    "nome_aluno": "CAROLINA CHAVES DO CARMO FERREIRA"
                },
                {
                    "codigo_aluno": "303(...)39",
                    "nome_aluno": "CAROLINA SANTA CLARA PRETO GROSA"
                },
                {
                    "codigo_aluno": "156(...)55",
                    "nome_aluno": "CATARINA ANDREIA ZHABOYEDOVA"
                },
                {
                    "codigo_aluno": "306(...)35",
                    "nome_aluno": "CATARINA CARVALHAL NUNES"
                },
                {
                    "codigo_aluno": "312(...)68",
                    "nome_aluno": "DANIEL FILIPE ALVES PATARRA"
                },
                {
                    "codigo_aluno": "240(...)16",
                    "nome_aluno": "DELCE MOREIRA SEMEDO GALVÃO"
                },
                {
                    "codigo_aluno": "309(...)43",
                    "nome_aluno": "DIOGO ALVES PINHEIRO"
                },
                {
                    "codigo_aluno": "309(...)49",
                    "nome_aluno": "EDUARDA ISABEL BORRALHO ROSA"
                },
                {
                    "codigo_aluno": "150(...)18",
                    "nome_aluno": "ERIC RAFAEL MARTINS DE OLIVEIRA"
                },
                {
                    "codigo_aluno": "304(...)64",
                    "nome_aluno": "FRANCISCO MIGUEL DIAS LUCIANO COTTA"
                },
                {
                    "codigo_aluno": "151(...)42",
                    "nome_aluno": "GUILHERME PUGA DE LIMA CARDOSO"
                },
                {
                    "codigo_aluno": "316(...)84",
                    "nome_aluno": "INÊS DOS SANTOS TRIGO MARQUES BARREIRAS"
                },
                {
                    "codigo_aluno": "315(...)89",
                    "nome_aluno": "INÊS GABOLEIRO POLIDO"
                },
                {
                    "codigo_aluno": "155(...)91",
                    "nome_aluno": "JOANA FILIPA COUTO DA COSTA"
                },
                {
                    "codigo_aluno": "306(...)06",
                    "nome_aluno": "JOANA RITA GONÇALVES MOURA"
                },
                {
                    "codigo_aluno": "313(...)95",
                    "nome_aluno": "JOAO AFONSO TRAVESSA GREGORIO CRUZ"
                },
                {
                    "codigo_aluno": "159(...)28",
                    "nome_aluno": "JOÃO FRANCISCO CARDOSO BRANQUINHO DOS SANTOS"
                },
                {
                    "codigo_aluno": "306(...)10",
                    "nome_aluno": "JOÃO PEDRO CARVALHEIRO LOPES"
                },
                {
                    "codigo_aluno": "159(...)45",
                    "nome_aluno": "JOÃO PEDRO DA COSTA MARTINS"
                },
                {
                    "codigo_aluno": "153(...)14",
                    "nome_aluno": "JOSÉ BERNARDO GERDES TRIGOSO JORDÃO RODHNER"
                },
                {
                    "codigo_aluno": "156(...)91",
                    "nome_aluno": "KUILO FRANCISCO MENDES MVOKOLO"
                },
                {
                    "codigo_aluno": "309(...)63",
                    "nome_aluno": "LEONARDO RAMOS BATISTA"
                },
                {
                    "codigo_aluno": "306(...)47",
                    "nome_aluno": "LEONOR DOS ANJOS PAISANA"
                },
                {
                    "codigo_aluno": "309(...)01",
                    "nome_aluno": "LUÍSA ISABEL MELO FARIA DE OLIVEIRA"
                },
                {
                    "codigo_aluno": "155(...)42",
                    "nome_aluno": "MARIA ISABEL DOS SANTOS VAN-DÚNEM E SILVA"
                },
                {
                    "codigo_aluno": "311(...)71",
                    "nome_aluno": "MARIANA SOFIA DA SILVA FÉLIX"
                },
                {
                    "codigo_aluno": "149(...)88",
                    "nome_aluno": "MARYAM MAHOMED SHAQUIL"
                },
                {
                    "codigo_aluno": "303(...)82",
                    "nome_aluno": "MIGUEL ADÃO FERREIRA"
                },
                {
                    "codigo_aluno": "159(...)48",
                    "nome_aluno": "MILENE JESUS MARQUES DIAS"
                },
                {
                    "codigo_aluno": "310(...)22",
                    "nome_aluno": "PEDRO GIL MARQUES ARSÉNIO"
                },
                {
                    "codigo_aluno": "154(...)30",
                    "nome_aluno": "PEDRO MIGUEL VIEGAS MALVAS DA SILVA"
                },
                {
                    "codigo_aluno": "309(...)23",
                    "nome_aluno": "RAFAEL ALEXANDRE PÉCURTO MONTEIRO DA GAMA"
                },
                {
                    "codigo_aluno": "155(...)13",
                    "nome_aluno": "RAFAEL FERREIRA DOS SANTOS"
                },
                {
                    "codigo_aluno": "304(...)56",
                    "nome_aluno": "RAPHAEL PEREIRA BARROSO"
                },
                {
                    "codigo_aluno": "315(...)93",
                    "nome_aluno": "RICARDO DIAMANTINO GOMES ESPADA"
                },
                {
                    "codigo_aluno": "303(...)32",
                    "nome_aluno": "RODRIGO GOMES FRAZÃO"
                },
                {
                    "codigo_aluno": "315(...)64",
                    "nome_aluno": "RODRIGO MIGUEL TEIXEIRA MARTINS"
                },
                {
                    "codigo_aluno": "240(...)31",
                    "nome_aluno": "SÓNIA WU XU"
                },
                {
                    "codigo_aluno": "240(...)28",
                    "nome_aluno": "TCHILÉSIO JESUS JACINTO FERREIRA"
                },
                {
                    "codigo_aluno": "151(...)47",
                    "nome_aluno": "TELMO FILIPE RAMILO PINTO"
                },
                {
                    "codigo_aluno": "303(...)60",
                    "nome_aluno": "TIAGO ALMEIDA CORREIA"
                },
                {
                    "codigo_aluno": "312(...)10",
                    "nome_aluno": "TIAGO MIGUEL DOS REIS FLORINDO"
                },
                {
                    "codigo_aluno": "159(...)93",
                    "nome_aluno": "TOMÁS ALEXANDRE NICOLAU DOMINGUES"
                },
                {
                    "codigo_aluno": "159(...)83",
                    "nome_aluno": "TOMÁS ANDRÉ FERRÃO PASSARINHO"
                },
                {
                    "codigo_aluno": "159(...)22",
                    "nome_aluno": "TOMÁS DAMAS TANCHANITA CARDIM FUSTIGAS"
                },
                {
                    "codigo_aluno": "305(...)59",
                    "nome_aluno": "TOMÁS GAGO PACHECO"
                },
                {
                    "codigo_aluno": "316(...)54",
                    "nome_aluno": "TOMÁS GOMES CARVALHO"
                },
                {
                    "codigo_aluno": "302(...)35",
                    "nome_aluno": "TOMÉ TORRES CHAVEIRO"
                },
                {
                    "codigo_aluno": "240(...)25",
                    "nome_aluno": "VÂNIA CIBELE DUARTE DOS SANTOS"
                },
                {
                    "codigo_aluno": "319(...)13",
                    "nome_aluno": "ZORYANA ZAYETS"
                }
            ]
        },
        {
            "codigo_curso": "9628",
            "nome_curso": "9628 - Contabilidade e Finanças (regime noturno)",
            "colocados": [
                {
                    "codigo_aluno": "301(...)15",
                    "nome_aluno": "ANA BEATRIZ DA SILVA GOMES"
                },
                {
                    "codigo_aluno": "305(...)86",
                    "nome_aluno": "BEATRIZ ISABEL RAMOS LUÍS"
                },
                {
                    "codigo_aluno": "146(...)21",
                    "nome_aluno": "BERNARDO DE JESUS MARRANITA"
                },
                {
                    "codigo_aluno": "152(...)77",
                    "nome_aluno": "CAROLINA POPA POLÓNIO CABRITA"
                },
                {
                    "codigo_aluno": "305(...)15",
                    "nome_aluno": "DANIEL FILIPE PAQUETE PEREIRA"
                },
                {
                    "codigo_aluno": "240(...)04",
                    "nome_aluno": "DANIEL PEDROSO DA SILVA"
                },
                {
                    "codigo_aluno": "152(...)70",
                    "nome_aluno": "DAVID RICARDO MENDONÇA MONTEIRO"
                },
                {
                    "codigo_aluno": "330(...)42",
                    "nome_aluno": "DIANA FILIPA MALVEIRO GOUVEIA E SANTOS CARDOSO"
                },
                {
                    "codigo_aluno": "125(...)37",
                    "nome_aluno": "DINIS ALMEIDA MALVEIRO DUARTE"
                },
                {
                    "codigo_aluno": "306(...)70",
                    "nome_aluno": "DIOGO FILIPE DOS SANTOS PATRÍCIO"
                },
                {
                    "codigo_aluno": "303(...)45",
                    "nome_aluno": "FILIPA ALEXANDRA DE SOUSA RIBEIRO"
                },
                {
                    "codigo_aluno": "300(...)51",
                    "nome_aluno": "GABRIEL ALEXANDRE COSTA"
                },
                {
                    "codigo_aluno": "150(...)61",
                    "nome_aluno": "GONÇALO CRAMÊS GUERRA"
                },
                {
                    "codigo_aluno": "309(...)56",
                    "nome_aluno": "GONÇALO GALAIO DA SILVA SANTOS"
                },
                {
                    "codigo_aluno": "152(...)88",
                    "nome_aluno": "GUILHERME MARTINHO AREIAS BRITES"
                },
                {
                    "codigo_aluno": "159(...)88",
                    "nome_aluno": "HUGO ROQUE COROADO"
                },
                {
                    "codigo_aluno": "157(...)56",
                    "nome_aluno": "JOÃO PEDRO SIMÃO RODRIGUES"
                },
                {
                    "codigo_aluno": "303(...)73",
                    "nome_aluno": "MARIANA SOFIA GARRANCHO DE SOUSA"
                },
                {
                    "codigo_aluno": "303(...)79",
                    "nome_aluno": "MIGUEL OLIVEIRA FERREIRA"
                },
                {
                    "codigo_aluno": "154(...)33",
                    "nome_aluno": "RODRIGO AFONSO ROSADO COSTA MADRUGA PASSINHAS"
                },
                {
                    "codigo_aluno": "146(...)61",
                    "nome_aluno": "RODRIGO DOS SANTOS OLIVEIRA BISPO"
                },
                {
                    "codigo_aluno": "240(...)31",
                    "nome_aluno": "ROSA SUELY ANDRÉ SANTANA"
                },
                {
                    "codigo_aluno": "147(...)09",
                    "nome_aluno": "SARA TAVARES RAMOS"
                },
                {
                    "codigo_aluno": "306(...)18",
                    "nome_aluno": "TIAGO ALEXANDRE CARAPINHA COSTA"
                },
                {
                    "codigo_aluno": "118(...)03",
                    "nome_aluno": "TIAGO ANDRÉ PEREIRA DA CUNHA"
                },
                {
                    "codigo_aluno": "302(...)30",
                    "nome_aluno": "TIAGO FILIPE DA FONSECA PEREIRA MENDONÇA"
                },
                {
                    "codigo_aluno": "156(...)70",
                    "nome_aluno": "TOMÁS ALEXANDRE DE SILVA CAMPOS"
                },
                {
                    "codigo_aluno": "140(...)28",
                    "nome_aluno": "VANESSA ALEXANDRA VIDINHA FERREIRA RODRIGUES PINTO"
                },
                {
                    "codigo_aluno": "154(...)43",
                    "nome_aluno": "VITÓRIA STAROSTENCO"
                },
                {
                    "codigo_aluno": "240(...)19",
                    "nome_aluno": "YAOXUAN XU"
                }
            ]
        },
        {
            "codigo_curso": "9629",
            "nome_curso": "9629 - Gestão da Distribuição e da Logística",
            "colocados": [
                {
                    "codigo_aluno": "152(...)84",
                    "nome_aluno": "AFONSO JOÃO ÂNGELO PEREIRA"
                },
                {
                    "codigo_aluno": "154(...)48",
                    "nome_aluno": "AFONSO TEODORO GUERREIRO DA SILVA"
                },
                {
                    "codigo_aluno": "154(...)49",
                    "nome_aluno": "AFONSO VIEGAS LUIS"
                },
                {
                    "codigo_aluno": "157(...)45",
                    "nome_aluno": "ALBERTO ANTÓNIO PAIVA BUSCA"
                },
                {
                    "codigo_aluno": "312(...)16",
                    "nome_aluno": "ANA BEATRIZ DE SOUSA BARROS"
                },
                {
                    "codigo_aluno": "307(...)14",
                    "nome_aluno": "ANA MARGARIDA PATO ALMEIDA"
                },
                {
                    "codigo_aluno": "303(...)53",
                    "nome_aluno": "ANA RAQUEL DANIEL CHAINHO"
                },
                {
                    "codigo_aluno": "310(...)28",
                    "nome_aluno": "ANDRÉ FILIPE DIAS JACQUES"
                },
                {
                    "codigo_aluno": "302(...)28",
                    "nome_aluno": "ANDRE FILIPE GOUVEIA SARAIVA"
                },
                {
                    "codigo_aluno": "314(...)59",
                    "nome_aluno": "ANDRÉ RAFAEL FIGUEIREDO BERNARDO"
                },
                {
                    "codigo_aluno": "303(...)31",
                    "nome_aluno": "ANDRÉ RAPOSO COELHO"
                },
                {
                    "codigo_aluno": "306(...)88",
                    "nome_aluno": "BERNARDO JOSÉ VALADAS MAURÍCIO"
                },
                {
                    "codigo_aluno": "306(...)70",
                    "nome_aluno": "CARLOS BERNARDINO RODRIGUES CALADO E COELHO MOTA"
                },
                {
                    "codigo_aluno": "310(...)48",
                    "nome_aluno": "CARLOTA ISABEL CIDADE MARQUES"
                },
                {
                    "codigo_aluno": "313(...)12",
                    "nome_aluno": "DANIELA BARAHONA COUCEIRO NEVES CONDINHO"
                },
                {
                    "codigo_aluno": "302(...)39",
                    "nome_aluno": "DANIELA SARAIVA DA SILVA"
                },
                {
                    "codigo_aluno": "156(...)86",
                    "nome_aluno": "DAVID DOS SANTOS GUEDES"
                },
                {
                    "codigo_aluno": "309(...)28",
                    "nome_aluno": "DIANA MARGARIDA GARCIA RODRIGUES"
                },
                {
                    "codigo_aluno": "153(...)60",
                    "nome_aluno": "EDUARDO MIGUEL FERNANDES LOPES"
                },
                {
                    "codigo_aluno": "301(...)76",
                    "nome_aluno": "GONÇALO RODRIGO DIAS"
                },
                {
                    "codigo_aluno": "154(...)25",
                    "nome_aluno": "GUILHERME FERREIRA BARATA DE SOUSA MIRA"
                },
                {
                    "codigo_aluno": "153(...)19",
                    "nome_aluno": "INÊS CRISTINA ALVAREDO QUARTIN"
                },
                {
                    "codigo_aluno": "309(...)00",
                    "nome_aluno": "INÊS FILIPA ALVES LIMA"
                },
                {
                    "codigo_aluno": "306(...)04",
                    "nome_aluno": "INÊS FILIPA LUCAS MOREIRA"
                },
                {
                    "codigo_aluno": "307(...)69",
                    "nome_aluno": "IRINA ALEXANDRA MOTACO CAEIRO"
                },
                {
                    "codigo_aluno": "152(...)78",
                    "nome_aluno": "JOÃO TOMÁS GOMES DA SILVA"
                },
                {
                    "codigo_aluno": "148(...)89",
                    "nome_aluno": "MADALENA CAETANO FERNANDES"
                },
                {
                    "codigo_aluno": "307(...)45",
                    "nome_aluno": "MADALENA PATARRA OLIVEIRA"
                },
                {
                    "codigo_aluno": "153(...)78",
                    "nome_aluno": "MARIA CARVALHA RAPOSO"
                },
                {
                    "codigo_aluno": "152(...)32",
                    "nome_aluno": "MARIA TERESA PASSARINHO REIS"
                },
                {
                    "codigo_aluno": "302(...)70",
                    "nome_aluno": "MARIANA LOPES PALMEIRINHA"
                },
                {
                    "codigo_aluno": "307(...)61",
                    "nome_aluno": "MARIANA MILHO DOS SANTOS CRUZ"
                },
                {
                    "codigo_aluno": "306(...)47",
                    "nome_aluno": "MIGUEL CANAS PALHAIS"
                },
                {
                    "codigo_aluno": "148(...)48",
                    "nome_aluno": "MIGUEL MARIA CONIM RODRIGUES"
                },
                {
                    "codigo_aluno": "306(...)90",
                    "nome_aluno": "MIGUEL MARTINS DE SOUSA"
                },
                {
                    "codigo_aluno": "310(...)77",
                    "nome_aluno": "MIGUEL ROCHA PINTO CAXIAS DE SOUSA"
                },
                {
                    "codigo_aluno": "301(...)82",
                    "nome_aluno": "MÓNICA VERA CRUZ PIRES PAPA"
                },
                {
                    "codigo_aluno": "155(...)28",
                    "nome_aluno": "PEDRO RAFAEL FERNANDES MADEIRA"
                },
                {
                    "codigo_aluno": "150(...)17",
                    "nome_aluno": "RAQUEL CARRUSCA GUERREIRO DO NASCIMENTO FERREIRA"
                },
                {
                    "codigo_aluno": "152(...)73",
                    "nome_aluno": "RODRIGO ALEXANDRE PINTO VIEIRA"
                },
                {
                    "codigo_aluno": "309(...)75",
                    "nome_aluno": "RUI TIAGO CANAS CRUZ"
                },
                {
                    "codigo_aluno": "156(...)45",
                    "nome_aluno": "SARA MARGARIDA LOURENÇO D'AIRES"
                },
                {
                    "codigo_aluno": "303(...)10",
                    "nome_aluno": "SIMÃO LOPES OLIVEIRA"
                },
                {
                    "codigo_aluno": "310(...)17",
                    "nome_aluno": "TERESA VALENÇA ROQUE VIEIRA DA SILVA"
                },
                {
                    "codigo_aluno": "156(...)28",
                    "nome_aluno": "TIAGO CLARO ALMEIDA E SILVA"
                },
                {
                    "codigo_aluno": "311(...)09",
                    "nome_aluno": "TIAGO TECELÃO RAMOS"
                },
                {
                    "codigo_aluno": "156(...)59",
                    "nome_aluno": "TOMÁS PINHEIRO TELES CARRASQUEIRA"
                }
            ]
        },
        {
            "codigo_curso": "9993",
            "nome_curso": "9993 - Gestão da Distribuição e da Logística (regime pós-laboral)",
            "colocados": [
                {
                    "codigo_aluno": "154(...)78",
                    "nome_aluno": "AFONSO DAVID QUINTEIRA"
                },
                {
                    "codigo_aluno": "314(...)96",
                    "nome_aluno": "AFONSO MARTINS VARGAS"
                },
                {
                    "codigo_aluno": "154(...)97",
                    "nome_aluno": "ANA CATARINA GRAÇA CARDOSO"
                },
                {
                    "codigo_aluno": "152(...)11",
                    "nome_aluno": "ANA LEONOR NUNES COLAÇO"
                },
                {
                    "codigo_aluno": "308(...)80",
                    "nome_aluno": "ANDRÉ FILIPE CARDEIRA ANTUNES"
                },
                {
                    "codigo_aluno": "318(...)42",
                    "nome_aluno": "ANDRÉ FILIPE DUARTE PIEDADE"
                },
                {
                    "codigo_aluno": "152(...)84",
                    "nome_aluno": "AUGUSTO CRUZ RODRIGUES"
                },
                {
                    "codigo_aluno": "308(...)47",
                    "nome_aluno": "BEATRIZ ALEXANDRA MARQUES AMORES"
                },
                {
                    "codigo_aluno": "302(...)21",
                    "nome_aluno": "BEATRIZ ISABEL CORREIA RAMOS"
                },
                {
                    "codigo_aluno": "311(...)06",
                    "nome_aluno": "BEATRIZ NETO LESTO"
                },
                {
                    "codigo_aluno": "311(...)61",
                    "nome_aluno": "BEATRIZ SOFIA RIBEIRO VICENTE"
                },
                {
                    "codigo_aluno": "310(...)00",
                    "nome_aluno": "CAROLINA DIAS PEREIRA"
                },
                {
                    "codigo_aluno": "156(...)81",
                    "nome_aluno": "CATARINA MIRANDA COSTA"
                },
                {
                    "codigo_aluno": "305(...)76",
                    "nome_aluno": "DIAMANTINO CATARINO ROCHA"
                },
                {
                    "codigo_aluno": "306(...)24",
                    "nome_aluno": "DINIS SANTOS TAVARES"
                },
                {
                    "codigo_aluno": "310(...)09",
                    "nome_aluno": "FÁBIO ALEXANDRE CARDOSO BATISTA"
                },
                {
                    "codigo_aluno": "302(...)57",
                    "nome_aluno": "GABRIEL DE ALMEIDA CIRIACO"
                },
                {
                    "codigo_aluno": "311(...)49",
                    "nome_aluno": "GONÇALO DOS SANTOS VEIGA FERREIRA"
                },
                {
                    "codigo_aluno": "303(...)30",
                    "nome_aluno": "GONÇALO JORGE AMANTE CADIMAS"
                },
                {
                    "codigo_aluno": "317(...)50",
                    "nome_aluno": "GUILHERME PIMENTA SIMAO"
                },
                {
                    "codigo_aluno": "317(...)04",
                    "nome_aluno": "HUGO DANIEL OLIVEIRA SANTOS"
                },
                {
                    "codigo_aluno": "148(...)37",
                    "nome_aluno": "HUGO DE MOURA SOUSA GOMES PEREIRA"
                },
                {
                    "codigo_aluno": "155(...)27",
                    "nome_aluno": "JOSÉ ANTÓNIO NOGUEIRA CORREIA"
                },
                {
                    "codigo_aluno": "156(...)45",
                    "nome_aluno": "JOSE PEDRO BARRADAS RODRIGUES"
                },
                {
                    "codigo_aluno": "154(...)50",
                    "nome_aluno": "LEONOR FILIPA DE ALVELOS ALVES"
                },
                {
                    "codigo_aluno": "150(...)97",
                    "nome_aluno": "LUCAS NORONHA DE SOUSA BASTOS"
                },
                {
                    "codigo_aluno": "304(...)52",
                    "nome_aluno": "MARIA EDUARDA GOMES GAVINO"
                },
                {
                    "codigo_aluno": "307(...)60",
                    "nome_aluno": "MARIANA ALEXANDRA BASTOS CARVALHO"
                },
                {
                    "codigo_aluno": "306(...)84",
                    "nome_aluno": "MARTIM CARMONA DIMAS"
                },
                {
                    "codigo_aluno": "306(...)60",
                    "nome_aluno": "MARTIM CUNHA BARROCAS DA SILVA"
                },
                {
                    "codigo_aluno": "153(...)55",
                    "nome_aluno": "MATILDE DE SANTA MARIA DE SÁ DIAS CAETANO ALVES"
                },
                {
                    "codigo_aluno": "240(...)84",
                    "nome_aluno": "PAULO MÁRCIO GONÇALVES PEREIRA"
                },
                {
                    "codigo_aluno": "153(...)63",
                    "nome_aluno": "PEDRO FELIPE DOS SANTOS NÓBREGA"
                },
                {
                    "codigo_aluno": "312(...)88",
                    "nome_aluno": "PEDRO FILIPE MESTRE GANHAO"
                },
                {
                    "codigo_aluno": "303(...)69",
                    "nome_aluno": "PEDRO MIGUEL RODRIGUES CATITA CARDOSO"
                },
                {
                    "codigo_aluno": "300(...)34",
                    "nome_aluno": "PEDRO RUELA DE ALMEIDA BASÌLIO"
                },
                {
                    "codigo_aluno": "309(...)67",
                    "nome_aluno": "RAFAEL CARDOSO PITEIRA"
                },
                {
                    "codigo_aluno": "310(...)72",
                    "nome_aluno": "ROBERTO GABRIEL LUNGOCI"
                },
                {
                    "codigo_aluno": "307(...)23",
                    "nome_aluno": "RODRIGO FILIPE CARRIÇO FRANCISQUINHO"
                },
                {
                    "codigo_aluno": "147(...)33",
                    "nome_aluno": "RODRIGO MARTIM DE ARAÚJO CALÇAS"
                },
                {
                    "codigo_aluno": "312(...)58",
                    "nome_aluno": "RODRIGO MONTEIRO NOVO"
                },
                {
                    "codigo_aluno": "315(...)10",
                    "nome_aluno": "SALOMÉ DE MELO FERREIRA CLARINHA GUEDES"
                },
                {
                    "codigo_aluno": "302(...)18",
                    "nome_aluno": "SARA FILIPA REMECHIDO GOUVEIA"
                },
                {
                    "codigo_aluno": "305(...)53",
                    "nome_aluno": "TIAGO DE JESUS SOUSA"
                },
                {
                    "codigo_aluno": "306(...)30",
                    "nome_aluno": "TOMÁS CABRITA PEREIRA DA MOTA"
                },
                {
                    "codigo_aluno": "150(...)46",
                    "nome_aluno": "TOMÁS MANUEL MARIANO FERNANDES"
                },
                {
                    "codigo_aluno": "155(...)83",
                    "nome_aluno": "TOMÁS VIDEIRA FACHADAS"
                },
                {
                    "codigo_aluno": "147(...)00",
                    "nome_aluno": "VASCO SEQUEIRA PEREIRA BARROS"
                },
                {
                    "codigo_aluno": "150(...)29",
                    "nome_aluno": "VASCO SILVA MAIA MENDES"
                }
            ]
        },
        {
            "codigo_curso": "9157",
            "nome_curso": "9157 - Gestão de Recursos Humanos",
            "colocados": [
                {
                    "codigo_aluno": "306(...)28",
                    "nome_aluno": "ALEXANDRA NAIR DE MAGALHÃES FERNANDES"
                },
                {
                    "codigo_aluno": "305(...)10",
                    "nome_aluno": "ANA MARGARIDA ROSADO DE LUMLEY NORTE"
                },
                {
                    "codigo_aluno": "154(...)14",
                    "nome_aluno": "ANA SOFIA MONTEIRO MENDES"
                },
                {
                    "codigo_aluno": "309(...)49",
                    "nome_aluno": "ANDREIA FILIPA LUCAS CORREIA"
                },
                {
                    "codigo_aluno": "311(...)20",
                    "nome_aluno": "BARBARA BONAPARTE FERREIRA PINTO"
                },
                {
                    "codigo_aluno": "302(...)95",
                    "nome_aluno": "BEATRIZ SILVA VINHAIS"
                },
                {
                    "codigo_aluno": "310(...)32",
                    "nome_aluno": "CARINA SOFIA PONTES GONÇALVES"
                },
                {
                    "codigo_aluno": "240(...)30",
                    "nome_aluno": "CARLOS EDUARDO CABRAL DE OLIVEIRA"
                },
                {
                    "codigo_aluno": "309(...)36",
                    "nome_aluno": "CAROLINA FALCÃO MARTINS"
                },
                {
                    "codigo_aluno": "300(...)11",
                    "nome_aluno": "CAROLINA SOFIA ARAGÃO MINEIRO"
                },
                {
                    "codigo_aluno": "304(...)45",
                    "nome_aluno": "CATARINA COSTA LUÍS"
                },
                {
                    "codigo_aluno": "153(...)06",
                    "nome_aluno": "CATARINA MAIA DA CRUZ DELGADO"
                },
                {
                    "codigo_aluno": "315(...)91",
                    "nome_aluno": "CRISTIANA FILIPA POUPA GRILO"
                },
                {
                    "codigo_aluno": "155(...)77",
                    "nome_aluno": "DAVID GOMES DOS SANTOS"
                },
                {
                    "codigo_aluno": "150(...)88",
                    "nome_aluno": "DINIS REIS GOMES GONZAGA SILVA"
                },
                {
                    "codigo_aluno": "159(...)02",
                    "nome_aluno": "FÁTIMA CRISTINA DE SOUSA GONÇALVES"
                },
                {
                    "codigo_aluno": "301(...)19",
                    "nome_aluno": "FILIPA LOPES BONIFÁCIO"
                },
                {
                    "codigo_aluno": "304(...)75",
                    "nome_aluno": "GABRIELA GOMES COSTA CHAVES"
                },
                {
                    "codigo_aluno": "301(...)35",
                    "nome_aluno": "GUILHERME MATOS FERREIRA DIEGUES FURTADO"
                },
                {
                    "codigo_aluno": "145(...)29",
                    "nome_aluno": "INÊS ALEXANDRA AGOSTINHO MADUREIRA NUNES"
                },
                {
                    "codigo_aluno": "151(...)66",
                    "nome_aluno": "INÊS VAZ DE CARVALHO"
                },
                {
                    "codigo_aluno": "156(...)83",
                    "nome_aluno": "JOÃO MARTIM DE SOUSA TELES"
                },
                {
                    "codigo_aluno": "309(...)51",
                    "nome_aluno": "JOÃO MIGUEL BARREIROS GALVEIA MADEIRA"
                },
                {
                    "codigo_aluno": "305(...)88",
                    "nome_aluno": "JOÃO MIGUEL DAVID MADRUGA"
                },
                {
                    "codigo_aluno": "305(...)92",
                    "nome_aluno": "LARA FILIPA ROQUE BOTA"
                },
                {
                    "codigo_aluno": "314(...)22",
                    "nome_aluno": "LARA MOREIRA DE SOUSA"
                },
                {
                    "codigo_aluno": "308(...)16",
                    "nome_aluno": "LARA SOFIA AMARO LOUREIRO"
                },
                {
                    "codigo_aluno": "304(...)91",
                    "nome_aluno": "LAURA ISABEL GONÇALVES FIGUEIRA"
                },
                {
                    "codigo_aluno": "149(...)40",
                    "nome_aluno": "LETÍCIA JOSÉ MACEDO ABREU"
                },
                {
                    "codigo_aluno": "152(...)42",
                    "nome_aluno": "LUANA RAFAELA LIMA MOREIRA"
                },
                {
                    "codigo_aluno": "155(...)13",
                    "nome_aluno": "LUCAS DA CRUZ LOPES RODRIGUES"
                },
                {
                    "codigo_aluno": "307(...)12",
                    "nome_aluno": "MADALENA MORAIS MACHETA"
                },
                {
                    "codigo_aluno": "309(...)89",
                    "nome_aluno": "MARGARIDA AZENHA ENES CORREIA"
                },
                {
                    "codigo_aluno": "154(...)78",
                    "nome_aluno": "MARGARIDA BALSEIRO RATO"
                },
                {
                    "codigo_aluno": "152(...)75",
                    "nome_aluno": "MARGARIDA FARIA NUNES"
                },
                {
                    "codigo_aluno": "158(...)96",
                    "nome_aluno": "MARIA CAROLINA ROBERTO MARQUES"
                },
                {
                    "codigo_aluno": "302(...)31",
                    "nome_aluno": "MARIA INÊS LOURENÇO"
                },
                {
                    "codigo_aluno": "305(...)94",
                    "nome_aluno": "MARIA MADALENA AFONSO PACHECO"
                },
                {
                    "codigo_aluno": "301(...)46",
                    "nome_aluno": "MARTA SOFIA COUCEIRO PEREIRA"
                },
                {
                    "codigo_aluno": "306(...)70",
                    "nome_aluno": "MATILDE SOFIA ISAAC COSTA"
                },
                {
                    "codigo_aluno": "306(...)76",
                    "nome_aluno": "MIGUEL ALEXANDRE SIM SIM LAURÊNCIO MATEUS"
                },
                {
                    "codigo_aluno": "146(...)65",
                    "nome_aluno": "NICOLE ALEXANDRA VENTURA MORAIS"
                },
                {
                    "codigo_aluno": "159(...)35",
                    "nome_aluno": "RAFAEL ALBANO VINHAS DE SÁ"
                },
                {
                    "codigo_aluno": "150(...)13",
                    "nome_aluno": "RAFAEL RODRIGUES CAMPOS"
                },
                {
                    "codigo_aluno": "159(...)24",
                    "nome_aluno": "RAFAEL XAVIER LOPES BETTENCOURT"
                },
                {
                    "codigo_aluno": "310(...)27",
                    "nome_aluno": "RITA DIOGO BRAGANÇA MARTINS"
                },
                {
                    "codigo_aluno": "157(...)01",
                    "nome_aluno": "RITA DUARTE RUFINO"
                },
                {
                    "codigo_aluno": "153(...)74",
                    "nome_aluno": "SARA ALEXANDRA TRINDADE LÚCIO"
                },
                {
                    "codigo_aluno": "152(...)58",
                    "nome_aluno": "SARA GONÇALVES CABRITA"
                },
                {
                    "codigo_aluno": "152(...)75",
                    "nome_aluno": "SOFIA ALEXANDRA GEADA MARTINS"
                },
                {
                    "codigo_aluno": "306(...)89",
                    "nome_aluno": "SOFIA PEREIRA TRAFARIA"
                },
                {
                    "codigo_aluno": "307(...)44",
                    "nome_aluno": "SORAIA PATRÍCIA TIHI"
                },
                {
                    "codigo_aluno": "148(...)48",
                    "nome_aluno": "TAISSA RAMOS CHIN SENE"
                },
                {
                    "codigo_aluno": "301(...)02",
                    "nome_aluno": "TOMÁS LANEIRO SOEIRO"
                }
            ]
        },
        {
            "codigo_curso": "8111",
            "nome_curso": "8111 - Gestão de Recursos Humanos (regime pós-laboral)",
            "colocados": [
                {
                    "codigo_aluno": "154(...)05",
                    "nome_aluno": "ALEXANDRA CERDEIRA DA FONSECA MOREIRA"
                },
                {
                    "codigo_aluno": "318(...)96",
                    "nome_aluno": "ANA ISABEL SENGO PIRES"
                },
                {
                    "codigo_aluno": "139(...)72",
                    "nome_aluno": "ANA MARGARIDA SINEIRO CORREIA"
                },
                {
                    "codigo_aluno": "302(...)00",
                    "nome_aluno": "ANDREIA NAIR CARDOSO DE PINA"
                },
                {
                    "codigo_aluno": "157(...)87",
                    "nome_aluno": "BEATRIZ ALEXANDRA DA PALMA SILVA"
                },
                {
                    "codigo_aluno": "305(...)50",
                    "nome_aluno": "BEATRIZ SOFIA OLIVEIRA VILHAIS"
                },
                {
                    "codigo_aluno": "313(...)51",
                    "nome_aluno": "BRUNA SIMONE OYANEDER BORDALO"
                },
                {
                    "codigo_aluno": "149(...)70",
                    "nome_aluno": "BRUNO FILIPE RIBEIRO DE ALMEIDA"
                },
                {
                    "codigo_aluno": "306(...)17",
                    "nome_aluno": "CARLOTA MIRA CARDOSO"
                },
                {
                    "codigo_aluno": "153(...)55",
                    "nome_aluno": "CAROLINA FILIPA LOPES FERREIRA"
                },
                {
                    "codigo_aluno": "305(...)81",
                    "nome_aluno": "CAROLINA FILIPA PINHEIRO BIRRENTO"
                },
                {
                    "codigo_aluno": "303(...)98",
                    "nome_aluno": "CAROLINA MARTINS MAURICIO"
                },
                {
                    "codigo_aluno": "304(...)96",
                    "nome_aluno": "CELESTE ALEXANDRA NOBRE DE MATOS"
                },
                {
                    "codigo_aluno": "159(...)90",
                    "nome_aluno": "CRISTIANA FILIPA PEREIRA NUNES"
                },
                {
                    "codigo_aluno": "310(...)91",
                    "nome_aluno": "CRISTIANA PATRICIA VALENTIM ALMEIDA"
                },
                {
                    "codigo_aluno": "151(...)18",
                    "nome_aluno": "DANIELA FILIPA GUERREIRO OLIVEIRA"
                },
                {
                    "codigo_aluno": "240(...)08",
                    "nome_aluno": "ESTER LUANDRA SANTOS ESTEVES"
                },
                {
                    "codigo_aluno": "153(...)16",
                    "nome_aluno": "FERNANDO MIGUEL FERREIRA RUFINO"
                },
                {
                    "codigo_aluno": "301(...)45",
                    "nome_aluno": "GABRIEL AZEVEDO COSTA"
                },
                {
                    "codigo_aluno": "154(...)63",
                    "nome_aluno": "GERSON EMANUEL LOPES DOS SANTOS PEREIRA"
                },
                {
                    "codigo_aluno": "303(...)78",
                    "nome_aluno": "GONÇALO MIGUEL RAMOS CAPELA"
                },
                {
                    "codigo_aluno": "240(...)01",
                    "nome_aluno": "HEVANDIA AGUINALDA ANDRE SANTANA"
                },
                {
                    "codigo_aluno": "301(...)80",
                    "nome_aluno": "INÊS NUNES SARGENTO MARTINS"
                },
                {
                    "codigo_aluno": "301(...)03",
                    "nome_aluno": "JADE LOURENÇO SILVEIRA DA CUNHA"
                },
                {
                    "codigo_aluno": "312(...)35",
                    "nome_aluno": "JOÃO PEDRO VERISSIMO VIVAS"
                },
                {
                    "codigo_aluno": "303(...)29",
                    "nome_aluno": "LEONOR DA SILVA GUERREIRO"
                },
                {
                    "codigo_aluno": "307(...)58",
                    "nome_aluno": "MAFALDA BATISTA AZEVEDO"
                },
                {
                    "codigo_aluno": "310(...)74",
                    "nome_aluno": "MARGARIDA MARIA DE ALBUQUERQUE SERÔDIO LOPES DA CRUZ"
                },
                {
                    "codigo_aluno": "303(...)73",
                    "nome_aluno": "MARGARIDA MARTINS MAURICIO"
                },
                {
                    "codigo_aluno": "302(...)48",
                    "nome_aluno": "MARIA CRISTÓVÃO PEREIRA"
                },
                {
                    "codigo_aluno": "302(...)60",
                    "nome_aluno": "MARIANA CRISTÓVÃO PEREIRA"
                },
                {
                    "codigo_aluno": "301(...)21",
                    "nome_aluno": "MARIANA ISABEL DA SILVA SANHEIRO"
                },
                {
                    "codigo_aluno": "300(...)18",
                    "nome_aluno": "MARIANA MARQUES FÉLIX"
                },
                {
                    "codigo_aluno": "302(...)61",
                    "nome_aluno": "MARTA SOFIA DA SILVA GONÇALVES"
                },
                {
                    "codigo_aluno": "306(...)27",
                    "nome_aluno": "MATILDE MATOS RODRIGUES"
                },
                {
                    "codigo_aluno": "156(...)65",
                    "nome_aluno": "MATILDE NUNES ARAÚJO"
                },
                {
                    "codigo_aluno": "157(...)76",
                    "nome_aluno": "MATILDE ROSA DA COSTA"
                },
                {
                    "codigo_aluno": "300(...)37",
                    "nome_aluno": "NICOLE SOFIA BAPTISTA CRUZ"
                },
                {
                    "codigo_aluno": "152(...)24",
                    "nome_aluno": "PEDRO ALEXANDRE CRUZ BRANCO"
                },
                {
                    "codigo_aluno": "306(...)30",
                    "nome_aluno": "RAQUEL MIRANDA PASCOAL"
                },
                {
                    "codigo_aluno": "155(...)64",
                    "nome_aluno": "RENATO PIMENTA CARVALHO"
                },
                {
                    "codigo_aluno": "306(...)27",
                    "nome_aluno": "RÚBEN ANDRÉ SILVA RAMOS"
                },
                {
                    "codigo_aluno": "331(...)44",
                    "nome_aluno": "SAMARA LAYZA PRAXEDES"
                },
                {
                    "codigo_aluno": "304(...)07",
                    "nome_aluno": "SARA ISABEL ANDORINHA PEREIRA"
                },
                {
                    "codigo_aluno": "305(...)87",
                    "nome_aluno": "SÍLVIA GALVÃO AMARAL"
                },
                {
                    "codigo_aluno": "312(...)31",
                    "nome_aluno": "SONIA CERQUEIRA SANTOS"
                }
            ]
        },
        {
            "codigo_curso": "9630",
            "nome_curso": "9630 - Gestão de Sistemas de Informação",
            "colocados": [
                {
                    "codigo_aluno": "301(...)54",
                    "nome_aluno": "ABEL FILIPE MIGUEL PIEDADE"
                },
                {
                    "codigo_aluno": "154(...)30",
                    "nome_aluno": "AFONSINA NOEL SOARES SEBASTIÃO"
                },
                {
                    "codigo_aluno": "307(...)80",
                    "nome_aluno": "ALEXANDRU MARIAN PAVEL"
                },
                {
                    "codigo_aluno": "154(...)10",
                    "nome_aluno": "ANDRE FILIPE QUITA DA COSTA"
                },
                {
                    "codigo_aluno": "304(...)82",
                    "nome_aluno": "ANDRÉ TEIXEIRA RIBEIRO DE FRANÇA GONÇALVES"
                },
                {
                    "codigo_aluno": "303(...)27",
                    "nome_aluno": "ANTONIO RODRIGO DOS SANTOS GONÇALVES HENRIQUES"
                },
                {
                    "codigo_aluno": "156(...)29",
                    "nome_aluno": "BEATRIZ AMARAL FÉLIX ROCHA FERREIRA"
                },
                {
                    "codigo_aluno": "240(...)02",
                    "nome_aluno": "BERNARDO PINHEIRO CAMPOS"
                },
                {
                    "codigo_aluno": "307(...)01",
                    "nome_aluno": "CAROLINA ISABEL GONÇALVES ASSIS FERNANDES"
                },
                {
                    "codigo_aluno": "306(...)24",
                    "nome_aluno": "CAROLINA MARIA DA PAIXÃO PALMA"
                },
                {
                    "codigo_aluno": "310(...)40",
                    "nome_aluno": "DIOGO ALEXANDRE CORREIA GALROTE"
                },
                {
                    "codigo_aluno": "305(...)43",
                    "nome_aluno": "DIOGO ALEXANDRE SANTOS BICAS"
                },
                {
                    "codigo_aluno": "152(...)15",
                    "nome_aluno": "DIOGO FILIPE SOARES MARQUES FERREIRA"
                },
                {
                    "codigo_aluno": "151(...)34",
                    "nome_aluno": "DIOGO VELOSO RODRIGUES DA CUNHA RIBEIRO"
                },
                {
                    "codigo_aluno": "312(...)41",
                    "nome_aluno": "DUARTE MIGUEL GARCIA SIMÕES"
                },
                {
                    "codigo_aluno": "155(...)39",
                    "nome_aluno": "ELTON DANIEL DORIA"
                },
                {
                    "codigo_aluno": "240(...)14",
                    "nome_aluno": "EVELYN DAFLON DE SOUZA SILVA"
                },
                {
                    "codigo_aluno": "304(...)68",
                    "nome_aluno": "FABIANA FLORINDO MARTINS"
                },
                {
                    "codigo_aluno": "153(...)93",
                    "nome_aluno": "FILIPE RAMOS ANSELMO"
                },
                {
                    "codigo_aluno": "149(...)02",
                    "nome_aluno": "FRANCISCO DE GOUVEIA SESIFREDO"
                },
                {
                    "codigo_aluno": "154(...)37",
                    "nome_aluno": "GONÇALO DA SILVA GOUVEIA"
                },
                {
                    "codigo_aluno": "153(...)44",
                    "nome_aluno": "GUILHERME DE ALMEIDA GODINHO"
                },
                {
                    "codigo_aluno": "316(...)07",
                    "nome_aluno": "GUILHERME GUERREIRO NEVES DA SILVA"
                },
                {
                    "codigo_aluno": "154(...)84",
                    "nome_aluno": "GUILHERME JOSÉ PEREIRA LOUREIRO"
                },
                {
                    "codigo_aluno": "157(...)63",
                    "nome_aluno": "GUILHERME MENDES DA SILVA FAUSTINO"
                },
                {
                    "codigo_aluno": "309(...)52",
                    "nome_aluno": "GUILHERME MOREIRA MONTEIRO"
                },
                {
                    "codigo_aluno": "155(...)51",
                    "nome_aluno": "INÊS BARAO PALMA"
                },
                {
                    "codigo_aluno": "308(...)16",
                    "nome_aluno": "INÊS TRINDADE MEDEIROS"
                },
                {
                    "codigo_aluno": "145(...)39",
                    "nome_aluno": "JASON PELÁGIO LUÍS MARTINS GONÇALVES"
                },
                {
                    "codigo_aluno": "153(...)50",
                    "nome_aluno": "JOÃO FERREIRA ROQUE"
                },
                {
                    "codigo_aluno": "150(...)27",
                    "nome_aluno": "JOÃO FILIPE DOS SANTOS CANTANTE"
                },
                {
                    "codigo_aluno": "302(...)15",
                    "nome_aluno": "JOÃO TOMÁS FRADE DA CUNHA PIMENTA"
                },
                {
                    "codigo_aluno": "323(...)64",
                    "nome_aluno": "LUANA DE LIMA ALVES"
                },
                {
                    "codigo_aluno": "152(...)96",
                    "nome_aluno": "LUANA SOFIA CANILHAS SILVA"
                },
                {
                    "codigo_aluno": "310(...)96",
                    "nome_aluno": "LUIS ALBERTO RAMALHO MARTINS"
                },
                {
                    "codigo_aluno": "313(...)57",
                    "nome_aluno": "LUIS MANUEL DE MEDEIROS PINTO TEIXEIRA RIBEIRO"
                },
                {
                    "codigo_aluno": "301(...)09",
                    "nome_aluno": "MAFALDA VITORINO NEIVA"
                },
                {
                    "codigo_aluno": "157(...)73",
                    "nome_aluno": "MANUEL FAUSTINO PEREIRA"
                },
                {
                    "codigo_aluno": "156(...)95",
                    "nome_aluno": "MÁRCIA JESUS PIEDADE"
                },
                {
                    "codigo_aluno": "151(...)81",
                    "nome_aluno": "MARIA INÊS SERENO ÉVORA MATEUS DA CRUZ"
                },
                {
                    "codigo_aluno": "315(...)20",
                    "nome_aluno": "MARIANA CARLOTO CAPELA"
                },
                {
                    "codigo_aluno": "158(...)07",
                    "nome_aluno": "MARIANA DIAS ANTUNES"
                },
                {
                    "codigo_aluno": "309(...)24",
                    "nome_aluno": "MARTIM NUNES QUINTAS"
                },
                {
                    "codigo_aluno": "150(...)19",
                    "nome_aluno": "MARTIM QUEIROZ BISPO"
                },
                {
                    "codigo_aluno": "300(...)59",
                    "nome_aluno": "MELISSA TERESA NEVES GONÇALVES"
                },
                {
                    "codigo_aluno": "306(...)26",
                    "nome_aluno": "PATRÍCIA PENHOR PONTES VARELA"
                },
                {
                    "codigo_aluno": "314(...)63",
                    "nome_aluno": "PEDRO HENRIQUE PINHEIRO FIGUEIREDO"
                },
                {
                    "codigo_aluno": "149(...)72",
                    "nome_aluno": "PEDRO MARTINS MARQUES"
                },
                {
                    "codigo_aluno": "152(...)48",
                    "nome_aluno": "PEDRO MIGUEL LOURINHO POLIDO"
                },
                {
                    "codigo_aluno": "312(...)20",
                    "nome_aluno": "QUÉVIN JOÃO DA SILVA BARRADAS"
                },
                {
                    "codigo_aluno": "302(...)53",
                    "nome_aluno": "RAFAEL MEDEIROS MOREIRA"
                },
                {
                    "codigo_aluno": "152(...)60",
                    "nome_aluno": "RAFAEL PINHEIRO ABRANTES"
                },
                {
                    "codigo_aluno": "301(...)07",
                    "nome_aluno": "RAFAEL QUARESMA SANHEIRO"
                },
                {
                    "codigo_aluno": "309(...)05",
                    "nome_aluno": "RAQUEL VILHENA DE ALMEIDA"
                },
                {
                    "codigo_aluno": "302(...)63",
                    "nome_aluno": "RICARDO JOSÉ CARVALHO JANZ"
                },
                {
                    "codigo_aluno": "317(...)85",
                    "nome_aluno": "RODRIGO ALEXANDRE SANINA SEIXAS"
                },
                {
                    "codigo_aluno": "156(...)12",
                    "nome_aluno": "RODRIGO CINTRA PEREIRA"
                },
                {
                    "codigo_aluno": "300(...)99",
                    "nome_aluno": "RODRIGO FILIPE JACINTO BRÍGIDA"
                },
                {
                    "codigo_aluno": "159(...)67",
                    "nome_aluno": "RODRIGO JUSTO LOUREIRO"
                },
                {
                    "codigo_aluno": "152(...)05",
                    "nome_aluno": "RODRIGO MAURÍCIO PATIÑO"
                },
                {
                    "codigo_aluno": "314(...)85",
                    "nome_aluno": "RUI PEDRO BIGUINO RIBEIRO"
                },
                {
                    "codigo_aluno": "300(...)51",
                    "nome_aluno": "SEBASTIÃO DE JESUS GOMES RAIMUNDO"
                },
                {
                    "codigo_aluno": "150(...)12",
                    "nome_aluno": "SIMÃO MIRANDA PORTO"
                },
                {
                    "codigo_aluno": "302(...)17",
                    "nome_aluno": "TIAGO CALIÇO MARQUES"
                },
                {
                    "codigo_aluno": "309(...)60",
                    "nome_aluno": "TIAGO LOPES TAVARES DE PINA"
                },
                {
                    "codigo_aluno": "306(...)97",
                    "nome_aluno": "TIAGO SEQUEIRA TEIXEIRA"
                },
                {
                    "codigo_aluno": "305(...)75",
                    "nome_aluno": "TIAGO TELLES DE MENEZES MARQUES TAVARES"
                },
                {
                    "codigo_aluno": "300(...)18",
                    "nome_aluno": "TOMÁS ROCHA BAIÃO"
                },
                {
                    "codigo_aluno": "151(...)07",
                    "nome_aluno": "VALTER RAFAEL ANTUNES FELISBERTO"
                }
            ]
        },
        {
            "codigo_curso": "9205",
            "nome_curso": "9205 - Marketing",
            "colocados": [
                {
                    "codigo_aluno": "304(...)71",
                    "nome_aluno": "ADRIANA DOS SANTOS GONÇALVES"
                },
                {
                    "codigo_aluno": "153(...)39",
                    "nome_aluno": "ADRIANA SOFIA CONCEIÇÃO DOS SANTOS"
                },
                {
                    "codigo_aluno": "155(...)73",
                    "nome_aluno": "AFONSO SANTOS ALCAIDE DE MORAIS PEREIRA"
                },
                {
                    "codigo_aluno": "300(...)05",
                    "nome_aluno": "ALEXANDRA ASCENSÃO MONIZ"
                },
                {
                    "codigo_aluno": "154(...)69",
                    "nome_aluno": "ANA BEATRIZ MARTINS LEANDRO"
                },
                {
                    "codigo_aluno": "303(...)05",
                    "nome_aluno": "ANA RAQUEL COUTINHO DE ALMADA"
                },
                {
                    "codigo_aluno": "312(...)39",
                    "nome_aluno": "BEATRIZ MATEUS BIRRA"
                },
                {
                    "codigo_aluno": "307(...)20",
                    "nome_aluno": "BERNARDO FILIPE RUSSO LEBRE FONSECA DE LIMA"
                },
                {
                    "codigo_aluno": "302(...)71",
                    "nome_aluno": "BRUNA DOS SANTOS ASCENSÃO"
                },
                {
                    "codigo_aluno": "303(...)75",
                    "nome_aluno": "CARLOTA RITA MENEZES NETO"
                },
                {
                    "codigo_aluno": "302(...)52",
                    "nome_aluno": "CAROLINA SOFIA HENRIQUE GOMES"
                },
                {
                    "codigo_aluno": "314(...)77",
                    "nome_aluno": "CATARINA ISABEL CARNEIRO AGOSTINHO"
                },
                {
                    "codigo_aluno": "306(...)47",
                    "nome_aluno": "CRISTINA ISABEL SOBREIRA ROSA"
                },
                {
                    "codigo_aluno": "306(...)13",
                    "nome_aluno": "DANIEL VITAL DE ALMEIDA"
                },
                {
                    "codigo_aluno": "330(...)76",
                    "nome_aluno": "DARIA NYCHYPORUK"
                },
                {
                    "codigo_aluno": "158(...)09",
                    "nome_aluno": "DAVID ANTÓNIO MOGUEIRO MARQUES"
                },
                {
                    "codigo_aluno": "314(...)61",
                    "nome_aluno": "FÁBIO RAFAEL ANDREICA"
                },
                {
                    "codigo_aluno": "306(...)83",
                    "nome_aluno": "GONÇALO CHARRO MARQUES"
                },
                {
                    "codigo_aluno": "154(...)80",
                    "nome_aluno": "INÊS ASSUNÇÃO FERREIRA LOPES"
                },
                {
                    "codigo_aluno": "154(...)24",
                    "nome_aluno": "JOANA CORREIA ARCANJO"
                },
                {
                    "codigo_aluno": "300(...)50",
                    "nome_aluno": "JOANA ISABEL VARANDAS GARÇÃO"
                },
                {
                    "codigo_aluno": "157(...)01",
                    "nome_aluno": "JOANA PINHEIRO MARTINS"
                },
                {
                    "codigo_aluno": "150(...)83",
                    "nome_aluno": "JOÃO LUÍS SABINO MAIO"
                },
                {
                    "codigo_aluno": "158(...)17",
                    "nome_aluno": "JOSE MIGUEL DA ROCHA LARA"
                },
                {
                    "codigo_aluno": "159(...)38",
                    "nome_aluno": "KARINE VICTÓRIA FERREIRA RODRIGUES"
                },
                {
                    "codigo_aluno": "309(...)26",
                    "nome_aluno": "LARA SOFIA POSSANTE VENTURA"
                },
                {
                    "codigo_aluno": "306(...)47",
                    "nome_aluno": "LEONOR SILVEIRA MARQUES"
                },
                {
                    "codigo_aluno": "151(...)49",
                    "nome_aluno": "LETÍCIA FLORBELA MANUEL RIBEIRO"
                },
                {
                    "codigo_aluno": "240(...)07",
                    "nome_aluno": "LIA SARA CEITA AMORIM DOS SANTOS LIMA"
                },
                {
                    "codigo_aluno": "306(...)53",
                    "nome_aluno": "LÍLIA SAYAPINA"
                },
                {
                    "codigo_aluno": "154(...)42",
                    "nome_aluno": "LUANA OLIVEIRA DOCE"
                },
                {
                    "codigo_aluno": "155(...)07",
                    "nome_aluno": "LUCIANO LUÍS RODRIGUES MONTEIRO"
                },
                {
                    "codigo_aluno": "313(...)94",
                    "nome_aluno": "MAFALDA CAMILO GOMES"
                },
                {
                    "codigo_aluno": "310(...)32",
                    "nome_aluno": "MARIA DE VASCONCELOS DIEGUES"
                },
                {
                    "codigo_aluno": "314(...)18",
                    "nome_aluno": "MARIA GONÇALVES NEVES RODRIGUES"
                },
                {
                    "codigo_aluno": "153(...)91",
                    "nome_aluno": "MARIA INES CARDOSO GRACA"
                },
                {
                    "codigo_aluno": "301(...)96",
                    "nome_aluno": "MARIANA DO Ó GODINHO"
                },
                {
                    "codigo_aluno": "306(...)83",
                    "nome_aluno": "MARIANA ROSA PAULINO"
                },
                {
                    "codigo_aluno": "306(...)13",
                    "nome_aluno": "MARTIM PITÉ ALVES SANTOS SOFIA"
                },
                {
                    "codigo_aluno": "154(...)46",
                    "nome_aluno": "MATILDE ALEXANDRA DOS SANTOS MARTINS PEREIRA PALMEIRIM"
                },
                {
                    "codigo_aluno": "309(...)56",
                    "nome_aluno": "MATILDE FERNANDES SERRA"
                },
                {
                    "codigo_aluno": "301(...)36",
                    "nome_aluno": "MIGUEL GRANADO DA SILVA PEREIRA"
                },
                {
                    "codigo_aluno": "306(...)60",
                    "nome_aluno": "PATRÍCIA VENTURA DA SILVA"
                },
                {
                    "codigo_aluno": "153(...)65",
                    "nome_aluno": "PEDRO MANUEL OLIVEIRA DIAS GONÇALVES"
                },
                {
                    "codigo_aluno": "148(...)48",
                    "nome_aluno": "PEDRO MARIA BRASSARD DA FONSECA"
                },
                {
                    "codigo_aluno": "151(...)15",
                    "nome_aluno": "RAFAELA MARÇAL BOA MORTE"
                },
                {
                    "codigo_aluno": "307(...)75",
                    "nome_aluno": "RAQUEL DA SILVA CARINHAS"
                },
                {
                    "codigo_aluno": "148(...)24",
                    "nome_aluno": "RICARDO GRAÇA LOPES"
                },
                {
                    "codigo_aluno": "310(...)29",
                    "nome_aluno": "RITA MATEUS GOMES"
                },
                {
                    "codigo_aluno": "309(...)58",
                    "nome_aluno": "SIMÃO BARRETO OLIVEIRA GARCIA"
                },
                {
                    "codigo_aluno": "309(...)12",
                    "nome_aluno": "SOFIA CORTE RIBEIRO"
                },
                {
                    "codigo_aluno": "153(...)69",
                    "nome_aluno": "SOFIA RAMOS BORRALHO DOS REMÉDIOS"
                },
                {
                    "codigo_aluno": "309(...)12",
                    "nome_aluno": "SORAIA RODRIGUES VINHAS"
                },
                {
                    "codigo_aluno": "311(...)39",
                    "nome_aluno": "SORAYA RAQUEL GUILHERME JERÓNIMO"
                },
                {
                    "codigo_aluno": "240(...)44",
                    "nome_aluno": "YASMIM SASSUI DO AMARAL"
                }
            ]
        }
    ]
}