{
    "codigo_universidade": "3042",
    "nome_universidade": "3042 - Instituto Politécnico de Bragança - Escola Superior de Educação de Bragança",
    "cursos": [
        {
            "codigo_curso": "9933",
            "nome_curso": "9933 - Animação e Produção Artística",
            "colocados": [
                {
                    "codigo_aluno": "313(...)47",
                    "nome_aluno": "ACÁCIO ALEXANDRE VAZ MORAIS"
                },
                {
                    "codigo_aluno": "306(...)55",
                    "nome_aluno": "ANA RITA CAVALEIRO MOREIRA AFONSO"
                },
                {
                    "codigo_aluno": "309(...)67",
                    "nome_aluno": "ANDRÉ FILIPE SERAPICOS DOS SANTOS"
                },
                {
                    "codigo_aluno": "312(...)14",
                    "nome_aluno": "BEATRIZ DA ROCHA NOGUEIRA"
                },
                {
                    "codigo_aluno": "300(...)54",
                    "nome_aluno": "BEATRIZ MARREIROS ALVES FRANCISCO"
                },
                {
                    "codigo_aluno": "156(...)51",
                    "nome_aluno": "CRISTINA ANDREA DE AGRELA FERNANDES"
                },
                {
                    "codigo_aluno": "322(...)20",
                    "nome_aluno": "DAVI CHAGAS MARQUES PEREIRA"
                },
                {
                    "codigo_aluno": "322(...)49",
                    "nome_aluno": "DAYANGEL'S JACKJANDRA MATOS DE OLIVEIRA"
                },
                {
                    "codigo_aluno": "303(...)96",
                    "nome_aluno": "DINIS LEAL GONÇALVES TOJAL BARBOSA"
                },
                {
                    "codigo_aluno": "148(...)42",
                    "nome_aluno": "EVA MARTINS GONÇALVES"
                },
                {
                    "codigo_aluno": "304(...)03",
                    "nome_aluno": "FILIPA RAQUEL FIGUEIRA BARROS"
                },
                {
                    "codigo_aluno": "240(...)47",
                    "nome_aluno": "GABRIELLA MATTOS DOS SANTOS"
                },
                {
                    "codigo_aluno": "326(...)18",
                    "nome_aluno": "HENRY MARLON PERES MONTEIRO"
                },
                {
                    "codigo_aluno": "303(...)71",
                    "nome_aluno": "IARA ANGÉLICA PORTELINHA ABDUREHMAN"
                },
                {
                    "codigo_aluno": "158(...)80",
                    "nome_aluno": "ISA GABRIELA DA COSTA GOMES"
                },
                {
                    "codigo_aluno": "242(...)09",
                    "nome_aluno": "KSENIIA MELNYCHUK"
                },
                {
                    "codigo_aluno": "306(...)67",
                    "nome_aluno": "LARA SOFIA ALVES ROCHA"
                },
                {
                    "codigo_aluno": "325(...)14",
                    "nome_aluno": "LUANA DE LIMA PEREIRA"
                },
                {
                    "codigo_aluno": "157(...)65",
                    "nome_aluno": "MARGARIDA VITAL DIAS"
                },
                {
                    "codigo_aluno": "316(...)37",
                    "nome_aluno": "MARINA AIKO FUGIWARA E SOUZA"
                },
                {
                    "codigo_aluno": "153(...)43",
                    "nome_aluno": "MARTA SOFIA LEITE TEIXEIRA"
                }
            ]
        },
        {
            "codigo_curso": "9898",
            "nome_curso": "9898 - Arte e Design",
            "colocados": [
                {
                    "codigo_aluno": "152(...)40",
                    "nome_aluno": "ADRIANA DOS SANTOS REBELO"
                },
                {
                    "codigo_aluno": "153(...)92",
                    "nome_aluno": "ALICE LOURO DE CARVALHO"
                },
                {
                    "codigo_aluno": "302(...)68",
                    "nome_aluno": "ANA BEATRIZ DE ALMEIDA ANTUNES"
                },
                {
                    "codigo_aluno": "300(...)67",
                    "nome_aluno": "ANA CATARINA SOUSA BROCHADO"
                },
                {
                    "codigo_aluno": "317(...)88",
                    "nome_aluno": "ANA FRANCISCA ARAÚJO TEIXEIRA"
                },
                {
                    "codigo_aluno": "313(...)83",
                    "nome_aluno": "ANA RITA PINTO SANTOS"
                },
                {
                    "codigo_aluno": "309(...)40",
                    "nome_aluno": "ANDRÉ LUÍS CARDOSO RODRIGUES"
                },
                {
                    "codigo_aluno": "152(...)07",
                    "nome_aluno": "ANITA DOLORES BORGES MESQUITA HENRIQUES"
                },
                {
                    "codigo_aluno": "303(...)72",
                    "nome_aluno": "BEATRIZ ALEXANDRA ANTÓNIO MARQUES"
                },
                {
                    "codigo_aluno": "154(...)16",
                    "nome_aluno": "BEATRIZ DUARTE GOULART"
                },
                {
                    "codigo_aluno": "309(...)28",
                    "nome_aluno": "BRUNA ANTUNES DUARTE"
                },
                {
                    "codigo_aluno": "307(...)07",
                    "nome_aluno": "CATARINA RUSSO FERNANDES"
                },
                {
                    "codigo_aluno": "329(...)97",
                    "nome_aluno": "CONSTANTINO ARTUR MANKO"
                },
                {
                    "codigo_aluno": "321(...)82",
                    "nome_aluno": "DANIELLA CRUZ PEIXOTO"
                },
                {
                    "codigo_aluno": "321(...)10",
                    "nome_aluno": "DIEGO EMMANUEL SIMOES AGUILAR"
                },
                {
                    "codigo_aluno": "317(...)49",
                    "nome_aluno": "DIOGO ANDRÉ MATOS ABREU"
                },
                {
                    "codigo_aluno": "324(...)74",
                    "nome_aluno": "EMMANUELA ROSAQUE GUALE"
                },
                {
                    "codigo_aluno": "242(...)02",
                    "nome_aluno": "ENDRINA BETANIA RUIZ AMAYA"
                },
                {
                    "codigo_aluno": "159(...)94",
                    "nome_aluno": "FÁBIO FERNANDES FERNANDES"
                },
                {
                    "codigo_aluno": "153(...)06",
                    "nome_aluno": "GABRIELA PINHEIRO ALVES"
                },
                {
                    "codigo_aluno": "312(...)51",
                    "nome_aluno": "GABRIELA VALE RENTE"
                },
                {
                    "codigo_aluno": "311(...)68",
                    "nome_aluno": "GIL FÉLIX PAQUETE SARDINHA"
                },
                {
                    "codigo_aluno": "317(...)33",
                    "nome_aluno": "GONÇALO JOSÉ PINTO RODRIGUES"
                },
                {
                    "codigo_aluno": "305(...)57",
                    "nome_aluno": "INÊS ALEXANDRA MOREIRA DA SILVA"
                },
                {
                    "codigo_aluno": "305(...)85",
                    "nome_aluno": "INÊS REGO ALVES"
                },
                {
                    "codigo_aluno": "313(...)75",
                    "nome_aluno": "JOANA LETÍCIA DA SILVA MOREIRA"
                },
                {
                    "codigo_aluno": "312(...)42",
                    "nome_aluno": "JORGE GABRIEL FERNANDES DE CASTRO"
                },
                {
                    "codigo_aluno": "302(...)64",
                    "nome_aluno": "JÚLIA MAGALHÃES TEIXEIRA"
                },
                {
                    "codigo_aluno": "314(...)84",
                    "nome_aluno": "JULIANA DANIELA GOMES OLIVEIRA"
                },
                {
                    "codigo_aluno": "310(...)92",
                    "nome_aluno": "LARA ABREU MAZEDA"
                },
                {
                    "codigo_aluno": "157(...)91",
                    "nome_aluno": "LAURA BERNARDES ANTUNES"
                },
                {
                    "codigo_aluno": "302(...)03",
                    "nome_aluno": "LEONARDO DINIS FREITAS FERNANDES"
                },
                {
                    "codigo_aluno": "332(...)78",
                    "nome_aluno": "LEONEL MANUEL GOMES BETOQUE PINTO"
                },
                {
                    "codigo_aluno": "159(...)58",
                    "nome_aluno": "LEONOR ISABEL LOPES GOMES"
                },
                {
                    "codigo_aluno": "240(...)05",
                    "nome_aluno": "LUANA DUARTE MORALES"
                },
                {
                    "codigo_aluno": "158(...)43",
                    "nome_aluno": "LUNA MARIA FONSECA DINIS"
                },
                {
                    "codigo_aluno": "302(...)14",
                    "nome_aluno": "MAFALDA MARGARIDA CARVALHO COELHO PAES FERNANDES"
                },
                {
                    "codigo_aluno": "300(...)56",
                    "nome_aluno": "MARGARIDA MARQUES"
                },
                {
                    "codigo_aluno": "304(...)04",
                    "nome_aluno": "MARIA MADALENA GONCALVES CERQUEIRA"
                },
                {
                    "codigo_aluno": "317(...)46",
                    "nome_aluno": "MARIA PARADA GONÇALVES DE MELO REIS"
                },
                {
                    "codigo_aluno": "301(...)83",
                    "nome_aluno": "MARIANA INÊS CARNEIRO FERREIRA"
                },
                {
                    "codigo_aluno": "302(...)62",
                    "nome_aluno": "MARTA INES RIBEIRO DE SOUSA FARIA"
                },
                {
                    "codigo_aluno": "300(...)20",
                    "nome_aluno": "MIRIAM BRANDÃO OLIVEIRA"
                },
                {
                    "codigo_aluno": "152(...)52",
                    "nome_aluno": "NICOLE DANIELA ALMEIDA CAMILO"
                },
                {
                    "codigo_aluno": "324(...)24",
                    "nome_aluno": "NURI DE JESUS DA COSTA PIRES"
                },
                {
                    "codigo_aluno": "315(...)78",
                    "nome_aluno": "PAULO JORGE PEREIRA FERREIRA"
                },
                {
                    "codigo_aluno": "151(...)93",
                    "nome_aluno": "PEDRO NUNO RAMOS CARVALHO"
                },
                {
                    "codigo_aluno": "300(...)67",
                    "nome_aluno": "RICARDO GONÇALVES SILVA"
                },
                {
                    "codigo_aluno": "309(...)56",
                    "nome_aluno": "SOFIA ALEXANDRA LOGARINHO LOBO"
                },
                {
                    "codigo_aluno": "308(...)23",
                    "nome_aluno": "SOFIA AZEVEDO BORGES"
                },
                {
                    "codigo_aluno": "307(...)23",
                    "nome_aluno": "SÓNIA RAQUEL VALENTE PEREIRA"
                },
                {
                    "codigo_aluno": "309(...)72",
                    "nome_aluno": "TATIANA LOURENÇO ALVES"
                },
                {
                    "codigo_aluno": "312(...)65",
                    "nome_aluno": "TATIANA SOARES CAPELA"
                },
                {
                    "codigo_aluno": "301(...)96",
                    "nome_aluno": "TOMÁS DE CASTRO DINIS"
                },
                {
                    "codigo_aluno": "157(...)25",
                    "nome_aluno": "VASCO DA FONSECA ARRANJA"
                },
                {
                    "codigo_aluno": "312(...)38",
                    "nome_aluno": "YOHALYZ HOLIDEYZ CASTAÑO DE OLIVEIRA"
                }
            ]
        },
        {
            "codigo_curso": "9563",
            "nome_curso": "9563 - Desporto",
            "colocados": [
                {
                    "codigo_aluno": "307(...)99",
                    "nome_aluno": "ADRIANA ALMEIDA MARTINS"
                },
                {
                    "codigo_aluno": "153(...)80",
                    "nome_aluno": "AFONSO CORDEIRO LIMA"
                },
                {
                    "codigo_aluno": "315(...)54",
                    "nome_aluno": "AFONSO MIGUEL AMORIM MIRANDA"
                },
                {
                    "codigo_aluno": "153(...)09",
                    "nome_aluno": "ANDRÉ GRANJA GIRALDEZ TRAVADO"
                },
                {
                    "codigo_aluno": "307(...)75",
                    "nome_aluno": "BEATRIZ GONÇALVES MESQUITA"
                },
                {
                    "codigo_aluno": "159(...)67",
                    "nome_aluno": "DINIS VALENTE FERREIRA SANTOS ROCHA"
                },
                {
                    "codigo_aluno": "306(...)50",
                    "nome_aluno": "DIOGO MIGUEL BARBOSA MOTA"
                },
                {
                    "codigo_aluno": "303(...)52",
                    "nome_aluno": "DIOGO MIGUEL OLIVEIRA LEITE"
                },
                {
                    "codigo_aluno": "308(...)13",
                    "nome_aluno": "DIOGO TEIXEIRA MARINHO"
                },
                {
                    "codigo_aluno": "309(...)19",
                    "nome_aluno": "ÉRICA MAGALHÃES CASTRO"
                },
                {
                    "codigo_aluno": "304(...)10",
                    "nome_aluno": "FRANCISCA LEONOR DA SILVA"
                },
                {
                    "codigo_aluno": "300(...)46",
                    "nome_aluno": "FRANCISCO CAMPOS ROCHA"
                },
                {
                    "codigo_aluno": "307(...)19",
                    "nome_aluno": "FRANCISCO JOSÉ MARTA CADINHA"
                },
                {
                    "codigo_aluno": "303(...)80",
                    "nome_aluno": "FRANCISCO SANTOS TEIXEIRA"
                },
                {
                    "codigo_aluno": "153(...)11",
                    "nome_aluno": "GONÇALO ALMEIDA AZEVEDO"
                },
                {
                    "codigo_aluno": "309(...)40",
                    "nome_aluno": "GONÇALO DANIEL FERREIRA LEITE"
                },
                {
                    "codigo_aluno": "240(...)07",
                    "nome_aluno": "HANNAH RIBEIRO MENDES"
                },
                {
                    "codigo_aluno": "301(...)09",
                    "nome_aluno": "HUGO FILIPE FERREIRA AZEVEDO"
                },
                {
                    "codigo_aluno": "309(...)48",
                    "nome_aluno": "HUGO FREITAS SANTOS"
                },
                {
                    "codigo_aluno": "309(...)12",
                    "nome_aluno": "JOÃO ARAÚJO CARREIRO"
                },
                {
                    "codigo_aluno": "158(...)38",
                    "nome_aluno": "JOAO PAULO VELOSO AFONSO"
                },
                {
                    "codigo_aluno": "152(...)69",
                    "nome_aluno": "JOAO PEDRO PORTELA DA COSTA"
                },
                {
                    "codigo_aluno": "309(...)92",
                    "nome_aluno": "JOAO TADEU VIEIRA RIBEIRO"
                },
                {
                    "codigo_aluno": "300(...)46",
                    "nome_aluno": "LUCAS GONÇALVES DE ARAÚJO"
                },
                {
                    "codigo_aluno": "313(...)23",
                    "nome_aluno": "LUÍS HENRIQUE MORAIS TEIXEIRA"
                },
                {
                    "codigo_aluno": "307(...)64",
                    "nome_aluno": "MAGDA FILIPA COTOVIO MONTEIRO"
                },
                {
                    "codigo_aluno": "154(...)68",
                    "nome_aluno": "MANUEL MARIA ALVES BEZERRA MOREIRA NETO"
                },
                {
                    "codigo_aluno": "159(...)99",
                    "nome_aluno": "MANUEL MONIZ DA ROIAS"
                },
                {
                    "codigo_aluno": "309(...)54",
                    "nome_aluno": "MARCELO RODRIGUES DIOGO"
                },
                {
                    "codigo_aluno": "155(...)17",
                    "nome_aluno": "MARIA DE FÁTIMA TEIXEIRA DE CASTRO"
                },
                {
                    "codigo_aluno": "150(...)21",
                    "nome_aluno": "MARIA EDUARDA POLONI BRUNO"
                },
                {
                    "codigo_aluno": "308(...)25",
                    "nome_aluno": "MARIA JOÃO DAS NEVES MAGALHÃES"
                },
                {
                    "codigo_aluno": "309(...)72",
                    "nome_aluno": "MARIA JOAO SANTOS FERREIRA"
                },
                {
                    "codigo_aluno": "148(...)06",
                    "nome_aluno": "MARIANA GOMES MAIA"
                },
                {
                    "codigo_aluno": "152(...)96",
                    "nome_aluno": "MIGUEL ÂNGELO MIRANDÊS BRINÇO"
                },
                {
                    "codigo_aluno": "311(...)58",
                    "nome_aluno": "MIGUEL BARRELEIRO NEVES"
                },
                {
                    "codigo_aluno": "304(...)16",
                    "nome_aluno": "NUNO MIGUEL LOPES RODRIGUES"
                },
                {
                    "codigo_aluno": "305(...)35",
                    "nome_aluno": "PEDRO ALMEIDA RIBEIRO"
                },
                {
                    "codigo_aluno": "300(...)20",
                    "nome_aluno": "PEDRO ANTÓNIO ORTIZ DA SILVA"
                },
                {
                    "codigo_aluno": "152(...)70",
                    "nome_aluno": "RAFAEL MARTINS ALMEIDA"
                },
                {
                    "codigo_aluno": "300(...)15",
                    "nome_aluno": "RODRIGO ARAÚJO LOPES"
                },
                {
                    "codigo_aluno": "309(...)04",
                    "nome_aluno": "RODRIGO SANTOS RIBEIRO"
                },
                {
                    "codigo_aluno": "312(...)53",
                    "nome_aluno": "ROGÉRIO RIBEIRO DE SOUSA"
                },
                {
                    "codigo_aluno": "313(...)32",
                    "nome_aluno": "SORAIA CASTRO QUEIRÓS"
                },
                {
                    "codigo_aluno": "304(...)63",
                    "nome_aluno": "TIAGO ANDRÉ ANTAS DA COSTA VAZ"
                },
                {
                    "codigo_aluno": "300(...)41",
                    "nome_aluno": "TIAGO ANDRÉ CORREIA DAVID"
                },
                {
                    "codigo_aluno": "304(...)76",
                    "nome_aluno": "TIAGO ANDRÉ GOMES DIAS"
                },
                {
                    "codigo_aluno": "304(...)64",
                    "nome_aluno": "TIAGO DA COSTA MARTINS"
                },
                {
                    "codigo_aluno": "157(...)14",
                    "nome_aluno": "TIAGO MIGUEL GONÇALVES MONTEIRO"
                },
                {
                    "codigo_aluno": "307(...)05",
                    "nome_aluno": "TOMÁS JOSÉ PIRES PEQUITO"
                },
                {
                    "codigo_aluno": "309(...)96",
                    "nome_aluno": "TOMÁS MANUEL BATISTA CEIA"
                }
            ]
        },
        {
            "codigo_curso": "9082",
            "nome_curso": "9082 - Educação Ambiental",
            "colocados": [
                {
                    "codigo_aluno": "311(...)14",
                    "nome_aluno": "ANDREIA PATRICIA MARQUES MAGALHAES"
                },
                {
                    "codigo_aluno": "150(...)74",
                    "nome_aluno": "EMANUEL PROENÇA GOMES"
                },
                {
                    "codigo_aluno": "306(...)04",
                    "nome_aluno": "SARA SOFIA CARREIRA FERREIRA"
                }
            ]
        },
        {
            "codigo_curso": "9853",
            "nome_curso": "9853 - Educação Básica",
            "colocados": [
                {
                    "codigo_aluno": "152(...)11",
                    "nome_aluno": "ANA BEATRIZ FERNANDES SOUSA"
                },
                {
                    "codigo_aluno": "308(...)00",
                    "nome_aluno": "ANA BEATRIZ MOREIRA DA SILVA"
                },
                {
                    "codigo_aluno": "306(...)74",
                    "nome_aluno": "ANA CATARINA DA COSTA CARVALHO"
                },
                {
                    "codigo_aluno": "152(...)31",
                    "nome_aluno": "ANA LEONOR DE SOUSA RAMOS"
                },
                {
                    "codigo_aluno": "309(...)66",
                    "nome_aluno": "ANA LUISA MACHADO SILVA"
                },
                {
                    "codigo_aluno": "159(...)14",
                    "nome_aluno": "ANA MARGARIDA DE MATOS GONÇALVES"
                },
                {
                    "codigo_aluno": "310(...)42",
                    "nome_aluno": "ANA PATRÍCIA DA SILVA MOTA"
                },
                {
                    "codigo_aluno": "152(...)74",
                    "nome_aluno": "ANA RAQUEL COSTA CARVALHO"
                },
                {
                    "codigo_aluno": "156(...)70",
                    "nome_aluno": "ANA RITA MELO COSTA"
                },
                {
                    "codigo_aluno": "301(...)05",
                    "nome_aluno": "ANDREIA SUSANA MARQUES GOMES"
                },
                {
                    "codigo_aluno": "307(...)02",
                    "nome_aluno": "BEATRIZ BELEZA FERREIRA"
                },
                {
                    "codigo_aluno": "312(...)41",
                    "nome_aluno": "BEATRIZ CASTELO PINHEIRO"
                },
                {
                    "codigo_aluno": "312(...)52",
                    "nome_aluno": "BEATRIZ DA SILVA SEQUEIRA"
                },
                {
                    "codigo_aluno": "315(...)96",
                    "nome_aluno": "BEATRIZ GUIMARÃES SILVA"
                },
                {
                    "codigo_aluno": "310(...)60",
                    "nome_aluno": "BEATRIZ MEIRELES MENDES"
                },
                {
                    "codigo_aluno": "156(...)64",
                    "nome_aluno": "BERNARDO DOS SANTOS GOMES"
                },
                {
                    "codigo_aluno": "307(...)06",
                    "nome_aluno": "BRUNA RAQUEL FONSECA DOS SANTOS"
                },
                {
                    "codigo_aluno": "305(...)21",
                    "nome_aluno": "CARLA BARROS MONTENEGRO RODRIGUES"
                },
                {
                    "codigo_aluno": "156(...)11",
                    "nome_aluno": "CAROLINA PEREIRA CARDOSO BARBOSA"
                },
                {
                    "codigo_aluno": "310(...)82",
                    "nome_aluno": "CATARINA ALEXANDRA SANTOS ALVES"
                },
                {
                    "codigo_aluno": "306(...)77",
                    "nome_aluno": "CATARINA JESUS DIAS"
                },
                {
                    "codigo_aluno": "304(...)86",
                    "nome_aluno": "DANIELA FILIPA CERQUEIRA MONTEIRO"
                },
                {
                    "codigo_aluno": "315(...)98",
                    "nome_aluno": "DANIELA MARQUES SIMÕES"
                },
                {
                    "codigo_aluno": "306(...)94",
                    "nome_aluno": "DIANA ANDREIA SERENO RODRIGUES"
                },
                {
                    "codigo_aluno": "315(...)30",
                    "nome_aluno": "EDUARDA FILIPA GOMES FERREIRA"
                },
                {
                    "codigo_aluno": "152(...)43",
                    "nome_aluno": "ÉRICA FILIPA FERREIRA SILVA"
                },
                {
                    "codigo_aluno": "309(...)34",
                    "nome_aluno": "FÁTIMA DO ROSÁRIO DA COSTA RODRIGUES"
                },
                {
                    "codigo_aluno": "302(...)63",
                    "nome_aluno": "FRANCISCA MARQUES JESUS"
                },
                {
                    "codigo_aluno": "159(...)47",
                    "nome_aluno": "FRANCISCA MARQUES MATOS"
                },
                {
                    "codigo_aluno": "151(...)51",
                    "nome_aluno": "FRANCISCA VALENTE PINTO GOMES"
                },
                {
                    "codigo_aluno": "150(...)28",
                    "nome_aluno": "GABRIELA SOFIA BARROS PEREIRA"
                },
                {
                    "codigo_aluno": "154(...)74",
                    "nome_aluno": "HELENA MESQUITA CORREIA"
                },
                {
                    "codigo_aluno": "310(...)01",
                    "nome_aluno": "INÊS FABIANA BESSA SOARES FERREIRA"
                },
                {
                    "codigo_aluno": "314(...)98",
                    "nome_aluno": "INÊS MARIA ALVES MONTEIRO"
                },
                {
                    "codigo_aluno": "300(...)18",
                    "nome_aluno": "INÊS MOURA MACHADO DE MACEDO TEIXEIRA"
                },
                {
                    "codigo_aluno": "154(...)07",
                    "nome_aluno": "INES PATRÍCIA MARTINS RIBEIRO"
                },
                {
                    "codigo_aluno": "155(...)91",
                    "nome_aluno": "INÊS SOFIA BENTO FRAGA"
                },
                {
                    "codigo_aluno": "306(...)21",
                    "nome_aluno": "INÊS SOFIA FARIA AFONSO"
                },
                {
                    "codigo_aluno": "156(...)07",
                    "nome_aluno": "JÉSSICA RIBEIRO SIMÕES"
                },
                {
                    "codigo_aluno": "314(...)35",
                    "nome_aluno": "JOANA MARGARIDA DE SOUSA ALMEIDA"
                },
                {
                    "codigo_aluno": "303(...)88",
                    "nome_aluno": "JOANA NICOLE RIBEIRO GOMES"
                },
                {
                    "codigo_aluno": "154(...)90",
                    "nome_aluno": "JOÃO FREDERICO FRANCO COELHO"
                },
                {
                    "codigo_aluno": "304(...)37",
                    "nome_aluno": "JOÃO PEDRO SEQUEIRA PINTO"
                },
                {
                    "codigo_aluno": "301(...)24",
                    "nome_aluno": "LARA MOTA TEIXEIRA"
                },
                {
                    "codigo_aluno": "314(...)92",
                    "nome_aluno": "LEONOR MARTINS ARAUJO"
                },
                {
                    "codigo_aluno": "309(...)57",
                    "nome_aluno": "LETÍCIA GONÇALVES MARTINS"
                },
                {
                    "codigo_aluno": "303(...)53",
                    "nome_aluno": "LETICIA JESUS RESENDE"
                },
                {
                    "codigo_aluno": "303(...)24",
                    "nome_aluno": "LETÍCIA MACHADO FERNANDES"
                },
                {
                    "codigo_aluno": "313(...)02",
                    "nome_aluno": "MARGARIDA CASTRO CUNHA"
                },
                {
                    "codigo_aluno": "315(...)41",
                    "nome_aluno": "MARGARIDA DA SILVA MOREDA"
                },
                {
                    "codigo_aluno": "307(...)38",
                    "nome_aluno": "MARGARIDA DOS SANTOS COSTA"
                },
                {
                    "codigo_aluno": "307(...)36",
                    "nome_aluno": "MARGARIDA FERREIRA COSTA"
                },
                {
                    "codigo_aluno": "302(...)73",
                    "nome_aluno": "MARIA CLARA SILVA OLIVEIRA"
                },
                {
                    "codigo_aluno": "303(...)66",
                    "nome_aluno": "MARIA ISABEL MARQUES DAMÁSIO"
                },
                {
                    "codigo_aluno": "309(...)88",
                    "nome_aluno": "MARIA JOÃO PEREIRA DIAS"
                },
                {
                    "codigo_aluno": "306(...)35",
                    "nome_aluno": "MARIA JOÃO SALGADO DOMINGUES"
                },
                {
                    "codigo_aluno": "309(...)30",
                    "nome_aluno": "MARIANA FERNANDES CAÇÃO"
                },
                {
                    "codigo_aluno": "159(...)06",
                    "nome_aluno": "MARIANA LOPES GONÇALVES"
                },
                {
                    "codigo_aluno": "314(...)34",
                    "nome_aluno": "MARIANA SOUSA SOARES"
                },
                {
                    "codigo_aluno": "150(...)91",
                    "nome_aluno": "MARTA MALHEIRO MACHADO"
                },
                {
                    "codigo_aluno": "149(...)09",
                    "nome_aluno": "MATILDE LOPES RIBEIRO"
                },
                {
                    "codigo_aluno": "309(...)11",
                    "nome_aluno": "MATILDE REGO LEITE"
                },
                {
                    "codigo_aluno": "314(...)42",
                    "nome_aluno": "NUNO RICARDO MELO RIBEIRO"
                },
                {
                    "codigo_aluno": "148(...)31",
                    "nome_aluno": "NÚRIA FONSECA RICARDO"
                },
                {
                    "codigo_aluno": "309(...)32",
                    "nome_aluno": "RITA MARGARIDA MOREIRA COELHO DA SILVA"
                },
                {
                    "codigo_aluno": "152(...)99",
                    "nome_aluno": "RITA RODRIGUES BARBOSA DE MACEDO"
                },
                {
                    "codigo_aluno": "302(...)71",
                    "nome_aluno": "RODRIGO ALEXANDRE PUGA OLIVEIRA"
                },
                {
                    "codigo_aluno": "308(...)56",
                    "nome_aluno": "SOFIA ALEXANDRA DOS SANTOS FERNANDES"
                },
                {
                    "codigo_aluno": "318(...)29",
                    "nome_aluno": "SÓNIA LEONOR PINTO DA CUNHA"
                },
                {
                    "codigo_aluno": "303(...)25",
                    "nome_aluno": "SORAIA CATARINA TORRÃO LANDEIRA"
                },
                {
                    "codigo_aluno": "159(...)73",
                    "nome_aluno": "SORAIA DUARTE SILVA"
                },
                {
                    "codigo_aluno": "157(...)01",
                    "nome_aluno": "VITÓRIA EMANUEL LONGRAS RODRIGUES"
                }
            ]
        },
        {
            "codigo_curso": "9084",
            "nome_curso": "9084 - Educação Social",
            "colocados": [
                {
                    "codigo_aluno": "304(...)64",
                    "nome_aluno": "ADALGISA MARIA TORRES NEVES"
                },
                {
                    "codigo_aluno": "154(...)04",
                    "nome_aluno": "AFONSO DA CRUZ MORAIS"
                },
                {
                    "codigo_aluno": "307(...)35",
                    "nome_aluno": "ALEXANDRA RAQUEL MESQUITA LOPES"
                },
                {
                    "codigo_aluno": "314(...)54",
                    "nome_aluno": "AMANDA FILIPA RODRIGUES CARVALHO"
                },
                {
                    "codigo_aluno": "150(...)07",
                    "nome_aluno": "ANA BEATRIZ REIS EUSEBIO"
                },
                {
                    "codigo_aluno": "154(...)31",
                    "nome_aluno": "ANA CATARINA CHAVES DA SILVA"
                },
                {
                    "codigo_aluno": "305(...)07",
                    "nome_aluno": "ANA CATARINA LEITE DA SILVA"
                },
                {
                    "codigo_aluno": "307(...)74",
                    "nome_aluno": "ANA CATARINA MARTINS FERREIRA"
                },
                {
                    "codigo_aluno": "240(...)22",
                    "nome_aluno": "ANA CLARA LINHARES CAVALHEIRO"
                },
                {
                    "codigo_aluno": "316(...)10",
                    "nome_aluno": "ANA FRANCISCA MENDES SOUTELO DO VALE"
                },
                {
                    "codigo_aluno": "304(...)42",
                    "nome_aluno": "ANA LEONOR SILVA COSTA"
                },
                {
                    "codigo_aluno": "315(...)94",
                    "nome_aluno": "ANA LUIS MOREIRA MENDES"
                },
                {
                    "codigo_aluno": "309(...)90",
                    "nome_aluno": "ANA MARGARIDA MONTEIRO PACHECO"
                },
                {
                    "codigo_aluno": "303(...)20",
                    "nome_aluno": "ANDRÉ ALEXANDRE ALBERTO PADRÃO"
                },
                {
                    "codigo_aluno": "307(...)52",
                    "nome_aluno": "ANDREIA CATARINA COELHO BARBOSA"
                },
                {
                    "codigo_aluno": "309(...)08",
                    "nome_aluno": "ÂNGELA DANIELA DA SILVA COIMBRA"
                },
                {
                    "codigo_aluno": "152(...)00",
                    "nome_aluno": "BEATRIZ ABREU NOGUEIRA"
                },
                {
                    "codigo_aluno": "302(...)55",
                    "nome_aluno": "BEATRIZ JESUS REBELO"
                },
                {
                    "codigo_aluno": "153(...)84",
                    "nome_aluno": "BEATRIZ JOSÉ SOARES LOPES"
                },
                {
                    "codigo_aluno": "304(...)60",
                    "nome_aluno": "BEATRIZ LOPES CARNEIRO"
                },
                {
                    "codigo_aluno": "307(...)70",
                    "nome_aluno": "BEATRIZ NASCIMENTO GONÇALVES"
                },
                {
                    "codigo_aluno": "149(...)23",
                    "nome_aluno": "BEATRIZ SIGRE REIS CAPELAS"
                },
                {
                    "codigo_aluno": "157(...)99",
                    "nome_aluno": "BEATRIZ VILAÇA RODRIGUES"
                },
                {
                    "codigo_aluno": "314(...)04",
                    "nome_aluno": "CARLOS FILIPE BARBOSA OLIVEIRA"
                },
                {
                    "codigo_aluno": "300(...)03",
                    "nome_aluno": "CAROLINA MARIA COELHO ROCHA"
                },
                {
                    "codigo_aluno": "301(...)87",
                    "nome_aluno": "CAROLINA MIRANDA SALGADO"
                },
                {
                    "codigo_aluno": "310(...)66",
                    "nome_aluno": "CAROLINA SALOMÉ DA SILVA NUNES"
                },
                {
                    "codigo_aluno": "309(...)95",
                    "nome_aluno": "CÁTIA SOFIA ABREU MAGALHÃES"
                },
                {
                    "codigo_aluno": "159(...)77",
                    "nome_aluno": "DANIELA SILVA DUARTE"
                },
                {
                    "codigo_aluno": "303(...)77",
                    "nome_aluno": "DIANA LOPES MOURA"
                },
                {
                    "codigo_aluno": "152(...)19",
                    "nome_aluno": "DIEGO MAGALHÃES DA MOTA"
                },
                {
                    "codigo_aluno": "303(...)66",
                    "nome_aluno": "EDUARDA MACHADO MOURA"
                },
                {
                    "codigo_aluno": "305(...)35",
                    "nome_aluno": "ÉRICA GABRIELA VIEITAS PIRES"
                },
                {
                    "codigo_aluno": "301(...)16",
                    "nome_aluno": "ÉRICA SOFIA MOREIRA PIRES"
                },
                {
                    "codigo_aluno": "318(...)25",
                    "nome_aluno": "FABIANA DANIELA DUARTE MOREIRA"
                },
                {
                    "codigo_aluno": "306(...)85",
                    "nome_aluno": "HELDER RAFAEL FREITAS GONÇALVES"
                },
                {
                    "codigo_aluno": "309(...)24",
                    "nome_aluno": "INÊS CATARINA TEIXEIRA DIAS CUNHA BERNARDO"
                },
                {
                    "codigo_aluno": "318(...)05",
                    "nome_aluno": "ÍRIS MARIA DO COUTO SILVA"
                },
                {
                    "codigo_aluno": "310(...)87",
                    "nome_aluno": "JOANA FILIPA ALVES COSTA"
                },
                {
                    "codigo_aluno": "153(...)19",
                    "nome_aluno": "JOANA ISABEL DA SILVA PAIVA"
                },
                {
                    "codigo_aluno": "317(...)47",
                    "nome_aluno": "JOANA MANUELA CORREIA TEIXEIRA"
                },
                {
                    "codigo_aluno": "301(...)37",
                    "nome_aluno": "JOANA RAQUEL PIRES JECAS"
                },
                {
                    "codigo_aluno": "312(...)53",
                    "nome_aluno": "JOSÉ FILIPE MONTEIRO MARINHO"
                },
                {
                    "codigo_aluno": "315(...)51",
                    "nome_aluno": "LARA SOFIA FERNANDES OLIVEIRA"
                },
                {
                    "codigo_aluno": "300(...)33",
                    "nome_aluno": "LEONOR COSTA FERREIRA"
                },
                {
                    "codigo_aluno": "318(...)21",
                    "nome_aluno": "LEONOR NOGUEIRA PINTO"
                },
                {
                    "codigo_aluno": "154(...)90",
                    "nome_aluno": "LEONOR PATRICIO SOUSA BORGES"
                },
                {
                    "codigo_aluno": "303(...)17",
                    "nome_aluno": "LETICIA FERREIRA DA SILVA"
                },
                {
                    "codigo_aluno": "306(...)01",
                    "nome_aluno": "LILIANA ISABEL BARROSO LEITAO"
                },
                {
                    "codigo_aluno": "306(...)00",
                    "nome_aluno": "MADALENA ARAÚJO SOUSA PINTO"
                },
                {
                    "codigo_aluno": "307(...)09",
                    "nome_aluno": "MARGARIDA ISABEL FEIJÃO SEQUEIRA"
                },
                {
                    "codigo_aluno": "303(...)97",
                    "nome_aluno": "MARIA DO CARMO MARQUES PEREIRA"
                },
                {
                    "codigo_aluno": "152(...)87",
                    "nome_aluno": "MARIA GUEDES PANDO"
                },
                {
                    "codigo_aluno": "153(...)73",
                    "nome_aluno": "MARIA INÊS SILVA SOARES"
                },
                {
                    "codigo_aluno": "306(...)37",
                    "nome_aluno": "MARIANA COSTA OLIVEIRA"
                },
                {
                    "codigo_aluno": "302(...)47",
                    "nome_aluno": "MARIANA FILIPA FERREIRA VAZ"
                },
                {
                    "codigo_aluno": "159(...)77",
                    "nome_aluno": "MARIANA OLIVEIRA ALMEIDA"
                },
                {
                    "codigo_aluno": "312(...)59",
                    "nome_aluno": "MARIANA SILVA BRAGANÇA"
                },
                {
                    "codigo_aluno": "304(...)52",
                    "nome_aluno": "MARINA MACEDO SOUSA"
                },
                {
                    "codigo_aluno": "312(...)59",
                    "nome_aluno": "MARTA ISABEL CANADO GOMES"
                },
                {
                    "codigo_aluno": "307(...)31",
                    "nome_aluno": "MATILDE ALVES DA SILVA"
                },
                {
                    "codigo_aluno": "145(...)06",
                    "nome_aluno": "MICAELA COELHO PAIVA"
                },
                {
                    "codigo_aluno": "152(...)55",
                    "nome_aluno": "MORGANE MARTINS CONSTANTE"
                },
                {
                    "codigo_aluno": "307(...)46",
                    "nome_aluno": "PATRÍCIA ALEXANDRA VIEIRA DA SILVA"
                },
                {
                    "codigo_aluno": "314(...)73",
                    "nome_aluno": "PATRÍCIA TAVARES SANTOS SILVA"
                },
                {
                    "codigo_aluno": "325(...)84",
                    "nome_aluno": "RITA DANIELA BANDE RAJADO"
                },
                {
                    "codigo_aluno": "300(...)91",
                    "nome_aluno": "SARA CARVALHO SILVA"
                },
                {
                    "codigo_aluno": "155(...)27",
                    "nome_aluno": "SARA HERDEIRO ALMENDRA"
                },
                {
                    "codigo_aluno": "300(...)36",
                    "nome_aluno": "SORAIA DOS RAMOS PEREIRA"
                },
                {
                    "codigo_aluno": "310(...)27",
                    "nome_aluno": "TATIANA SOFIA PROENÇA GOMES"
                },
                {
                    "codigo_aluno": "309(...)48",
                    "nome_aluno": "VANESSA MONTEIRO DE SOUSA"
                },
                {
                    "codigo_aluno": "309(...)08",
                    "nome_aluno": "VANESSA NATÉRCIA SOARES AMORIM"
                },
                {
                    "codigo_aluno": "312(...)67",
                    "nome_aluno": "VERA FILIPA LIMA MENDES"
                }
            ]
        },
        {
            "codigo_curso": "8323",
            "nome_curso": "8323 - Línguas Estrangeiras: Inglês e Espanhol",
            "colocados": [
                {
                    "codigo_aluno": "150(...)65",
                    "nome_aluno": "AINOA PETROVIC MARTINS"
                },
                {
                    "codigo_aluno": "316(...)46",
                    "nome_aluno": "ANA CAROLINA MARTINS PEREIRA"
                },
                {
                    "codigo_aluno": "152(...)21",
                    "nome_aluno": "ANTÓNIO MARIA RIBEIRO NEIVA MOTA PREGO"
                },
                {
                    "codigo_aluno": "302(...)40",
                    "nome_aluno": "BRUNO MANUEL AMORIM CERQUEIRA"
                },
                {
                    "codigo_aluno": "302(...)24",
                    "nome_aluno": "DANIELA FERREIRA SANTOS"
                },
                {
                    "codigo_aluno": "303(...)83",
                    "nome_aluno": "DIANA MACHADO SILVA"
                },
                {
                    "codigo_aluno": "154(...)02",
                    "nome_aluno": "DILAN MANUEL ALEGRIA DA ROCHA"
                },
                {
                    "codigo_aluno": "308(...)73",
                    "nome_aluno": "DIOGO MIGUEL CARVALHO SANTOS"
                },
                {
                    "codigo_aluno": "328(...)05",
                    "nome_aluno": "ELENA QUINTES MONNERAT"
                },
                {
                    "codigo_aluno": "156(...)73",
                    "nome_aluno": "ELIANA FAUSTINO NASCIMENTO DA SILVA"
                },
                {
                    "codigo_aluno": "307(...)08",
                    "nome_aluno": "ELIZA ANTÓNIA MADEIRA SILVA"
                },
                {
                    "codigo_aluno": "180(...)57",
                    "nome_aluno": "ELLEN DE SOUZA LUIZ AMBROZINI"
                },
                {
                    "codigo_aluno": "302(...)12",
                    "nome_aluno": "ÉRICA CARDOSO ALVES"
                },
                {
                    "codigo_aluno": "306(...)99",
                    "nome_aluno": "FILIPA ANGELINA OLIVEIRA MARTINS"
                },
                {
                    "codigo_aluno": "312(...)51",
                    "nome_aluno": "GUILHERME CÂNDIDO SOARES"
                },
                {
                    "codigo_aluno": "305(...)99",
                    "nome_aluno": "GUILHERME MARTINS GOUVEIA"
                },
                {
                    "codigo_aluno": "303(...)69",
                    "nome_aluno": "GUILHERME PEREIRA MENDES"
                },
                {
                    "codigo_aluno": "152(...)23",
                    "nome_aluno": "IVO ANDRÉ FERNANDES SOUSA"
                },
                {
                    "codigo_aluno": "313(...)59",
                    "nome_aluno": "JOÃO PEDRO MAGALHÃES CAMELO RIBEIRO"
                },
                {
                    "codigo_aluno": "311(...)63",
                    "nome_aluno": "JORGE DANIEL PEREIRA CARVALHO"
                },
                {
                    "codigo_aluno": "301(...)66",
                    "nome_aluno": "JÚLIA BARBOSA PEREIRA"
                },
                {
                    "codigo_aluno": "305(...)62",
                    "nome_aluno": "LARA ISABEL ALBUQUERQUE FONSECA"
                },
                {
                    "codigo_aluno": "307(...)73",
                    "nome_aluno": "LARA MARINHO DA CUNHA PINTO"
                },
                {
                    "codigo_aluno": "159(...)99",
                    "nome_aluno": "LORENA BARROS LOURENÇO"
                },
                {
                    "codigo_aluno": "315(...)37",
                    "nome_aluno": "LUANA OLIVEIRA REIS"
                },
                {
                    "codigo_aluno": "154(...)11",
                    "nome_aluno": "MAFALDA INES FIGUEIREDO SEQUEIRA"
                },
                {
                    "codigo_aluno": "308(...)18",
                    "nome_aluno": "MARGARIDA DOS SANTOS FERREIRA"
                },
                {
                    "codigo_aluno": "307(...)45",
                    "nome_aluno": "MARIA CORREIA PINTO"
                },
                {
                    "codigo_aluno": "303(...)96",
                    "nome_aluno": "MARIANA FILIPE DIAS CIPRIANO"
                },
                {
                    "codigo_aluno": "158(...)60",
                    "nome_aluno": "MARIANA MORAIS TEIXEIRA"
                },
                {
                    "codigo_aluno": "309(...)25",
                    "nome_aluno": "MARIANA TEIXEIRA DE QUEIROZ"
                },
                {
                    "codigo_aluno": "302(...)16",
                    "nome_aluno": "MICAELA SOARES ALMEIDA"
                },
                {
                    "codigo_aluno": "310(...)09",
                    "nome_aluno": "NAÍSA BULHÕES GUERRA"
                },
                {
                    "codigo_aluno": "312(...)72",
                    "nome_aluno": "NUNO MIGUEL SOARES DA ROCHA"
                },
                {
                    "codigo_aluno": "317(...)68",
                    "nome_aluno": "PATRÍCIA RODRIGO IGREJA"
                },
                {
                    "codigo_aluno": "306(...)62",
                    "nome_aluno": "PAULO NEVES VIEIRA"
                },
                {
                    "codigo_aluno": "303(...)06",
                    "nome_aluno": "PEDRO MIGUEL GERALDES NETO"
                },
                {
                    "codigo_aluno": "316(...)75",
                    "nome_aluno": "SOFIA OLIVEIRA SANTOS"
                },
                {
                    "codigo_aluno": "300(...)42",
                    "nome_aluno": "VASCO MANUEL FERNANDES GONZALEZ LUCAS"
                }
            ]
        },
        {
            "codigo_curso": "8374",
            "nome_curso": "8374 - Línguas para Relações Internacionais",
            "colocados": [
                {
                    "codigo_aluno": "308(...)69",
                    "nome_aluno": "ALEXANDRA OLIVEIRA DOS SANTOS"
                },
                {
                    "codigo_aluno": "152(...)51",
                    "nome_aluno": "ANA CAROLINA BUSQUIM MIRRA TEIXEIRA"
                },
                {
                    "codigo_aluno": "309(...)68",
                    "nome_aluno": "ANA CATARINA DA SILVA TEIXEIRA"
                },
                {
                    "codigo_aluno": "301(...)66",
                    "nome_aluno": "ANA CATARINA MIRANDA DA CUNHA"
                },
                {
                    "codigo_aluno": "317(...)77",
                    "nome_aluno": "ANA FRANCISCA PEREIRA FREITAS DE MACEDO ALVES"
                },
                {
                    "codigo_aluno": "309(...)27",
                    "nome_aluno": "ANA MARIA SOARES"
                },
                {
                    "codigo_aluno": "318(...)38",
                    "nome_aluno": "ANDRÉ BANAKH"
                },
                {
                    "codigo_aluno": "305(...)35",
                    "nome_aluno": "ANDREIA FILIPA PEREIRA MEDEIROS"
                },
                {
                    "codigo_aluno": "314(...)71",
                    "nome_aluno": "ANDREIA SOFIA DA COSTA PAIVA"
                },
                {
                    "codigo_aluno": "307(...)07",
                    "nome_aluno": "BEATRIZ CARDOSO DOS SANTOS"
                },
                {
                    "codigo_aluno": "314(...)85",
                    "nome_aluno": "BEATRIZ CATARINA BORGES GOMES DA COSTA"
                },
                {
                    "codigo_aluno": "309(...)62",
                    "nome_aluno": "BEATRIZ PENAFRIA MARTINS"
                },
                {
                    "codigo_aluno": "153(...)65",
                    "nome_aluno": "CARLA MARIA AREIAS DIAS"
                },
                {
                    "codigo_aluno": "309(...)50",
                    "nome_aluno": "CAROLINA MARTINS PIRES"
                },
                {
                    "codigo_aluno": "153(...)30",
                    "nome_aluno": "CATARINA SOFIA MENDONÇA PESTANA"
                },
                {
                    "codigo_aluno": "306(...)16",
                    "nome_aluno": "CÁTIA ISABEL FERNANDES LOPES"
                },
                {
                    "codigo_aluno": "154(...)01",
                    "nome_aluno": "CLARA FIDALGO GONÇALVES"
                },
                {
                    "codigo_aluno": "156(...)86",
                    "nome_aluno": "CONSTANÇA MARQUES SOUSA DO COUTO ALEXANDRE"
                },
                {
                    "codigo_aluno": "306(...)42",
                    "nome_aluno": "DAVID CRESPO SANTOS"
                },
                {
                    "codigo_aluno": "301(...)60",
                    "nome_aluno": "DUARTE MADEIRA XAMBRE"
                },
                {
                    "codigo_aluno": "240(...)06",
                    "nome_aluno": "ELOAH MARTINS PEREIRA MARQUES LANKORESK"
                },
                {
                    "codigo_aluno": "304(...)11",
                    "nome_aluno": "ERICA BRUNA FREIRE DA SILVA"
                },
                {
                    "codigo_aluno": "155(...)76",
                    "nome_aluno": "EVA LUNA MOTA PIRES"
                },
                {
                    "codigo_aluno": "311(...)34",
                    "nome_aluno": "EVA OLIVEIRA PINHEIRO"
                },
                {
                    "codigo_aluno": "153(...)98",
                    "nome_aluno": "FRANCISCO MANUEL E SILVA"
                },
                {
                    "codigo_aluno": "307(...)99",
                    "nome_aluno": "INES DA SILVA VIEIRA"
                },
                {
                    "codigo_aluno": "306(...)17",
                    "nome_aluno": "INÊS DE SOUSA CARDOSO"
                },
                {
                    "codigo_aluno": "312(...)62",
                    "nome_aluno": "INÊS FELGUEIRAS PINTO"
                },
                {
                    "codigo_aluno": "307(...)21",
                    "nome_aluno": "INÊS FILIPA MASSEIRA TORRÃO"
                },
                {
                    "codigo_aluno": "309(...)19",
                    "nome_aluno": "INES GUEDES FERREIRA"
                },
                {
                    "codigo_aluno": "305(...)54",
                    "nome_aluno": "INÊS TAVARES MARTINS DE ALMEIDA"
                },
                {
                    "codigo_aluno": "316(...)68",
                    "nome_aluno": "JÉSSICA ALEXANDRA BAPTISTA ALBINO"
                },
                {
                    "codigo_aluno": "306(...)81",
                    "nome_aluno": "JOANA PORTELA GOMES"
                },
                {
                    "codigo_aluno": "315(...)27",
                    "nome_aluno": "JOÃO ALEXANDRE PACHECO PEREIRA MANSILHA"
                },
                {
                    "codigo_aluno": "306(...)80",
                    "nome_aluno": "JOÃO EDUARDO TEIXEIRA CONCEIÇÃO"
                },
                {
                    "codigo_aluno": "301(...)55",
                    "nome_aluno": "JOÃO PEDRO FERREIRA BORGES"
                },
                {
                    "codigo_aluno": "159(...)23",
                    "nome_aluno": "JOÃO PEDRO SANTOS FERNANDES"
                },
                {
                    "codigo_aluno": "301(...)71",
                    "nome_aluno": "JOÃO TIAGO LOPES SIMÕES"
                },
                {
                    "codigo_aluno": "240(...)04",
                    "nome_aluno": "JOHANNA NICOLE GALLEGOS GARAY"
                },
                {
                    "codigo_aluno": "305(...)17",
                    "nome_aluno": "JORGE PERES DA CUNHA"
                },
                {
                    "codigo_aluno": "312(...)51",
                    "nome_aluno": "LARA MANUELA FERREIRA MENDES"
                },
                {
                    "codigo_aluno": "309(...)11",
                    "nome_aluno": "MARIA DOMINGOS DINIZ"
                },
                {
                    "codigo_aluno": "301(...)56",
                    "nome_aluno": "MARIA MADAÍL DE SOUSA"
                },
                {
                    "codigo_aluno": "306(...)46",
                    "nome_aluno": "MARIA MARQUES LEMOS"
                },
                {
                    "codigo_aluno": "307(...)89",
                    "nome_aluno": "MARIANA SOUSA MARQUES"
                },
                {
                    "codigo_aluno": "240(...)41",
                    "nome_aluno": "MELISSA YASSUNAGA DE MELO"
                },
                {
                    "codigo_aluno": "311(...)98",
                    "nome_aluno": "NICOLE SANTOS LOURENÇO"
                },
                {
                    "codigo_aluno": "307(...)80",
                    "nome_aluno": "PEDRO GONÇALO FERREIRA QUEIRÓS"
                },
                {
                    "codigo_aluno": "150(...)73",
                    "nome_aluno": "RAFAEL JOSÉ SILVA VIDIGAL"
                },
                {
                    "codigo_aluno": "154(...)88",
                    "nome_aluno": "RAQUEL SOUSA DA SILVA"
                },
                {
                    "codigo_aluno": "159(...)41",
                    "nome_aluno": "RICARDO FIRMINO MARTINS"
                },
                {
                    "codigo_aluno": "154(...)63",
                    "nome_aluno": "RICARDO JORGE OLIVEIRA CASTRO"
                },
                {
                    "codigo_aluno": "309(...)03",
                    "nome_aluno": "RITA CARDOSO RAPOSO"
                },
                {
                    "codigo_aluno": "309(...)04",
                    "nome_aluno": "SAMUEL LOPES GUERRA"
                },
                {
                    "codigo_aluno": "304(...)45",
                    "nome_aluno": "SARA FILIPA FERNANDES PIRES"
                },
                {
                    "codigo_aluno": "300(...)32",
                    "nome_aluno": "SARA RAQUEL DE ALMEIDA LOPES"
                },
                {
                    "codigo_aluno": "154(...)12",
                    "nome_aluno": "TATIANA SOFIA TELES PINTO"
                },
                {
                    "codigo_aluno": "153(...)07",
                    "nome_aluno": "TIAGO RODRIGUES RAMADAS PIRES DA SILVA"
                },
                {
                    "codigo_aluno": "151(...)93",
                    "nome_aluno": "TOMÁS MARIA BRAGA BARTOSCH SAMPAIO PIMENTEL"
                },
                {
                    "codigo_aluno": "307(...)88",
                    "nome_aluno": "VÍTOR GUILHERME LUÍS FERREIRA"
                },
                {
                    "codigo_aluno": "153(...)21",
                    "nome_aluno": "YARAH MARTINS BENSELLAM"
                }
            ]
        },
        {
            "codigo_curso": "L175",
            "nome_curso": "L175 - Música em Contextos Comunitários",
            "colocados": [
                {
                    "codigo_aluno": "155(...)03",
                    "nome_aluno": "SÍLVIA MARISA QUINTAL GÓIS"
                }
            ]
        },
        {
            "codigo_curso": "L088",
            "nome_curso": "L088 - Relações Lusófonas e Língua Portuguesa",
            "colocados": [
                {
                    "codigo_aluno": "305(...)08",
                    "nome_aluno": "ANA LUÍSA LOPES BORGES"
                },
                {
                    "codigo_aluno": "309(...)43",
                    "nome_aluno": "MÁRIO JOÃO NUNES DO COUTO"
                },
                {
                    "codigo_aluno": "312(...)28",
                    "nome_aluno": "RITA ISABEL CORREIA LOPES"
                }
            ]
        }
    ]
}