{
    "codigo_universidade": "3051",
    "nome_universidade": "3051 - Instituto Politécnico de Castelo Branco - Escola Superior Agrária de Castelo Branco",
    "cursos": [
        {
            "codigo_curso": "9003",
            "nome_curso": "9003 - Agronomia",
            "colocados": [
                {
                    "codigo_aluno": "309(...)35",
                    "nome_aluno": "BERNARDO MENDES MARTINS"
                },
                {
                    "codigo_aluno": "308(...)37",
                    "nome_aluno": "DANIELA VAZ MARTINS"
                },
                {
                    "codigo_aluno": "308(...)07",
                    "nome_aluno": "EDUARDO MIGUEL DIAS GONÇALVES"
                },
                {
                    "codigo_aluno": "158(...)23",
                    "nome_aluno": "RODRIGO SERRA ISABELINHA GUITA"
                },
                {
                    "codigo_aluno": "154(...)79",
                    "nome_aluno": "SANDRO FARIAS MARQUES"
                },
                {
                    "codigo_aluno": "308(...)45",
                    "nome_aluno": "TATIANA ALEXANDRA MOREIRA SILVA"
                }
            ]
        },
        {
            "codigo_curso": "L093",
            "nome_curso": "L093 - Biotecnologia Alimentar",
            "colocados": [
                {
                    "codigo_aluno": "240(...)14",
                    "nome_aluno": "CAMILA DANIEL GUERRA"
                },
                {
                    "codigo_aluno": "304(...)44",
                    "nome_aluno": "LEONARDO FILIPE MARQUES SILVÉRIO"
                },
                {
                    "codigo_aluno": "158(...)10",
                    "nome_aluno": "SIMONE LOPES FERNANDES"
                },
                {
                    "codigo_aluno": "305(...)74",
                    "nome_aluno": "TOMÁS GORDO PINHEIRO"
                }
            ]
        },
        {
            "codigo_curso": "9085",
            "nome_curso": "9085 - Enfermagem Veterinária",
            "colocados": [
                {
                    "codigo_aluno": "306(...)05",
                    "nome_aluno": "ADRIANA PEREIRA SILVA"
                },
                {
                    "codigo_aluno": "307(...)46",
                    "nome_aluno": "AFONSO NORTE MATIAS COSTA"
                },
                {
                    "codigo_aluno": "307(...)77",
                    "nome_aluno": "ALICE MARIA OLIVEIRA PESCADA"
                },
                {
                    "codigo_aluno": "314(...)32",
                    "nome_aluno": "ANA LÚCIA AMARAL NUNES"
                },
                {
                    "codigo_aluno": "314(...)43",
                    "nome_aluno": "ANA RITA DA SILVA FAUSTINO"
                },
                {
                    "codigo_aluno": "310(...)83",
                    "nome_aluno": "ANA RITA DE MELO BOAVIDA"
                },
                {
                    "codigo_aluno": "310(...)13",
                    "nome_aluno": "ANA SOFIA DINIS FRIAS"
                },
                {
                    "codigo_aluno": "159(...)47",
                    "nome_aluno": "ANDRÉ ANDRADE SANTOS MOFIRRA"
                },
                {
                    "codigo_aluno": "302(...)74",
                    "nome_aluno": "BEATRIZ ISABEL SEMEDO RIBEIRO"
                },
                {
                    "codigo_aluno": "305(...)36",
                    "nome_aluno": "BEATRIZ MATEUS RIBEIRO"
                },
                {
                    "codigo_aluno": "306(...)33",
                    "nome_aluno": "BERNARDO FRANCISCO AREIA FELIZARDO"
                },
                {
                    "codigo_aluno": "305(...)77",
                    "nome_aluno": "BIANCA INÊS NETO ANTUNES"
                },
                {
                    "codigo_aluno": "159(...)75",
                    "nome_aluno": "BIANCA VIDREIRO BIZARRO"
                },
                {
                    "codigo_aluno": "309(...)04",
                    "nome_aluno": "CAMILA SILVANA ALVES VILA"
                },
                {
                    "codigo_aluno": "154(...)45",
                    "nome_aluno": "CARLA REI DA SILVA"
                },
                {
                    "codigo_aluno": "156(...)65",
                    "nome_aluno": "CAROLINA MARIA SILVA MENDES"
                },
                {
                    "codigo_aluno": "300(...)61",
                    "nome_aluno": "CRISTINA BANDARRA FERREIRA DA SILVA"
                },
                {
                    "codigo_aluno": "303(...)45",
                    "nome_aluno": "EVA SENA DE ALMEIDA"
                },
                {
                    "codigo_aluno": "149(...)84",
                    "nome_aluno": "GONÇALO NISA FERNANDES"
                },
                {
                    "codigo_aluno": "306(...)92",
                    "nome_aluno": "INÊS DA FONTE VALENTE"
                },
                {
                    "codigo_aluno": "153(...)85",
                    "nome_aluno": "ÍRIS CAROLINA RATO DUARTE"
                },
                {
                    "codigo_aluno": "310(...)43",
                    "nome_aluno": "JOÃO FRANCISCO SALGUEIRO ALVES"
                },
                {
                    "codigo_aluno": "313(...)68",
                    "nome_aluno": "JOÃO RODRIGUES ISIDRO"
                },
                {
                    "codigo_aluno": "159(...)81",
                    "nome_aluno": "LARA RAFAELA BACALHAU RODRIGUES"
                },
                {
                    "codigo_aluno": "158(...)36",
                    "nome_aluno": "LUCIANA SOUSA DE MATOS PIRES"
                },
                {
                    "codigo_aluno": "305(...)29",
                    "nome_aluno": "MADALENA BEATRIZ FARINHA FIGUEIREDO"
                },
                {
                    "codigo_aluno": "153(...)42",
                    "nome_aluno": "MADALENA ROBALO PORTIJO E SILVA"
                },
                {
                    "codigo_aluno": "303(...)20",
                    "nome_aluno": "MÁRCIA BEATRIZ VILELA ANDRADE"
                },
                {
                    "codigo_aluno": "153(...)63",
                    "nome_aluno": "MARIA INÊS TOIPA BARBEIRO"
                },
                {
                    "codigo_aluno": "305(...)56",
                    "nome_aluno": "MARIA JOÃO GASPAR GRAMAÇA"
                },
                {
                    "codigo_aluno": "310(...)54",
                    "nome_aluno": "MARIANA FERREIRA GODINHO"
                },
                {
                    "codigo_aluno": "309(...)29",
                    "nome_aluno": "MARIANA GUERREIRO NOGUEIRA"
                },
                {
                    "codigo_aluno": "300(...)49",
                    "nome_aluno": "MARTIM AGUIAR MAIATO"
                },
                {
                    "codigo_aluno": "303(...)39",
                    "nome_aluno": "MARTIM BAPTISTA DE OLIVEIRA"
                },
                {
                    "codigo_aluno": "152(...)08",
                    "nome_aluno": "MATILDE FERNANDES SOUSA"
                },
                {
                    "codigo_aluno": "306(...)34",
                    "nome_aluno": "NÁDIA DE JESUS ROSALINO PALMA"
                },
                {
                    "codigo_aluno": "150(...)05",
                    "nome_aluno": "PATRICIA DA SILVA MOLEIRINHO"
                },
                {
                    "codigo_aluno": "156(...)63",
                    "nome_aluno": "PEDRO MARQUES ROSA"
                },
                {
                    "codigo_aluno": "312(...)10",
                    "nome_aluno": "RODRIGO SILVA LAIA"
                },
                {
                    "codigo_aluno": "153(...)39",
                    "nome_aluno": "SAMUEL MARIA ANTUNES CONSTANTINO"
                },
                {
                    "codigo_aluno": "311(...)08",
                    "nome_aluno": "TATIANA FILIPA GODINHO CABRAL"
                },
                {
                    "codigo_aluno": "318(...)57",
                    "nome_aluno": "TIAGO MIGUEL PEREIRA PIRES"
                },
                {
                    "codigo_aluno": "301(...)66",
                    "nome_aluno": "VITÓRIA CORREIA VAZ"
                }
            ]
        },
        {
            "codigo_curso": "8397",
            "nome_curso": "8397 - Engenharia de Proteção Civil",
            "colocados": []
        }
    ]
}