{
    "codigo_universidade": "3155",
    "nome_universidade": "3155 - Instituto Politécnico de Setúbal - Escola Superior de Saúde",
    "cursos": [
        {
            "codigo_curso": "9500",
            "nome_curso": "9500 - Enfermagem",
            "colocados": [
                {
                    "codigo_aluno": "150(...)32",
                    "nome_aluno": "ALEXANDRE SANTOS ROMEIRO LOGELLO RIBEIRO"
                },
                {
                    "codigo_aluno": "306(...)40",
                    "nome_aluno": "ANA MARGARIDA HELENO LAGARTO"
                },
                {
                    "codigo_aluno": "157(...)37",
                    "nome_aluno": "BEATRIZ CRISTINA FELÍCIO DO CARMO"
                },
                {
                    "codigo_aluno": "155(...)66",
                    "nome_aluno": "BEATRIZ DEMIAN"
                },
                {
                    "codigo_aluno": "309(...)00",
                    "nome_aluno": "BEATRIZ MARIA ALDEGALEGA LÉRIAS"
                },
                {
                    "codigo_aluno": "153(...)92",
                    "nome_aluno": "BEATRIZ RAMIRES DOS SANTOS"
                },
                {
                    "codigo_aluno": "306(...)75",
                    "nome_aluno": "CARLA ALEXANDRA VERÍSSIMO LOPES"
                },
                {
                    "codigo_aluno": "306(...)54",
                    "nome_aluno": "CAROLINA MARIA MELCHOR BASTOS"
                },
                {
                    "codigo_aluno": "303(...)60",
                    "nome_aluno": "CAROLINA PINTO DE SOUSA"
                },
                {
                    "codigo_aluno": "308(...)48",
                    "nome_aluno": "DANIEL FILIPE GONÇALVES SANTOS"
                },
                {
                    "codigo_aluno": "154(...)39",
                    "nome_aluno": "ÉRICA SOFIA LOPES FRADE"
                },
                {
                    "codigo_aluno": "303(...)59",
                    "nome_aluno": "GABRIELA ALEXANDRA VALENTE MONTEIRO"
                },
                {
                    "codigo_aluno": "156(...)51",
                    "nome_aluno": "GUILHERME FILIPE FRASQUILHO MAROVAS"
                },
                {
                    "codigo_aluno": "154(...)99",
                    "nome_aluno": "GUILHERME RICARDO CANTANTE"
                },
                {
                    "codigo_aluno": "159(...)90",
                    "nome_aluno": "INÊS SOFIA ILHÉU CÂMARA"
                },
                {
                    "codigo_aluno": "157(...)33",
                    "nome_aluno": "ÍRIS FERNANDES BRÁS"
                },
                {
                    "codigo_aluno": "315(...)45",
                    "nome_aluno": "ISABELLA CRISTINA CARREGA"
                },
                {
                    "codigo_aluno": "155(...)96",
                    "nome_aluno": "JOANA FRANCO PEREIRA"
                },
                {
                    "codigo_aluno": "300(...)41",
                    "nome_aluno": "LAURA CAMPOS GAMEIRO"
                },
                {
                    "codigo_aluno": "157(...)77",
                    "nome_aluno": "LAURA SOFIA COSTA DE MATOS"
                },
                {
                    "codigo_aluno": "155(...)14",
                    "nome_aluno": "LEANDRA MELO FURTADO DA COSTA"
                },
                {
                    "codigo_aluno": "300(...)09",
                    "nome_aluno": "LEONOR BOSSONI MARTINHO"
                },
                {
                    "codigo_aluno": "309(...)90",
                    "nome_aluno": "LEONOR FRADIQUE AMOROSO"
                },
                {
                    "codigo_aluno": "304(...)83",
                    "nome_aluno": "LEONOR MONSANTO RATO DOS SANTOS DURO"
                },
                {
                    "codigo_aluno": "311(...)20",
                    "nome_aluno": "LUANA CATARINA MALTEZ DA SILVA"
                },
                {
                    "codigo_aluno": "159(...)30",
                    "nome_aluno": "LUNA CARINA GINÓ GOMES"
                },
                {
                    "codigo_aluno": "302(...)27",
                    "nome_aluno": "MARGARIDA CAMALHÃO FERNANDES"
                },
                {
                    "codigo_aluno": "311(...)71",
                    "nome_aluno": "MARIA LEONOR SOARES ANDRADE TEIXEIRA ALVES"
                },
                {
                    "codigo_aluno": "303(...)48",
                    "nome_aluno": "MARIA SOFIA FERNANDES BROTAS REBELO"
                },
                {
                    "codigo_aluno": "152(...)17",
                    "nome_aluno": "MARIANA DOURADINHO DIAS"
                },
                {
                    "codigo_aluno": "307(...)93",
                    "nome_aluno": "MARTA FERRO CORREIA"
                },
                {
                    "codigo_aluno": "304(...)34",
                    "nome_aluno": "MATILDE BARROSINHO LEITE"
                },
                {
                    "codigo_aluno": "310(...)31",
                    "nome_aluno": "MATILDE ESPIRIDIÃO PINHEIRO FARIA SANTOS"
                },
                {
                    "codigo_aluno": "153(...)13",
                    "nome_aluno": "MATILDE GOMES VALENTE DA CRUZ"
                },
                {
                    "codigo_aluno": "154(...)12",
                    "nome_aluno": "MUHAMMAD MUNIR"
                },
                {
                    "codigo_aluno": "157(...)66",
                    "nome_aluno": "PETRA DANIELA LOURENÇO CAVACO"
                },
                {
                    "codigo_aluno": "240(...)06",
                    "nome_aluno": "RAYSSA KELLY DE ALMEIDA NUNES"
                },
                {
                    "codigo_aluno": "154(...)98",
                    "nome_aluno": "RITA ISABEL RELVAS CÂNDIDO"
                },
                {
                    "codigo_aluno": "308(...)88",
                    "nome_aluno": "SANTIAGO LUÍS SEQUEIRA ANDRADE"
                },
                {
                    "codigo_aluno": "156(...)89",
                    "nome_aluno": "SARA DOS SANTOS RODRIGUES"
                },
                {
                    "codigo_aluno": "305(...)83",
                    "nome_aluno": "SARA FERNANDES MENDES"
                },
                {
                    "codigo_aluno": "152(...)68",
                    "nome_aluno": "SOLANGE ISABEL ABREU FREITAS"
                },
                {
                    "codigo_aluno": "309(...)77",
                    "nome_aluno": "TOMÁS CATARINO PARREIRA"
                },
                {
                    "codigo_aluno": "156(...)98",
                    "nome_aluno": "VÍTOR ALEXANDRE PACIFICO FIGUEIRA"
                },
                {
                    "codigo_aluno": "240(...)10",
                    "nome_aluno": "VITÓRIA PECHIM SANTOS"
                },
                {
                    "codigo_aluno": "242(...)15",
                    "nome_aluno": "YUCHEN ZHANG"
                }
            ]
        },
        {
            "codigo_curso": "9504",
            "nome_curso": "9504 - Fisioterapia",
            "colocados": [
                {
                    "codigo_aluno": "152(...)95",
                    "nome_aluno": "AFONSO MENDONÇA ALMEIDA"
                },
                {
                    "codigo_aluno": "303(...)19",
                    "nome_aluno": "ANA CATARINA COSTA GIL"
                },
                {
                    "codigo_aluno": "150(...)48",
                    "nome_aluno": "ANDREIA MARIA SOUSA FREITAS"
                },
                {
                    "codigo_aluno": "153(...)45",
                    "nome_aluno": "BEATRIZ ALBUQUERQUE DUARTE"
                },
                {
                    "codigo_aluno": "316(...)74",
                    "nome_aluno": "BEATRIZ BIANCA HOHL"
                },
                {
                    "codigo_aluno": "307(...)22",
                    "nome_aluno": "BEATRIZ SOFIA DA SILVA PINA DOS SANTOS"
                },
                {
                    "codigo_aluno": "301(...)67",
                    "nome_aluno": "BRUNA ALMEIDA NAMORADO"
                },
                {
                    "codigo_aluno": "303(...)74",
                    "nome_aluno": "BRUNA ILDEFONSO SOUSA CANDEIAS"
                },
                {
                    "codigo_aluno": "305(...)15",
                    "nome_aluno": "CAMILA HAMITOVA USMANOVA"
                },
                {
                    "codigo_aluno": "300(...)28",
                    "nome_aluno": "CATARINA MARIA TEIXEIRA NUNES"
                },
                {
                    "codigo_aluno": "309(...)72",
                    "nome_aluno": "DANIELA SOFIA PINTO JARDIM"
                },
                {
                    "codigo_aluno": "329(...)59",
                    "nome_aluno": "DOMITILA FERREIRA MELLO"
                },
                {
                    "codigo_aluno": "315(...)78",
                    "nome_aluno": "EDUARDO RIÇO VINAGRE"
                },
                {
                    "codigo_aluno": "148(...)98",
                    "nome_aluno": "ELENA TATIANA CHEVRIER DA COSTA"
                },
                {
                    "codigo_aluno": "308(...)11",
                    "nome_aluno": "FILIPE MIGUEL MENDES BOTAS"
                },
                {
                    "codigo_aluno": "306(...)41",
                    "nome_aluno": "FRANCISCA MIRANDA GONÇALVES"
                },
                {
                    "codigo_aluno": "158(...)48",
                    "nome_aluno": "GONÇALO OMAR MARQUES RIBEIRO RAICHANDE"
                },
                {
                    "codigo_aluno": "150(...)54",
                    "nome_aluno": "GUILHERME MIGUEL PACHECO FERREIRA"
                },
                {
                    "codigo_aluno": "307(...)23",
                    "nome_aluno": "INÊS DA SILVA CELORICO"
                },
                {
                    "codigo_aluno": "304(...)35",
                    "nome_aluno": "JOANA CELESTINO SOUTO"
                },
                {
                    "codigo_aluno": "306(...)47",
                    "nome_aluno": "JOANA FILIPA ALVOCO ROQUE"
                },
                {
                    "codigo_aluno": "152(...)74",
                    "nome_aluno": "JOANA NAIR RAICHANDE SANTOS"
                },
                {
                    "codigo_aluno": "157(...)21",
                    "nome_aluno": "JOANA SANTOS ALVES"
                },
                {
                    "codigo_aluno": "306(...)94",
                    "nome_aluno": "JOÃO CARLOS SANTANA DA SILVA"
                },
                {
                    "codigo_aluno": "240(...)13",
                    "nome_aluno": "LARISSA NAYARA LOURENÇO LIMA"
                },
                {
                    "codigo_aluno": "152(...)95",
                    "nome_aluno": "LAURA MARQUES PINTO"
                },
                {
                    "codigo_aluno": "154(...)36",
                    "nome_aluno": "LEONOR FAZENDEIRO BRAZ DOS SANTOS"
                },
                {
                    "codigo_aluno": "153(...)73",
                    "nome_aluno": "MAFALDA CAMBÉ DUQUE LEIRIÃO"
                },
                {
                    "codigo_aluno": "301(...)19",
                    "nome_aluno": "MANUEL DOS SANTOS BOTELHO DA COSTA"
                },
                {
                    "codigo_aluno": "316(...)96",
                    "nome_aluno": "MARGARIDA ALEXANDRA CABANA FERNANDES"
                },
                {
                    "codigo_aluno": "305(...)73",
                    "nome_aluno": "MARIA JOÃO SILVA REIS"
                },
                {
                    "codigo_aluno": "309(...)24",
                    "nome_aluno": "MARIA MADALENA LOBATO DE ALMEIDA CAEIRO"
                },
                {
                    "codigo_aluno": "316(...)05",
                    "nome_aluno": "MARIANA SIMÃO ALVES"
                },
                {
                    "codigo_aluno": "159(...)12",
                    "nome_aluno": "MATILDE DUARTE SILVA"
                },
                {
                    "codigo_aluno": "303(...)07",
                    "nome_aluno": "MIGUEL ÂNGELO PIRES HASSANALI"
                },
                {
                    "codigo_aluno": "308(...)47",
                    "nome_aluno": "MIGUEL COSTA GOMES"
                },
                {
                    "codigo_aluno": "304(...)01",
                    "nome_aluno": "PEDRO MIGUEL GONÇALVES DE CARVALHO"
                },
                {
                    "codigo_aluno": "152(...)77",
                    "nome_aluno": "RAFAEL SANTANA MARTINS"
                },
                {
                    "codigo_aluno": "152(...)75",
                    "nome_aluno": "RENATO ABREU GONÇALVES"
                },
                {
                    "codigo_aluno": "309(...)40",
                    "nome_aluno": "RITA ALEXANDRA ERMIDA FORTUNATO"
                },
                {
                    "codigo_aluno": "159(...)18",
                    "nome_aluno": "RODRIGO BRAVO DE OLIVEIRA"
                },
                {
                    "codigo_aluno": "300(...)11",
                    "nome_aluno": "SARA FILIPA DE MATOS GABRIEL"
                },
                {
                    "codigo_aluno": "309(...)29",
                    "nome_aluno": "TERESA MONTEIRO PEREIRA"
                },
                {
                    "codigo_aluno": "152(...)08",
                    "nome_aluno": "WESLEY SILVA FARIA"
                }
            ]
        },
        {
            "codigo_curso": "9890",
            "nome_curso": "9890 - Terapia da Fala",
            "colocados": [
                {
                    "codigo_aluno": "303(...)58",
                    "nome_aluno": "ANA CATARINA BERNARDO DA SILVA"
                },
                {
                    "codigo_aluno": "304(...)88",
                    "nome_aluno": "ANA FRANCISCA RODRIGUES VASCONCELOS"
                },
                {
                    "codigo_aluno": "156(...)20",
                    "nome_aluno": "ANA MARGARIDA DOMINGOS BATISTA"
                },
                {
                    "codigo_aluno": "156(...)10",
                    "nome_aluno": "ANDREIA SOFIA CRUZ CLÉRIGO"
                },
                {
                    "codigo_aluno": "308(...)51",
                    "nome_aluno": "ÂNGELA MARIA DO ROSÁRIO PINTO FERREIRA LOPES"
                },
                {
                    "codigo_aluno": "306(...)93",
                    "nome_aluno": "BÁRBARA BELCHIOR MONTEIRO"
                },
                {
                    "codigo_aluno": "302(...)37",
                    "nome_aluno": "BEATRIZ FILIPA CARVALHO BATALHA"
                },
                {
                    "codigo_aluno": "152(...)23",
                    "nome_aluno": "BEATRIZ MARIA TORINO DE CARVALHO"
                },
                {
                    "codigo_aluno": "152(...)86",
                    "nome_aluno": "BEATRIZ SOUSA FAUSTINO MARTINS ROLO"
                },
                {
                    "codigo_aluno": "153(...)10",
                    "nome_aluno": "BRUNA FILIPA DIAS PÃO"
                },
                {
                    "codigo_aluno": "312(...)62",
                    "nome_aluno": "BRUNO RODRIGUES FINO"
                },
                {
                    "codigo_aluno": "154(...)76",
                    "nome_aluno": "CAROLINA BAPTISTA DE MIRANDA"
                },
                {
                    "codigo_aluno": "151(...)73",
                    "nome_aluno": "CLARA MARIA LEITE POCEIRO"
                },
                {
                    "codigo_aluno": "306(...)72",
                    "nome_aluno": "GUILHERME JOSÉ FRANCO DE OLIVEIRA"
                },
                {
                    "codigo_aluno": "153(...)66",
                    "nome_aluno": "JOSÉ GUILHERME ESTEVES FERREIRA"
                },
                {
                    "codigo_aluno": "157(...)00",
                    "nome_aluno": "LARA RAQUEL RODRIGUES DINIZ"
                },
                {
                    "codigo_aluno": "306(...)19",
                    "nome_aluno": "LUANA FILIPA DOS SANTOS ALMEIDA"
                },
                {
                    "codigo_aluno": "156(...)34",
                    "nome_aluno": "MARGARIDA COSTA ALEGRIA"
                },
                {
                    "codigo_aluno": "306(...)11",
                    "nome_aluno": "MARIA CAROLINA GUERREIRO CARVALHAL"
                },
                {
                    "codigo_aluno": "153(...)58",
                    "nome_aluno": "MARIANA ISABEL FERREIRA LEMOS"
                },
                {
                    "codigo_aluno": "307(...)00",
                    "nome_aluno": "MATILDE CARVALHO FRADE"
                },
                {
                    "codigo_aluno": "154(...)18",
                    "nome_aluno": "MATILDE DOS SANTOS PEREIRA"
                },
                {
                    "codigo_aluno": "300(...)31",
                    "nome_aluno": "MATILDE GUTERRES BAPTISTA"
                },
                {
                    "codigo_aluno": "306(...)44",
                    "nome_aluno": "MATILDE NOGUEIRA CÁCERES TRABUCO"
                },
                {
                    "codigo_aluno": "303(...)99",
                    "nome_aluno": "MATILDE PINTO DOS SANTOS"
                },
                {
                    "codigo_aluno": "304(...)63",
                    "nome_aluno": "SABRINA CAMPOS FREIRE"
                }
            ]
        }
    ]
}