{
    "codigo_universidade": "1320",
    "nome_universidade": "1320 - Universidade da Madeira - Escola Superior de Saúde",
    "cursos": [
        {
            "codigo_curso": "9500",
            "nome_curso": "9500 - Enfermagem",
            "colocados": [
                {
                    "codigo_aluno": "150(...)47",
                    "nome_aluno": "ANDRÉ GUILHERME FERNANDES MENDONÇA"
                },
                {
                    "codigo_aluno": "151(...)29",
                    "nome_aluno": "BEATRIZ MADALENA PEREIRA MACIEIRA"
                },
                {
                    "codigo_aluno": "150(...)18",
                    "nome_aluno": "BEATRIZ MARIA FRANCISCO SOUSA"
                },
                {
                    "codigo_aluno": "156(...)75",
                    "nome_aluno": "BEATRIZ MARIA GOMES FREITAS"
                },
                {
                    "codigo_aluno": "149(...)98",
                    "nome_aluno": "BRUNA RAQUEL FERNANDES DOS SANTOS BELO"
                },
                {
                    "codigo_aluno": "150(...)39",
                    "nome_aluno": "CARLA DANIELA VIVEIROS DE ABREU"
                },
                {
                    "codigo_aluno": "156(...)75",
                    "nome_aluno": "ELIANA MARIA FREITAS MENDES"
                },
                {
                    "codigo_aluno": "151(...)57",
                    "nome_aluno": "EMÍLIA VILAR DE MOURA MONIZ"
                },
                {
                    "codigo_aluno": "151(...)40",
                    "nome_aluno": "FÁTIMA MARIA GRAÇA ALMAS"
                },
                {
                    "codigo_aluno": "303(...)43",
                    "nome_aluno": "HUGO MIGUEL GONÇALVES FREITAS"
                },
                {
                    "codigo_aluno": "153(...)27",
                    "nome_aluno": "LARA CONSTANÇA DE AGUIAR BATISTA"
                },
                {
                    "codigo_aluno": "150(...)92",
                    "nome_aluno": "LAURA MARIANA DOS REIS FERNANDES"
                },
                {
                    "codigo_aluno": "303(...)22",
                    "nome_aluno": "LEANDRO PEREIRA AGUIAR"
                },
                {
                    "codigo_aluno": "151(...)94",
                    "nome_aluno": "LEONOR BALTAZAR DE FREITAS"
                },
                {
                    "codigo_aluno": "151(...)60",
                    "nome_aluno": "LILIANA SOFIA RODRIGUES GOMES"
                },
                {
                    "codigo_aluno": "155(...)98",
                    "nome_aluno": "LUÍS MIGUEL SOUSA MARTINS"
                },
                {
                    "codigo_aluno": "155(...)15",
                    "nome_aluno": "MADALENA MENDONÇA PEREIRA ABREU"
                },
                {
                    "codigo_aluno": "152(...)99",
                    "nome_aluno": "MARGARIDA LOPES PINGO"
                },
                {
                    "codigo_aluno": "304(...)83",
                    "nome_aluno": "MARIANA PATRÍCIA TEIXEIRA DE CASTRO"
                },
                {
                    "codigo_aluno": "151(...)35",
                    "nome_aluno": "MARTA ISABEL AVEIRO DE SOUSA DIOGO"
                },
                {
                    "codigo_aluno": "152(...)35",
                    "nome_aluno": "MATILDE MARIA DA SILVA MOREIRA"
                },
                {
                    "codigo_aluno": "156(...)77",
                    "nome_aluno": "PATRÍCIA RODRIGUES ABREU"
                },
                {
                    "codigo_aluno": "159(...)34",
                    "nome_aluno": "PEDRO EMANUEL GONÇALVES DE SOUSA"
                },
                {
                    "codigo_aluno": "159(...)23",
                    "nome_aluno": "SARA CAROLINA SOUSA ALVES"
                },
                {
                    "codigo_aluno": "300(...)68",
                    "nome_aluno": "SARA ISABEL GOMES GIL MESQUITA"
                },
                {
                    "codigo_aluno": "151(...)61",
                    "nome_aluno": "VALENTINA NÓBREGA GONÇALVES"
                }
            ]
        }
    ]
}