{
    "codigo_universidade": "3125",
    "nome_universidade": "3125 - Instituto Politécnico de Portalegre - Escola Superior de Biociências de Elvas",
    "cursos": [
        {
            "codigo_curso": "9003",
            "nome_curso": "9003 - Agronomia",
            "colocados": [
                {
                    "codigo_aluno": "301(...)70",
                    "nome_aluno": "AFONSO MIGUEL CHARRUADAS LAMEIRAS"
                },
                {
                    "codigo_aluno": "156(...)72",
                    "nome_aluno": "CAROLINA BRIGAS REDUTO FERREIRA DA SILVA"
                },
                {
                    "codigo_aluno": "156(...)77",
                    "nome_aluno": "JOAO PEDRO CONCEIÇÃO BARRADAS"
                },
                {
                    "codigo_aluno": "302(...)45",
                    "nome_aluno": "MIGUEL VICENTE CEBOLA MARTINS"
                },
                {
                    "codigo_aluno": "300(...)96",
                    "nome_aluno": "RODRIGO MIGUEL COELHO CALDEIRA"
                },
                {
                    "codigo_aluno": "309(...)23",
                    "nome_aluno": "SIMÃO AMARAL VELEZ CABAÇA"
                }
            ]
        },
        {
            "codigo_curso": "9085",
            "nome_curso": "9085 - Enfermagem Veterinária",
            "colocados": [
                {
                    "codigo_aluno": "309(...)04",
                    "nome_aluno": "ANA CARINA MARTINS FARIAS"
                },
                {
                    "codigo_aluno": "316(...)76",
                    "nome_aluno": "ANA RITA PEDRO CONCEIÇÃO"
                },
                {
                    "codigo_aluno": "310(...)55",
                    "nome_aluno": "BEATRIZ ALVES ALBERTO"
                },
                {
                    "codigo_aluno": "305(...)91",
                    "nome_aluno": "BEATRIZ MATEUS DE AMARAL"
                },
                {
                    "codigo_aluno": "304(...)40",
                    "nome_aluno": "CATARINA SÃO PEDRO DE JESUS"
                },
                {
                    "codigo_aluno": "150(...)21",
                    "nome_aluno": "DANA MARTINS MOURINHO DE CARVALHO REMÍGIO"
                },
                {
                    "codigo_aluno": "154(...)21",
                    "nome_aluno": "EMA VAZ DE CARVALHO"
                },
                {
                    "codigo_aluno": "152(...)52",
                    "nome_aluno": "FILIPA ALEXANDRA LOURENÇO RIBEIRO"
                },
                {
                    "codigo_aluno": "304(...)35",
                    "nome_aluno": "FRANCISCA TELO AMADO"
                },
                {
                    "codigo_aluno": "309(...)19",
                    "nome_aluno": "ÍRIS ROMÃO BORGES"
                },
                {
                    "codigo_aluno": "152(...)65",
                    "nome_aluno": "ISABELA NUNES GUERRA FERREIRA"
                },
                {
                    "codigo_aluno": "152(...)17",
                    "nome_aluno": "JOANA DA SILVA MARTINS"
                },
                {
                    "codigo_aluno": "150(...)06",
                    "nome_aluno": "JOANA FILIPA CARMO CATARINO"
                },
                {
                    "codigo_aluno": "315(...)62",
                    "nome_aluno": "LARA CASTRO FERNANDES"
                },
                {
                    "codigo_aluno": "157(...)87",
                    "nome_aluno": "LECTICIA DUARTE TEIXEIRA"
                },
                {
                    "codigo_aluno": "309(...)96",
                    "nome_aluno": "LEONOR PAO FINTO FIGUEIRA"
                },
                {
                    "codigo_aluno": "301(...)44",
                    "nome_aluno": "LUNA MARIA NÉNÉ CALHAU"
                },
                {
                    "codigo_aluno": "301(...)39",
                    "nome_aluno": "MARGARIDA AGUIAR GOMES"
                },
                {
                    "codigo_aluno": "305(...)52",
                    "nome_aluno": "MARGARIDA BENTO MARTINHO"
                },
                {
                    "codigo_aluno": "144(...)45",
                    "nome_aluno": "MARGARIDA MARIA ANSELMO GARCIA"
                },
                {
                    "codigo_aluno": "312(...)84",
                    "nome_aluno": "MARIA CAROLINA LEAL MAGARREIRO"
                },
                {
                    "codigo_aluno": "307(...)90",
                    "nome_aluno": "MARIA EDUARDA RATO LOPES"
                },
                {
                    "codigo_aluno": "309(...)55",
                    "nome_aluno": "MARTA ANDRADE PATOLA"
                },
                {
                    "codigo_aluno": "304(...)74",
                    "nome_aluno": "MATILDE MARIA DE SOUSA ALVES"
                },
                {
                    "codigo_aluno": "308(...)71",
                    "nome_aluno": "MATILDE SOFIA JERÓNIMO VENTURA"
                },
                {
                    "codigo_aluno": "307(...)61",
                    "nome_aluno": "REBECA MARCELINO MARTINS ROCHA"
                },
                {
                    "codigo_aluno": "310(...)41",
                    "nome_aluno": "RITA CALADO RAMALHO"
                },
                {
                    "codigo_aluno": "313(...)86",
                    "nome_aluno": "RODRIGO MONTEIRO DO SALTO"
                },
                {
                    "codigo_aluno": "304(...)12",
                    "nome_aluno": "SOFIA DINIZ PEREIRA CORRÊA"
                },
                {
                    "codigo_aluno": "308(...)85",
                    "nome_aluno": "VITORIA DAVID FRANCISCO DOS SANTOS"
                }
            ]
        },
        {
            "codigo_curso": "9130",
            "nome_curso": "9130 - Equinicultura",
            "colocados": [
                {
                    "codigo_aluno": "312(...)49",
                    "nome_aluno": "ANA CATARINA DA SILVA PIRES"
                },
                {
                    "codigo_aluno": "315(...)70",
                    "nome_aluno": "FRANCISCO MARIA CARRELHAS DAS NEVES DA PALMA GASPAR"
                },
                {
                    "codigo_aluno": "300(...)07",
                    "nome_aluno": "ISABEL FILIPA PEREIRA GUERNER MEIRELES"
                },
                {
                    "codigo_aluno": "303(...)40",
                    "nome_aluno": "JULIANA QUERIDO SUBTIL"
                },
                {
                    "codigo_aluno": "303(...)90",
                    "nome_aluno": "VERÓNICA SOFIA SERRA QUINA"
                }
            ]
        }
    ]
}