{
    "codigo_universidade": "3034",
    "nome_universidade": "3034 - Instituto Politécnico do Cávado e do Ave - Escola Superior de Hotelaria e Turismo",
    "cursos": [
        {
            "codigo_curso": "8156",
            "nome_curso": "8156 - Gestão de Atividades Turísticas",
            "colocados": [
                {
                    "codigo_aluno": "158(...)63",
                    "nome_aluno": "ALEXANDRE FILIPE CAMPOS CAIA"
                },
                {
                    "codigo_aluno": "156(...)46",
                    "nome_aluno": "ANA BEATRIZ MACHADO COSTA"
                },
                {
                    "codigo_aluno": "308(...)61",
                    "nome_aluno": "ANA CATARINA SIMÕES RODRIGUES"
                },
                {
                    "codigo_aluno": "309(...)44",
                    "nome_aluno": "ANA MARGARIDA FERREIRA MONTEIRO"
                },
                {
                    "codigo_aluno": "148(...)20",
                    "nome_aluno": "ANA MARGARIDA MARTINS FERNANDES"
                },
                {
                    "codigo_aluno": "315(...)20",
                    "nome_aluno": "BEATRIZ GOMES DA SILVA"
                },
                {
                    "codigo_aluno": "157(...)68",
                    "nome_aluno": "CAROLINA SANTOS DA COSTA"
                },
                {
                    "codigo_aluno": "156(...)63",
                    "nome_aluno": "DANIEL ALEXANDRE SILVA MARTINS"
                },
                {
                    "codigo_aluno": "158(...)67",
                    "nome_aluno": "DIANA FILIPA VAZ LACERDA"
                },
                {
                    "codigo_aluno": "309(...)22",
                    "nome_aluno": "DIANA PATRÍCIA MAIA ANDRADE"
                },
                {
                    "codigo_aluno": "313(...)70",
                    "nome_aluno": "DIANA SAMPAIO MENDES"
                },
                {
                    "codigo_aluno": "305(...)40",
                    "nome_aluno": "DIOGO ALEXANDRE RODRIGUES SERRA"
                },
                {
                    "codigo_aluno": "156(...)18",
                    "nome_aluno": "ERICA FERNANDES GOMES"
                },
                {
                    "codigo_aluno": "301(...)56",
                    "nome_aluno": "FRANCISCA LOPES DIAS"
                },
                {
                    "codigo_aluno": "309(...)45",
                    "nome_aluno": "GABRIELA DE JESUS MENDES CASTRO"
                },
                {
                    "codigo_aluno": "309(...)47",
                    "nome_aluno": "GONÇALO FERREIRA PAQUETE"
                },
                {
                    "codigo_aluno": "302(...)70",
                    "nome_aluno": "GONÇALO MARIA FERNANDES SILVA"
                },
                {
                    "codigo_aluno": "310(...)68",
                    "nome_aluno": "ISAAC GONÇALVES VILELA"
                },
                {
                    "codigo_aluno": "240(...)01",
                    "nome_aluno": "JIMMY RAQUIRA CARVAJAL"
                },
                {
                    "codigo_aluno": "313(...)71",
                    "nome_aluno": "JOANA DIAS DA ENCARNAÇÃO"
                },
                {
                    "codigo_aluno": "315(...)93",
                    "nome_aluno": "JOANA MARGARIDA MESQUITA GONÇALVES"
                },
                {
                    "codigo_aluno": "315(...)87",
                    "nome_aluno": "JOÃO CARLOS COSTA VIEIRA"
                },
                {
                    "codigo_aluno": "156(...)74",
                    "nome_aluno": "JOÃO DA FONSECA OLIVEIRA"
                },
                {
                    "codigo_aluno": "311(...)68",
                    "nome_aluno": "JOÃO MIGUEL CARDOSO MELO"
                },
                {
                    "codigo_aluno": "307(...)46",
                    "nome_aluno": "LARA FABIANA RODRIGUES OLIVEIRA"
                },
                {
                    "codigo_aluno": "308(...)93",
                    "nome_aluno": "LARA MARIA CORREIA PORTELA"
                },
                {
                    "codigo_aluno": "156(...)59",
                    "nome_aluno": "LEANDRO BARBOSA COSTA"
                },
                {
                    "codigo_aluno": "154(...)47",
                    "nome_aluno": "LILIANA CARDOSO RIBEIRO"
                },
                {
                    "codigo_aluno": "310(...)27",
                    "nome_aluno": "LUÍS RAFAEL DIAS FORTE"
                },
                {
                    "codigo_aluno": "315(...)75",
                    "nome_aluno": "MARIA JOÃO CEPA FERNANDES"
                },
                {
                    "codigo_aluno": "150(...)50",
                    "nome_aluno": "MARIA RIBEIRO DE OLIVEIRA QUEIROZ"
                },
                {
                    "codigo_aluno": "308(...)66",
                    "nome_aluno": "MARTA ISABEL FERNANDES CARVALHO"
                },
                {
                    "codigo_aluno": "310(...)04",
                    "nome_aluno": "MARTIM MATOZINHOS SAMPAIO"
                },
                {
                    "codigo_aluno": "309(...)02",
                    "nome_aluno": "MARTIM RIBEIRO NOGUEIRA"
                },
                {
                    "codigo_aluno": "318(...)17",
                    "nome_aluno": "MATILDE FERREIRA MAIA"
                },
                {
                    "codigo_aluno": "309(...)55",
                    "nome_aluno": "MIGUEL ÂNGELO OLIVEIRA"
                },
                {
                    "codigo_aluno": "304(...)31",
                    "nome_aluno": "MIGUEL FERREIRA FONSECA"
                },
                {
                    "codigo_aluno": "306(...)11",
                    "nome_aluno": "NÁDIA SOFIA PINHEIRO FERREIRA"
                },
                {
                    "codigo_aluno": "301(...)27",
                    "nome_aluno": "NUNO ANDRÉ PEREIRA CARVALHO"
                },
                {
                    "codigo_aluno": "301(...)17",
                    "nome_aluno": "PEDRO CARVALHO PEREIRA"
                },
                {
                    "codigo_aluno": "155(...)31",
                    "nome_aluno": "RENATO BENTO TEIXEIRA"
                },
                {
                    "codigo_aluno": "305(...)00",
                    "nome_aluno": "RODRIGO SILVA MOURA"
                },
                {
                    "codigo_aluno": "309(...)75",
                    "nome_aluno": "SIMÃO DUARTE FERNANDES"
                },
                {
                    "codigo_aluno": "150(...)18",
                    "nome_aluno": "SIMÃO LIMA FLORES"
                }
            ]
        },
        {
            "codigo_curso": "8341",
            "nome_curso": "8341 - Gestão de Atividades Turísticas (regime pós-laboral)",
            "colocados": [
                {
                    "codigo_aluno": "306(...)24",
                    "nome_aluno": "AFONSO DA CRUZ GUIMARÃES"
                },
                {
                    "codigo_aluno": "317(...)18",
                    "nome_aluno": "AFONSO GOMES COSTA"
                },
                {
                    "codigo_aluno": "156(...)27",
                    "nome_aluno": "ANA FRANCISCA PEIXOTO VIEIRA"
                },
                {
                    "codigo_aluno": "307(...)75",
                    "nome_aluno": "ANDRÉ TIAGO MOREIRA OLIVEIRA"
                },
                {
                    "codigo_aluno": "152(...)37",
                    "nome_aluno": "CLÁUDIA ISABEL NARCISO DA SILVA"
                },
                {
                    "codigo_aluno": "315(...)25",
                    "nome_aluno": "DIANA CRISTINA OLIVEIRA MONTEIRO"
                },
                {
                    "codigo_aluno": "157(...)29",
                    "nome_aluno": "DIANA RAQUELE REIS BARBOSA"
                },
                {
                    "codigo_aluno": "303(...)11",
                    "nome_aluno": "DIOGO ALEXANDRE LOPES MARQUES"
                },
                {
                    "codigo_aluno": "319(...)10",
                    "nome_aluno": "EDUARDA BRITO CUNHA"
                },
                {
                    "codigo_aluno": "308(...)66",
                    "nome_aluno": "INÊS GOMES PEREIRA"
                },
                {
                    "codigo_aluno": "305(...)49",
                    "nome_aluno": "JOANA PIRES ALVES CORREIA"
                },
                {
                    "codigo_aluno": "306(...)41",
                    "nome_aluno": "JOÃO FRANCISCO GONÇALVES BRÁS"
                },
                {
                    "codigo_aluno": "152(...)61",
                    "nome_aluno": "JOSÉ EDUARDO USHA OCHS DA FONSECA"
                },
                {
                    "codigo_aluno": "151(...)42",
                    "nome_aluno": "JOSÉ PEDRO CARVALHO VIANA PAREDES"
                },
                {
                    "codigo_aluno": "309(...)00",
                    "nome_aluno": "LARA BEATRIZ DA COSTA FERREIRA"
                },
                {
                    "codigo_aluno": "150(...)73",
                    "nome_aluno": "LAURA LOPES MARQUES"
                },
                {
                    "codigo_aluno": "306(...)16",
                    "nome_aluno": "LUANA FILIPA ROCHA CARVALHO"
                },
                {
                    "codigo_aluno": "304(...)84",
                    "nome_aluno": "LUÍS JORGE VILAS BOAS MAGALHÃES"
                },
                {
                    "codigo_aluno": "307(...)75",
                    "nome_aluno": "MARA PEIXOTO SOUSA"
                },
                {
                    "codigo_aluno": "310(...)04",
                    "nome_aluno": "MARIANA MENDES GARCIA"
                },
                {
                    "codigo_aluno": "307(...)42",
                    "nome_aluno": "MARTA EMÍLIA CARVALHO DE OLIVEIRA"
                },
                {
                    "codigo_aluno": "315(...)24",
                    "nome_aluno": "MIGUEL ALEXANDRE PEREIRA ALVES"
                },
                {
                    "codigo_aluno": "142(...)49",
                    "nome_aluno": "NÁDIA RAQUEL TORRES MIRANDA"
                },
                {
                    "codigo_aluno": "302(...)33",
                    "nome_aluno": "RODRIGO BRANDÃO SILVA"
                },
                {
                    "codigo_aluno": "310(...)21",
                    "nome_aluno": "RODRIGO DE CASTRO AIROSA"
                },
                {
                    "codigo_aluno": "303(...)86",
                    "nome_aluno": "RODRIGO JOEL PINTO LOPES"
                },
                {
                    "codigo_aluno": "304(...)53",
                    "nome_aluno": "RODRIGO JOSÉ MACHADO FERNANDES"
                },
                {
                    "codigo_aluno": "305(...)28",
                    "nome_aluno": "RODRIGO OLIVEIRA FERREIRA"
                },
                {
                    "codigo_aluno": "158(...)13",
                    "nome_aluno": "RUI PEDRO FERREIRA RIBEIRO"
                },
                {
                    "codigo_aluno": "127(...)88",
                    "nome_aluno": "VERA LILIANA NETO AZEVEDO"
                }
            ]
        },
        {
            "codigo_curso": "9173",
            "nome_curso": "9173 - Gestão Hoteleira",
            "colocados": [
                {
                    "codigo_aluno": "310(...)85",
                    "nome_aluno": "ADRIANA DA SILVA ROCHA"
                },
                {
                    "codigo_aluno": "157(...)89",
                    "nome_aluno": "AFONSO NEVES GOUVEIA"
                },
                {
                    "codigo_aluno": "307(...)23",
                    "nome_aluno": "ALICE GOMES MARGARIDO"
                },
                {
                    "codigo_aluno": "307(...)79",
                    "nome_aluno": "ANA FILIPA OLIVEIRA DOS REIS"
                },
                {
                    "codigo_aluno": "305(...)12",
                    "nome_aluno": "ANA MARGARIDA ALVES PEREIRA REBOCHO VAZ"
                },
                {
                    "codigo_aluno": "307(...)98",
                    "nome_aluno": "ANDRÉ DE PINHO OLIVEIRA"
                },
                {
                    "codigo_aluno": "152(...)09",
                    "nome_aluno": "BÁRBARA FILIPA ESTEVES MOREIRA"
                },
                {
                    "codigo_aluno": "154(...)76",
                    "nome_aluno": "BEATRIZ GOMES DA SILVA"
                },
                {
                    "codigo_aluno": "310(...)85",
                    "nome_aluno": "BEATRIZ MARIA MOREIRA DIAS"
                },
                {
                    "codigo_aluno": "154(...)98",
                    "nome_aluno": "BEATRIZ PEREIRA OLIVEIRA"
                },
                {
                    "codigo_aluno": "302(...)54",
                    "nome_aluno": "CAETANA SOARES ALONSO"
                },
                {
                    "codigo_aluno": "155(...)25",
                    "nome_aluno": "CATARINA SOFIA DANTAS FERNANDES"
                },
                {
                    "codigo_aluno": "301(...)28",
                    "nome_aluno": "DANIELA ALEXANDRA LOURO DIAS"
                },
                {
                    "codigo_aluno": "307(...)23",
                    "nome_aluno": "DIOGO REIS CARVALHO PIRES"
                },
                {
                    "codigo_aluno": "304(...)45",
                    "nome_aluno": "FILIPA AZEVEDO LOPES"
                },
                {
                    "codigo_aluno": "309(...)21",
                    "nome_aluno": "GABRIELA SOUSA DIAS"
                },
                {
                    "codigo_aluno": "151(...)60",
                    "nome_aluno": "GONÇALO LOPES NEREU"
                },
                {
                    "codigo_aluno": "306(...)42",
                    "nome_aluno": "GUILHERME FERNANDES BORGES"
                },
                {
                    "codigo_aluno": "304(...)83",
                    "nome_aluno": "JOANA FILIPA CARVALHO LOPES"
                },
                {
                    "codigo_aluno": "301(...)32",
                    "nome_aluno": "JOANA FILIPA DE CARVALHO MENDES"
                },
                {
                    "codigo_aluno": "304(...)08",
                    "nome_aluno": "JOSUÉ PIRES FERREIRA"
                },
                {
                    "codigo_aluno": "309(...)37",
                    "nome_aluno": "LETÍCIA MARIA DA COSTA CARVALHO"
                },
                {
                    "codigo_aluno": "310(...)32",
                    "nome_aluno": "MADALENA FRANCO HENRIQUES MIRANDA"
                },
                {
                    "codigo_aluno": "152(...)64",
                    "nome_aluno": "MAFALDA COSTA BRAGA"
                },
                {
                    "codigo_aluno": "301(...)25",
                    "nome_aluno": "MARIANA FREITAS RIBEIRO"
                },
                {
                    "codigo_aluno": "152(...)03",
                    "nome_aluno": "MARIANA SALAZAR CAMPOS"
                },
                {
                    "codigo_aluno": "310(...)68",
                    "nome_aluno": "MARISA RAQUEL VALE PEDROSA"
                },
                {
                    "codigo_aluno": "240(...)63",
                    "nome_aluno": "RAQUEL CUNHA SIMOES"
                },
                {
                    "codigo_aluno": "312(...)45",
                    "nome_aluno": "RAQUEL MARTINS PEREIRA"
                },
                {
                    "codigo_aluno": "149(...)59",
                    "nome_aluno": "RAQUEL SOFIA SILVA RIBEIRO"
                },
                {
                    "codigo_aluno": "308(...)79",
                    "nome_aluno": "RODRIGO DE OLIVEIRA SILVA"
                },
                {
                    "codigo_aluno": "302(...)23",
                    "nome_aluno": "RUBEN DANIEL DUARTE MARTINS"
                },
                {
                    "codigo_aluno": "312(...)35",
                    "nome_aluno": "VERA FRANCISCA LOURENÇO DA SILVA"
                }
            ]
        }
    ]
}