{
    "codigo_universidade": "3012",
    "nome_universidade": "3012 - Universidade de Aveiro - Escola Superior de Tecnologia e Gestão de Águeda",
    "cursos": [
        {
            "codigo_curso": "L194",
            "nome_curso": "L194 - Eletrónica e Mecânica Industrial",
            "colocados": [
                {
                    "codigo_aluno": "310(...)81",
                    "nome_aluno": "AFONSO CIPRIANO ACABADO"
                },
                {
                    "codigo_aluno": "316(...)43",
                    "nome_aluno": "ALEXANDRE RAFAEL SILVA BASTOS"
                },
                {
                    "codigo_aluno": "313(...)08",
                    "nome_aluno": "ANDRE OLIVEIRA SANTOS"
                },
                {
                    "codigo_aluno": "158(...)70",
                    "nome_aluno": "BERNARDO GOMES DA SILVA"
                },
                {
                    "codigo_aluno": "154(...)96",
                    "nome_aluno": "BRUNO GRAÇA PEREIRA"
                },
                {
                    "codigo_aluno": "115(...)74",
                    "nome_aluno": "CÁRMEN MARISA MELO DIAS RODRIGUES BRANCO"
                },
                {
                    "codigo_aluno": "314(...)01",
                    "nome_aluno": "CÁRMEN OLIVEIRA DOS SANTOS"
                },
                {
                    "codigo_aluno": "301(...)31",
                    "nome_aluno": "DAVID ARAÚJO MACHADO"
                },
                {
                    "codigo_aluno": "309(...)50",
                    "nome_aluno": "DINIS CRAVEIRO DE MORAIS SOARES"
                },
                {
                    "codigo_aluno": "309(...)38",
                    "nome_aluno": "DIOGO DA SILVA MOURA"
                },
                {
                    "codigo_aluno": "159(...)67",
                    "nome_aluno": "FRANCISCO DE JESUS OLIVEIRA REIS"
                },
                {
                    "codigo_aluno": "307(...)38",
                    "nome_aluno": "GABRIEL NUNES RODRIGUES"
                },
                {
                    "codigo_aluno": "304(...)61",
                    "nome_aluno": "GONÇALO SILVA COELHO"
                },
                {
                    "codigo_aluno": "309(...)93",
                    "nome_aluno": "GUSTAVO CONCEIÇÃO FONTES"
                },
                {
                    "codigo_aluno": "306(...)19",
                    "nome_aluno": "HUGO MACIEL ROCHA"
                },
                {
                    "codigo_aluno": "319(...)77",
                    "nome_aluno": "JAVIER ALEJANDRO PEREZ DE ABREU"
                },
                {
                    "codigo_aluno": "150(...)54",
                    "nome_aluno": "JOÃO OLIVEIRA RESENDE"
                },
                {
                    "codigo_aluno": "301(...)85",
                    "nome_aluno": "JOÃO PEDRO GOMES OLIVEIRA"
                },
                {
                    "codigo_aluno": "240(...)06",
                    "nome_aluno": "JOÃO PEDRO MOREIRA GUERREIRO"
                },
                {
                    "codigo_aluno": "305(...)31",
                    "nome_aluno": "JOSÉ HENRIQUE COELHO DA SILVA"
                },
                {
                    "codigo_aluno": "312(...)53",
                    "nome_aluno": "LUCAS COSTA SILVA"
                },
                {
                    "codigo_aluno": "305(...)10",
                    "nome_aluno": "LUÍS LIMA RODRIGUES"
                },
                {
                    "codigo_aluno": "152(...)92",
                    "nome_aluno": "MARIA MIGUEL DE LEMOS E SANTOS"
                },
                {
                    "codigo_aluno": "154(...)51",
                    "nome_aluno": "MARTIM LEVI SILVA JORGE"
                },
                {
                    "codigo_aluno": "153(...)16",
                    "nome_aluno": "MIGUEL LUÍS BENTO"
                },
                {
                    "codigo_aluno": "304(...)48",
                    "nome_aluno": "MIGUEL VERÍSSIMO GASPAR"
                },
                {
                    "codigo_aluno": "314(...)10",
                    "nome_aluno": "PEDRO JORGE DA SILVA PIRES"
                },
                {
                    "codigo_aluno": "310(...)06",
                    "nome_aluno": "PEDRO MANUEL LIMA FERREIRA"
                },
                {
                    "codigo_aluno": "304(...)14",
                    "nome_aluno": "RICARDO DANIEL LARANJEIRA MARQUES"
                },
                {
                    "codigo_aluno": "303(...)87",
                    "nome_aluno": "RODRIGO ANTÓNIO DE OLIVEIRA FERREIRA ALVES"
                },
                {
                    "codigo_aluno": "152(...)44",
                    "nome_aluno": "RUBEN MANUEL PEREIRA GALINHA"
                },
                {
                    "codigo_aluno": "154(...)80",
                    "nome_aluno": "RUI FILIPE MARQUES DA CUNHA"
                },
                {
                    "codigo_aluno": "309(...)81",
                    "nome_aluno": "SANDRO EMANUEL DIAS PIRES"
                },
                {
                    "codigo_aluno": "154(...)82",
                    "nome_aluno": "TIAGO COSTA AZEVEDO"
                },
                {
                    "codigo_aluno": "309(...)05",
                    "nome_aluno": "TIAGO DO LAGO MOTA TOLENTINO MARQUITOS"
                }
            ]
        },
        {
            "codigo_curso": "L346",
            "nome_curso": "L346 - Engenharia Informática Aplicada",
            "colocados": [
                {
                    "codigo_aluno": "314(...)43",
                    "nome_aluno": "ANDRÉ FILIPE MARTINS TEIXEIRA"
                },
                {
                    "codigo_aluno": "312(...)30",
                    "nome_aluno": "ANDRÉ LUÍS RODRIGUES DE ALMEIDA"
                },
                {
                    "codigo_aluno": "314(...)63",
                    "nome_aluno": "BEATRIZ ALVES QUARESMA DA SILVA VILAR"
                },
                {
                    "codigo_aluno": "152(...)76",
                    "nome_aluno": "BEATRIZ HENRIQUES REIS"
                },
                {
                    "codigo_aluno": "156(...)21",
                    "nome_aluno": "BEATRIZ TAVARES DE SÁ"
                },
                {
                    "codigo_aluno": "155(...)20",
                    "nome_aluno": "BERNARDO SEMEDO MADAIL OLIVEIRA"
                },
                {
                    "codigo_aluno": "306(...)56",
                    "nome_aluno": "CRISTIANO NORBERTO PEREIRA DIAS MIGUEL SARAIVA"
                },
                {
                    "codigo_aluno": "300(...)23",
                    "nome_aluno": "DANIEL ALEXANDRE DE OLIVEIRA MORAIS"
                },
                {
                    "codigo_aluno": "307(...)06",
                    "nome_aluno": "DIOGO FERREIRA REBELO"
                },
                {
                    "codigo_aluno": "303(...)11",
                    "nome_aluno": "DUARTE MIGUEL PEREIRA AMARAL"
                },
                {
                    "codigo_aluno": "145(...)19",
                    "nome_aluno": "FILIPE SIMÕES CANDEIAS"
                },
                {
                    "codigo_aluno": "307(...)51",
                    "nome_aluno": "GONÇALO DA SILVA FONSECA"
                },
                {
                    "codigo_aluno": "305(...)04",
                    "nome_aluno": "GONÇALO SOUSA MARTINS"
                },
                {
                    "codigo_aluno": "309(...)01",
                    "nome_aluno": "GONÇALO VIDE PEREIRA"
                },
                {
                    "codigo_aluno": "157(...)79",
                    "nome_aluno": "GUILHERME BASTOS ALVES"
                },
                {
                    "codigo_aluno": "304(...)86",
                    "nome_aluno": "IRIS RENATA FONSECA GONÇALVES"
                },
                {
                    "codigo_aluno": "305(...)35",
                    "nome_aluno": "IVAN ADAMOV"
                },
                {
                    "codigo_aluno": "314(...)49",
                    "nome_aluno": "JOÃO DE SOARES FONTES"
                },
                {
                    "codigo_aluno": "303(...)60",
                    "nome_aluno": "JOEL LOURENÇO DIONÍSIO"
                },
                {
                    "codigo_aluno": "302(...)46",
                    "nome_aluno": "JOSÉ RAFAEL LOPES DOS SANTOS CORREIA"
                },
                {
                    "codigo_aluno": "322(...)49",
                    "nome_aluno": "JUAN CARLOS GONSALVES DA SILVA"
                },
                {
                    "codigo_aluno": "315(...)78",
                    "nome_aluno": "LEVI MARQUES SOARES"
                },
                {
                    "codigo_aluno": "155(...)78",
                    "nome_aluno": "LUÍS FILIPE MAGALHÃES DUARTE"
                },
                {
                    "codigo_aluno": "146(...)19",
                    "nome_aluno": "PEDRO DANIEL CRUZ DE CASTRO ALBUQUERQUE GUIMARÃES"
                },
                {
                    "codigo_aluno": "240(...)10",
                    "nome_aluno": "PIETRO LUIZ TRENTIN"
                },
                {
                    "codigo_aluno": "304(...)58",
                    "nome_aluno": "RUI PEDRO SOUSA BRAGA"
                },
                {
                    "codigo_aluno": "240(...)07",
                    "nome_aluno": "THOMAZ RODRIGUES JIMENES"
                }
            ]
        },
        {
            "codigo_curso": "L021",
            "nome_curso": "L021 - Gestão Comercial",
            "colocados": [
                {
                    "codigo_aluno": "314(...)22",
                    "nome_aluno": "AFONSO SOARES BRANCO"
                },
                {
                    "codigo_aluno": "301(...)61",
                    "nome_aluno": "ALBERTO MIGUEL GUTU"
                },
                {
                    "codigo_aluno": "316(...)79",
                    "nome_aluno": "ALEXANDRA PEREIRA NUNES"
                },
                {
                    "codigo_aluno": "300(...)51",
                    "nome_aluno": "CATARINA LEMOS DA SILVA"
                },
                {
                    "codigo_aluno": "155(...)75",
                    "nome_aluno": "DAVID JOÃO PEREIRA"
                },
                {
                    "codigo_aluno": "153(...)92",
                    "nome_aluno": "DAVID PEDROSA FERNANDES"
                },
                {
                    "codigo_aluno": "309(...)63",
                    "nome_aluno": "GABRIEL ALEXANDRE SILVA JESUS"
                },
                {
                    "codigo_aluno": "308(...)22",
                    "nome_aluno": "GABRIELA ALEXANDRA FERREIRA LINHARES"
                },
                {
                    "codigo_aluno": "155(...)70",
                    "nome_aluno": "GONÇALO CARIXAS PINTO"
                },
                {
                    "codigo_aluno": "312(...)54",
                    "nome_aluno": "GONÇALO DA SILVA ALMEIDA"
                },
                {
                    "codigo_aluno": "307(...)57",
                    "nome_aluno": "HUGO GABRIEL REIS VALENTE"
                },
                {
                    "codigo_aluno": "313(...)37",
                    "nome_aluno": "INES GOMES FERREIRA"
                },
                {
                    "codigo_aluno": "154(...)65",
                    "nome_aluno": "ISABEL FERREIRA ROCHA"
                },
                {
                    "codigo_aluno": "306(...)65",
                    "nome_aluno": "LARA FILIPA FREITAS PORTELINHA"
                },
                {
                    "codigo_aluno": "302(...)70",
                    "nome_aluno": "LETÍCIA DA ROCHA PEREIRA"
                },
                {
                    "codigo_aluno": "159(...)98",
                    "nome_aluno": "LINA LI"
                },
                {
                    "codigo_aluno": "332(...)41",
                    "nome_aluno": "LUANA DUQUE COELHO"
                },
                {
                    "codigo_aluno": "307(...)79",
                    "nome_aluno": "MARISA DUARTE FREIRE"
                },
                {
                    "codigo_aluno": "309(...)05",
                    "nome_aluno": "MIGUEL DA SILVA SANTOS"
                },
                {
                    "codigo_aluno": "152(...)08",
                    "nome_aluno": "MIGUEL TORRES VALENTE"
                },
                {
                    "codigo_aluno": "314(...)33",
                    "nome_aluno": "PEDRO FERREIRA OLIVEIRA"
                },
                {
                    "codigo_aluno": "309(...)00",
                    "nome_aluno": "PEDRO GIOVANNY DUARTE DA SILVA"
                },
                {
                    "codigo_aluno": "155(...)02",
                    "nome_aluno": "RAFAEL DINIS FERREIRA RIBEIRO"
                },
                {
                    "codigo_aluno": "305(...)60",
                    "nome_aluno": "RICARDO MIGUEL MOREIRA RESENDE"
                },
                {
                    "codigo_aluno": "308(...)53",
                    "nome_aluno": "RICARDO MIGUEL OLIVEIRA GONÇALVES"
                },
                {
                    "codigo_aluno": "157(...)53",
                    "nome_aluno": "RÚBEN DUARTE SARMENTO COELHO"
                },
                {
                    "codigo_aluno": "309(...)43",
                    "nome_aluno": "SIMAO MARTINS NOVO"
                },
                {
                    "codigo_aluno": "150(...)58",
                    "nome_aluno": "TIAGO SANTOS XAVIER DE LIMA"
                },
                {
                    "codigo_aluno": "309(...)75",
                    "nome_aluno": "TOMÁS SIMÕES CARVALHO"
                },
                {
                    "codigo_aluno": "310(...)35",
                    "nome_aluno": "VÍTOR FRUTUOSO MARTINS DE OLIVEIRA"
                }
            ]
        },
        {
            "codigo_curso": "8405",
            "nome_curso": "8405 - Gestão da Qualidade",
            "colocados": [
                {
                    "codigo_aluno": "152(...)05",
                    "nome_aluno": "ANA LUÍSA GUERREIRO VIANA"
                },
                {
                    "codigo_aluno": "315(...)88",
                    "nome_aluno": "ANA RITA GONÇALVES LOPES"
                },
                {
                    "codigo_aluno": "156(...)23",
                    "nome_aluno": "BÁRBARA AUGUSTO E SANTOS"
                },
                {
                    "codigo_aluno": "149(...)17",
                    "nome_aluno": "BEATRIZ OLIVEIRA GARRIDO"
                },
                {
                    "codigo_aluno": "317(...)00",
                    "nome_aluno": "CAROLINA PEREIRA MARQUES"
                },
                {
                    "codigo_aluno": "318(...)75",
                    "nome_aluno": "CAROLINA SILVA FERREIRA"
                },
                {
                    "codigo_aluno": "323(...)26",
                    "nome_aluno": "DANIELA LUCIA FERNANDEZ DA SILVA"
                },
                {
                    "codigo_aluno": "308(...)21",
                    "nome_aluno": "EDUARDO SOUSA OLIVEIRA"
                },
                {
                    "codigo_aluno": "157(...)26",
                    "nome_aluno": "FLAVIANA DOS SANTOS NLAU"
                },
                {
                    "codigo_aluno": "300(...)18",
                    "nome_aluno": "GUSTAVO OLIVEIRA ROCHA"
                },
                {
                    "codigo_aluno": "306(...)71",
                    "nome_aluno": "INÊS DIONÍSIO MENÍCIO"
                },
                {
                    "codigo_aluno": "309(...)00",
                    "nome_aluno": "INÊS MAGALHÃES RIBEIRO"
                },
                {
                    "codigo_aluno": "306(...)73",
                    "nome_aluno": "INES MARQUES VIEIRA"
                },
                {
                    "codigo_aluno": "157(...)92",
                    "nome_aluno": "ÍRIS FERREIRA CUNHA"
                },
                {
                    "codigo_aluno": "152(...)39",
                    "nome_aluno": "JOÃO GIL FERREIRA NETA"
                },
                {
                    "codigo_aluno": "152(...)86",
                    "nome_aluno": "JOÃO PAULO MAGALHÃES TEIXEIRA"
                },
                {
                    "codigo_aluno": "308(...)18",
                    "nome_aluno": "JOÃO PEDRO TEIXEIRA SILVA"
                },
                {
                    "codigo_aluno": "157(...)90",
                    "nome_aluno": "MARIA CAÇÃO DOS SANTOS"
                },
                {
                    "codigo_aluno": "306(...)15",
                    "nome_aluno": "MARIANA GUIMARÃES MATOS MENDES"
                },
                {
                    "codigo_aluno": "305(...)37",
                    "nome_aluno": "MICAELA DA SILVA LUIS"
                },
                {
                    "codigo_aluno": "156(...)40",
                    "nome_aluno": "PEDRO MIGUEL SILVA PEREIRA"
                },
                {
                    "codigo_aluno": "318(...)92",
                    "nome_aluno": "SOFIA MARLENE DARAME FURTADO"
                },
                {
                    "codigo_aluno": "303(...)19",
                    "nome_aluno": "TIAGO SILVA CASTANHETA"
                },
                {
                    "codigo_aluno": "313(...)90",
                    "nome_aluno": "TOMÁS FILIPE PAÇO MATOS"
                }
            ]
        },
        {
            "codigo_curso": "L140",
            "nome_curso": "L140 - Gestão Pública",
            "colocados": [
                {
                    "codigo_aluno": "152(...)96",
                    "nome_aluno": "ANA RITA SODRÉ MARQUES DA COSTA"
                },
                {
                    "codigo_aluno": "309(...)33",
                    "nome_aluno": "BEATRIZ VIDAL COUTINHO"
                },
                {
                    "codigo_aluno": "302(...)06",
                    "nome_aluno": "DANIELA FERNANDES LOURENÇO"
                },
                {
                    "codigo_aluno": "309(...)32",
                    "nome_aluno": "GABRIELA MARQUES FERREIRA"
                },
                {
                    "codigo_aluno": "158(...)35",
                    "nome_aluno": "GABRIELA PEREIRA FERREIRA"
                },
                {
                    "codigo_aluno": "154(...)82",
                    "nome_aluno": "IRIS COSTA COUTO"
                },
                {
                    "codigo_aluno": "309(...)16",
                    "nome_aluno": "JOANA JESUS ROCHA"
                },
                {
                    "codigo_aluno": "309(...)87",
                    "nome_aluno": "LUANA ROCHA SÁ"
                },
                {
                    "codigo_aluno": "306(...)46",
                    "nome_aluno": "LUANA RUSSO SUZANO"
                },
                {
                    "codigo_aluno": "309(...)27",
                    "nome_aluno": "MAFALDA FERREIRA OLIVEIRA"
                },
                {
                    "codigo_aluno": "317(...)01",
                    "nome_aluno": "MARGARIDA FERREIRA VELHO"
                },
                {
                    "codigo_aluno": "314(...)60",
                    "nome_aluno": "MARIA FRANCISCA CONDEÇO MORAIS"
                },
                {
                    "codigo_aluno": "151(...)08",
                    "nome_aluno": "MARIA JOÃO ABREU DA SILVA"
                },
                {
                    "codigo_aluno": "302(...)36",
                    "nome_aluno": "MARINA FILIPA VIEGAS SOUSA"
                },
                {
                    "codigo_aluno": "314(...)92",
                    "nome_aluno": "MARTIM GAMELAS MORGADO"
                },
                {
                    "codigo_aluno": "307(...)18",
                    "nome_aluno": "PEDRO BRUNO CASTRO VIEIRA"
                },
                {
                    "codigo_aluno": "150(...)03",
                    "nome_aluno": "RODRIGO DA SILVA GARRIDO FREITAS"
                },
                {
                    "codigo_aluno": "152(...)44",
                    "nome_aluno": "SIMÃO CARAPINHEIRA DUARTE"
                },
                {
                    "codigo_aluno": "312(...)96",
                    "nome_aluno": "SOFIA SOUSA"
                }
            ]
        },
        {
            "codigo_curso": "9235",
            "nome_curso": "9235 - Secretariado e Comunicação Empresarial",
            "colocados": [
                {
                    "codigo_aluno": "303(...)67",
                    "nome_aluno": "ANA BEATRIZ GARCIA PIRES"
                },
                {
                    "codigo_aluno": "310(...)50",
                    "nome_aluno": "ANA BEATRIZ SILVA DUARTE"
                },
                {
                    "codigo_aluno": "312(...)62",
                    "nome_aluno": "ANA BEATRIZ TEIXEIRA PINTO"
                },
                {
                    "codigo_aluno": "305(...)22",
                    "nome_aluno": "ANA FRANCISCA LEITE ALVES"
                },
                {
                    "codigo_aluno": "310(...)11",
                    "nome_aluno": "ANA ISABEL SOUSA FERREIRA"
                },
                {
                    "codigo_aluno": "241(...)02",
                    "nome_aluno": "ANA LUIZA DE SOUZA RIBEIRO"
                },
                {
                    "codigo_aluno": "316(...)58",
                    "nome_aluno": "BEATRIZ DA SILVA TEIXEIRA"
                },
                {
                    "codigo_aluno": "158(...)17",
                    "nome_aluno": "CARLOTA SOFIA MARQUES MATOS"
                },
                {
                    "codigo_aluno": "304(...)77",
                    "nome_aluno": "CAROLINA RAQUEL DE OLIVEIRA RAMOS FERNANDES GONÇALVES"
                },
                {
                    "codigo_aluno": "306(...)50",
                    "nome_aluno": "EDUARDO VIDAL DA SILVA"
                },
                {
                    "codigo_aluno": "303(...)00",
                    "nome_aluno": "GABRIEL JOSÉ PINTO CARVALHO"
                },
                {
                    "codigo_aluno": "301(...)33",
                    "nome_aluno": "GRAÇA MARIA ALEXANDRE FERNANDES"
                },
                {
                    "codigo_aluno": "304(...)42",
                    "nome_aluno": "GUSTAVO FERNANDES BRANDÃO"
                },
                {
                    "codigo_aluno": "311(...)66",
                    "nome_aluno": "INÊS BIZARRO DIAS"
                },
                {
                    "codigo_aluno": "152(...)52",
                    "nome_aluno": "JOANA FILIPA TEIXEIRA NEVES"
                },
                {
                    "codigo_aluno": "306(...)01",
                    "nome_aluno": "JOÃO GUILHERME RUSSO DIAS PEREIRA POÇO"
                },
                {
                    "codigo_aluno": "152(...)38",
                    "nome_aluno": "JOÃO MANUEL SOARES BRANCO"
                },
                {
                    "codigo_aluno": "303(...)41",
                    "nome_aluno": "JOAQUIM EDUARDO DIAZ PINTO"
                },
                {
                    "codigo_aluno": "306(...)35",
                    "nome_aluno": "LARA VIEIRA SOARES"
                },
                {
                    "codigo_aluno": "311(...)87",
                    "nome_aluno": "LEONOR PINTO RODRIGUES"
                },
                {
                    "codigo_aluno": "317(...)91",
                    "nome_aluno": "LUANA VIEIRA DA ROCHA PEREIRA"
                },
                {
                    "codigo_aluno": "155(...)08",
                    "nome_aluno": "MARGARIDA CASTANHEIRA ABRANTES"
                },
                {
                    "codigo_aluno": "149(...)74",
                    "nome_aluno": "NÍSIA ANDRESA GOMES MOREIRA"
                },
                {
                    "codigo_aluno": "159(...)45",
                    "nome_aluno": "PEDRO HENRIQUE TAVARES ALMEIDA"
                },
                {
                    "codigo_aluno": "240(...)47",
                    "nome_aluno": "SARAH YASMIN RITZMANN"
                }
            ]
        }
    ]
}