{
    "codigo_universidade": "1321",
    "nome_universidade": "1321 - Universidade da Madeira - Escola Superior de Tecnologias e Gestão",
    "cursos": [
        {
            "codigo_curso": "9076",
            "nome_curso": "9076 - Direção e Gestão Hoteleira",
            "colocados": [
                {
                    "codigo_aluno": "146(...)17",
                    "nome_aluno": "ANA DANIELA PIMENTA FERNANDES"
                },
                {
                    "codigo_aluno": "156(...)03",
                    "nome_aluno": "ANA ISABEL CARVALHO RIBEIRO"
                },
                {
                    "codigo_aluno": "145(...)16",
                    "nome_aluno": "ANA LEONOR ROSA NUNES"
                },
                {
                    "codigo_aluno": "147(...)98",
                    "nome_aluno": "BEATRIZ MOURA CASTRO"
                },
                {
                    "codigo_aluno": "321(...)34",
                    "nome_aluno": "CARLOS DANIEL GONÇALVES DE PONTE"
                },
                {
                    "codigo_aluno": "305(...)81",
                    "nome_aluno": "CARLOTA MARIA CORREIA FERNANDES"
                },
                {
                    "codigo_aluno": "153(...)02",
                    "nome_aluno": "CAROLINA ISABEL RIBEIRO GOUVEIA"
                },
                {
                    "codigo_aluno": "157(...)46",
                    "nome_aluno": "CLÁUDIA PATRÍCIA LORETO ÁLVARO"
                },
                {
                    "codigo_aluno": "155(...)68",
                    "nome_aluno": "DANIEL ALEJANDRO GONZALEZ PESTANA"
                },
                {
                    "codigo_aluno": "152(...)73",
                    "nome_aluno": "DANIELA MATILDE FERNANDES DA SILVA"
                },
                {
                    "codigo_aluno": "153(...)18",
                    "nome_aluno": "EMÍLIA FRANCISCA DE SOUSA DOS SANTOS"
                },
                {
                    "codigo_aluno": "150(...)40",
                    "nome_aluno": "FILIPE TIAGO FIGUEIRA GONÇALVES"
                },
                {
                    "codigo_aluno": "151(...)10",
                    "nome_aluno": "FRANCISCO ALMEIDA RODRIGUES"
                },
                {
                    "codigo_aluno": "155(...)93",
                    "nome_aluno": "GONÇALO JOSÉ RODRIGUES VINAGRE"
                },
                {
                    "codigo_aluno": "153(...)50",
                    "nome_aluno": "GUILHERME BENICIO TEIXEIRA SANTOS"
                },
                {
                    "codigo_aluno": "302(...)65",
                    "nome_aluno": "IARA RAQUEL RODRIGUES GÓIS"
                },
                {
                    "codigo_aluno": "300(...)73",
                    "nome_aluno": "JOÃO FILIPE NIZA FRANÇA"
                },
                {
                    "codigo_aluno": "153(...)49",
                    "nome_aluno": "JOÃO FRANCISCO DOS RAMOS FARIA"
                },
                {
                    "codigo_aluno": "156(...)07",
                    "nome_aluno": "JOÃO FRANCISCO RODRIGUES ABREU"
                },
                {
                    "codigo_aluno": "152(...)72",
                    "nome_aluno": "JOÃO TOMÁS DOS SANTOS NUNES"
                },
                {
                    "codigo_aluno": "159(...)04",
                    "nome_aluno": "JOAQUIM VIVEIROS BARRETO"
                },
                {
                    "codigo_aluno": "151(...)47",
                    "nome_aluno": "JOSÉ DIOGO BRANCO SILVA"
                },
                {
                    "codigo_aluno": "154(...)32",
                    "nome_aluno": "LEONOR ABREU DE SÁ"
                },
                {
                    "codigo_aluno": "157(...)32",
                    "nome_aluno": "MARIA CARLOTA FERREIRA GOMES"
                },
                {
                    "codigo_aluno": "153(...)06",
                    "nome_aluno": "MARIA FABIANA MACEDO DA SILVA"
                },
                {
                    "codigo_aluno": "151(...)56",
                    "nome_aluno": "MARIA INÊS VIEIRA FERREIRA"
                },
                {
                    "codigo_aluno": "300(...)57",
                    "nome_aluno": "MARIA LEONOR FREITAS GOUVEIA"
                },
                {
                    "codigo_aluno": "154(...)10",
                    "nome_aluno": "MARIA LEONOR ORNELAS RODRIGUES"
                },
                {
                    "codigo_aluno": "150(...)76",
                    "nome_aluno": "MARTIM MARIA VIEIRA SAPATEIRO"
                },
                {
                    "codigo_aluno": "151(...)86",
                    "nome_aluno": "MARTIM PAQUETE PEIXOTO"
                },
                {
                    "codigo_aluno": "322(...)26",
                    "nome_aluno": "NICOLE CELESTE VILLEGAS GOMES"
                },
                {
                    "codigo_aluno": "154(...)91",
                    "nome_aluno": "ROBERTO SOTTOMAYOR TAVARES ARAÚJO SILVA"
                },
                {
                    "codigo_aluno": "158(...)70",
                    "nome_aluno": "RODRIGO PEDRO GOUVEIA SALVADO"
                },
                {
                    "codigo_aluno": "153(...)67",
                    "nome_aluno": "SARA MARIA BETTENCOURT DE ANDRADE"
                },
                {
                    "codigo_aluno": "241(...)10",
                    "nome_aluno": "SINAN KOLB"
                },
                {
                    "codigo_aluno": "157(...)25",
                    "nome_aluno": "TATIANA CORREIA SPÍNOLA"
                },
                {
                    "codigo_aluno": "303(...)97",
                    "nome_aluno": "VICTÓRIA DIACIUC"
                }
            ]
        }
    ]
}