{
    "codigo_universidade": "3013",
    "nome_universidade": "3013 - Universidade de Aveiro - Escola Superior de Saúde de Aveiro",
    "cursos": [
        {
            "codigo_curso": "9500",
            "nome_curso": "9500 - Enfermagem",
            "colocados": [
                {
                    "codigo_aluno": "309(...)62",
                    "nome_aluno": "AFONSO FERREIRA PINA"
                },
                {
                    "codigo_aluno": "309(...)12",
                    "nome_aluno": "AFONSO PATRÍCIO PINTO SALGUEIRO"
                },
                {
                    "codigo_aluno": "306(...)56",
                    "nome_aluno": "ANA CATARINA COUTO OLIVEIRA"
                },
                {
                    "codigo_aluno": "153(...)73",
                    "nome_aluno": "ANA RITA VICENTE MEDEIROS"
                },
                {
                    "codigo_aluno": "309(...)86",
                    "nome_aluno": "ANA SOFIA CORREIA GOMES"
                },
                {
                    "codigo_aluno": "156(...)07",
                    "nome_aluno": "ANAMAR REI MARQUES"
                },
                {
                    "codigo_aluno": "310(...)79",
                    "nome_aluno": "BÁRBARA FILIPA DA SILVA PINTO"
                },
                {
                    "codigo_aluno": "309(...)10",
                    "nome_aluno": "BEATRIZ ALEXANDRA VIEIRA TEIXEIRA"
                },
                {
                    "codigo_aluno": "308(...)48",
                    "nome_aluno": "BEATRIZ DA COSTA ALVES"
                },
                {
                    "codigo_aluno": "318(...)16",
                    "nome_aluno": "BEATRIZ DOS SANTOS DE JESUS"
                },
                {
                    "codigo_aluno": "315(...)47",
                    "nome_aluno": "BEATRIZ FILIPA DA SILVA GONÇALVES"
                },
                {
                    "codigo_aluno": "300(...)77",
                    "nome_aluno": "BEATRIZ GONÇALVES FERREIRA"
                },
                {
                    "codigo_aluno": "314(...)30",
                    "nome_aluno": "BEATRIZ MARQUES DA CONCEIÇÃO"
                },
                {
                    "codigo_aluno": "307(...)68",
                    "nome_aluno": "CAMILA MARIA GUARDADO GONÇALVES"
                },
                {
                    "codigo_aluno": "159(...)52",
                    "nome_aluno": "CAROLINA FERREIRA SANTOS"
                },
                {
                    "codigo_aluno": "305(...)00",
                    "nome_aluno": "CAROLINA PRATS COUTO BASTOS DE SOUSA"
                },
                {
                    "codigo_aluno": "309(...)82",
                    "nome_aluno": "CAROLINA RAMOS MARTINS PINHEIRO"
                },
                {
                    "codigo_aluno": "310(...)01",
                    "nome_aluno": "CAROLINA TEIXEIRA VELOSO"
                },
                {
                    "codigo_aluno": "157(...)40",
                    "nome_aluno": "CATARINA AGRA MARTINS DE ALMEIDA COSTA"
                },
                {
                    "codigo_aluno": "306(...)94",
                    "nome_aluno": "CATARINA RODRIGUES FIGUEIREDO"
                },
                {
                    "codigo_aluno": "309(...)04",
                    "nome_aluno": "CONSTANÇA RODRIGUES COSTA"
                },
                {
                    "codigo_aluno": "313(...)60",
                    "nome_aluno": "DIANA BEATRIZ CAÇÂO VIEIRA"
                },
                {
                    "codigo_aluno": "155(...)18",
                    "nome_aluno": "DIANA CAROLINA SALVADOR VIEIRA"
                },
                {
                    "codigo_aluno": "307(...)32",
                    "nome_aluno": "DIANA MARIA EMÌLIO LOPES"
                },
                {
                    "codigo_aluno": "304(...)55",
                    "nome_aluno": "DIANA SOFIA PINHO DA SILVA"
                },
                {
                    "codigo_aluno": "152(...)68",
                    "nome_aluno": "DINA RIBEIRO NEVES"
                },
                {
                    "codigo_aluno": "306(...)23",
                    "nome_aluno": "ÉRICA LUCIANA SÁ ARAÚJO"
                },
                {
                    "codigo_aluno": "300(...)88",
                    "nome_aluno": "ERNESTINA SOFIA PINTO DA SILVA"
                },
                {
                    "codigo_aluno": "313(...)60",
                    "nome_aluno": "EYA BEN NASRALLAH"
                },
                {
                    "codigo_aluno": "300(...)06",
                    "nome_aluno": "FLÁVIA MARQUES CARDOSO"
                },
                {
                    "codigo_aluno": "152(...)86",
                    "nome_aluno": "GONÇALO FREITAS ROCHA"
                },
                {
                    "codigo_aluno": "308(...)99",
                    "nome_aluno": "GUILHERME MIGUEL FERREIRA CUNHA"
                },
                {
                    "codigo_aluno": "309(...)90",
                    "nome_aluno": "HENRIQUE FERREIRA PINA"
                },
                {
                    "codigo_aluno": "307(...)93",
                    "nome_aluno": "INÊS ALVARES MENDES GONÇALVES CUNHA"
                },
                {
                    "codigo_aluno": "312(...)88",
                    "nome_aluno": "INES AMARO GOMES"
                },
                {
                    "codigo_aluno": "154(...)91",
                    "nome_aluno": "INÊS DE SOUSA COUTO"
                },
                {
                    "codigo_aluno": "303(...)29",
                    "nome_aluno": "INÊS DIAS LACERDA LOPES"
                },
                {
                    "codigo_aluno": "152(...)56",
                    "nome_aluno": "INES DOS SANTOS LARANJO"
                },
                {
                    "codigo_aluno": "159(...)48",
                    "nome_aluno": "INÊS VIEIRA LEITÃO"
                },
                {
                    "codigo_aluno": "154(...)00",
                    "nome_aluno": "ÍRIS TEIXEIRA RESENDE"
                },
                {
                    "codigo_aluno": "306(...)69",
                    "nome_aluno": "ISIS MIGUEL MINGATOS TERRÍVEL"
                },
                {
                    "codigo_aluno": "159(...)46",
                    "nome_aluno": "JOANA DA SILVA BASTOS"
                },
                {
                    "codigo_aluno": "153(...)35",
                    "nome_aluno": "JOANA PIROSKA KARAKAS SILVA GOMES"
                },
                {
                    "codigo_aluno": "309(...)41",
                    "nome_aluno": "JOANA TAVARES PEREIRA DA SILVA"
                },
                {
                    "codigo_aluno": "312(...)14",
                    "nome_aluno": "JOÃO PEDRO REIS LUZ"
                },
                {
                    "codigo_aluno": "314(...)28",
                    "nome_aluno": "JÚLIA TOMÁS CADETE"
                },
                {
                    "codigo_aluno": "152(...)82",
                    "nome_aluno": "JULIANA VIEIRA DA COSTA"
                },
                {
                    "codigo_aluno": "149(...)98",
                    "nome_aluno": "LARA DE CARVALHO GOMES"
                },
                {
                    "codigo_aluno": "305(...)08",
                    "nome_aluno": "LARA REI RODRIGUES"
                },
                {
                    "codigo_aluno": "307(...)22",
                    "nome_aluno": "LARA RODRIGUES FERREIRA DA SILVA"
                },
                {
                    "codigo_aluno": "304(...)53",
                    "nome_aluno": "LARA SARAIVA MARQUES"
                },
                {
                    "codigo_aluno": "303(...)08",
                    "nome_aluno": "LEONOR DE SOUSA COELHO"
                },
                {
                    "codigo_aluno": "159(...)93",
                    "nome_aluno": "MAFALDA PARADA DINIS"
                },
                {
                    "codigo_aluno": "314(...)90",
                    "nome_aluno": "MAFALDA RIBEIRO MACHADO"
                },
                {
                    "codigo_aluno": "152(...)48",
                    "nome_aluno": "MARA BEATRIZ DA SILVA ARAUJO"
                },
                {
                    "codigo_aluno": "152(...)37",
                    "nome_aluno": "MARIA GARCIA DIEGUES CARVALHO"
                },
                {
                    "codigo_aluno": "158(...)09",
                    "nome_aluno": "MARIA MARTINS SILVA MARQUES"
                },
                {
                    "codigo_aluno": "310(...)17",
                    "nome_aluno": "MARIANA FERREIRA DA BENTA"
                },
                {
                    "codigo_aluno": "306(...)98",
                    "nome_aluno": "MARIANA MARQUES LOPES AZEVEDO"
                },
                {
                    "codigo_aluno": "306(...)68",
                    "nome_aluno": "MARIANA QUEIROS ALMEIDA"
                },
                {
                    "codigo_aluno": "155(...)10",
                    "nome_aluno": "MARIANA RUSSO COSTA"
                },
                {
                    "codigo_aluno": "156(...)32",
                    "nome_aluno": "MARIANA SOFIA FREITAS VALENTE"
                },
                {
                    "codigo_aluno": "307(...)79",
                    "nome_aluno": "MARTA AFONSO MAGALHÃES DE OLIVEIRA"
                },
                {
                    "codigo_aluno": "150(...)12",
                    "nome_aluno": "MARTA BARBOSA DOS SANTOS FERREIRA"
                },
                {
                    "codigo_aluno": "310(...)33",
                    "nome_aluno": "MARTA SILVA RESENDE"
                },
                {
                    "codigo_aluno": "309(...)04",
                    "nome_aluno": "MARTIM OLIVEIRA BARROS"
                },
                {
                    "codigo_aluno": "155(...)16",
                    "nome_aluno": "MARTIN OLIVEIRA PEREIRINHA"
                },
                {
                    "codigo_aluno": "159(...)38",
                    "nome_aluno": "MATILDE DA COSTA DINIS"
                },
                {
                    "codigo_aluno": "313(...)37",
                    "nome_aluno": "MATILDE FERREIRA LOMBA"
                },
                {
                    "codigo_aluno": "313(...)25",
                    "nome_aluno": "MATILDE FILIPA DA ROCHA PEREIRA MENEZES FIGUEIREDO"
                },
                {
                    "codigo_aluno": "159(...)25",
                    "nome_aluno": "MATILDE RODRIGUES MAIA"
                },
                {
                    "codigo_aluno": "303(...)18",
                    "nome_aluno": "MATILDE TOMAZ FERREIRA"
                },
                {
                    "codigo_aluno": "152(...)12",
                    "nome_aluno": "MIGUEL DE JESUS ALEGRE"
                },
                {
                    "codigo_aluno": "306(...)27",
                    "nome_aluno": "RAFAELA RODRIGUES RANGEL"
                },
                {
                    "codigo_aluno": "306(...)30",
                    "nome_aluno": "RAQUEL BRITES DOS LOUROS"
                },
                {
                    "codigo_aluno": "240(...)03",
                    "nome_aluno": "SARA EVELYN BRITO XAVIER"
                },
                {
                    "codigo_aluno": "318(...)74",
                    "nome_aluno": "SOFIA GOMES DA SILVA"
                },
                {
                    "codigo_aluno": "307(...)31",
                    "nome_aluno": "SOFIA MARTINS AMORIM"
                },
                {
                    "codigo_aluno": "317(...)44",
                    "nome_aluno": "SOFIA MENEM MAIA VARANDAS"
                },
                {
                    "codigo_aluno": "308(...)12",
                    "nome_aluno": "SOFIA VIEIRA ARROTEIA"
                },
                {
                    "codigo_aluno": "156(...)73",
                    "nome_aluno": "TIAGO RODRIGUES JESUS"
                },
                {
                    "codigo_aluno": "156(...)96",
                    "nome_aluno": "TOMÁS DURÃO CAÇOILO"
                }
            ]
        },
        {
            "codigo_curso": "9504",
            "nome_curso": "9504 - Fisioterapia",
            "colocados": [
                {
                    "codigo_aluno": "157(...)74",
                    "nome_aluno": "ALESSANDRA MONTEIRO RIBEIRO"
                },
                {
                    "codigo_aluno": "305(...)87",
                    "nome_aluno": "ALFREDO MIGUEL CARVALHO CUNHA"
                },
                {
                    "codigo_aluno": "309(...)37",
                    "nome_aluno": "ANA SOFIA MEIRA PEREIRA"
                },
                {
                    "codigo_aluno": "306(...)41",
                    "nome_aluno": "ANDRÉ ALEXANDRE BRINCO LEITÃO"
                },
                {
                    "codigo_aluno": "306(...)97",
                    "nome_aluno": "ANITA GONÇALVES DA COSTA"
                },
                {
                    "codigo_aluno": "312(...)76",
                    "nome_aluno": "BÁRBARA AZEVEDO FERNANDES"
                },
                {
                    "codigo_aluno": "549(...)00",
                    "nome_aluno": "BASTOS FERREIRA DA SILVA LUKAS"
                },
                {
                    "codigo_aluno": "310(...)42",
                    "nome_aluno": "BEATRIZ DE ALMEIDA MARTINS"
                },
                {
                    "codigo_aluno": "152(...)48",
                    "nome_aluno": "CARLOTA ÁVILA LOPES"
                },
                {
                    "codigo_aluno": "304(...)27",
                    "nome_aluno": "CATARINA FERNANDES ALEGRIA"
                },
                {
                    "codigo_aluno": "309(...)10",
                    "nome_aluno": "CRISTINA MOREIRA GONÇALVES"
                },
                {
                    "codigo_aluno": "152(...)16",
                    "nome_aluno": "DANIEL LOPES BORRALHO"
                },
                {
                    "codigo_aluno": "157(...)79",
                    "nome_aluno": "DAVID JORGE OLIVEIRA PEQUENO"
                },
                {
                    "codigo_aluno": "158(...)94",
                    "nome_aluno": "FILIPA MARGARIDA VILAR BASTOS"
                },
                {
                    "codigo_aluno": "311(...)40",
                    "nome_aluno": "FRANCISCO ANTÓNIO SOUSA FERNANDES"
                },
                {
                    "codigo_aluno": "154(...)13",
                    "nome_aluno": "FRANCISCO MIGUEL FERNANDES FERREIRA DE LEMOS"
                },
                {
                    "codigo_aluno": "304(...)78",
                    "nome_aluno": "GABRIELA SILVA SIMÕES"
                },
                {
                    "codigo_aluno": "156(...)70",
                    "nome_aluno": "GONÇALO VILARINHO COSTA"
                },
                {
                    "codigo_aluno": "309(...)43",
                    "nome_aluno": "GUILHERME COSTA DA SILVA"
                },
                {
                    "codigo_aluno": "159(...)69",
                    "nome_aluno": "HÉLDER GENTIL DE OLIVEIRA E SILVA"
                },
                {
                    "codigo_aluno": "157(...)64",
                    "nome_aluno": "INÊS MARGARIDA DE SOUSA GUERREIRO"
                },
                {
                    "codigo_aluno": "153(...)85",
                    "nome_aluno": "INÊS MARIA REBOLO DIAS"
                },
                {
                    "codigo_aluno": "309(...)42",
                    "nome_aluno": "INÊS PAREDES EUSÉBIO"
                },
                {
                    "codigo_aluno": "159(...)11",
                    "nome_aluno": "LARA DA SILVA FERREIRA"
                },
                {
                    "codigo_aluno": "151(...)59",
                    "nome_aluno": "LAURA MARIA CARVALHO SILVA"
                },
                {
                    "codigo_aluno": "309(...)64",
                    "nome_aluno": "LEONOR BENITA HEITOR FIGUEIREDO SANTOS"
                },
                {
                    "codigo_aluno": "316(...)02",
                    "nome_aluno": "LEONOR FERREIRA MAGANINHO"
                },
                {
                    "codigo_aluno": "301(...)38",
                    "nome_aluno": "LEONOR PEDRO FERREIRA"
                },
                {
                    "codigo_aluno": "314(...)45",
                    "nome_aluno": "LEONOR VIDAL PINTO"
                },
                {
                    "codigo_aluno": "154(...)63",
                    "nome_aluno": "LILIANA RAFAELA ARAÚJO ROCHA"
                },
                {
                    "codigo_aluno": "309(...)48",
                    "nome_aluno": "LUCAS ANDRÉ FERNANDES MARTINS"
                },
                {
                    "codigo_aluno": "315(...)03",
                    "nome_aluno": "LUÍSA TAVARES REBIMBAS DA FONSECA"
                },
                {
                    "codigo_aluno": "152(...)14",
                    "nome_aluno": "MAFALDA RUMOR PITO"
                },
                {
                    "codigo_aluno": "157(...)74",
                    "nome_aluno": "MARIA CAÇADOR CARVALHO LIMA"
                },
                {
                    "codigo_aluno": "159(...)31",
                    "nome_aluno": "MARIA FERREIRA DE ALMEIDA"
                },
                {
                    "codigo_aluno": "306(...)92",
                    "nome_aluno": "MARIA MADALENA DA SILVA MATOS"
                },
                {
                    "codigo_aluno": "309(...)21",
                    "nome_aluno": "MARIANA MARTINS OLIVEIRA"
                },
                {
                    "codigo_aluno": "159(...)12",
                    "nome_aluno": "MATILDE FERNANDES RIBEIRO"
                },
                {
                    "codigo_aluno": "306(...)96",
                    "nome_aluno": "MIGUEL VALE VARÃO"
                },
                {
                    "codigo_aluno": "311(...)97",
                    "nome_aluno": "RAQUEL FIGUEIREDO RODRIGUES"
                }
            ]
        },
        {
            "codigo_curso": "L066",
            "nome_curso": "L066 - Imagem Médica e Radioterapia",
            "colocados": [
                {
                    "codigo_aluno": "152(...)13",
                    "nome_aluno": "ANA MARIA SANTOS CUNHA"
                },
                {
                    "codigo_aluno": "307(...)08",
                    "nome_aluno": "ARIANA CARDOSO SIMÕES"
                },
                {
                    "codigo_aluno": "310(...)46",
                    "nome_aluno": "BEATRIZ DA CONCEIÇÃO OLIVEIRA"
                },
                {
                    "codigo_aluno": "316(...)96",
                    "nome_aluno": "BELA ALEXANDRA MARTINS PEREIRA"
                },
                {
                    "codigo_aluno": "152(...)61",
                    "nome_aluno": "CARLA BEATRIZ FREITAS"
                },
                {
                    "codigo_aluno": "156(...)47",
                    "nome_aluno": "CAROLINA BESSA FERREIRA"
                },
                {
                    "codigo_aluno": "149(...)81",
                    "nome_aluno": "CAROLINA FILIPA SANTOS CARDOSO"
                },
                {
                    "codigo_aluno": "303(...)47",
                    "nome_aluno": "CAROLINA SOFIA INÁCIO AUGUSTO"
                },
                {
                    "codigo_aluno": "154(...)74",
                    "nome_aluno": "CATARINA SOFIA RODRIGUES CARVALHO"
                },
                {
                    "codigo_aluno": "306(...)66",
                    "nome_aluno": "DANIELA MARIA RIBEIRO PEREIRA"
                },
                {
                    "codigo_aluno": "308(...)63",
                    "nome_aluno": "DIOGO OLIVEIRA ALMEIDA"
                },
                {
                    "codigo_aluno": "300(...)93",
                    "nome_aluno": "FRANCISCO JOSÉ ALMEIDA FERREIRA"
                },
                {
                    "codigo_aluno": "300(...)62",
                    "nome_aluno": "GABRIELA DOS SANTOS FERREIRA DA SILVA"
                },
                {
                    "codigo_aluno": "308(...)45",
                    "nome_aluno": "JOANA FILIPA RIBEIRO TEIXEIRA"
                },
                {
                    "codigo_aluno": "308(...)41",
                    "nome_aluno": "JOÃO MOURA MENDES"
                },
                {
                    "codigo_aluno": "309(...)76",
                    "nome_aluno": "JOÃO PEDRO MARTINS REI"
                },
                {
                    "codigo_aluno": "309(...)66",
                    "nome_aluno": "LARA FONSECA BÉRTOLO"
                },
                {
                    "codigo_aluno": "305(...)47",
                    "nome_aluno": "LENA MELO ANDRÉ"
                },
                {
                    "codigo_aluno": "303(...)65",
                    "nome_aluno": "LEONOR MARIA DE SOUSA BESSA PEREIRA"
                },
                {
                    "codigo_aluno": "306(...)27",
                    "nome_aluno": "LUNA CAMBOA PINTO RODRIGUES"
                },
                {
                    "codigo_aluno": "309(...)33",
                    "nome_aluno": "MARGARIDA JESUS SILVA"
                },
                {
                    "codigo_aluno": "240(...)58",
                    "nome_aluno": "MARIA CLARA LIMA MENDES"
                },
                {
                    "codigo_aluno": "154(...)95",
                    "nome_aluno": "MARTA SA PEREIRA"
                },
                {
                    "codigo_aluno": "308(...)24",
                    "nome_aluno": "PATRÍCIA DE ALMEIDA SOTTO MAYOR"
                },
                {
                    "codigo_aluno": "310(...)00",
                    "nome_aluno": "SIMÃO GONÇALVES QUINTÃS"
                }
            ]
        },
        {
            "codigo_curso": "9890",
            "nome_curso": "9890 - Terapia da Fala",
            "colocados": [
                {
                    "codigo_aluno": "310(...)75",
                    "nome_aluno": "ANA BEATRIZ MARMELO DOMINGOS"
                },
                {
                    "codigo_aluno": "309(...)67",
                    "nome_aluno": "ANA JORGE MAGUETA FIGUEIREDO EUGÉNIO"
                },
                {
                    "codigo_aluno": "307(...)73",
                    "nome_aluno": "BRUNA OLIVEIRA ROCHA"
                },
                {
                    "codigo_aluno": "153(...)32",
                    "nome_aluno": "CATARINA INÊS DE SOUSA PEREIRA"
                },
                {
                    "codigo_aluno": "309(...)21",
                    "nome_aluno": "CÁTIA PATRÍCIA PORTELA SILVA"
                },
                {
                    "codigo_aluno": "300(...)17",
                    "nome_aluno": "DANIELA DOS SANTOS MESQUITA"
                },
                {
                    "codigo_aluno": "314(...)99",
                    "nome_aluno": "EDUARDA DA SILVA SANTOS"
                },
                {
                    "codigo_aluno": "151(...)21",
                    "nome_aluno": "EMA OLIVEIRA CARVALHO"
                },
                {
                    "codigo_aluno": "309(...)32",
                    "nome_aluno": "INÊS FILIPE DOS SANTOS OLIVEIRA"
                },
                {
                    "codigo_aluno": "152(...)25",
                    "nome_aluno": "JÉSSICA RODRIGUES SILVA"
                },
                {
                    "codigo_aluno": "157(...)88",
                    "nome_aluno": "JOANA DIAS DA SILVA"
                },
                {
                    "codigo_aluno": "307(...)56",
                    "nome_aluno": "LEONOR MARIA MATOS DA COSTA"
                },
                {
                    "codigo_aluno": "154(...)81",
                    "nome_aluno": "LINDA EUNICE SAPUCAIA LOUREIRO TEIXEIRA"
                },
                {
                    "codigo_aluno": "309(...)67",
                    "nome_aluno": "LUANA MARIA SOUSA LIMA"
                },
                {
                    "codigo_aluno": "315(...)71",
                    "nome_aluno": "MARIA INÊS ALMEIDA SANTOS"
                },
                {
                    "codigo_aluno": "154(...)09",
                    "nome_aluno": "MARIA JOÃO OLIVEIRA NUNES DIAS"
                },
                {
                    "codigo_aluno": "305(...)06",
                    "nome_aluno": "MARIANA ESTEVES GONÇALVES"
                },
                {
                    "codigo_aluno": "158(...)14",
                    "nome_aluno": "MATILDE ESTEVES FERNANDES"
                },
                {
                    "codigo_aluno": "154(...)85",
                    "nome_aluno": "MATILDE PEDROSA MONTEIRO"
                },
                {
                    "codigo_aluno": "306(...)83",
                    "nome_aluno": "MATILDE RAMALHO VIEIRA"
                },
                {
                    "codigo_aluno": "240(...)17",
                    "nome_aluno": "NOEL LION NASCIMENTO CAMPOS RAMOS"
                },
                {
                    "codigo_aluno": "154(...)20",
                    "nome_aluno": "RODRIGO VALEJO MOREIRA"
                },
                {
                    "codigo_aluno": "150(...)99",
                    "nome_aluno": "SARA MALDONADO DOS REIS"
                },
                {
                    "codigo_aluno": "307(...)58",
                    "nome_aluno": "TÂNIA BATISTA CORDEIRO"
                }
            ]
        }
    ]
}