{
    "codigo_universidade": "3061",
    "nome_universidade": "3061 - Instituto Politécnico de Coimbra - Escola Superior Agrária de Coimbra",
    "cursos": [
        {
            "codigo_curso": "9003",
            "nome_curso": "9003 - Agronomia",
            "colocados": [
                {
                    "codigo_aluno": "307(...)65",
                    "nome_aluno": "JOÃO CARLOS FERRAZ CAVALEIRO"
                },
                {
                    "codigo_aluno": "314(...)13",
                    "nome_aluno": "JOÃO NUNO RIBEIRO PARAÍSO"
                },
                {
                    "codigo_aluno": "309(...)79",
                    "nome_aluno": "JOEL SOUTO DE ALMEIDA"
                },
                {
                    "codigo_aluno": "312(...)67",
                    "nome_aluno": "LAURA FIGUEIREDO MARCELINO"
                },
                {
                    "codigo_aluno": "301(...)00",
                    "nome_aluno": "MARIA DE CASTRO E ROSA"
                },
                {
                    "codigo_aluno": "155(...)51",
                    "nome_aluno": "MATEUS CAMARINHO REIS"
                },
                {
                    "codigo_aluno": "159(...)69",
                    "nome_aluno": "MATILDE FELÍCIO SANTOS"
                },
                {
                    "codigo_aluno": "318(...)44",
                    "nome_aluno": "PAULO DANIEL TEIXEIRA GOMES"
                },
                {
                    "codigo_aluno": "152(...)74",
                    "nome_aluno": "PEDRO MIGUEL REIS ALMEIDA"
                },
                {
                    "codigo_aluno": "310(...)02",
                    "nome_aluno": "PEDRO SIMÃO COSTA DOS SANTOS GUEDES"
                },
                {
                    "codigo_aluno": "159(...)31",
                    "nome_aluno": "SIMÃO GOMES DOS SANTOS"
                }
            ]
        },
        {
            "codigo_curso": "9016",
            "nome_curso": "9016 - Biotecnologia",
            "colocados": [
                {
                    "codigo_aluno": "306(...)13",
                    "nome_aluno": "AFONSO COSTA SILVA"
                },
                {
                    "codigo_aluno": "303(...)61",
                    "nome_aluno": "ANA BEATRIZ CARLOTA GOMES"
                },
                {
                    "codigo_aluno": "310(...)31",
                    "nome_aluno": "ANA CAROLINA NEVES MARQUES ARZILEIRO"
                },
                {
                    "codigo_aluno": "303(...)70",
                    "nome_aluno": "ANGÉLICA DE SOUSA CAVACO"
                },
                {
                    "codigo_aluno": "309(...)28",
                    "nome_aluno": "ARTUR DINIS LOURENÇO CARDOSO"
                },
                {
                    "codigo_aluno": "159(...)09",
                    "nome_aluno": "BÁRBARA MARIA DIAS MORAIS"
                },
                {
                    "codigo_aluno": "159(...)42",
                    "nome_aluno": "BEATRIZ FONSECA COSTA"
                },
                {
                    "codigo_aluno": "158(...)33",
                    "nome_aluno": "BERNARDO ALMAS ESTEVES"
                },
                {
                    "codigo_aluno": "158(...)58",
                    "nome_aluno": "BRUNO FILIPE GONÇALVES MASCARENHAS"
                },
                {
                    "codigo_aluno": "158(...)40",
                    "nome_aluno": "BRUNO JORGE RAMOS CAVALEIRO"
                },
                {
                    "codigo_aluno": "152(...)24",
                    "nome_aluno": "CAMILA MOTA DUARTE SILVA"
                },
                {
                    "codigo_aluno": "309(...)07",
                    "nome_aluno": "CAROLINA FILIPA BRAZETE MORAIS"
                },
                {
                    "codigo_aluno": "300(...)59",
                    "nome_aluno": "DIANA TAVARES ALVES"
                },
                {
                    "codigo_aluno": "314(...)60",
                    "nome_aluno": "EDUARDO DENIS RUSU"
                },
                {
                    "codigo_aluno": "321(...)58",
                    "nome_aluno": "FLÁVIA ALEXANDRA TIMÓTEO DE OLIVEIRA"
                },
                {
                    "codigo_aluno": "306(...)50",
                    "nome_aluno": "FRANCISCO GONÇALVES LOURENÇO"
                },
                {
                    "codigo_aluno": "306(...)97",
                    "nome_aluno": "FRANCISCO RAINHA PEREIRA"
                },
                {
                    "codigo_aluno": "240(...)11",
                    "nome_aluno": "GIULIA TASCA VOLTARELI"
                },
                {
                    "codigo_aluno": "240(...)02",
                    "nome_aluno": "GURLEEN KAUR"
                },
                {
                    "codigo_aluno": "301(...)70",
                    "nome_aluno": "INÊS MIRANDA MARQUES"
                },
                {
                    "codigo_aluno": "303(...)73",
                    "nome_aluno": "JOANA AMADOR CARLOS"
                },
                {
                    "codigo_aluno": "313(...)29",
                    "nome_aluno": "JOÃO DURÃES BARROSO"
                },
                {
                    "codigo_aluno": "152(...)65",
                    "nome_aluno": "JOÃO PEDRO GONÇALVES COELHO"
                },
                {
                    "codigo_aluno": "305(...)09",
                    "nome_aluno": "JOSÉ PEDRO MACHADO BRANCO"
                },
                {
                    "codigo_aluno": "318(...)02",
                    "nome_aluno": "JOSÉ PEDRO MAGALHÃES DO VALE"
                },
                {
                    "codigo_aluno": "309(...)62",
                    "nome_aluno": "LARA LAMPREIA GARCIA"
                },
                {
                    "codigo_aluno": "152(...)42",
                    "nome_aluno": "LAURA ALVES MALAGUERRA"
                },
                {
                    "codigo_aluno": "155(...)87",
                    "nome_aluno": "LEONOR LEÃO PIPA VIDEIRA LOPES"
                },
                {
                    "codigo_aluno": "154(...)40",
                    "nome_aluno": "LEONOR TAVARES RODRIGUES"
                },
                {
                    "codigo_aluno": "304(...)44",
                    "nome_aluno": "LUCIA MARIA SERGIO BATISTA"
                },
                {
                    "codigo_aluno": "301(...)18",
                    "nome_aluno": "LUÍS PORTUGAL NASCIMENTO"
                },
                {
                    "codigo_aluno": "306(...)33",
                    "nome_aluno": "MADALENA FRANCISCO EUSÉBIO"
                },
                {
                    "codigo_aluno": "301(...)30",
                    "nome_aluno": "MARIA EDUARDA DA SILVA VIRGÍNIO"
                },
                {
                    "codigo_aluno": "313(...)22",
                    "nome_aluno": "MARIA LEONOR BALTAZAR RODRIGUES"
                },
                {
                    "codigo_aluno": "157(...)25",
                    "nome_aluno": "MARIA MARQUES BARRETO"
                },
                {
                    "codigo_aluno": "314(...)82",
                    "nome_aluno": "MARIA MIGUEL ISIDORO MARQUES NEVES"
                },
                {
                    "codigo_aluno": "153(...)90",
                    "nome_aluno": "MARIANA ALVES LOPES"
                },
                {
                    "codigo_aluno": "300(...)75",
                    "nome_aluno": "MARIO EDUARDO FERREIRA DE SOUSA"
                },
                {
                    "codigo_aluno": "155(...)72",
                    "nome_aluno": "MARTIM ALEXANDRE CANASTRA FERREIRA"
                },
                {
                    "codigo_aluno": "309(...)75",
                    "nome_aluno": "MATILDE NOGUEIRA LEITAO"
                },
                {
                    "codigo_aluno": "303(...)50",
                    "nome_aluno": "PAULO BARROS DE CARVALHO"
                },
                {
                    "codigo_aluno": "306(...)71",
                    "nome_aluno": "PEDRO FLÁVIO RODRIGUES COELHO"
                },
                {
                    "codigo_aluno": "154(...)70",
                    "nome_aluno": "SALVADOR ALMEIDA HENRIQUES FIGUEIREDO"
                },
                {
                    "codigo_aluno": "307(...)27",
                    "nome_aluno": "SIMÃO PEDRO FERREIRA ALBUQUERQUE"
                }
            ]
        },
        {
            "codigo_curso": "L009",
            "nome_curso": "L009 - Ciências Florestais e Recursos Naturais",
            "colocados": [
                {
                    "codigo_aluno": "310(...)04",
                    "nome_aluno": "TIAGO GONÇALVES SANTOS"
                },
                {
                    "codigo_aluno": "309(...)91",
                    "nome_aluno": "TOMÁS HENRIQUES MARTO"
                },
                {
                    "codigo_aluno": "306(...)19",
                    "nome_aluno": "VERA COSTA VALEJO"
                }
            ]
        },
        {
            "codigo_curso": "9085",
            "nome_curso": "9085 - Enfermagem Veterinária",
            "colocados": [
                {
                    "codigo_aluno": "306(...)32",
                    "nome_aluno": "AFONSO MIGUEL DA COSTA SANTOS DA SILVA REIS"
                },
                {
                    "codigo_aluno": "154(...)36",
                    "nome_aluno": "ANA CATARINA RODRIGUES DAS NEVES"
                },
                {
                    "codigo_aluno": "305(...)07",
                    "nome_aluno": "ANA INÊS MENDES MONTEIRO"
                },
                {
                    "codigo_aluno": "311(...)73",
                    "nome_aluno": "ANASTASIA SABINA VARDASCA LOUREIRO MALHO"
                },
                {
                    "codigo_aluno": "309(...)55",
                    "nome_aluno": "BRUNA ANTUNES CARREIRA"
                },
                {
                    "codigo_aluno": "153(...)90",
                    "nome_aluno": "CAMILA DI VINCENZO RODRIGUES"
                },
                {
                    "codigo_aluno": "315(...)03",
                    "nome_aluno": "CAROLINA AMARAL MARQUES"
                },
                {
                    "codigo_aluno": "308(...)07",
                    "nome_aluno": "CLARA SOFIA ALVES MATEUS"
                },
                {
                    "codigo_aluno": "150(...)44",
                    "nome_aluno": "CONSTANÇA OLIVEIRA FREIRE ROUSSADO DA CRUZ"
                },
                {
                    "codigo_aluno": "309(...)34",
                    "nome_aluno": "EDUARDA DA COSTA PINHO"
                },
                {
                    "codigo_aluno": "306(...)52",
                    "nome_aluno": "FÁBIO DE ALMEIDA MELO"
                },
                {
                    "codigo_aluno": "304(...)97",
                    "nome_aluno": "FILIPA FERNANDES SILVA"
                },
                {
                    "codigo_aluno": "314(...)08",
                    "nome_aluno": "GONÇALO VINHAS VICENTE SOUSA TRINDADE"
                },
                {
                    "codigo_aluno": "151(...)83",
                    "nome_aluno": "GUSTAVO MIGUEL COUTO DOS REIS"
                },
                {
                    "codigo_aluno": "154(...)05",
                    "nome_aluno": "INÊS SARAIVA FRADE"
                },
                {
                    "codigo_aluno": "304(...)75",
                    "nome_aluno": "JOANA MACEDO DE OLIVEIRA"
                },
                {
                    "codigo_aluno": "159(...)52",
                    "nome_aluno": "JOÃO LUÍS RUIVO FÉLIX"
                },
                {
                    "codigo_aluno": "153(...)44",
                    "nome_aluno": "JULIANA MARTINS MORGADO"
                },
                {
                    "codigo_aluno": "150(...)47",
                    "nome_aluno": "JULIANA MORAIS DA SILVA"
                },
                {
                    "codigo_aluno": "300(...)46",
                    "nome_aluno": "LARA MATIAS QUINTAS"
                },
                {
                    "codigo_aluno": "309(...)94",
                    "nome_aluno": "LEONOR BONIFACIO DOS REIS"
                },
                {
                    "codigo_aluno": "157(...)14",
                    "nome_aluno": "MADALENA TRALHÃO TOMÁS"
                },
                {
                    "codigo_aluno": "309(...)35",
                    "nome_aluno": "MARGARIDA MARIA SOARES ASCENSO"
                },
                {
                    "codigo_aluno": "155(...)97",
                    "nome_aluno": "MARIA LEONOR FREITAS GOMES"
                },
                {
                    "codigo_aluno": "317(...)49",
                    "nome_aluno": "MARIA LEONOR MORA RAMIREZ"
                },
                {
                    "codigo_aluno": "152(...)60",
                    "nome_aluno": "MARIA RUIVINHO LOURENÇO"
                },
                {
                    "codigo_aluno": "309(...)73",
                    "nome_aluno": "MÓNICA ALEXANDRA BRANDÃO COUCEIRO"
                },
                {
                    "codigo_aluno": "314(...)03",
                    "nome_aluno": "NICOLE AFONSO BERNARDINO"
                },
                {
                    "codigo_aluno": "155(...)49",
                    "nome_aluno": "SUSANA SILVA FIGUEIREDO"
                },
                {
                    "codigo_aluno": "313(...)53",
                    "nome_aluno": "TOMÁS ALMEIDA COSTA PEREIRA"
                }
            ]
        },
        {
            "codigo_curso": "L015",
            "nome_curso": "L015 - Tecnologia Alimentar",
            "colocados": [
                {
                    "codigo_aluno": "314(...)55",
                    "nome_aluno": "ANA LAURA DA CRUZ MARQUES COUCEIRO"
                },
                {
                    "codigo_aluno": "313(...)29",
                    "nome_aluno": "ANA PILAR FERRAZ TEIXEIRA"
                },
                {
                    "codigo_aluno": "305(...)53",
                    "nome_aluno": "CAROLINA CARVALHO DIAS SILVA"
                },
                {
                    "codigo_aluno": "305(...)48",
                    "nome_aluno": "ESTELA SANTOS DUARTE"
                },
                {
                    "codigo_aluno": "307(...)95",
                    "nome_aluno": "FRANCISCO DOS SANTOS QUADROS"
                },
                {
                    "codigo_aluno": "153(...)35",
                    "nome_aluno": "GUILHERME QUEIROZ DE SOUSA"
                },
                {
                    "codigo_aluno": "309(...)03",
                    "nome_aluno": "PATRÍCIA BASTOS MELO SANTOS"
                },
                {
                    "codigo_aluno": "309(...)35",
                    "nome_aluno": "PEDRO MARTINS DA SILVA"
                }
            ]
        },
        {
            "codigo_curso": "L024",
            "nome_curso": "L024 - Tecnologia e Gestão Ambiental",
            "colocados": [
                {
                    "codigo_aluno": "156(...)21",
                    "nome_aluno": "AFONSO CADIMA OLIVEIRA"
                },
                {
                    "codigo_aluno": "155(...)66",
                    "nome_aluno": "FRANCISCO VIEIRA RODRIGUES"
                },
                {
                    "codigo_aluno": "309(...)08",
                    "nome_aluno": "GONÇALO FRANCISCO NETO CARNEIRO"
                },
                {
                    "codigo_aluno": "156(...)81",
                    "nome_aluno": "GUSTAVO MARTINS SOARES PEREIRA"
                },
                {
                    "codigo_aluno": "302(...)07",
                    "nome_aluno": "JOSÉ GABRIEL OLIVEIRA AMADO"
                },
                {
                    "codigo_aluno": "154(...)44",
                    "nome_aluno": "JULIANO GERNAY CARDOSO MOREIRA"
                },
                {
                    "codigo_aluno": "316(...)67",
                    "nome_aluno": "LEONOR MALHEIRO FERREIRA SILVA"
                },
                {
                    "codigo_aluno": "309(...)15",
                    "nome_aluno": "MARCO ANDRÉ PEREIRA MACHADO"
                },
                {
                    "codigo_aluno": "300(...)69",
                    "nome_aluno": "PEDRO FRANCISCO FREITAS FRANCO"
                }
            ]
        },
        {
            "codigo_curso": "L178",
            "nome_curso": "L178 - Turismo em Espaços Rurais e Naturais",
            "colocados": [
                {
                    "codigo_aluno": "141(...)49",
                    "nome_aluno": "ANA PATRÍCIA PEREIRA MARTINS"
                },
                {
                    "codigo_aluno": "309(...)98",
                    "nome_aluno": "CAROLINA RAMOS DOS SANTOS"
                },
                {
                    "codigo_aluno": "306(...)21",
                    "nome_aluno": "GONÇALO MARIA MARQUES GIL MATA"
                },
                {
                    "codigo_aluno": "150(...)72",
                    "nome_aluno": "JOANA ALEXANDRA DA FONSECA CARNEIRO"
                },
                {
                    "codigo_aluno": "308(...)67",
                    "nome_aluno": "LARA ALVES CONTENTE"
                },
                {
                    "codigo_aluno": "304(...)48",
                    "nome_aluno": "MARIA BEATRIZ CADETE SOARES DE ALMEIDA"
                },
                {
                    "codigo_aluno": "309(...)51",
                    "nome_aluno": "MICAEL ANTUNES VIEIRA"
                },
                {
                    "codigo_aluno": "305(...)28",
                    "nome_aluno": "NUNO DUARTE FERRAZ DIAS"
                },
                {
                    "codigo_aluno": "308(...)73",
                    "nome_aluno": "RICARDO MIGUEL LOPES VAZ HENRIQUES"
                },
                {
                    "codigo_aluno": "311(...)28",
                    "nome_aluno": "RODRIGO JOSÉ PEREIRA OLIVEIRA"
                }
            ]
        },
        {
            "codigo_curso": "L003",
            "nome_curso": "L003 - Zootecnia",
            "colocados": [
                {
                    "codigo_aluno": "300(...)72",
                    "nome_aluno": "CAROLINA JOSÉ SERRÃO SANTOS ORNELAS FREITAS"
                },
                {
                    "codigo_aluno": "303(...)93",
                    "nome_aluno": "DIANA FILIPA SACRAMENTO PEÇA"
                },
                {
                    "codigo_aluno": "157(...)02",
                    "nome_aluno": "LAURA PASQUALINI MILANEZI"
                },
                {
                    "codigo_aluno": "309(...)80",
                    "nome_aluno": "LUANA CAMPOS MONTENEGRO"
                },
                {
                    "codigo_aluno": "151(...)79",
                    "nome_aluno": "MANUELA LOPES TROIA"
                },
                {
                    "codigo_aluno": "304(...)79",
                    "nome_aluno": "MARIA LUIS DIAS RIBEIRO DE MATOS RODRIGUEZ"
                },
                {
                    "codigo_aluno": "307(...)26",
                    "nome_aluno": "RAFAEL TAVARES RODRIGUES"
                },
                {
                    "codigo_aluno": "309(...)99",
                    "nome_aluno": "TIAGO MIGUEL MATEUS COSTA"
                }
            ]
        }
    ]
}