{
    "codigo_universidade": "3161",
    "nome_universidade": "3161 - Instituto Politécnico de Viana do Castelo - Escola Superior Agrária",
    "cursos": [
        {
            "codigo_curso": "9003",
            "nome_curso": "9003 - Agronomia",
            "colocados": [
                {
                    "codigo_aluno": "159(...)41",
                    "nome_aluno": "ÂNGELA DIANA DE MACEDO FREITAS"
                },
                {
                    "codigo_aluno": "300(...)74",
                    "nome_aluno": "BEATRIZ ARAÚJO MAIA"
                },
                {
                    "codigo_aluno": "157(...)79",
                    "nome_aluno": "FRANCISCO ALVES VAZ"
                },
                {
                    "codigo_aluno": "306(...)24",
                    "nome_aluno": "FRANCISCO OLIVEIRA FERREIRA"
                },
                {
                    "codigo_aluno": "309(...)32",
                    "nome_aluno": "GABRIEL ALVES ARAÚJO"
                },
                {
                    "codigo_aluno": "306(...)72",
                    "nome_aluno": "MARIANA AMADO CONSTÂNCIO"
                },
                {
                    "codigo_aluno": "152(...)96",
                    "nome_aluno": "RUI PAULO RODRIGUES AUGUSTO"
                },
                {
                    "codigo_aluno": "315(...)91",
                    "nome_aluno": "TIAGO ARAÚJO PINHEIRO MIRANDA"
                }
            ]
        },
        {
            "codigo_curso": "9016",
            "nome_curso": "9016 - Biotecnologia",
            "colocados": [
                {
                    "codigo_aluno": "307(...)59",
                    "nome_aluno": "ANDRÉ ESTEVES COSTA"
                },
                {
                    "codigo_aluno": "305(...)47",
                    "nome_aluno": "ANDREIA CASTRO DA ROCHA"
                },
                {
                    "codigo_aluno": "159(...)73",
                    "nome_aluno": "BEATRIZ PADRÃO FERREIRA"
                },
                {
                    "codigo_aluno": "303(...)43",
                    "nome_aluno": "CAROLINA FERREIRA RAMOS"
                },
                {
                    "codigo_aluno": "301(...)72",
                    "nome_aluno": "CATARINA VIEIRA CORREIA"
                },
                {
                    "codigo_aluno": "158(...)62",
                    "nome_aluno": "ESTEBAN DA SILVA PARADELA"
                },
                {
                    "codigo_aluno": "309(...)55",
                    "nome_aluno": "FÁBIO FREIRE ARAÚJO"
                },
                {
                    "codigo_aluno": "153(...)86",
                    "nome_aluno": "INES DE CASTRO BRANCO CASTANHO"
                },
                {
                    "codigo_aluno": "157(...)04",
                    "nome_aluno": "INÊS OLIVEIRA CAMPOS MARTINS"
                },
                {
                    "codigo_aluno": "309(...)20",
                    "nome_aluno": "JOÃO BERTOLUCCI LOPES CASTILHO BRITO"
                },
                {
                    "codigo_aluno": "156(...)52",
                    "nome_aluno": "JOÃO MIGUEL FERREIRA VILAÇA"
                },
                {
                    "codigo_aluno": "309(...)17",
                    "nome_aluno": "JOÃO TIAGO GOMES DA SILVA"
                },
                {
                    "codigo_aluno": "314(...)61",
                    "nome_aluno": "LARA CAROLINA MARTINS SOARES"
                },
                {
                    "codigo_aluno": "307(...)91",
                    "nome_aluno": "LARA ROCHA MARTINS"
                },
                {
                    "codigo_aluno": "326(...)73",
                    "nome_aluno": "LUIZA GAMA SOUZA"
                },
                {
                    "codigo_aluno": "309(...)12",
                    "nome_aluno": "MARCELO FERNANDES ALVES"
                },
                {
                    "codigo_aluno": "156(...)13",
                    "nome_aluno": "MARGARIDA ALEXANDRINA OLIVEIRA DA COSTA"
                },
                {
                    "codigo_aluno": "305(...)36",
                    "nome_aluno": "MIGUEL ANTÓNIO MARQUES MARTINHO"
                },
                {
                    "codigo_aluno": "240(...)03",
                    "nome_aluno": "NICOLLAS ACCIOLY DURAES"
                },
                {
                    "codigo_aluno": "315(...)58",
                    "nome_aluno": "RAFAELA GOMES CRUZ"
                },
                {
                    "codigo_aluno": "305(...)40",
                    "nome_aluno": "RICARDO MANUEL PIRES GONÇALVES"
                },
                {
                    "codigo_aluno": "307(...)73",
                    "nome_aluno": "RODRIGO FARIA DA SILVA"
                },
                {
                    "codigo_aluno": "308(...)26",
                    "nome_aluno": "SÉRGIO ALFREDO SAMPAIO FREITAS"
                },
                {
                    "codigo_aluno": "309(...)29",
                    "nome_aluno": "TIAGO COSTA TEIXEIRA"
                },
                {
                    "codigo_aluno": "304(...)54",
                    "nome_aluno": "TIAGO LOPES GONÇALVES"
                },
                {
                    "codigo_aluno": "309(...)99",
                    "nome_aluno": "TOMÁS PINTO MOURA"
                },
                {
                    "codigo_aluno": "308(...)28",
                    "nome_aluno": "XAVIER CARVALHO OLIVEIRA"
                }
            ]
        },
        {
            "codigo_curso": "9085",
            "nome_curso": "9085 - Enfermagem Veterinária",
            "colocados": [
                {
                    "codigo_aluno": "307(...)01",
                    "nome_aluno": "ALEJANDRO JOSÉ ANICETO FERREIRA"
                },
                {
                    "codigo_aluno": "146(...)14",
                    "nome_aluno": "ALEXANDRA OLIVEIRA CARVALHO DA SILVA BARBAS"
                },
                {
                    "codigo_aluno": "303(...)85",
                    "nome_aluno": "ANA BEATRIZ BARBOSA FERREIRA"
                },
                {
                    "codigo_aluno": "159(...)48",
                    "nome_aluno": "ANA SOFIA MONTEIRO DE LIMA"
                },
                {
                    "codigo_aluno": "309(...)24",
                    "nome_aluno": "ARIANA BRANCO SIMAS"
                },
                {
                    "codigo_aluno": "333(...)04",
                    "nome_aluno": "ASHLLEY MICAELLY SANTOS ALMEIDA"
                },
                {
                    "codigo_aluno": "157(...)83",
                    "nome_aluno": "BEATRIZ DA SILVA FERNANDES"
                },
                {
                    "codigo_aluno": "152(...)07",
                    "nome_aluno": "BEATRIZ DO LAGO E SILVA"
                },
                {
                    "codigo_aluno": "301(...)58",
                    "nome_aluno": "BEATRIZ MANO SILVA"
                },
                {
                    "codigo_aluno": "152(...)19",
                    "nome_aluno": "BEATRIZ SOFIA JESUS ANDRADE"
                },
                {
                    "codigo_aluno": "303(...)76",
                    "nome_aluno": "BEATRIZ VICENTE PEREIRA MANSO GIGANTE"
                },
                {
                    "codigo_aluno": "310(...)96",
                    "nome_aluno": "BENEDITA DOS SANTOS SILVA"
                },
                {
                    "codigo_aluno": "302(...)53",
                    "nome_aluno": "BIANCA DANIELA PEDROSA SILVA"
                },
                {
                    "codigo_aluno": "307(...)73",
                    "nome_aluno": "CAROLINA GOMES MENDES"
                },
                {
                    "codigo_aluno": "305(...)60",
                    "nome_aluno": "CAROLINA JOÃO MARTINS CORREIA"
                },
                {
                    "codigo_aluno": "309(...)44",
                    "nome_aluno": "DIANA PINHEIRO DA SILVA"
                },
                {
                    "codigo_aluno": "305(...)87",
                    "nome_aluno": "INÊS CLARA MARTINS DE ALMEIDA"
                },
                {
                    "codigo_aluno": "306(...)61",
                    "nome_aluno": "INÊS PACHECO LEAL"
                },
                {
                    "codigo_aluno": "310(...)83",
                    "nome_aluno": "LENIA SCHMITT"
                },
                {
                    "codigo_aluno": "153(...)33",
                    "nome_aluno": "LEONOR DA COSTA OLIVEIRA"
                },
                {
                    "codigo_aluno": "306(...)51",
                    "nome_aluno": "LUANA FILIPA OLIVEIRA RODRIGUES"
                },
                {
                    "codigo_aluno": "309(...)25",
                    "nome_aluno": "MAFALDA MARQUES ANDRADE"
                },
                {
                    "codigo_aluno": "158(...)88",
                    "nome_aluno": "MARCO ANTÓNIO CAMPOS CAIA"
                },
                {
                    "codigo_aluno": "156(...)44",
                    "nome_aluno": "MARIA FRANCISCA FREITAS NOGUEIRA DA SILVA"
                },
                {
                    "codigo_aluno": "303(...)30",
                    "nome_aluno": "MARIA JOÃO ANTUNES BETTENCOURT"
                },
                {
                    "codigo_aluno": "309(...)52",
                    "nome_aluno": "MARIA TORRES SILVEIRA"
                },
                {
                    "codigo_aluno": "309(...)20",
                    "nome_aluno": "MARIANA GOMES OLIVEIRA"
                },
                {
                    "codigo_aluno": "156(...)51",
                    "nome_aluno": "MARIANA SAMPAIO MARQUES"
                },
                {
                    "codigo_aluno": "309(...)61",
                    "nome_aluno": "MATILDE MARTINS CABRITA"
                },
                {
                    "codigo_aluno": "302(...)43",
                    "nome_aluno": "PAULO HENRIQUE DA CUNHA SILVA"
                },
                {
                    "codigo_aluno": "153(...)86",
                    "nome_aluno": "RAQUEL ALMEIDA FRAGA"
                },
                {
                    "codigo_aluno": "317(...)46",
                    "nome_aluno": "SARA FERRAZ DE SOUSA AZEVEDO"
                },
                {
                    "codigo_aluno": "309(...)96",
                    "nome_aluno": "SOFIA CORREIA LEITÃO"
                },
                {
                    "codigo_aluno": "151(...)55",
                    "nome_aluno": "TIAGO MARTIM RIBEIRO FERNANDES"
                },
                {
                    "codigo_aluno": "156(...)95",
                    "nome_aluno": "VITÓRIA SOFIA FOSZTÓ OLIVEIRA"
                }
            ]
        },
        {
            "codigo_curso": "L164",
            "nome_curso": "L164 - Engenharia do Ambiente e Geoinformática",
            "colocados": []
        }
    ]
}