{
    "codigo_universidade": "7003",
    "nome_universidade": "7003 - Escola Superior de Enfermagem do Porto",
    "cursos": [
        {
            "codigo_curso": "9500",
            "nome_curso": "9500 - Enfermagem",
            "colocados": [
                {
                    "codigo_aluno": "150(...)15",
                    "nome_aluno": "ADRIANA BRONZE NEVES"
                },
                {
                    "codigo_aluno": "154(...)34",
                    "nome_aluno": "AFONSO DA COSTA PAIS CARVALHO DE ALMEIDA"
                },
                {
                    "codigo_aluno": "301(...)51",
                    "nome_aluno": "AGNA MEI GOUVEIA SANTOS"
                },
                {
                    "codigo_aluno": "323(...)90",
                    "nome_aluno": "ALEJANDRO MANUEL VIEIRA MARTINS"
                },
                {
                    "codigo_aluno": "313(...)74",
                    "nome_aluno": "ALEXANDRA CARVALHO DA SILVA"
                },
                {
                    "codigo_aluno": "300(...)54",
                    "nome_aluno": "ALEXANDRA FILIPA CORREIA SANTOS"
                },
                {
                    "codigo_aluno": "153(...)41",
                    "nome_aluno": "ALEXANDRA MARIA SANTOS GONÇALVES"
                },
                {
                    "codigo_aluno": "155(...)50",
                    "nome_aluno": "ALINE BEATRIZ BORGES BASTOS"
                },
                {
                    "codigo_aluno": "155(...)49",
                    "nome_aluno": "AMANDA GOUVEIA EMÍLIO"
                },
                {
                    "codigo_aluno": "302(...)32",
                    "nome_aluno": "ANA BEATRIZ DA SILVA TEIXEIRA"
                },
                {
                    "codigo_aluno": "309(...)61",
                    "nome_aluno": "ANA BEATRIZ DIAS PINTO"
                },
                {
                    "codigo_aluno": "309(...)94",
                    "nome_aluno": "ANA BEATRIZ RIBEIRO MONTEIRO"
                },
                {
                    "codigo_aluno": "148(...)35",
                    "nome_aluno": "ANA CAROLINA PRADA MARRÃO"
                },
                {
                    "codigo_aluno": "313(...)66",
                    "nome_aluno": "ANA CATARINA OLIVEIRA SILVA"
                },
                {
                    "codigo_aluno": "314(...)87",
                    "nome_aluno": "ANA FRANCISCA FARIA PINTO"
                },
                {
                    "codigo_aluno": "314(...)99",
                    "nome_aluno": "ANA ISABEL LEMOS MACHADO"
                },
                {
                    "codigo_aluno": "157(...)02",
                    "nome_aluno": "ANA JOSÉ TELES NUNES"
                },
                {
                    "codigo_aluno": "320(...)11",
                    "nome_aluno": "ANA JÚLIA FERREIRA RAIOL"
                },
                {
                    "codigo_aluno": "154(...)79",
                    "nome_aluno": "ANA LUÌSA FERNANDES GOMES"
                },
                {
                    "codigo_aluno": "302(...)01",
                    "nome_aluno": "ANA LUÍSA LIMA PACHECO"
                },
                {
                    "codigo_aluno": "155(...)78",
                    "nome_aluno": "ANA MAFALDA SEGADÃES CARVALHO"
                },
                {
                    "codigo_aluno": "309(...)25",
                    "nome_aluno": "ANA MARGARIDA FERREIRA DE MATOS"
                },
                {
                    "codigo_aluno": "306(...)58",
                    "nome_aluno": "ANA MARIA MARTINS TAVARES FERREIRA"
                },
                {
                    "codigo_aluno": "155(...)97",
                    "nome_aluno": "ANA RAQUEL VASCONCELOS SANTOS LOURENÇO"
                },
                {
                    "codigo_aluno": "309(...)77",
                    "nome_aluno": "ANA RITA DE ALMEIDA E SILVA"
                },
                {
                    "codigo_aluno": "312(...)69",
                    "nome_aluno": "ANA RITA FONSECA VIEIRA"
                },
                {
                    "codigo_aluno": "313(...)45",
                    "nome_aluno": "ANA RITA PEREIRA PINTO"
                },
                {
                    "codigo_aluno": "308(...)34",
                    "nome_aluno": "ANA RITA SILVA QUEIRÓS"
                },
                {
                    "codigo_aluno": "302(...)24",
                    "nome_aluno": "ANA SOFIA DA COSTA DUARTE"
                },
                {
                    "codigo_aluno": "304(...)08",
                    "nome_aluno": "ANA SOFIA SOARES MANCELOS SAMPAIO"
                },
                {
                    "codigo_aluno": "318(...)10",
                    "nome_aluno": "ANASTÁSIA OSTROVSKA"
                },
                {
                    "codigo_aluno": "303(...)63",
                    "nome_aluno": "ANDRÉ FILIPE DA SILVA OLIVEIRA"
                },
                {
                    "codigo_aluno": "310(...)99",
                    "nome_aluno": "ANTÓNIO PEDRO ALVES BRANCO RESENDE"
                },
                {
                    "codigo_aluno": "309(...)66",
                    "nome_aluno": "BÁRBARA MARIA BARROS CARREIRA"
                },
                {
                    "codigo_aluno": "310(...)73",
                    "nome_aluno": "BEATRIZ ALMEIDA SERRA"
                },
                {
                    "codigo_aluno": "156(...)45",
                    "nome_aluno": "BEATRIZ ALMEIDA SILVA"
                },
                {
                    "codigo_aluno": "309(...)65",
                    "nome_aluno": "BEATRIZ DA CUNHA ALVES"
                },
                {
                    "codigo_aluno": "159(...)34",
                    "nome_aluno": "BEATRIZ DA SILVA VIEIRA"
                },
                {
                    "codigo_aluno": "304(...)69",
                    "nome_aluno": "BEATRIZ GASPAR MIRANDA"
                },
                {
                    "codigo_aluno": "307(...)28",
                    "nome_aluno": "BEATRIZ LEÃO OLIVEIRA"
                },
                {
                    "codigo_aluno": "305(...)66",
                    "nome_aluno": "BEATRIZ MOREIRA MACHADO"
                },
                {
                    "codigo_aluno": "309(...)04",
                    "nome_aluno": "BEATRIZ PATRÍCIA NUNES MOREIRA"
                },
                {
                    "codigo_aluno": "306(...)00",
                    "nome_aluno": "BEATRIZ RIBEIRO DE SOUSA"
                },
                {
                    "codigo_aluno": "308(...)64",
                    "nome_aluno": "BEATRIZ SALGUEIRO PEREIRA"
                },
                {
                    "codigo_aluno": "152(...)19",
                    "nome_aluno": "BEATRIZ SANTOS MORGADO"
                },
                {
                    "codigo_aluno": "300(...)00",
                    "nome_aluno": "BEATRIZ SEABRA DE SOUSA"
                },
                {
                    "codigo_aluno": "309(...)32",
                    "nome_aluno": "BEATRIZ SILVA LOPES"
                },
                {
                    "codigo_aluno": "154(...)88",
                    "nome_aluno": "BEATRIZ SOUSA LUIS"
                },
                {
                    "codigo_aluno": "157(...)31",
                    "nome_aluno": "BEATRIZ WANG"
                },
                {
                    "codigo_aluno": "315(...)26",
                    "nome_aluno": "BRUNA DANIELA DE SOUSA SILVA"
                },
                {
                    "codigo_aluno": "301(...)55",
                    "nome_aluno": "CARLOS MIGUEL OLIVEIRA MACHADO"
                },
                {
                    "codigo_aluno": "305(...)82",
                    "nome_aluno": "CARLOTA PRATS COUTO BASTOS DE SOUSA"
                },
                {
                    "codigo_aluno": "307(...)37",
                    "nome_aluno": "CAROLINA BRANDÃO SOUSA SANTOS"
                },
                {
                    "codigo_aluno": "157(...)64",
                    "nome_aluno": "CAROLINA GOMES MARINHO"
                },
                {
                    "codigo_aluno": "304(...)31",
                    "nome_aluno": "CAROLINA GONÇALVES OLIVEIRA"
                },
                {
                    "codigo_aluno": "157(...)38",
                    "nome_aluno": "CAROLINA ISABEL FERREIRA BARBOSA"
                },
                {
                    "codigo_aluno": "159(...)54",
                    "nome_aluno": "CAROLINA JACINTA FERNANDES MATOS DA SILVA"
                },
                {
                    "codigo_aluno": "158(...)10",
                    "nome_aluno": "CAROLINA MAGALHÃES MATOS"
                },
                {
                    "codigo_aluno": "306(...)93",
                    "nome_aluno": "CAROLINA MENESES DE SOUSA"
                },
                {
                    "codigo_aluno": "305(...)89",
                    "nome_aluno": "CAROLINA RODRIGUES SILVA"
                },
                {
                    "codigo_aluno": "159(...)70",
                    "nome_aluno": "CAROLINA VALE GUIMARÃES RODRIGUES SARMENTO"
                },
                {
                    "codigo_aluno": "154(...)28",
                    "nome_aluno": "CATARINA CARNEIRO DA SILVA"
                },
                {
                    "codigo_aluno": "308(...)36",
                    "nome_aluno": "CATARINA CUNHA SOARES"
                },
                {
                    "codigo_aluno": "311(...)08",
                    "nome_aluno": "CATARINA DOURADO COUTO"
                },
                {
                    "codigo_aluno": "157(...)33",
                    "nome_aluno": "CATARINA FILIPA CORREIA VIEIRA"
                },
                {
                    "codigo_aluno": "300(...)00",
                    "nome_aluno": "CLARA DA SILVA FERREIRA"
                },
                {
                    "codigo_aluno": "242(...)03",
                    "nome_aluno": "CLARA FERREIRA BRAGA DE ASSIS"
                },
                {
                    "codigo_aluno": "304(...)01",
                    "nome_aluno": "CLÁUDIA SOFIA DA SILVA SANTOS"
                },
                {
                    "codigo_aluno": "152(...)43",
                    "nome_aluno": "CRISTIANA NEVES DIAS"
                },
                {
                    "codigo_aluno": "309(...)21",
                    "nome_aluno": "CRISTIANA SOFIA OLIVEIRA ALVES SILVA"
                },
                {
                    "codigo_aluno": "309(...)14",
                    "nome_aluno": "DANIEL JOSÉ FERREIRA PIRES"
                },
                {
                    "codigo_aluno": "158(...)31",
                    "nome_aluno": "DANIELA MARIA MAGALHAES PINTO"
                },
                {
                    "codigo_aluno": "307(...)80",
                    "nome_aluno": "DAVID FILIPE NUNES TEIXEIRA"
                },
                {
                    "codigo_aluno": "300(...)05",
                    "nome_aluno": "DIANA AMARAL RODRIGUES"
                },
                {
                    "codigo_aluno": "149(...)55",
                    "nome_aluno": "DIANA MARTINS FERREIRA BRAGA"
                },
                {
                    "codigo_aluno": "154(...)93",
                    "nome_aluno": "DIANA NUNES LOPES"
                },
                {
                    "codigo_aluno": "307(...)95",
                    "nome_aluno": "EDUARDA DE OLIVEIRA CARDOSO"
                },
                {
                    "codigo_aluno": "151(...)28",
                    "nome_aluno": "ELSA LOPES PEREIRA"
                },
                {
                    "codigo_aluno": "306(...)78",
                    "nome_aluno": "ÉRICA FILIPA PINTO PEREIRA"
                },
                {
                    "codigo_aluno": "309(...)61",
                    "nome_aluno": "ÉRICA PATRÍCIA DIAS MIL-HOMENS"
                },
                {
                    "codigo_aluno": "300(...)96",
                    "nome_aluno": "EVA CAROLINA FREITAS SILVA"
                },
                {
                    "codigo_aluno": "152(...)97",
                    "nome_aluno": "EVA VITÓRIA ANDRADE FREITAS"
                },
                {
                    "codigo_aluno": "153(...)24",
                    "nome_aluno": "FABIANA MARIA PINTO SOARES"
                },
                {
                    "codigo_aluno": "309(...)03",
                    "nome_aluno": "FERNANDO MIGUEL FERREIRA DE SOUSA"
                },
                {
                    "codigo_aluno": "150(...)98",
                    "nome_aluno": "FILIPA CARLOTA TORRES GARCIA"
                },
                {
                    "codigo_aluno": "308(...)99",
                    "nome_aluno": "FILIPA CRISTINA PINTO COELHO"
                },
                {
                    "codigo_aluno": "303(...)14",
                    "nome_aluno": "FILIPA MACEDO DUARTE"
                },
                {
                    "codigo_aluno": "156(...)15",
                    "nome_aluno": "FILIPA PEREIRA ALVES MOREIRA DE SÁ"
                },
                {
                    "codigo_aluno": "303(...)06",
                    "nome_aluno": "FILIPA SOUSA BARROSO"
                },
                {
                    "codigo_aluno": "309(...)90",
                    "nome_aluno": "FRANCISCA BATISTA MENDES SILVA"
                },
                {
                    "codigo_aluno": "311(...)23",
                    "nome_aluno": "FRANCISCA LEAL GOMES MAGALHÃES"
                },
                {
                    "codigo_aluno": "153(...)74",
                    "nome_aluno": "FRANCISCA LIMA ROQUE"
                },
                {
                    "codigo_aluno": "304(...)45",
                    "nome_aluno": "FRANCISCA MARIA GOMES MOURA"
                },
                {
                    "codigo_aluno": "312(...)35",
                    "nome_aluno": "FRANCISCA MARIA MOREIRA FERREIRA"
                },
                {
                    "codigo_aluno": "304(...)84",
                    "nome_aluno": "FRANCISCA MONTEIRO COSTA"
                },
                {
                    "codigo_aluno": "306(...)46",
                    "nome_aluno": "FRANCISCA RIBEIRO MARTINS CARVALHO"
                },
                {
                    "codigo_aluno": "307(...)33",
                    "nome_aluno": "FRANCISCA SOUSA BARROS"
                },
                {
                    "codigo_aluno": "309(...)90",
                    "nome_aluno": "FRANCISCO DANIEL CLARO MARTINS"
                },
                {
                    "codigo_aluno": "154(...)51",
                    "nome_aluno": "FRANCISCO GABRIEL BÁRTOLO LOPES PINTO"
                },
                {
                    "codigo_aluno": "316(...)29",
                    "nome_aluno": "GABRIELA BARROS MACHADO"
                },
                {
                    "codigo_aluno": "309(...)69",
                    "nome_aluno": "GABRIELA DE ALMEIDA E SOUSA"
                },
                {
                    "codigo_aluno": "313(...)44",
                    "nome_aluno": "GONÇALO FILIPE PEREIRA DO VALE"
                },
                {
                    "codigo_aluno": "305(...)95",
                    "nome_aluno": "GONÇALO FREITAS ALMEIDA"
                },
                {
                    "codigo_aluno": "303(...)04",
                    "nome_aluno": "GONÇALO PRIMA DE JESUS SILVA"
                },
                {
                    "codigo_aluno": "151(...)19",
                    "nome_aluno": "GONÇALO VASCONCELOS CARVALHO"
                },
                {
                    "codigo_aluno": "240(...)02",
                    "nome_aluno": "HEITOR DE ALMEIDA ROSA"
                },
                {
                    "codigo_aluno": "154(...)23",
                    "nome_aluno": "HELENA DOS SANTOS MACHADO"
                },
                {
                    "codigo_aluno": "310(...)01",
                    "nome_aluno": "HELENA MARIA MARQUES DA SILVA"
                },
                {
                    "codigo_aluno": "153(...)07",
                    "nome_aluno": "HUGO MANUEL ANDRADE NÓBREGA"
                },
                {
                    "codigo_aluno": "152(...)37",
                    "nome_aluno": "IARA MARIA REIS COSTA"
                },
                {
                    "codigo_aluno": "310(...)82",
                    "nome_aluno": "INÊS ALBERICH PIMENTA"
                },
                {
                    "codigo_aluno": "308(...)38",
                    "nome_aluno": "INÊS ALVES DA ROCHA"
                },
                {
                    "codigo_aluno": "318(...)77",
                    "nome_aluno": "INES CRISTINA VILAÇA GOMES CRUZ"
                },
                {
                    "codigo_aluno": "314(...)61",
                    "nome_aluno": "INÊS CRUZ GOMES PINTO"
                },
                {
                    "codigo_aluno": "310(...)80",
                    "nome_aluno": "INÊS FILIPA ARAÚJO SARAIVA"
                },
                {
                    "codigo_aluno": "304(...)11",
                    "nome_aluno": "INÊS GONÇALVES PACHECO"
                },
                {
                    "codigo_aluno": "311(...)00",
                    "nome_aluno": "INÊS LEAL LOPES SOUSA"
                },
                {
                    "codigo_aluno": "310(...)62",
                    "nome_aluno": "INÊS MARGARIDA LOURENÇO DE FARIA"
                },
                {
                    "codigo_aluno": "304(...)50",
                    "nome_aluno": "INÊS MARIA BRANDÃO CARNEIRO MARTINS"
                },
                {
                    "codigo_aluno": "154(...)87",
                    "nome_aluno": "INÊS MARIA LUCAS SANTOS"
                },
                {
                    "codigo_aluno": "156(...)17",
                    "nome_aluno": "INÊS MARIA PINHO DE DEUS CABETE CARVALHO"
                },
                {
                    "codigo_aluno": "314(...)95",
                    "nome_aluno": "INES MARIANA COELHO DE SOUSA"
                },
                {
                    "codigo_aluno": "306(...)86",
                    "nome_aluno": "INÊS MORGADO CARNEIRO"
                },
                {
                    "codigo_aluno": "159(...)11",
                    "nome_aluno": "INES MOTA CONCEICAO"
                },
                {
                    "codigo_aluno": "312(...)61",
                    "nome_aluno": "INÊS NUNES VALENTE"
                },
                {
                    "codigo_aluno": "158(...)41",
                    "nome_aluno": "INÊS PINHO VIDINHA"
                },
                {
                    "codigo_aluno": "154(...)70",
                    "nome_aluno": "INES PINTO DE AZEVEDO"
                },
                {
                    "codigo_aluno": "156(...)04",
                    "nome_aluno": "INÊS PRISCO RIBEIRO NASCIMENTO"
                },
                {
                    "codigo_aluno": "315(...)75",
                    "nome_aluno": "INÊS RAQUEL RIBEIRO PINTO"
                },
                {
                    "codigo_aluno": "307(...)51",
                    "nome_aluno": "INES RODRIGUES AFONSO"
                },
                {
                    "codigo_aluno": "304(...)79",
                    "nome_aluno": "INÊS RODRIGUES GASPAR"
                },
                {
                    "codigo_aluno": "301(...)74",
                    "nome_aluno": "ÍRIS SALGADO DA SILVA"
                },
                {
                    "codigo_aluno": "240(...)24",
                    "nome_aluno": "ISABELLA BRUNO LAMOUNIER"
                },
                {
                    "codigo_aluno": "304(...)05",
                    "nome_aluno": "JASON BENEDITO DA SILVA PEREIRA"
                },
                {
                    "codigo_aluno": "300(...)76",
                    "nome_aluno": "JESSICA DOS SANTOS GENÉSIO"
                },
                {
                    "codigo_aluno": "153(...)48",
                    "nome_aluno": "JOANA FERREIRA NOGUEIRA"
                },
                {
                    "codigo_aluno": "309(...)91",
                    "nome_aluno": "JOANA ISABEL GONÇALVES CABRAL"
                },
                {
                    "codigo_aluno": "159(...)37",
                    "nome_aluno": "JOANA MARGARIDA MARQUES CAPITÃO"
                },
                {
                    "codigo_aluno": "315(...)78",
                    "nome_aluno": "JOANA MARIA MAGALHÃES DA CRUZ MAGALHÃES"
                },
                {
                    "codigo_aluno": "310(...)10",
                    "nome_aluno": "JOANA MONTEIRO GOMES"
                },
                {
                    "codigo_aluno": "306(...)94",
                    "nome_aluno": "JOANA PAULA MAIA MONTEIRO"
                },
                {
                    "codigo_aluno": "159(...)73",
                    "nome_aluno": "JOANA SOFIA MOTA TAVARES GUIMARÃES"
                },
                {
                    "codigo_aluno": "153(...)45",
                    "nome_aluno": "JOÃO CARLOS AZEVEDO GUERRA"
                },
                {
                    "codigo_aluno": "305(...)58",
                    "nome_aluno": "JOÃO CARLOS AZEVEDO SILVA"
                },
                {
                    "codigo_aluno": "313(...)43",
                    "nome_aluno": "JOÃO NUNO CAMPOS AZEVEDO"
                },
                {
                    "codigo_aluno": "312(...)09",
                    "nome_aluno": "JOÃO PEDRO FERNANDES RIBEIRO"
                },
                {
                    "codigo_aluno": "309(...)54",
                    "nome_aluno": "JOÃO PEDRO PERALTA ROCHA NUNES VIEIRA"
                },
                {
                    "codigo_aluno": "152(...)83",
                    "nome_aluno": "JOÃO TOMÁS ALVES REMESSO"
                },
                {
                    "codigo_aluno": "302(...)81",
                    "nome_aluno": "JOSÉ LUÍS FERNANDES OLIVEIRA"
                },
                {
                    "codigo_aluno": "153(...)97",
                    "nome_aluno": "JOSÉ MIGUEL ALVES RIBEIRO"
                },
                {
                    "codigo_aluno": "305(...)82",
                    "nome_aluno": "JOSÉ PEDRO DA SILVA COSTA"
                },
                {
                    "codigo_aluno": "153(...)98",
                    "nome_aluno": "JOSÉ RAFAEL TEIXEIRA DA COSTA"
                },
                {
                    "codigo_aluno": "309(...)13",
                    "nome_aluno": "LARA DA SILVA MORIM"
                },
                {
                    "codigo_aluno": "314(...)73",
                    "nome_aluno": "LARA DANIELA TEIXEIRA GONÇALVES"
                },
                {
                    "codigo_aluno": "301(...)30",
                    "nome_aluno": "LARA FABIANA NUNES SOARES"
                },
                {
                    "codigo_aluno": "310(...)19",
                    "nome_aluno": "LARA GABRIELA FANGUEIRO LOPES"
                },
                {
                    "codigo_aluno": "313(...)77",
                    "nome_aluno": "LARA REGO DA SILVA"
                },
                {
                    "codigo_aluno": "157(...)25",
                    "nome_aluno": "LARA SOARES MOTA"
                },
                {
                    "codigo_aluno": "302(...)09",
                    "nome_aluno": "LARA SOFIA DA SILVA FILIPE"
                },
                {
                    "codigo_aluno": "314(...)11",
                    "nome_aluno": "LARA SOFIA SILVA XARÁ"
                },
                {
                    "codigo_aluno": "156(...)29",
                    "nome_aluno": "LEONOR CABRAL MARTINS RESENDES DE MEDEIROS"
                },
                {
                    "codigo_aluno": "300(...)56",
                    "nome_aluno": "LEONOR FERNANDES VALENTE"
                },
                {
                    "codigo_aluno": "303(...)89",
                    "nome_aluno": "LEONOR MARQUES DA SILVA SOARES DE JESUS"
                },
                {
                    "codigo_aluno": "305(...)02",
                    "nome_aluno": "LEONOR VANESSA PEREIRA GARCÊS"
                },
                {
                    "codigo_aluno": "314(...)52",
                    "nome_aluno": "LETÍCIA ARAÚJO CRUZ"
                },
                {
                    "codigo_aluno": "159(...)71",
                    "nome_aluno": "LETÍCIA MARIA PEREIRA VIEIRA"
                },
                {
                    "codigo_aluno": "303(...)73",
                    "nome_aluno": "LILIANA SOFIA PIRES AMORIM"
                },
                {
                    "codigo_aluno": "306(...)20",
                    "nome_aluno": "LUANA FILIPA MARQUES OLIVEIRA"
                },
                {
                    "codigo_aluno": "155(...)75",
                    "nome_aluno": "LÚCIA ISABEL TEIXEIRA"
                },
                {
                    "codigo_aluno": "303(...)66",
                    "nome_aluno": "LUEJI SALOMÉ CHAVES DAS NEVES OLIVEIRA"
                },
                {
                    "codigo_aluno": "154(...)71",
                    "nome_aluno": "LUIS LOBO MATOS BETENCOURT"
                },
                {
                    "codigo_aluno": "158(...)53",
                    "nome_aluno": "MADALENA CAIRES FRANCO"
                },
                {
                    "codigo_aluno": "315(...)62",
                    "nome_aluno": "MAFALDA COSTA CARVALHO"
                },
                {
                    "codigo_aluno": "153(...)11",
                    "nome_aluno": "MAFALDA FREITAS FERNANDES"
                },
                {
                    "codigo_aluno": "311(...)04",
                    "nome_aluno": "MAFALDA LUÍS TOPA SOARES"
                },
                {
                    "codigo_aluno": "152(...)54",
                    "nome_aluno": "MAFALDA RAQUEL ALVES PIRES"
                },
                {
                    "codigo_aluno": "304(...)59",
                    "nome_aluno": "MAFALDA RODRIGUES GUAPO"
                },
                {
                    "codigo_aluno": "309(...)67",
                    "nome_aluno": "MAFALDA SOFIA RUIVO ALVES"
                },
                {
                    "codigo_aluno": "309(...)50",
                    "nome_aluno": "MARGARIDA CASEIRO MARTINS"
                },
                {
                    "codigo_aluno": "304(...)44",
                    "nome_aluno": "MARGARIDA DE AREDE SILVA"
                },
                {
                    "codigo_aluno": "310(...)32",
                    "nome_aluno": "MARGARIDA FREIRE CONCEIÇÃO"
                },
                {
                    "codigo_aluno": "310(...)81",
                    "nome_aluno": "MARGARIDA LOPES RIBEIRO"
                },
                {
                    "codigo_aluno": "153(...)52",
                    "nome_aluno": "MARGARIDA MAGALHÃES LOPES ANJO"
                },
                {
                    "codigo_aluno": "156(...)03",
                    "nome_aluno": "MARGARIDA MARTINS SILVA"
                },
                {
                    "codigo_aluno": "307(...)46",
                    "nome_aluno": "MARGARIDA PINTO DE SOUSA"
                },
                {
                    "codigo_aluno": "309(...)87",
                    "nome_aluno": "MARGARIDA TEIXEIRA FERNANDES"
                },
                {
                    "codigo_aluno": "151(...)76",
                    "nome_aluno": "MARIA ALVES PINTO SOARES"
                },
                {
                    "codigo_aluno": "307(...)84",
                    "nome_aluno": "MARIA CERQUEIRA DA SILVA"
                },
                {
                    "codigo_aluno": "310(...)73",
                    "nome_aluno": "MARIA EDUARDA FERREIRA RAMOS"
                },
                {
                    "codigo_aluno": "152(...)27",
                    "nome_aluno": "MARIA EDUARDA ROSMANINHO MACIEIRA"
                },
                {
                    "codigo_aluno": "303(...)84",
                    "nome_aluno": "MARIA GONÇALVES DA VEIGA"
                },
                {
                    "codigo_aluno": "302(...)90",
                    "nome_aluno": "MARIA INÊS CARDOSO ALMEIDA"
                },
                {
                    "codigo_aluno": "307(...)67",
                    "nome_aluno": "MARIA INÊS CRUZ BARBEDO"
                },
                {
                    "codigo_aluno": "301(...)71",
                    "nome_aluno": "MARIA ISABEL FURTADO DE MENDONÇA ALMEIDA DE EÇA"
                },
                {
                    "codigo_aluno": "307(...)20",
                    "nome_aluno": "MARIA JOÃO BARBOSA BARROS"
                },
                {
                    "codigo_aluno": "303(...)34",
                    "nome_aluno": "MARIA JOÃO CARVALHO VIEIRA"
                },
                {
                    "codigo_aluno": "307(...)27",
                    "nome_aluno": "MARIA JOÃO DA SILVA RODRIGUES"
                },
                {
                    "codigo_aluno": "153(...)98",
                    "nome_aluno": "MARIA JOÃO MONTEIRO RODRIGUES"
                },
                {
                    "codigo_aluno": "155(...)33",
                    "nome_aluno": "MARIA JOÃO RIBEIRO MONTEIRO"
                },
                {
                    "codigo_aluno": "309(...)65",
                    "nome_aluno": "MARIA LEONOR CARVALHO ALVES"
                },
                {
                    "codigo_aluno": "310(...)51",
                    "nome_aluno": "MARIA LEONOR MOREIRA PEREIRA"
                },
                {
                    "codigo_aluno": "313(...)09",
                    "nome_aluno": "MARIA MARQUES LOBO ANTUNES"
                },
                {
                    "codigo_aluno": "304(...)14",
                    "nome_aluno": "MARIA MIGUEL DOS SANTOS FORTUNATO"
                },
                {
                    "codigo_aluno": "153(...)57",
                    "nome_aluno": "MARIA MORAIS BOMPASTOR DE ALMEIDA"
                },
                {
                    "codigo_aluno": "304(...)59",
                    "nome_aluno": "MARIA PEDRO DE AMORIM MOREIRA DIAS"
                },
                {
                    "codigo_aluno": "154(...)84",
                    "nome_aluno": "MARIANA CARDOSO DA CONCEIÇÃO"
                },
                {
                    "codigo_aluno": "303(...)63",
                    "nome_aluno": "MARIANA FERNANDES FILIPE"
                },
                {
                    "codigo_aluno": "314(...)14",
                    "nome_aluno": "MARIANA FILIPA SOUSA RIBEIRO"
                },
                {
                    "codigo_aluno": "310(...)65",
                    "nome_aluno": "MARIANA FONSECA ALVES"
                },
                {
                    "codigo_aluno": "152(...)73",
                    "nome_aluno": "MARIANA MERENCIO PINHEIRO"
                },
                {
                    "codigo_aluno": "158(...)98",
                    "nome_aluno": "MARIANA MONTEIRO PINTO"
                },
                {
                    "codigo_aluno": "156(...)05",
                    "nome_aluno": "MARIANA MONTEIRO TEIXEIRA"
                },
                {
                    "codigo_aluno": "317(...)25",
                    "nome_aluno": "MARIANA PACHECO ALMEIDA"
                },
                {
                    "codigo_aluno": "158(...)22",
                    "nome_aluno": "MARIANA PEREIRA DA COSTA"
                },
                {
                    "codigo_aluno": "301(...)38",
                    "nome_aluno": "MARIANA PEREIRA DA SILVA"
                },
                {
                    "codigo_aluno": "308(...)58",
                    "nome_aluno": "MARIANA PIMENTA RODRIGUES"
                },
                {
                    "codigo_aluno": "154(...)13",
                    "nome_aluno": "MARIANA PINTO MOREIRA"
                },
                {
                    "codigo_aluno": "314(...)54",
                    "nome_aluno": "MARIANA SILVA ALMEIDA"
                },
                {
                    "codigo_aluno": "307(...)17",
                    "nome_aluno": "MARIANA SOFIA NEVES CAMPOS"
                },
                {
                    "codigo_aluno": "320(...)63",
                    "nome_aluno": "MARINE ROSE GONCALVES"
                },
                {
                    "codigo_aluno": "312(...)48",
                    "nome_aluno": "MARISA DE CANELAS PEREIRA"
                },
                {
                    "codigo_aluno": "301(...)97",
                    "nome_aluno": "MARTA INÊS RIBEIRO NUNES"
                },
                {
                    "codigo_aluno": "309(...)83",
                    "nome_aluno": "MARTA REGINA PINHEIRO SOUSA PINTO"
                },
                {
                    "codigo_aluno": "314(...)38",
                    "nome_aluno": "MARTA TELES JÚNIOR"
                },
                {
                    "codigo_aluno": "304(...)79",
                    "nome_aluno": "MATILDE CARDOSO DE OLIVEIRA"
                },
                {
                    "codigo_aluno": "304(...)73",
                    "nome_aluno": "MATILDE DE ALMEIDA FERREIRA"
                },
                {
                    "codigo_aluno": "305(...)17",
                    "nome_aluno": "MATILDE DOS SANTOS PEREIRA DE AZEVEDO MEIRELES"
                },
                {
                    "codigo_aluno": "159(...)20",
                    "nome_aluno": "MATILDE FERREIRA DE FIGUEIREDO ESTEVES"
                },
                {
                    "codigo_aluno": "310(...)50",
                    "nome_aluno": "MATILDE FILIPA AGUIAR SANTOS"
                },
                {
                    "codigo_aluno": "309(...)57",
                    "nome_aluno": "MATILDE GOMES GASPAR"
                },
                {
                    "codigo_aluno": "154(...)36",
                    "nome_aluno": "MATILDE GONÇALVES ALVES"
                },
                {
                    "codigo_aluno": "305(...)81",
                    "nome_aluno": "MATILDE RODRIGUES DA SILVA VITORINO"
                },
                {
                    "codigo_aluno": "303(...)30",
                    "nome_aluno": "MATILDE SERRA MARTINS SOARES"
                },
                {
                    "codigo_aluno": "151(...)44",
                    "nome_aluno": "MIGUEL SOARES MADUREIRA"
                },
                {
                    "codigo_aluno": "306(...)41",
                    "nome_aluno": "PATRICIA FERREIRA MARQUES"
                },
                {
                    "codigo_aluno": "309(...)31",
                    "nome_aluno": "PATRÍCIA MARTINHA MARTINS DOS SANTOS"
                },
                {
                    "codigo_aluno": "152(...)09",
                    "nome_aluno": "PATRICIA OLIVEIRA PINTO"
                },
                {
                    "codigo_aluno": "155(...)49",
                    "nome_aluno": "PAULA ALEXANDRA SILVA FERNANDES"
                },
                {
                    "codigo_aluno": "303(...)87",
                    "nome_aluno": "PEDRO MIGUEL MARTINS DA SILVA PESQUEIRA"
                },
                {
                    "codigo_aluno": "153(...)85",
                    "nome_aluno": "PETRA FIGUEIREDO ESTEVES"
                },
                {
                    "codigo_aluno": "309(...)02",
                    "nome_aluno": "RAFAEL FERNANDO PINTO DE SOUSA"
                },
                {
                    "codigo_aluno": "303(...)02",
                    "nome_aluno": "RAFAEL MARQUES SILVA"
                },
                {
                    "codigo_aluno": "312(...)08",
                    "nome_aluno": "RAFAELA CARVALHO DE SOUSA"
                },
                {
                    "codigo_aluno": "304(...)45",
                    "nome_aluno": "RAFAELA SILVA MARQUES"
                },
                {
                    "codigo_aluno": "313(...)00",
                    "nome_aluno": "RICARDO ANTÓNIO MIRANDA DA SILVA"
                },
                {
                    "codigo_aluno": "150(...)06",
                    "nome_aluno": "RITA CACHAPUZ ABREU GUIMARÃES"
                },
                {
                    "codigo_aluno": "309(...)30",
                    "nome_aluno": "RITA CARVALHO MACHADO"
                },
                {
                    "codigo_aluno": "315(...)51",
                    "nome_aluno": "RITA MARIA CERQUEIRA PEREIRA"
                },
                {
                    "codigo_aluno": "159(...)19",
                    "nome_aluno": "RODRIGO DIAS DE ALMEIDA"
                },
                {
                    "codigo_aluno": "151(...)97",
                    "nome_aluno": "ROSA BIANCA FLORENÇA BARRETO"
                },
                {
                    "codigo_aluno": "303(...)58",
                    "nome_aluno": "RUI PEDRO SOUSA ALVES"
                },
                {
                    "codigo_aluno": "309(...)81",
                    "nome_aluno": "SARA ISABEL MONTEIRO NOGUEIRA"
                },
                {
                    "codigo_aluno": "158(...)96",
                    "nome_aluno": "SIMÃO PAIS LOPES"
                },
                {
                    "codigo_aluno": "311(...)14",
                    "nome_aluno": "SOFIA FREITAS MARQUES"
                },
                {
                    "codigo_aluno": "301(...)79",
                    "nome_aluno": "SORAIA DOS SANTOS ALVES"
                },
                {
                    "codigo_aluno": "301(...)55",
                    "nome_aluno": "SORAIA MANUELA SANTOS SARAIVA"
                },
                {
                    "codigo_aluno": "304(...)74",
                    "nome_aluno": "SORAIA PASSEIRA COELHO"
                },
                {
                    "codigo_aluno": "159(...)93",
                    "nome_aluno": "TATIANA FILIPA SILVA SANTOS"
                }
            ]
        }
    ]
}