{
    "codigo_universidade": "3083",
    "nome_universidade": "3083 - Universidade do Algarve - Instituto Superior de Engenharia",
    "cursos": [
        {
            "codigo_curso": "9089",
            "nome_curso": "9089 - Engenharia Civil",
            "colocados": [
                {
                    "codigo_aluno": "154(...)46",
                    "nome_aluno": "AFONSO JOSÉ MARTINS INÁCIO"
                },
                {
                    "codigo_aluno": "304(...)80",
                    "nome_aluno": "JOÃO ABEL CARRAÇA ANDRE"
                },
                {
                    "codigo_aluno": "157(...)86",
                    "nome_aluno": "MARCO ELISEU MORENO LOPES"
                },
                {
                    "codigo_aluno": "328(...)99",
                    "nome_aluno": "MIGUEL DANIEL BERFELA"
                },
                {
                    "codigo_aluno": "303(...)66",
                    "nome_aluno": "RODRIGO BRÁS PIRES RAPOSO"
                },
                {
                    "codigo_aluno": "301(...)65",
                    "nome_aluno": "SOFIA BARRENTO LOURENÇO"
                },
                {
                    "codigo_aluno": "153(...)01",
                    "nome_aluno": "TOMÁS ALEXANDRE VARGAS CARRILHO"
                }
            ]
        },
        {
            "codigo_curso": "L269",
            "nome_curso": "L269 - Engenharia de Sistemas e Tecnologias Informáticas",
            "colocados": [
                {
                    "codigo_aluno": "155(...)57",
                    "nome_aluno": "ALICIA MARIA DOS SANTOS ATAIDE"
                },
                {
                    "codigo_aluno": "240(...)79",
                    "nome_aluno": "DANIEL ALEXANDRE MBEYA PAULO"
                },
                {
                    "codigo_aluno": "305(...)25",
                    "nome_aluno": "LEONOR BARROS SILVA"
                },
                {
                    "codigo_aluno": "148(...)06",
                    "nome_aluno": "MATEUS MARTINS CANTANTE"
                },
                {
                    "codigo_aluno": "240(...)60",
                    "nome_aluno": "RODRIGO AUGUSTO COTRIM"
                },
                {
                    "codigo_aluno": "152(...)17",
                    "nome_aluno": "RODRIGO MIGUEL BERNARDINO PIEDADE"
                },
                {
                    "codigo_aluno": "153(...)72",
                    "nome_aluno": "TIAGO RAFAEL OLIVEIRA CAMPOS"
                }
            ]
        },
        {
            "codigo_curso": "L209",
            "nome_curso": "L209 - Engenharia Eletrotécnica e de Computadores",
            "colocados": [
                {
                    "codigo_aluno": "307(...)96",
                    "nome_aluno": "AFONSO BERNARDO PINHEIRO"
                },
                {
                    "codigo_aluno": "300(...)85",
                    "nome_aluno": "ALEXANDRE CHIRIAC"
                },
                {
                    "codigo_aluno": "157(...)25",
                    "nome_aluno": "FRANCISCO JOSÉ DE SOUSA BISCAIA"
                },
                {
                    "codigo_aluno": "151(...)85",
                    "nome_aluno": "GONÇALO HENRIQUES PACHECO"
                },
                {
                    "codigo_aluno": "152(...)92",
                    "nome_aluno": "MIGUEL QUINTINO AMADO"
                },
                {
                    "codigo_aluno": "240(...)37",
                    "nome_aluno": "NOAH AMANI OCEANO STEMLER"
                },
                {
                    "codigo_aluno": "154(...)11",
                    "nome_aluno": "RAFAEL MONTEIRO MARTINS"
                },
                {
                    "codigo_aluno": "240(...)59",
                    "nome_aluno": "RIAN DA EIRA CARREIRO SABARENSE"
                },
                {
                    "codigo_aluno": "155(...)69",
                    "nome_aluno": "RODRIGO ABRANTES DE CAMPOS"
                },
                {
                    "codigo_aluno": "306(...)09",
                    "nome_aluno": "SÉRGIO GILCA"
                },
                {
                    "codigo_aluno": "307(...)65",
                    "nome_aluno": "TOMÁS VIEGAS RODRIGUES"
                }
            ]
        },
        {
            "codigo_curso": "9123",
            "nome_curso": "9123 - Engenharia Mecânica",
            "colocados": [
                {
                    "codigo_aluno": "153(...)40",
                    "nome_aluno": "ALEXANDRE MIGUEL ARROIO SILVA"
                },
                {
                    "codigo_aluno": "304(...)18",
                    "nome_aluno": "BERNARDO FRAGA DEBIEZ"
                },
                {
                    "codigo_aluno": "157(...)07",
                    "nome_aluno": "DUARTE AGOSTINHO LEÇA AGUIAR"
                },
                {
                    "codigo_aluno": "156(...)07",
                    "nome_aluno": "FRANCISCO GLÓRIA DA SILVA"
                },
                {
                    "codigo_aluno": "151(...)79",
                    "nome_aluno": "FRANCISCO ROMÃO CHANFANA"
                },
                {
                    "codigo_aluno": "314(...)58",
                    "nome_aluno": "GONÇALO DO ROSÁRIO FERNANDES"
                },
                {
                    "codigo_aluno": "314(...)52",
                    "nome_aluno": "GUSTAVO MARTIM COLUCAS GUERREIRO"
                },
                {
                    "codigo_aluno": "154(...)62",
                    "nome_aluno": "KEVIN REIMANN SARAIVA"
                },
                {
                    "codigo_aluno": "333(...)01",
                    "nome_aluno": "MARIA ELISA SANTOS EUGENIO"
                },
                {
                    "codigo_aluno": "153(...)81",
                    "nome_aluno": "PEDRO MANUEL RIBEIRO LEANDRO"
                },
                {
                    "codigo_aluno": "302(...)67",
                    "nome_aluno": "RITA VIEIRA RAPOSO"
                },
                {
                    "codigo_aluno": "151(...)22",
                    "nome_aluno": "RODRIGO BRUNO GODINHO CAVACO"
                },
                {
                    "codigo_aluno": "153(...)45",
                    "nome_aluno": "TIAGO LUÍS FABIANI GOMES"
                },
                {
                    "codigo_aluno": "307(...)86",
                    "nome_aluno": "VIRGÍLIO TOMÁS CIPRIANO MARTINS"
                }
            ]
        }
    ]
}