{
    "codigo_universidade": "3151",
    "nome_universidade": "3151 - Instituto Politécnico de Setúbal - Escola Superior de Educação",
    "cursos": [
        {
            "codigo_curso": "9005",
            "nome_curso": "9005 - Animação Sociocultural",
            "colocados": [
                {
                    "codigo_aluno": "309(...)63",
                    "nome_aluno": "CAROLINA CÓPIO DIAS"
                },
                {
                    "codigo_aluno": "306(...)68",
                    "nome_aluno": "CAROLINA PEREIRA GONÇALVES"
                },
                {
                    "codigo_aluno": "326(...)15",
                    "nome_aluno": "CASSANDRA SOFIA RODRIGUES MARIANO"
                },
                {
                    "codigo_aluno": "152(...)36",
                    "nome_aluno": "CATARINA MARTINS CARRIÇO"
                },
                {
                    "codigo_aluno": "311(...)87",
                    "nome_aluno": "CLÁUDIA SOFIA CARDOSO RAMALHO"
                },
                {
                    "codigo_aluno": "314(...)91",
                    "nome_aluno": "DANIELA SOFIA MATOS DO NASCIMENTO"
                },
                {
                    "codigo_aluno": "309(...)30",
                    "nome_aluno": "EVA CRISTINA FERRO VAZ"
                },
                {
                    "codigo_aluno": "153(...)86",
                    "nome_aluno": "FRANCISCO MIGUEL GONÇALVES DA COSTA"
                },
                {
                    "codigo_aluno": "305(...)38",
                    "nome_aluno": "JOANA DO CARMO PINTO"
                },
                {
                    "codigo_aluno": "311(...)95",
                    "nome_aluno": "JOANA PEDROSA VIANA"
                },
                {
                    "codigo_aluno": "309(...)65",
                    "nome_aluno": "JOÃO VASCO VIEGAS FIGUEIRAS"
                },
                {
                    "codigo_aluno": "310(...)13",
                    "nome_aluno": "LARA DOS SANTOS MADEIRA"
                },
                {
                    "codigo_aluno": "152(...)96",
                    "nome_aluno": "LARA MARTINS MOÇO"
                },
                {
                    "codigo_aluno": "307(...)44",
                    "nome_aluno": "LEONOR COELHO MARINHO"
                },
                {
                    "codigo_aluno": "148(...)67",
                    "nome_aluno": "LETICIA RAMOS NEVES"
                },
                {
                    "codigo_aluno": "313(...)12",
                    "nome_aluno": "MADALENA GASPAR MADEIRA DA SILVA"
                },
                {
                    "codigo_aluno": "303(...)50",
                    "nome_aluno": "MARGARIDA BRAGANÇA CARVALHO"
                },
                {
                    "codigo_aluno": "153(...)71",
                    "nome_aluno": "MARIA CATARINA NUNES DE GOUVEIA AUGUSTO"
                },
                {
                    "codigo_aluno": "313(...)10",
                    "nome_aluno": "MARIA FILIPE COIMBRA HENRIQUES"
                },
                {
                    "codigo_aluno": "301(...)10",
                    "nome_aluno": "MARIA INÊS COSTA FERNANDES"
                },
                {
                    "codigo_aluno": "306(...)85",
                    "nome_aluno": "MARIANA FILIPA DE SOUSA FROTA"
                },
                {
                    "codigo_aluno": "314(...)39",
                    "nome_aluno": "MARIANA FILIPA MOROTA MONTEIRO"
                },
                {
                    "codigo_aluno": "300(...)59",
                    "nome_aluno": "MARIANA SOFIA MENDES GOMES"
                },
                {
                    "codigo_aluno": "312(...)71",
                    "nome_aluno": "MARIO RODOLFO HENRIQUE DA SILVA TAVARES"
                },
                {
                    "codigo_aluno": "156(...)61",
                    "nome_aluno": "MATILDE FILIPA CANDEIAS DA SILVA FELICIANO"
                },
                {
                    "codigo_aluno": "310(...)00",
                    "nome_aluno": "NÁDIA MARISA SABALO GONÇALVES"
                },
                {
                    "codigo_aluno": "152(...)27",
                    "nome_aluno": "NICOLE ÂNGELA BOBROVA LOPES DE CARVALHO"
                },
                {
                    "codigo_aluno": "154(...)65",
                    "nome_aluno": "RAFAELA ARCANJO LONTRO"
                },
                {
                    "codigo_aluno": "308(...)26",
                    "nome_aluno": "RICARDO FILIPE RAMOS DE SOUSA ARAÚJO"
                },
                {
                    "codigo_aluno": "310(...)44",
                    "nome_aluno": "RITA PENETRA LAMEGO"
                },
                {
                    "codigo_aluno": "159(...)78",
                    "nome_aluno": "RITA SERPA RIJO"
                },
                {
                    "codigo_aluno": "310(...)79",
                    "nome_aluno": "SELMA FILIPA SARAIVA MOTA HILARIO"
                }
            ]
        },
        {
            "codigo_curso": "9054",
            "nome_curso": "9054 - Comunicação Social",
            "colocados": [
                {
                    "codigo_aluno": "154(...)45",
                    "nome_aluno": "AFONSO MIGUEL BOTEQUIM CANCELA ROQUE"
                },
                {
                    "codigo_aluno": "306(...)16",
                    "nome_aluno": "ANA CAROLINA VALENTE BALDINO"
                },
                {
                    "codigo_aluno": "240(...)20",
                    "nome_aluno": "ANA JULIA SANTOS DA SILVA IZOTON"
                },
                {
                    "codigo_aluno": "306(...)44",
                    "nome_aluno": "BÁRBARA FILIPA MIGUENS ANTUNES"
                },
                {
                    "codigo_aluno": "309(...)76",
                    "nome_aluno": "BEATRIZ COUTO MIGUEL"
                },
                {
                    "codigo_aluno": "305(...)94",
                    "nome_aluno": "BEATRIZ DE OLIVEIRA EUSTÁQUIO"
                },
                {
                    "codigo_aluno": "303(...)74",
                    "nome_aluno": "BEATRIZ MACHADO LOPES"
                },
                {
                    "codigo_aluno": "303(...)88",
                    "nome_aluno": "BIANCA DA FONSECA COSTA"
                },
                {
                    "codigo_aluno": "306(...)85",
                    "nome_aluno": "DANIELA FAÍSCA DOS SANTOS"
                },
                {
                    "codigo_aluno": "306(...)04",
                    "nome_aluno": "DANIELA MENDES SILVA"
                },
                {
                    "codigo_aluno": "303(...)25",
                    "nome_aluno": "FRANCISCO MANUEL FERREIRA NEVES"
                },
                {
                    "codigo_aluno": "308(...)71",
                    "nome_aluno": "GONÇALO DINIS DOS SANTOS DIAS"
                },
                {
                    "codigo_aluno": "154(...)82",
                    "nome_aluno": "GONÇALO NUNO ANDRADE DOMINGUES"
                },
                {
                    "codigo_aluno": "303(...)52",
                    "nome_aluno": "JÉSSICA ALBA ARRAIA SIMPLÍCIO"
                },
                {
                    "codigo_aluno": "151(...)93",
                    "nome_aluno": "JOANA BENTO LINO DOS SANTOS"
                },
                {
                    "codigo_aluno": "154(...)41",
                    "nome_aluno": "JOANA CARDOSO GENEROSO"
                },
                {
                    "codigo_aluno": "303(...)50",
                    "nome_aluno": "JORGE FERNANDO SILVA FERRAZ"
                },
                {
                    "codigo_aluno": "305(...)65",
                    "nome_aluno": "LARA DOS SANTOS GONÇALVES RODRIGUES"
                },
                {
                    "codigo_aluno": "311(...)32",
                    "nome_aluno": "LEANDRO DANIEL LOPES NEVES"
                },
                {
                    "codigo_aluno": "150(...)32",
                    "nome_aluno": "LEONOR CRISTINA JORGE REIS"
                },
                {
                    "codigo_aluno": "303(...)05",
                    "nome_aluno": "MARGARIDA AMORIM DE CASTRO"
                },
                {
                    "codigo_aluno": "313(...)87",
                    "nome_aluno": "MARGARIDA DE ALMEIDA CAETANO PERDIGÃO LUZ"
                },
                {
                    "codigo_aluno": "310(...)88",
                    "nome_aluno": "MARGARIDA ISABEL DE MATOS ALEXANDRE"
                },
                {
                    "codigo_aluno": "307(...)98",
                    "nome_aluno": "MARIA CAETANO BATISTA"
                },
                {
                    "codigo_aluno": "152(...)91",
                    "nome_aluno": "MARIA INÊS DO CARMO SANTOS"
                },
                {
                    "codigo_aluno": "240(...)10",
                    "nome_aluno": "MARIANA DE SOUZA ALVES"
                },
                {
                    "codigo_aluno": "307(...)73",
                    "nome_aluno": "MARTA AFONSO MATOS DE MIRANDA"
                },
                {
                    "codigo_aluno": "326(...)79",
                    "nome_aluno": "MAURA MONTEIRO QUARESMA"
                },
                {
                    "codigo_aluno": "310(...)38",
                    "nome_aluno": "MÉLANIE MORENO CASANOVA E COSTA REBELO"
                },
                {
                    "codigo_aluno": "240(...)09",
                    "nome_aluno": "REGINA PATRÍCIA VIANA AMADO"
                },
                {
                    "codigo_aluno": "240(...)11",
                    "nome_aluno": "RYAN VICTOR ANDRADE DE SÁ"
                },
                {
                    "codigo_aluno": "303(...)01",
                    "nome_aluno": "SOFIA CASTRO SANTOS"
                },
                {
                    "codigo_aluno": "315(...)21",
                    "nome_aluno": "SOFIA MACHADO MARQUES"
                }
            ]
        },
        {
            "codigo_curso": "9563",
            "nome_curso": "9563 - Desporto",
            "colocados": [
                {
                    "codigo_aluno": "306(...)62",
                    "nome_aluno": "ADRIAN FRADINHO MOUTINHO MARQUES"
                },
                {
                    "codigo_aluno": "300(...)39",
                    "nome_aluno": "ALEXANDRE FILIPE BATISTA GUEDELHA SALGADO DOS SANTOS"
                },
                {
                    "codigo_aluno": "136(...)46",
                    "nome_aluno": "ANA IOLANDA DA CRUZ VINAGREIRO"
                },
                {
                    "codigo_aluno": "152(...)17",
                    "nome_aluno": "CAROLINA FERNANDES CHAINHO"
                },
                {
                    "codigo_aluno": "300(...)10",
                    "nome_aluno": "DANIEL BRANDÃO AMARAL"
                },
                {
                    "codigo_aluno": "152(...)90",
                    "nome_aluno": "DIOGO GANDRA FERNANDES PEREIRA DE GOUVEIA"
                },
                {
                    "codigo_aluno": "303(...)36",
                    "nome_aluno": "DIOGO MARQUES DIAS"
                },
                {
                    "codigo_aluno": "305(...)75",
                    "nome_aluno": "DIOGO MIGUEL BIA PAIS"
                },
                {
                    "codigo_aluno": "311(...)37",
                    "nome_aluno": "GONÇALO ALEXANDRE MENDONÇA PAIXÃO"
                },
                {
                    "codigo_aluno": "301(...)79",
                    "nome_aluno": "GONÇALO CABRAL RIBEIRO"
                },
                {
                    "codigo_aluno": "156(...)12",
                    "nome_aluno": "GUILHERME SANTOS MESTRE"
                },
                {
                    "codigo_aluno": "309(...)09",
                    "nome_aluno": "IARA MIRANDA RIBEIRO"
                },
                {
                    "codigo_aluno": "157(...)95",
                    "nome_aluno": "LARA CORREIA MADEIRA"
                },
                {
                    "codigo_aluno": "155(...)26",
                    "nome_aluno": "LEONOR SUSANA DA GRAÇA FERREIRA"
                },
                {
                    "codigo_aluno": "312(...)04",
                    "nome_aluno": "LOURENÇO PINHO BARBOSA VICENTE"
                },
                {
                    "codigo_aluno": "158(...)03",
                    "nome_aluno": "MAGNUS PIERRE MORAES VICENTINI DE OLIVEIRA"
                },
                {
                    "codigo_aluno": "306(...)94",
                    "nome_aluno": "MARGARIDA MATOS DA CUNHA CRUZ"
                },
                {
                    "codigo_aluno": "158(...)53",
                    "nome_aluno": "MARIANA BENTO DA NAVE"
                },
                {
                    "codigo_aluno": "150(...)40",
                    "nome_aluno": "MÁRIO MANUEL RIBEIRO DO NASCIMENTO"
                },
                {
                    "codigo_aluno": "304(...)69",
                    "nome_aluno": "MARTA BAILAROTE DOS SANTOS"
                },
                {
                    "codigo_aluno": "143(...)86",
                    "nome_aluno": "MARTA VIEIRA COSTA"
                },
                {
                    "codigo_aluno": "151(...)05",
                    "nome_aluno": "RAFAEL DE GÓIS ABRANTES AGUIAR"
                },
                {
                    "codigo_aluno": "305(...)93",
                    "nome_aluno": "RAFAEL REIS DE CARVALHO"
                },
                {
                    "codigo_aluno": "309(...)51",
                    "nome_aluno": "RAFAEL SILVESTRE SMITH SILVA SÁ"
                },
                {
                    "codigo_aluno": "308(...)36",
                    "nome_aluno": "RÚBEN MENDÃO DOS SANTOS"
                },
                {
                    "codigo_aluno": "313(...)21",
                    "nome_aluno": "SIMÃO ALEXANDRE PAIAS DOS SANTOS SILVA"
                },
                {
                    "codigo_aluno": "315(...)19",
                    "nome_aluno": "TIAGO ALEXANDRE ROSA BARÃO"
                },
                {
                    "codigo_aluno": "153(...)64",
                    "nome_aluno": "TIAGO JOÃO PEREIRA ALVES"
                },
                {
                    "codigo_aluno": "306(...)79",
                    "nome_aluno": "TIAGO MIGUEL CAPITAO MOR WANZELLER"
                },
                {
                    "codigo_aluno": "159(...)36",
                    "nome_aluno": "VASCO HORTA DE LAGE ARJONES"
                },
                {
                    "codigo_aluno": "306(...)14",
                    "nome_aluno": "VASCO MIGUEL CAPITÃO MOR WANZELLER"
                }
            ]
        },
        {
            "codigo_curso": "9853",
            "nome_curso": "9853 - Educação Básica",
            "colocados": [
                {
                    "codigo_aluno": "311(...)74",
                    "nome_aluno": "AFONSO MIGUEL BARROSINHO ESTRELO"
                },
                {
                    "codigo_aluno": "138(...)44",
                    "nome_aluno": "ALEXANDRE EDUARDO BRITO DA SILVA TROTA"
                },
                {
                    "codigo_aluno": "301(...)06",
                    "nome_aluno": "ALEXANDRE MIGUEL MOREIRA ESGUEIRÃO"
                },
                {
                    "codigo_aluno": "309(...)20",
                    "nome_aluno": "ANA BEATRIZ LAGOA MARQUES"
                },
                {
                    "codigo_aluno": "153(...)79",
                    "nome_aluno": "ANA CATARINA CALDEIRA PAULISTA"
                },
                {
                    "codigo_aluno": "306(...)43",
                    "nome_aluno": "ANA RITA SILVA ANGROLA"
                },
                {
                    "codigo_aluno": "153(...)25",
                    "nome_aluno": "ANA VITORIA GONCALVES PITA"
                },
                {
                    "codigo_aluno": "155(...)44",
                    "nome_aluno": "BEATRIZ CATARINA MOITA DOS SANTOS"
                },
                {
                    "codigo_aluno": "309(...)48",
                    "nome_aluno": "BEATRIZ ISABEL NASCIMENTO RENDEIRO"
                },
                {
                    "codigo_aluno": "307(...)00",
                    "nome_aluno": "BRUNA FILIPA OLIVEIRA FAUSTINO"
                },
                {
                    "codigo_aluno": "148(...)64",
                    "nome_aluno": "BRUNA ISABEL FERREIRA RIBEIRO"
                },
                {
                    "codigo_aluno": "313(...)46",
                    "nome_aluno": "BRUNA RODRIGUES NABAIS MONTEIRO"
                },
                {
                    "codigo_aluno": "159(...)43",
                    "nome_aluno": "CARINA LEOCÁDIO GONÇALVES FERREIRA"
                },
                {
                    "codigo_aluno": "149(...)46",
                    "nome_aluno": "CAROLINA ALVES JACINTO"
                },
                {
                    "codigo_aluno": "310(...)38",
                    "nome_aluno": "CAROLINA PRATA HENRIQUES"
                },
                {
                    "codigo_aluno": "309(...)77",
                    "nome_aluno": "CATARINA DE ALMEIDA COELHO"
                },
                {
                    "codigo_aluno": "159(...)46",
                    "nome_aluno": "DANIELA FILIPA MARTINS VAZ"
                },
                {
                    "codigo_aluno": "307(...)23",
                    "nome_aluno": "DAVIDE ANDRÉ ANTUNES MARTINS"
                },
                {
                    "codigo_aluno": "330(...)21",
                    "nome_aluno": "ELISABETE KONDEL"
                },
                {
                    "codigo_aluno": "315(...)56",
                    "nome_aluno": "FLÁVIA VILAÇA FREITAS"
                },
                {
                    "codigo_aluno": "159(...)96",
                    "nome_aluno": "INÊS MARQUES MONTEIRO"
                },
                {
                    "codigo_aluno": "154(...)74",
                    "nome_aluno": "INES MENDES JUSTINO BRITO GOMES"
                },
                {
                    "codigo_aluno": "304(...)27",
                    "nome_aluno": "INES RAMOS PEREIRA"
                },
                {
                    "codigo_aluno": "154(...)76",
                    "nome_aluno": "IRIS DANIELA VIEIRA FREITAS"
                },
                {
                    "codigo_aluno": "303(...)04",
                    "nome_aluno": "JOANA GUIMARÃES ABRANTES MONTEIRO SARDINHA"
                },
                {
                    "codigo_aluno": "156(...)43",
                    "nome_aluno": "JOANA LOURENÇO CORDEIRO"
                },
                {
                    "codigo_aluno": "153(...)50",
                    "nome_aluno": "JOANA RECHENA DE OLIVEIRA"
                },
                {
                    "codigo_aluno": "157(...)34",
                    "nome_aluno": "LETÍCIA SÁ GOMES DOS SANTOS"
                },
                {
                    "codigo_aluno": "157(...)87",
                    "nome_aluno": "MADALENA DE OLIVEIRA FERNANDES DOMINGUES DIAS"
                },
                {
                    "codigo_aluno": "156(...)55",
                    "nome_aluno": "MAFALDA CONCEIÇÃO DUARTE DAS DORES"
                },
                {
                    "codigo_aluno": "300(...)39",
                    "nome_aluno": "MAFALDA MARIA ARAÚJO PINTO"
                },
                {
                    "codigo_aluno": "304(...)58",
                    "nome_aluno": "MARIA BEATRIZ CRUZ DE MATOS"
                },
                {
                    "codigo_aluno": "153(...)63",
                    "nome_aluno": "MARIA DO CÉU MATOS MENDES"
                },
                {
                    "codigo_aluno": "153(...)72",
                    "nome_aluno": "MARIA MADALENA COSTELA CALÇADA"
                },
                {
                    "codigo_aluno": "156(...)00",
                    "nome_aluno": "MARIA MADALENA REYNAUD PINTO COELHO ROCHA"
                },
                {
                    "codigo_aluno": "308(...)92",
                    "nome_aluno": "MARIA MADALENA VICENTE MARTINS"
                },
                {
                    "codigo_aluno": "306(...)14",
                    "nome_aluno": "MARIANA DO COUTO RATO"
                },
                {
                    "codigo_aluno": "309(...)75",
                    "nome_aluno": "MARIANA DUARTE CASAL"
                },
                {
                    "codigo_aluno": "304(...)41",
                    "nome_aluno": "MARIANA MÁXIMO ROMA CORREIA"
                },
                {
                    "codigo_aluno": "159(...)49",
                    "nome_aluno": "MARTA INFANTE DA CAMARA CASTANHO"
                },
                {
                    "codigo_aluno": "301(...)09",
                    "nome_aluno": "MATILDE ALEXANDRA CADEIRINHAS CALDAS"
                },
                {
                    "codigo_aluno": "159(...)54",
                    "nome_aluno": "MATILDE BASÍLIO MOREIRA"
                },
                {
                    "codigo_aluno": "302(...)12",
                    "nome_aluno": "MATILDE DA SILVA RAMIRO SIMÕES REDONDO"
                },
                {
                    "codigo_aluno": "303(...)62",
                    "nome_aluno": "MATILDE FILIPA VIEGAS ALMEIDA"
                },
                {
                    "codigo_aluno": "154(...)94",
                    "nome_aluno": "MATILDE MARGARIDO FIGUEIRAS"
                },
                {
                    "codigo_aluno": "302(...)27",
                    "nome_aluno": "MATILDE MARQUES DIONÍSIO"
                },
                {
                    "codigo_aluno": "304(...)97",
                    "nome_aluno": "MATILDE MEDEIROS MARQUES"
                },
                {
                    "codigo_aluno": "152(...)56",
                    "nome_aluno": "RAFAELA DOS SANTOS RODRIGUES"
                },
                {
                    "codigo_aluno": "307(...)67",
                    "nome_aluno": "RAQUEL FILIPA SOL PEDRO FERRÃO CÓIAS"
                },
                {
                    "codigo_aluno": "310(...)60",
                    "nome_aluno": "SARA FILIPA VALENTE DA SILVA"
                },
                {
                    "codigo_aluno": "154(...)93",
                    "nome_aluno": "SOFIA LEÃO PULQUÉRIO"
                },
                {
                    "codigo_aluno": "155(...)85",
                    "nome_aluno": "SORAIA CRISTINA DOS SANTOS PALMA"
                }
            ]
        },
        {
            "codigo_curso": "9633",
            "nome_curso": "9633 - Tradução e Interpretação de Língua Gestual Portuguesa",
            "colocados": [
                {
                    "codigo_aluno": "306(...)96",
                    "nome_aluno": "ALICE DOS SANTOS CAVALHEIRO ABRAÃO"
                },
                {
                    "codigo_aluno": "158(...)77",
                    "nome_aluno": "ALICE ISABEL ANTUNES MOTA CAMOLAS"
                },
                {
                    "codigo_aluno": "158(...)76",
                    "nome_aluno": "BEATRIZ ALBUQUERQUE MARQUES"
                },
                {
                    "codigo_aluno": "152(...)22",
                    "nome_aluno": "BEATRIZ GUEDES FERREIRA"
                },
                {
                    "codigo_aluno": "159(...)78",
                    "nome_aluno": "CLOE CARDOSO VIVEIROS"
                },
                {
                    "codigo_aluno": "305(...)14",
                    "nome_aluno": "DIANA CID MARQUES"
                },
                {
                    "codigo_aluno": "240(...)70",
                    "nome_aluno": "IDJATO EMBALÓ"
                },
                {
                    "codigo_aluno": "151(...)22",
                    "nome_aluno": "INES FILIPA GONÇALVES AMADO"
                },
                {
                    "codigo_aluno": "149(...)10",
                    "nome_aluno": "INÊS FILIPE CORREIA"
                },
                {
                    "codigo_aluno": "312(...)26",
                    "nome_aluno": "JOANA ISABEL ESTEVES VILHENA"
                },
                {
                    "codigo_aluno": "152(...)75",
                    "nome_aluno": "LARA ISABEL VILELAS PINHÃO"
                },
                {
                    "codigo_aluno": "305(...)48",
                    "nome_aluno": "LARA RODRIGUES ROSADO"
                },
                {
                    "codigo_aluno": "307(...)26",
                    "nome_aluno": "LUKAS MIGUEL DOS SANTOS PEREIRA"
                },
                {
                    "codigo_aluno": "240(...)38",
                    "nome_aluno": "MARIA RITA CARDOSO COSTA"
                },
                {
                    "codigo_aluno": "152(...)76",
                    "nome_aluno": "PETRA DINIS DUARTE DA SILVA"
                },
                {
                    "codigo_aluno": "317(...)24",
                    "nome_aluno": "PETRA MADALENA PEREIRA DA SILVA"
                },
                {
                    "codigo_aluno": "155(...)13",
                    "nome_aluno": "RITA DA SILVA GALVÃO"
                },
                {
                    "codigo_aluno": "314(...)22",
                    "nome_aluno": "SOFIA OLIVEIRA DIAS"
                },
                {
                    "codigo_aluno": "308(...)82",
                    "nome_aluno": "SOFIA REMENDINHO FRANCISCO"
                },
                {
                    "codigo_aluno": "240(...)24",
                    "nome_aluno": "SOFIIA KUCHER"
                },
                {
                    "codigo_aluno": "147(...)56",
                    "nome_aluno": "SORAIA DE FÁTIMA MASSENE CARDOSO"
                }
            ]
        }
    ]
}