{
    "codigo_universidade": "7040",
    "nome_universidade": "7040 - Instituto Politécnico da Guarda - Escola Superior de Saúde da Guarda",
    "cursos": [
        {
            "codigo_curso": "L101",
            "nome_curso": "L101 - Biotecnologia Medicinal",
            "colocados": [
                {
                    "codigo_aluno": "159(...)54",
                    "nome_aluno": "AFONSO SALVATORI RAMALHO MONIZ AZEVEDO"
                },
                {
                    "codigo_aluno": "313(...)08",
                    "nome_aluno": "ANA DE JESUS OLIVEIRA"
                },
                {
                    "codigo_aluno": "301(...)01",
                    "nome_aluno": "ANTÓNIO DANIEL TORRÃO GARRIDO TORRES"
                },
                {
                    "codigo_aluno": "300(...)30",
                    "nome_aluno": "BEATRIZ CALDEIRA ASSUDE"
                },
                {
                    "codigo_aluno": "310(...)40",
                    "nome_aluno": "DAVIDE MIGUEL GANHÃO BARBOSA"
                },
                {
                    "codigo_aluno": "312(...)98",
                    "nome_aluno": "DIANA FILIPE TEIXEIRA GONÇALVES"
                },
                {
                    "codigo_aluno": "308(...)03",
                    "nome_aluno": "ELEONORA SHVACHIY"
                },
                {
                    "codigo_aluno": "159(...)29",
                    "nome_aluno": "EVA MARISA COSTA MARTINS"
                },
                {
                    "codigo_aluno": "153(...)53",
                    "nome_aluno": "FRANCISCO GABRIEL MIGUEL PINHEIRO"
                },
                {
                    "codigo_aluno": "306(...)17",
                    "nome_aluno": "JOANA CAROLINA DE SOUSA MARTINS"
                },
                {
                    "codigo_aluno": "154(...)57",
                    "nome_aluno": "LUANA MARIA BARROS OLIVEIRA"
                },
                {
                    "codigo_aluno": "314(...)26",
                    "nome_aluno": "MARGARIDA GONÇALVES PEREIRA"
                },
                {
                    "codigo_aluno": "240(...)03",
                    "nome_aluno": "RAFAEL RODRIGUES DE MELO"
                },
                {
                    "codigo_aluno": "311(...)78",
                    "nome_aluno": "RITA DINIZ MOTA"
                }
            ]
        },
        {
            "codigo_curso": "9500",
            "nome_curso": "9500 - Enfermagem",
            "colocados": [
                {
                    "codigo_aluno": "309(...)93",
                    "nome_aluno": "AFONSO FERRÃO DUARTE"
                },
                {
                    "codigo_aluno": "309(...)01",
                    "nome_aluno": "AFONSO VILELA LAGE"
                },
                {
                    "codigo_aluno": "309(...)97",
                    "nome_aluno": "ANA BEATRIZ NOVO SANTOS"
                },
                {
                    "codigo_aluno": "305(...)64",
                    "nome_aluno": "ANA BEATRIZ QUINTAIS CARVALHO"
                },
                {
                    "codigo_aluno": "307(...)11",
                    "nome_aluno": "ANA CATARINA SILVA CERDEIRA"
                },
                {
                    "codigo_aluno": "240(...)50",
                    "nome_aluno": "ANA ESMERALDA CAMPOS DO VALE"
                },
                {
                    "codigo_aluno": "317(...)51",
                    "nome_aluno": "ANA FRANCISCA BARBOSA MOREIRA"
                },
                {
                    "codigo_aluno": "301(...)87",
                    "nome_aluno": "ANDREIA FILIPA ADELAIDE MARTINS POMBO"
                },
                {
                    "codigo_aluno": "300(...)55",
                    "nome_aluno": "ANDREIA FILIPA MARTINS DOMINGUES"
                },
                {
                    "codigo_aluno": "157(...)47",
                    "nome_aluno": "ANDREIA SUSANA DIAS MARQUES"
                },
                {
                    "codigo_aluno": "154(...)77",
                    "nome_aluno": "ARIANA FILIPA PINTO MARTINS"
                },
                {
                    "codigo_aluno": "306(...)41",
                    "nome_aluno": "ARIANA MARIANA ALMEIDA COSTA"
                },
                {
                    "codigo_aluno": "307(...)85",
                    "nome_aluno": "BEATRIZ SOFIA FERREIRA LOPES"
                },
                {
                    "codigo_aluno": "312(...)73",
                    "nome_aluno": "BEATRIZ VIEIRA DE SOUSA"
                },
                {
                    "codigo_aluno": "314(...)52",
                    "nome_aluno": "BERNARDO DOS SANTOS CARVALHO"
                },
                {
                    "codigo_aluno": "150(...)39",
                    "nome_aluno": "CAROLINA MARIA PEREIRA LOPES"
                },
                {
                    "codigo_aluno": "240(...)22",
                    "nome_aluno": "CAROLINA YING ZHANG"
                },
                {
                    "codigo_aluno": "305(...)27",
                    "nome_aluno": "CRISTIANA CARDOSO RIBEIRO"
                },
                {
                    "codigo_aluno": "151(...)25",
                    "nome_aluno": "CRISTINA ISABEL SILVA NUNES"
                },
                {
                    "codigo_aluno": "155(...)06",
                    "nome_aluno": "DIOGO XAVIER CAPELO"
                },
                {
                    "codigo_aluno": "300(...)34",
                    "nome_aluno": "EVA BERNARDO DE SOUSA"
                },
                {
                    "codigo_aluno": "306(...)45",
                    "nome_aluno": "FABIANA ALEXANDRA MARTINS VAZ"
                },
                {
                    "codigo_aluno": "313(...)34",
                    "nome_aluno": "FABIANA DE SOUSA MACEDO"
                },
                {
                    "codigo_aluno": "118(...)09",
                    "nome_aluno": "FATIMA SOFIA RIBEIRO MARTINS"
                },
                {
                    "codigo_aluno": "312(...)64",
                    "nome_aluno": "FRANCISCO MIGUEL SOUSA SILVA"
                },
                {
                    "codigo_aluno": "315(...)46",
                    "nome_aluno": "GUILHERME FILIPE MARTINS RUA"
                },
                {
                    "codigo_aluno": "310(...)71",
                    "nome_aluno": "IARA RAQUEL PAREDES LINHARES"
                },
                {
                    "codigo_aluno": "305(...)13",
                    "nome_aluno": "INÊS CAÇOILO PATA"
                },
                {
                    "codigo_aluno": "306(...)55",
                    "nome_aluno": "ÍRIS NUNO LOPES"
                },
                {
                    "codigo_aluno": "153(...)98",
                    "nome_aluno": "JOANA QUARESMA PEREIRA"
                },
                {
                    "codigo_aluno": "307(...)97",
                    "nome_aluno": "JOAO FILIPE BARBOSA DA FONSECA"
                },
                {
                    "codigo_aluno": "309(...)54",
                    "nome_aluno": "JOÃO MIGUEL CASTANHEIRA VICENTE"
                },
                {
                    "codigo_aluno": "154(...)82",
                    "nome_aluno": "JOÃO PEDRO ANTUNES RAMALHO"
                },
                {
                    "codigo_aluno": "325(...)36",
                    "nome_aluno": "JÚLIA GOULART MOTA DA SILVA"
                },
                {
                    "codigo_aluno": "156(...)94",
                    "nome_aluno": "JULIANA MARIA CRUZ SILVA SOUSA"
                },
                {
                    "codigo_aluno": "313(...)70",
                    "nome_aluno": "KAREN SOFIA DOMINGUES COSTA"
                },
                {
                    "codigo_aluno": "240(...)08",
                    "nome_aluno": "KIRSIA JOSSUANI AGOSTINHO MIRANDA"
                },
                {
                    "codigo_aluno": "315(...)65",
                    "nome_aluno": "LARA FABIANA SIMÕES PEDROGAM"
                },
                {
                    "codigo_aluno": "240(...)29",
                    "nome_aluno": "LARA MASCARENHAS SLOOS"
                },
                {
                    "codigo_aluno": "309(...)95",
                    "nome_aluno": "LARA RAFAELA OLIVEIRA FONSECA"
                },
                {
                    "codigo_aluno": "303(...)87",
                    "nome_aluno": "LARA SILVA FONTES"
                },
                {
                    "codigo_aluno": "309(...)29",
                    "nome_aluno": "LARA XAVIER DIAS"
                },
                {
                    "codigo_aluno": "301(...)85",
                    "nome_aluno": "LAURA SILVA MARIA"
                },
                {
                    "codigo_aluno": "316(...)12",
                    "nome_aluno": "LEONOR HENRIQUES BRAZ"
                },
                {
                    "codigo_aluno": "317(...)19",
                    "nome_aluno": "LETICIA FILIPA DA CUNHA RODRIGUES"
                },
                {
                    "codigo_aluno": "315(...)48",
                    "nome_aluno": "LINDA LOPES ANTUNES"
                },
                {
                    "codigo_aluno": "302(...)59",
                    "nome_aluno": "LUANA DIOGO HILÁRIO"
                },
                {
                    "codigo_aluno": "314(...)69",
                    "nome_aluno": "LUANA MARTINS CASEIRO VENTURA DE CARVALHO"
                },
                {
                    "codigo_aluno": "301(...)27",
                    "nome_aluno": "LUIS GUILHERME RODRIGUES RIBEIRO"
                },
                {
                    "codigo_aluno": "308(...)49",
                    "nome_aluno": "LUNA PATRÍCIA MACHADO TOURE"
                },
                {
                    "codigo_aluno": "313(...)43",
                    "nome_aluno": "MARIA INÊS MENDES TEIXEIRA"
                },
                {
                    "codigo_aluno": "307(...)44",
                    "nome_aluno": "MARIA JÚLIA VASCONCELOS LAMEIRAS"
                },
                {
                    "codigo_aluno": "305(...)87",
                    "nome_aluno": "MARIA MIGUEL PAREDES DA SILVA"
                },
                {
                    "codigo_aluno": "156(...)02",
                    "nome_aluno": "MARIANA FERREIRA LEITE"
                },
                {
                    "codigo_aluno": "304(...)83",
                    "nome_aluno": "MARIANA FONSECA DE OLIVEIRA"
                },
                {
                    "codigo_aluno": "312(...)60",
                    "nome_aluno": "MARIANA FRADE SANTOS"
                },
                {
                    "codigo_aluno": "308(...)64",
                    "nome_aluno": "MARIANA REIS FONSECA"
                },
                {
                    "codigo_aluno": "125(...)15",
                    "nome_aluno": "MARINA MACEDO PEREIRA"
                },
                {
                    "codigo_aluno": "152(...)00",
                    "nome_aluno": "MARTA LUIS FERREIRA"
                },
                {
                    "codigo_aluno": "302(...)84",
                    "nome_aluno": "MATILDE DA SILVA CARVALHO"
                },
                {
                    "codigo_aluno": "154(...)38",
                    "nome_aluno": "MATILDE TAVARES GRILO"
                },
                {
                    "codigo_aluno": "318(...)41",
                    "nome_aluno": "MELISSA HANNEN CATARINO DA SILVA"
                },
                {
                    "codigo_aluno": "154(...)02",
                    "nome_aluno": "PEDRO ROMEU ARAÚJO SILVA"
                },
                {
                    "codigo_aluno": "158(...)30",
                    "nome_aluno": "RAQUEL AZEVEDO FONSECA"
                },
                {
                    "codigo_aluno": "300(...)81",
                    "nome_aluno": "RAQUEL FERNANDES MANECA"
                },
                {
                    "codigo_aluno": "318(...)26",
                    "nome_aluno": "RICARDO JOSÉ PINTO MATOS"
                },
                {
                    "codigo_aluno": "306(...)71",
                    "nome_aluno": "RODRIGO COSTA GASPAR"
                },
                {
                    "codigo_aluno": "301(...)12",
                    "nome_aluno": "ROMEU SÉRGIO MARTINS RIBEIRO"
                },
                {
                    "codigo_aluno": "307(...)44",
                    "nome_aluno": "SIMÃO MIRANDA CAÇADOR"
                },
                {
                    "codigo_aluno": "304(...)20",
                    "nome_aluno": "SOFIA DA ROCHA CRAVO DIAS"
                },
                {
                    "codigo_aluno": "240(...)16",
                    "nome_aluno": "TALITA IZABEL LIBERATI"
                },
                {
                    "codigo_aluno": "305(...)83",
                    "nome_aluno": "TIAGO MORGADO FERNANDES"
                },
                {
                    "codigo_aluno": "315(...)94",
                    "nome_aluno": "YOLENI BRUNA DA ROCHA PEREIRA"
                }
            ]
        },
        {
            "codigo_curso": "9549",
            "nome_curso": "9549 - Farmácia",
            "colocados": [
                {
                    "codigo_aluno": "306(...)33",
                    "nome_aluno": "ADRIANA SOFIA SANTOS CORTESAO"
                },
                {
                    "codigo_aluno": "314(...)23",
                    "nome_aluno": "ANA BEATRIZ ALVES RIBEIRO"
                },
                {
                    "codigo_aluno": "307(...)60",
                    "nome_aluno": "BEATRIZ ISABEL MADEIRA SANTOS"
                },
                {
                    "codigo_aluno": "309(...)45",
                    "nome_aluno": "DANIEL DUARTE PEREIRA"
                },
                {
                    "codigo_aluno": "152(...)57",
                    "nome_aluno": "DANIELA MOTA AFONSO"
                },
                {
                    "codigo_aluno": "309(...)90",
                    "nome_aluno": "ELISA DA PIEDADE COITO"
                },
                {
                    "codigo_aluno": "318(...)49",
                    "nome_aluno": "GUILHERME CORDEIRO COELHO"
                },
                {
                    "codigo_aluno": "306(...)63",
                    "nome_aluno": "HELENA LOURENÇO FERREIRA FERNANDES"
                },
                {
                    "codigo_aluno": "305(...)72",
                    "nome_aluno": "LARA LÚCIA TEIXEIRA COUTO"
                },
                {
                    "codigo_aluno": "154(...)45",
                    "nome_aluno": "MATILDE CAVALEIRO DE FREITAS"
                },
                {
                    "codigo_aluno": "158(...)66",
                    "nome_aluno": "MATILDE SARAIVA ABREU"
                },
                {
                    "codigo_aluno": "151(...)40",
                    "nome_aluno": "MELISSA CARDOSO JORGE"
                },
                {
                    "codigo_aluno": "155(...)99",
                    "nome_aluno": "RAFAEL JOSÉ NEVES VEIGA"
                },
                {
                    "codigo_aluno": "309(...)33",
                    "nome_aluno": "RICARDO FELIPE MARQUES AMOROSO"
                },
                {
                    "codigo_aluno": "306(...)45",
                    "nome_aluno": "RICARDO SILVA LOPES"
                },
                {
                    "codigo_aluno": "155(...)74",
                    "nome_aluno": "RODRIGO ALVES NEVES"
                },
                {
                    "codigo_aluno": "309(...)66",
                    "nome_aluno": "RUTE FILIPA FERRAZ DOS SANTOS"
                }
            ]
        }
    ]
}