{
    "codigo_universidade": "3331",
    "nome_universidade": "3331 - Instituto Politécnico do Porto - Escola Superior de Media Artes e Design",
    "cursos": [
        {
            "codigo_curso": "9713",
            "nome_curso": "9713 - Cinema e Audiovisual",
            "colocados": [
                {
                    "codigo_aluno": "152(...)52",
                    "nome_aluno": "AFONSO DE OLIVEIRA E CONCEIÇÃO"
                },
                {
                    "codigo_aluno": "309(...)79",
                    "nome_aluno": "ALEXANDRE ESTEVES MARQUES"
                },
                {
                    "codigo_aluno": "158(...)35",
                    "nome_aluno": "ANA CAROLINA ROBERTTI MONTEIRO"
                },
                {
                    "codigo_aluno": "153(...)47",
                    "nome_aluno": "ANTÓNIA BELO PROJECTO ÁVILA COELHO"
                },
                {
                    "codigo_aluno": "153(...)58",
                    "nome_aluno": "BEATRIZ DE MARCELINO MARAVILHAS PEREIRA"
                },
                {
                    "codigo_aluno": "151(...)72",
                    "nome_aluno": "BERNARDO CUNHA ROMUALDO"
                },
                {
                    "codigo_aluno": "303(...)30",
                    "nome_aluno": "BRUCE CARVALHO MCCRORIE"
                },
                {
                    "codigo_aluno": "240(...)12",
                    "nome_aluno": "ENZO RODRIGUES DE OLIVEIRA"
                },
                {
                    "codigo_aluno": "153(...)31",
                    "nome_aluno": "FRANCISCA DA COSTA MOREIRA"
                },
                {
                    "codigo_aluno": "303(...)13",
                    "nome_aluno": "GABRIELA SANTOS SILVA FERREIRA DA COSTA"
                },
                {
                    "codigo_aluno": "305(...)53",
                    "nome_aluno": "ISABEL LUÍS DE MAGALHÃES GOMES DE ALMEIDA CAYOLLA"
                },
                {
                    "codigo_aluno": "313(...)36",
                    "nome_aluno": "JOANA CATARINA SILVA LEITE"
                },
                {
                    "codigo_aluno": "151(...)64",
                    "nome_aluno": "JOÃO GUILHERME PEREIRA SOARES DA CUNHA"
                },
                {
                    "codigo_aluno": "152(...)98",
                    "nome_aluno": "LEONOR ANTUNES COSTA"
                },
                {
                    "codigo_aluno": "301(...)98",
                    "nome_aluno": "LEONOR MONTEIRO DA SILVA"
                },
                {
                    "codigo_aluno": "308(...)18",
                    "nome_aluno": "LUANA SOFIA BESSA COELHO"
                },
                {
                    "codigo_aluno": "303(...)79",
                    "nome_aluno": "LUÍS ANDRÉ PINHEIRO FERREIRA"
                },
                {
                    "codigo_aluno": "153(...)70",
                    "nome_aluno": "LURDES MARIA CASTANHO COSTA"
                },
                {
                    "codigo_aluno": "309(...)09",
                    "nome_aluno": "MADALENA DE JESUS BARREIROS DE ALMEIDA"
                },
                {
                    "codigo_aluno": "150(...)16",
                    "nome_aluno": "MAFALDA PINHEIRO OLIVEIRA"
                },
                {
                    "codigo_aluno": "313(...)20",
                    "nome_aluno": "MARIA FRANCISCA MARQUES RAPOSO MENDES"
                },
                {
                    "codigo_aluno": "159(...)04",
                    "nome_aluno": "MARIA LEONOR ESTEVES RODRIGUES"
                },
                {
                    "codigo_aluno": "306(...)26",
                    "nome_aluno": "RITA FERREIRA CARVALHO"
                },
                {
                    "codigo_aluno": "312(...)46",
                    "nome_aluno": "SIMÃO TEIXEIRA PINTO CIGARRO RAMOS"
                },
                {
                    "codigo_aluno": "309(...)17",
                    "nome_aluno": "SOFIA MIRANDA CARVALHO LOPES"
                },
                {
                    "codigo_aluno": "301(...)52",
                    "nome_aluno": "SUSANA FILIPA RODRIGUES SILVA"
                },
                {
                    "codigo_aluno": "306(...)75",
                    "nome_aluno": "TELMO POSTIGA FERREIRA"
                },
                {
                    "codigo_aluno": "312(...)84",
                    "nome_aluno": "TIAGO ALEXANDRE PINTO PINHEIRO"
                }
            ]
        },
        {
            "codigo_curso": "9069",
            "nome_curso": "9069 - Design",
            "colocados": [
                {
                    "codigo_aluno": "151(...)81",
                    "nome_aluno": "ALICE DA SILVA FERREIRA DIAS MAIA"
                },
                {
                    "codigo_aluno": "141(...)19",
                    "nome_aluno": "ALICE NOVO DA CRUZ"
                },
                {
                    "codigo_aluno": "316(...)46",
                    "nome_aluno": "ANA ISABEL FERREIRA SILVA"
                },
                {
                    "codigo_aluno": "315(...)67",
                    "nome_aluno": "ANA ISABEL PIMENTEL FERREIRA"
                },
                {
                    "codigo_aluno": "152(...)95",
                    "nome_aluno": "ANNA GUIMARÃES POZZAN"
                },
                {
                    "codigo_aluno": "307(...)42",
                    "nome_aluno": "BEATRIZ DA SILVA BARBOSA"
                },
                {
                    "codigo_aluno": "158(...)10",
                    "nome_aluno": "CATARINA SOUSA MAGALHÃES DA SILVA TEIXEIRA"
                },
                {
                    "codigo_aluno": "309(...)61",
                    "nome_aluno": "CLARA TAVARES DE MOURA ALVES"
                },
                {
                    "codigo_aluno": "309(...)77",
                    "nome_aluno": "ÉRICA DA SILVA ALMEIDA"
                },
                {
                    "codigo_aluno": "152(...)14",
                    "nome_aluno": "ESMERALDA FERREIRA ROUSSELOT"
                },
                {
                    "codigo_aluno": "323(...)00",
                    "nome_aluno": "ESTHEFANY DEL VALLE CARRILLO RAMOS"
                },
                {
                    "codigo_aluno": "303(...)53",
                    "nome_aluno": "FILIPA ALEXANDRA DA SILVA NORO"
                },
                {
                    "codigo_aluno": "304(...)52",
                    "nome_aluno": "FRANCISCA BRAGA DE OLIVEIRA E SILVA"
                },
                {
                    "codigo_aluno": "156(...)62",
                    "nome_aluno": "GONÇALO FERREIRA PINTO"
                },
                {
                    "codigo_aluno": "315(...)39",
                    "nome_aluno": "HELENA ISABEL MIRANDA MOTA"
                },
                {
                    "codigo_aluno": "157(...)32",
                    "nome_aluno": "INÊS COSTA OLIVEIRA"
                },
                {
                    "codigo_aluno": "316(...)87",
                    "nome_aluno": "INÊS DE MELO MEIRELES"
                },
                {
                    "codigo_aluno": "307(...)05",
                    "nome_aluno": "INÊS MARIA MONTEIRO ALVES"
                },
                {
                    "codigo_aluno": "309(...)75",
                    "nome_aluno": "INÊS RAFAELA FERREIRA DIAS"
                },
                {
                    "codigo_aluno": "316(...)25",
                    "nome_aluno": "INÊS RIBEIRO DE ALMEIDA"
                },
                {
                    "codigo_aluno": "154(...)83",
                    "nome_aluno": "LEONARDO DA SILVA LOUREIRO"
                },
                {
                    "codigo_aluno": "150(...)90",
                    "nome_aluno": "LEONOR BERNARDO COELHO"
                },
                {
                    "codigo_aluno": "304(...)17",
                    "nome_aluno": "LEONOR CARDOSO MIRANDA"
                },
                {
                    "codigo_aluno": "307(...)32",
                    "nome_aluno": "LEONOR SOUSA NEVES"
                },
                {
                    "codigo_aluno": "155(...)45",
                    "nome_aluno": "LETÍCIA MACIEL ROMANATO"
                },
                {
                    "codigo_aluno": "300(...)47",
                    "nome_aluno": "LUÌSA FERNANDES PARRA SANTOS"
                },
                {
                    "codigo_aluno": "240(...)07",
                    "nome_aluno": "LUIZA IMPELLIZIERE FIORAVANTE FERRO"
                },
                {
                    "codigo_aluno": "159(...)18",
                    "nome_aluno": "MARGARIDA SANTOS COSTA"
                },
                {
                    "codigo_aluno": "152(...)18",
                    "nome_aluno": "MARIA CLARA BOTELHO SANTANA"
                },
                {
                    "codigo_aluno": "308(...)36",
                    "nome_aluno": "MARIA MADALENA PEREIRA DINIS"
                },
                {
                    "codigo_aluno": "308(...)57",
                    "nome_aluno": "MARIANA FERREIRA VALENTE"
                },
                {
                    "codigo_aluno": "240(...)41",
                    "nome_aluno": "MARINA GARRIDO JESUS"
                },
                {
                    "codigo_aluno": "308(...)79",
                    "nome_aluno": "MATILDE MATOS DA CUNHA"
                },
                {
                    "codigo_aluno": "240(...)41",
                    "nome_aluno": "MELANIE ZIEGLER"
                },
                {
                    "codigo_aluno": "307(...)05",
                    "nome_aluno": "PEDRO MIGUEL TEIXEIRA DUARTE"
                },
                {
                    "codigo_aluno": "240(...)15",
                    "nome_aluno": "PIETTRO ENRICO FERNANDES DOS SANTOS"
                },
                {
                    "codigo_aluno": "306(...)05",
                    "nome_aluno": "RAFAEL CARVALHO DA COSTA"
                },
                {
                    "codigo_aluno": "306(...)24",
                    "nome_aluno": "RAQUEL SOUSA ALVES"
                },
                {
                    "codigo_aluno": "153(...)86",
                    "nome_aluno": "RITA FERREIRA DA COSTA SILVA VALQUARESMA"
                },
                {
                    "codigo_aluno": "159(...)53",
                    "nome_aluno": "RITA MOTA FREITAS LOPES"
                },
                {
                    "codigo_aluno": "300(...)08",
                    "nome_aluno": "RITA PINHEIRO FERREIRA"
                },
                {
                    "codigo_aluno": "306(...)01",
                    "nome_aluno": "SARA DANIELA MATOS ARAÚJO"
                },
                {
                    "codigo_aluno": "300(...)37",
                    "nome_aluno": "SARA RAQUEL CARDOSO OLIVEIRA"
                },
                {
                    "codigo_aluno": "159(...)91",
                    "nome_aluno": "SOFIA PINHEIRO COSTA E ALMEIDA"
                }
            ]
        },
        {
            "codigo_curso": "9645",
            "nome_curso": "9645 - Fotografia",
            "colocados": [
                {
                    "codigo_aluno": "312(...)37",
                    "nome_aluno": "ANA CARINA MAGALHÃES DIONÍSIO DOS SANTOS COELHO"
                },
                {
                    "codigo_aluno": "312(...)34",
                    "nome_aluno": "ANA LETÍCIA PINTO RIBEIRO"
                },
                {
                    "codigo_aluno": "316(...)45",
                    "nome_aluno": "ANA RITA SAMPAIO BARROS"
                },
                {
                    "codigo_aluno": "153(...)44",
                    "nome_aluno": "BEATRIZ MARTINS DA SILVA"
                },
                {
                    "codigo_aluno": "307(...)90",
                    "nome_aluno": "CAROLINA CARDOSO CUNHA"
                },
                {
                    "codigo_aluno": "153(...)03",
                    "nome_aluno": "EDUARDA SOARES MENDOZA"
                },
                {
                    "codigo_aluno": "240(...)10",
                    "nome_aluno": "FELIPE DANTAS BRAGANÇA BASTOS"
                },
                {
                    "codigo_aluno": "312(...)27",
                    "nome_aluno": "FRANCISCO DA SILVA MATOS"
                },
                {
                    "codigo_aluno": "309(...)17",
                    "nome_aluno": "FRANCISCO GUIMARÃES MARINHO MADUREIRA ROCHA"
                },
                {
                    "codigo_aluno": "309(...)01",
                    "nome_aluno": "INÊS SANTOS SILVA"
                },
                {
                    "codigo_aluno": "314(...)00",
                    "nome_aluno": "JOÃO FRANCISCO PINTO COELHO"
                },
                {
                    "codigo_aluno": "308(...)71",
                    "nome_aluno": "JOÃO MARIA NOGUEIRA DIAS"
                },
                {
                    "codigo_aluno": "158(...)73",
                    "nome_aluno": "MARGARIDA LETÍCIA DE QUEIRÓS BARATA"
                },
                {
                    "codigo_aluno": "305(...)06",
                    "nome_aluno": "MARIA ISABEL GOMES PEDROSA"
                },
                {
                    "codigo_aluno": "153(...)40",
                    "nome_aluno": "NÁDIA DA SILVA GUIMARÃES"
                },
                {
                    "codigo_aluno": "157(...)31",
                    "nome_aluno": "RAFAELA FRANCISCA ALEXANDRE MOUTINHO"
                },
                {
                    "codigo_aluno": "300(...)82",
                    "nome_aluno": "RODRIGO BARBOSA CARREIRO E SILVA"
                },
                {
                    "codigo_aluno": "153(...)89",
                    "nome_aluno": "SARA CASTRO FERREIRA"
                },
                {
                    "codigo_aluno": "154(...)48",
                    "nome_aluno": "SARA DE JESUS MARQUES"
                },
                {
                    "codigo_aluno": "310(...)20",
                    "nome_aluno": "SARA LOPES SEABRA"
                }
            ]
        },
        {
            "codigo_curso": "9213",
            "nome_curso": "9213 - Multimédia",
            "colocados": [
                {
                    "codigo_aluno": "309(...)86",
                    "nome_aluno": "ANA CATARINA BARBOSA PEIXOTO"
                },
                {
                    "codigo_aluno": "308(...)24",
                    "nome_aluno": "ANA CATARINA MARINHO MALHEIRO"
                },
                {
                    "codigo_aluno": "154(...)35",
                    "nome_aluno": "ANDRÉ ALBERTO ALMEIDA DA COSTA"
                },
                {
                    "codigo_aluno": "306(...)32",
                    "nome_aluno": "ARIANA SOFIA DA SILVA RIBEIRO"
                },
                {
                    "codigo_aluno": "315(...)04",
                    "nome_aluno": "BEATRIZ RODRIGUES ALVES RAMOS"
                },
                {
                    "codigo_aluno": "302(...)49",
                    "nome_aluno": "BRUNO RAFAEL CORREIA MARTINS"
                },
                {
                    "codigo_aluno": "304(...)00",
                    "nome_aluno": "BRUNO REIS DA SILVA"
                },
                {
                    "codigo_aluno": "304(...)68",
                    "nome_aluno": "DAVID MONTEIRO MATIAS"
                },
                {
                    "codigo_aluno": "304(...)40",
                    "nome_aluno": "DINIS DIAS BASTOS"
                },
                {
                    "codigo_aluno": "312(...)69",
                    "nome_aluno": "GUSTAVO SOARES MARTINS"
                },
                {
                    "codigo_aluno": "154(...)17",
                    "nome_aluno": "HUGO PEREIRA RODRIGUES"
                },
                {
                    "codigo_aluno": "151(...)68",
                    "nome_aluno": "INÊS MARIA TEIXEIRA VALENTIM"
                },
                {
                    "codigo_aluno": "158(...)52",
                    "nome_aluno": "JOÃO GIL RODRIGUES AFONSO"
                },
                {
                    "codigo_aluno": "157(...)87",
                    "nome_aluno": "JORGE GUILHERME MOREIRA MARQUES"
                },
                {
                    "codigo_aluno": "310(...)36",
                    "nome_aluno": "LEANDRO FILIPE TEIXEIRA OLIVEIRA"
                },
                {
                    "codigo_aluno": "313(...)82",
                    "nome_aluno": "LETÍCIA RIBEIRO DIAS"
                },
                {
                    "codigo_aluno": "306(...)92",
                    "nome_aluno": "LUÍS MIGUEL ALTE DA VEIGA DE SOUSA MENDES"
                },
                {
                    "codigo_aluno": "151(...)73",
                    "nome_aluno": "MARGHERITA STELLA GALAMBA CARVALHO CALLEGARI ACCARPIO"
                },
                {
                    "codigo_aluno": "310(...)23",
                    "nome_aluno": "MARIA DE FÁTIMA CANUDO PEIXOTO"
                },
                {
                    "codigo_aluno": "308(...)84",
                    "nome_aluno": "MARIA INÊS VIEIRA OLIVEIRA"
                },
                {
                    "codigo_aluno": "304(...)41",
                    "nome_aluno": "MARIA RICCA GONÇALVES SEABRA DA COSTA"
                },
                {
                    "codigo_aluno": "312(...)74",
                    "nome_aluno": "MARIANA ISABEL MAIA BARBOSA"
                },
                {
                    "codigo_aluno": "304(...)94",
                    "nome_aluno": "MARIANA RUANO SILVA"
                },
                {
                    "codigo_aluno": "152(...)45",
                    "nome_aluno": "MAURO DINIS VIEIRA ROCHA"
                },
                {
                    "codigo_aluno": "240(...)39",
                    "nome_aluno": "THELSA WANDIRA CAMPOS BAPTISTA"
                }
            ]
        },
        {
            "codigo_curso": "L071",
            "nome_curso": "L071 - Tecnologias e Sistemas de Informação para a Web",
            "colocados": [
                {
                    "codigo_aluno": "154(...)77",
                    "nome_aluno": "AFONSO COUTO DE CARVALHO MATOS RIBEIRO"
                },
                {
                    "codigo_aluno": "156(...)64",
                    "nome_aluno": "ANDRÉ GONÇALVES FARIA"
                },
                {
                    "codigo_aluno": "157(...)58",
                    "nome_aluno": "ANDRÉ MAGALHÃES LIMA DE GENS LEMOS"
                },
                {
                    "codigo_aluno": "152(...)07",
                    "nome_aluno": "BRUNO JOSÉ ALVES VALADARES"
                },
                {
                    "codigo_aluno": "303(...)15",
                    "nome_aluno": "CAROLINA RODRIGUES GONÇALVES"
                },
                {
                    "codigo_aluno": "151(...)19",
                    "nome_aluno": "DINIS ABREU FIGUEIREDO SILVA MIRANDA"
                },
                {
                    "codigo_aluno": "306(...)29",
                    "nome_aluno": "DIOGO MIGUEL BARBOSA DE MATOS PROENÇA FERNANDES"
                },
                {
                    "codigo_aluno": "152(...)97",
                    "nome_aluno": "FRANCISCO DA COSTA DE MESQUITA"
                },
                {
                    "codigo_aluno": "312(...)67",
                    "nome_aluno": "FRANCISCO JOSÉ RUFINO GONÇALVES MIRANDA"
                },
                {
                    "codigo_aluno": "151(...)16",
                    "nome_aluno": "GABRIEL DE SOUSA PAIVA"
                },
                {
                    "codigo_aluno": "152(...)13",
                    "nome_aluno": "GONÇALO DE MAGALHÃES DUARTE"
                },
                {
                    "codigo_aluno": "150(...)01",
                    "nome_aluno": "GUILHERME FERREIRA DOS SANTOS"
                },
                {
                    "codigo_aluno": "153(...)96",
                    "nome_aluno": "GUILHERME LOPES CASTRO SAMPAIO"
                },
                {
                    "codigo_aluno": "154(...)20",
                    "nome_aluno": "HENRIQUE LOPES REIS CORDEIRO DA SILVA"
                },
                {
                    "codigo_aluno": "309(...)30",
                    "nome_aluno": "HUGO MIGUEL DAIRA DIAS GUEDES SOUSA"
                },
                {
                    "codigo_aluno": "309(...)66",
                    "nome_aluno": "INÊS ASSUNÇÃO SILVA"
                },
                {
                    "codigo_aluno": "153(...)31",
                    "nome_aluno": "INÊS MOTA DA COSTA ALBERTO"
                },
                {
                    "codigo_aluno": "302(...)15",
                    "nome_aluno": "JOÃO CARLOS GONÇALVES REGO"
                },
                {
                    "codigo_aluno": "149(...)32",
                    "nome_aluno": "JOÃO FILIPE SOUSA SANTOS"
                },
                {
                    "codigo_aluno": "303(...)48",
                    "nome_aluno": "JOSÉ CARLOS LOUREIRO GUIMARÃES"
                },
                {
                    "codigo_aluno": "315(...)52",
                    "nome_aluno": "JOSÉ DIOGO NEVES DOS SANTOS VIANA"
                },
                {
                    "codigo_aluno": "159(...)10",
                    "nome_aluno": "LUCAS RAFAEL OLIVEIRA SILVA"
                },
                {
                    "codigo_aluno": "307(...)86",
                    "nome_aluno": "LUIS ANTÓNIO MOREIRA DA ROCHA"
                },
                {
                    "codigo_aluno": "152(...)14",
                    "nome_aluno": "MANUEL ANTONIO NEVES TEIXEIRA"
                },
                {
                    "codigo_aluno": "313(...)93",
                    "nome_aluno": "MIGUEL ÂNGELO RODRIGUES MACHADO"
                },
                {
                    "codigo_aluno": "321(...)62",
                    "nome_aluno": "MIGUEL FONSECA DE BASSO"
                },
                {
                    "codigo_aluno": "150(...)65",
                    "nome_aluno": "MIGUEL MARIA RIO E MONTEIRO DE ROMBERT TRIGO"
                },
                {
                    "codigo_aluno": "309(...)87",
                    "nome_aluno": "MIGUEL MENÍCIO CALDAS"
                },
                {
                    "codigo_aluno": "148(...)20",
                    "nome_aluno": "PAULO DAVID DA ROCHA GOMES"
                },
                {
                    "codigo_aluno": "153(...)30",
                    "nome_aluno": "PEDRO DE LUCENA PEREIRA"
                },
                {
                    "codigo_aluno": "159(...)36",
                    "nome_aluno": "PEDRO MIGUEL MARQUES RODRIGUES"
                },
                {
                    "codigo_aluno": "307(...)95",
                    "nome_aluno": "SIMAO SALGADO BERNARDO"
                },
                {
                    "codigo_aluno": "156(...)41",
                    "nome_aluno": "TIAGO DE OLIVEIRA GONÇALVES"
                },
                {
                    "codigo_aluno": "150(...)88",
                    "nome_aluno": "VASCO GONÇALVES NETO"
                }
            ]
        }
    ]
}