{
    "codigo_universidade": "3036",
    "nome_universidade": "3036 - Instituto Politécnico do Cávado e do Ave - Escola Superior de Desporto, Bem-Estar e Sistemas Biomédicos",
    "cursos": [
        {
            "codigo_curso": "9563",
            "nome_curso": "9563 - Desporto",
            "colocados": [
                {
                    "codigo_aluno": "156(...)85",
                    "nome_aluno": "DIANA MARQUES GOMES MACHADO"
                },
                {
                    "codigo_aluno": "305(...)86",
                    "nome_aluno": "GUILHERME DE OLIVEIRA GOMES E MOUTINHO DE SOUSA"
                },
                {
                    "codigo_aluno": "309(...)22",
                    "nome_aluno": "LARA FRANCISCA TEIXEIRA ARAÚJO"
                },
                {
                    "codigo_aluno": "300(...)89",
                    "nome_aluno": "LAURA RAQUEL CORTE ABREU"
                },
                {
                    "codigo_aluno": "313(...)75",
                    "nome_aluno": "LEONOR FARIA MACHADO"
                },
                {
                    "codigo_aluno": "150(...)68",
                    "nome_aluno": "MANUEL ALBERTO DA SILVA COSTA"
                },
                {
                    "codigo_aluno": "305(...)55",
                    "nome_aluno": "MIGUEL QUARTEU CORREIA"
                },
                {
                    "codigo_aluno": "304(...)69",
                    "nome_aluno": "RAFAEL DIOGO VIEIRA MENDES"
                },
                {
                    "codigo_aluno": "307(...)96",
                    "nome_aluno": "RITA AFONSO ALVES PEREIRA"
                },
                {
                    "codigo_aluno": "313(...)20",
                    "nome_aluno": "RODRIGO BARBOSA DUARTE"
                },
                {
                    "codigo_aluno": "316(...)60",
                    "nome_aluno": "SIMÃO PEDRO PINHO DE CAMPOS"
                },
                {
                    "codigo_aluno": "155(...)81",
                    "nome_aluno": "TÂNIA MORENO DE PASSOS SOUSA"
                }
            ]
        }
    ]
}