{
    "codigo_universidade": "3143",
    "nome_universidade": "3143 - Instituto Politécnico de Santarém - Escola Superior de Gestão e Tecnologia de Santarém",
    "cursos": [
        {
            "codigo_curso": "9498",
            "nome_curso": "9498 - Contabilidade e Fiscalidade",
            "colocados": [
                {
                    "codigo_aluno": "159(...)13",
                    "nome_aluno": "AFONSO FILIPE MARQUES TEIXEIRA"
                },
                {
                    "codigo_aluno": "311(...)61",
                    "nome_aluno": "AFONSO MANUEL PAIVA DA SILVA CENTENO"
                },
                {
                    "codigo_aluno": "156(...)36",
                    "nome_aluno": "AFONSO NUNO COELHO PEREIRA DOS REIS"
                },
                {
                    "codigo_aluno": "156(...)71",
                    "nome_aluno": "ALEXANDRE MIGUEL MARTINS DE SOUSA"
                },
                {
                    "codigo_aluno": "300(...)86",
                    "nome_aluno": "ALEXANDRE SIMÕES GREGÓRIO"
                },
                {
                    "codigo_aluno": "313(...)47",
                    "nome_aluno": "ALICE ISABEL PICANÇO VILAS PIRES"
                },
                {
                    "codigo_aluno": "304(...)18",
                    "nome_aluno": "ANA RUTE DA SILVA RAIMUNDO"
                },
                {
                    "codigo_aluno": "307(...)23",
                    "nome_aluno": "BEATRIZ SANTOS FERNANDES FIDALGO PEREIRA"
                },
                {
                    "codigo_aluno": "306(...)88",
                    "nome_aluno": "CATARINA LOBO BUINHO"
                },
                {
                    "codigo_aluno": "306(...)99",
                    "nome_aluno": "DAVID MARMELEIRO GONÇALVES DA ROSA"
                },
                {
                    "codigo_aluno": "317(...)89",
                    "nome_aluno": "DIANA RAVRENCHUK"
                },
                {
                    "codigo_aluno": "305(...)47",
                    "nome_aluno": "DIOGO ALEXANDRE CARRASCO SANTOS PEREIRA"
                },
                {
                    "codigo_aluno": "156(...)19",
                    "nome_aluno": "GONÇALO NOITE ABREU"
                },
                {
                    "codigo_aluno": "305(...)70",
                    "nome_aluno": "GONÇALO RODRIGUES BARÃO"
                },
                {
                    "codigo_aluno": "151(...)98",
                    "nome_aluno": "GUILHERME NASCIMENTO DIAS"
                },
                {
                    "codigo_aluno": "159(...)48",
                    "nome_aluno": "IAN DA SILVA BORGES"
                },
                {
                    "codigo_aluno": "306(...)16",
                    "nome_aluno": "INÊS MARGARIDA TEMUDO NUNES APOLINÁRIO"
                },
                {
                    "codigo_aluno": "153(...)96",
                    "nome_aluno": "INÊS VALADA MADAÍL COSTA"
                },
                {
                    "codigo_aluno": "143(...)44",
                    "nome_aluno": "ÍRIS SORAIA CORREIA LOPES"
                },
                {
                    "codigo_aluno": "330(...)84",
                    "nome_aluno": "ISABELLI CRISTINE COSTA"
                },
                {
                    "codigo_aluno": "309(...)08",
                    "nome_aluno": "JOANA FILIPA MICAELO PEREIRA"
                },
                {
                    "codigo_aluno": "310(...)19",
                    "nome_aluno": "JOANA SOFIA LEMOS RODRIGUES"
                },
                {
                    "codigo_aluno": "306(...)83",
                    "nome_aluno": "JOÃO PEDRO SIMÕES CAETANO TOMÁS NUNES"
                },
                {
                    "codigo_aluno": "304(...)90",
                    "nome_aluno": "JULIANA PATRICIA ALMEIDA SILVA"
                },
                {
                    "codigo_aluno": "155(...)73",
                    "nome_aluno": "LARA SANTOS GONÇALVES"
                },
                {
                    "codigo_aluno": "309(...)68",
                    "nome_aluno": "LARA SILVA SANTOS"
                },
                {
                    "codigo_aluno": "306(...)44",
                    "nome_aluno": "LARA SOARES RODRIGUES"
                },
                {
                    "codigo_aluno": "241(...)06",
                    "nome_aluno": "LAURENTIU TURCAN"
                },
                {
                    "codigo_aluno": "306(...)42",
                    "nome_aluno": "LEONOR MARIA SERRADOR MONTEIRO"
                },
                {
                    "codigo_aluno": "157(...)37",
                    "nome_aluno": "LEONOR VIEIRA BATISTA"
                },
                {
                    "codigo_aluno": "241(...)01",
                    "nome_aluno": "LUCAS DAVID IATCO"
                },
                {
                    "codigo_aluno": "150(...)41",
                    "nome_aluno": "LUCIANA DUARTE FERREIRA"
                },
                {
                    "codigo_aluno": "301(...)59",
                    "nome_aluno": "MADALENA FRAGOSO FERNANDES"
                },
                {
                    "codigo_aluno": "309(...)12",
                    "nome_aluno": "MARGARIDA ALEXANDRE MATIAS"
                },
                {
                    "codigo_aluno": "308(...)28",
                    "nome_aluno": "MIGUEL MOURA BASTOS BERNARDO"
                },
                {
                    "codigo_aluno": "314(...)72",
                    "nome_aluno": "MILENA CORDEIRO VIANA CORREIA ALEXANDRE"
                },
                {
                    "codigo_aluno": "305(...)20",
                    "nome_aluno": "NICOLAU DOS SANTOS DE ALMEIDA E PAIVA"
                },
                {
                    "codigo_aluno": "159(...)10",
                    "nome_aluno": "RICARDO BARROS DE OLIVEIRA"
                },
                {
                    "codigo_aluno": "303(...)19",
                    "nome_aluno": "RICARDO DANIEL MARTINS PINHEIRO"
                },
                {
                    "codigo_aluno": "153(...)18",
                    "nome_aluno": "RITA DE FÁTIMA GINGA ORELHAS"
                },
                {
                    "codigo_aluno": "309(...)37",
                    "nome_aluno": "RODRIGO ALEXANDRE DA GRAÇA ROJÃO"
                },
                {
                    "codigo_aluno": "153(...)98",
                    "nome_aluno": "RODRIGO ALVES MARTINS"
                },
                {
                    "codigo_aluno": "307(...)53",
                    "nome_aluno": "RUI PEDRO COCHARRO LIMA"
                },
                {
                    "codigo_aluno": "309(...)12",
                    "nome_aluno": "XAVIER DA SILVA TAVARES"
                }
            ]
        },
        {
            "codigo_curso": "9152",
            "nome_curso": "9152 - Gestão de Empresas",
            "colocados": [
                {
                    "codigo_aluno": "305(...)98",
                    "nome_aluno": "ADRIANA MATIAS FIGUEIREDO"
                },
                {
                    "codigo_aluno": "309(...)38",
                    "nome_aluno": "AFONSO JOSÉ SANTIAGO DA CUNHA"
                },
                {
                    "codigo_aluno": "309(...)80",
                    "nome_aluno": "ALEXANDRE GONÇALVES LOPES"
                },
                {
                    "codigo_aluno": "148(...)99",
                    "nome_aluno": "ALEXANDRE OLIVEIRA CAETANO"
                },
                {
                    "codigo_aluno": "308(...)28",
                    "nome_aluno": "ALEXANDRE RODRIGUES COELHO"
                },
                {
                    "codigo_aluno": "330(...)60",
                    "nome_aluno": "AMANDA ELIAS MAIA DE PAULA"
                },
                {
                    "codigo_aluno": "311(...)05",
                    "nome_aluno": "ANA CAROLINA SANTOS DUARTE DIAS"
                },
                {
                    "codigo_aluno": "305(...)19",
                    "nome_aluno": "ANA DO MAR DOS SANTOS OLIVEIRA"
                },
                {
                    "codigo_aluno": "303(...)77",
                    "nome_aluno": "ANA ISABEL NETO FRANCISCO"
                },
                {
                    "codigo_aluno": "306(...)84",
                    "nome_aluno": "ANA JORGE SILVA ALMEIDA"
                },
                {
                    "codigo_aluno": "304(...)08",
                    "nome_aluno": "ANA MARGARIDA FERREIRA MONTEIRO"
                },
                {
                    "codigo_aluno": "317(...)59",
                    "nome_aluno": "ANA MARGARIDA SILVA OLIVEIRA"
                },
                {
                    "codigo_aluno": "312(...)71",
                    "nome_aluno": "ANA RITA BERNARDO ABREU"
                },
                {
                    "codigo_aluno": "150(...)85",
                    "nome_aluno": "ANDRÉ CAETANO SANTOS"
                },
                {
                    "codigo_aluno": "307(...)21",
                    "nome_aluno": "BEATRIZ COUTINHO RAMALHO"
                },
                {
                    "codigo_aluno": "301(...)29",
                    "nome_aluno": "BEATRIZ DIAS FERREIRA"
                },
                {
                    "codigo_aluno": "156(...)51",
                    "nome_aluno": "BEATRIZ RAMALHO MANCHA"
                },
                {
                    "codigo_aluno": "309(...)63",
                    "nome_aluno": "BIANCA ALEXANDRA MOREIRA SANTOS"
                },
                {
                    "codigo_aluno": "304(...)93",
                    "nome_aluno": "BRUNO JOSÉ LOPES RODRIGUES"
                },
                {
                    "codigo_aluno": "240(...)05",
                    "nome_aluno": "CARLOS DIVALDO FERNANDES DOS SANTOS"
                },
                {
                    "codigo_aluno": "307(...)43",
                    "nome_aluno": "CAROLINA BRÁS DOS SANTOS"
                },
                {
                    "codigo_aluno": "308(...)85",
                    "nome_aluno": "CATARINA BARATA DOS SANTOS"
                },
                {
                    "codigo_aluno": "151(...)81",
                    "nome_aluno": "DANIEL JOSE CASTRO ESTUDANTE"
                },
                {
                    "codigo_aluno": "307(...)69",
                    "nome_aluno": "DAVID RODRIGUES MATIAS LOPES MOITEIRO"
                },
                {
                    "codigo_aluno": "300(...)30",
                    "nome_aluno": "DIANA OLIVEIRA NÓBREGA"
                },
                {
                    "codigo_aluno": "313(...)88",
                    "nome_aluno": "DIANA SOFIA MARQUES GATO"
                },
                {
                    "codigo_aluno": "148(...)71",
                    "nome_aluno": "DINIS ANATOL RODRIGUES CABAÇA CERNIS TIMBALIUC"
                },
                {
                    "codigo_aluno": "151(...)41",
                    "nome_aluno": "DINIS DE CARVALHO SANSANA"
                },
                {
                    "codigo_aluno": "309(...)52",
                    "nome_aluno": "EDUARDO GABRIEL NOBRE"
                },
                {
                    "codigo_aluno": "155(...)92",
                    "nome_aluno": "ERICA FILIPA LOURENÇO MORGADO"
                },
                {
                    "codigo_aluno": "302(...)13",
                    "nome_aluno": "FILIPE MARIA CARDOSO LOUREIRO"
                },
                {
                    "codigo_aluno": "300(...)98",
                    "nome_aluno": "FRANCISCO MARTINS MOREIRA"
                },
                {
                    "codigo_aluno": "305(...)73",
                    "nome_aluno": "FRANCISCO MIGUEL REIS GONÇALVES"
                },
                {
                    "codigo_aluno": "157(...)87",
                    "nome_aluno": "GABRIEL VENTURA REBELO"
                },
                {
                    "codigo_aluno": "302(...)89",
                    "nome_aluno": "GONÇALO GONÇALVES PAULO RIBEIRO ALVES"
                },
                {
                    "codigo_aluno": "304(...)03",
                    "nome_aluno": "GUILHERME ALEXANDRE FONSECA SANTOS"
                },
                {
                    "codigo_aluno": "306(...)15",
                    "nome_aluno": "GUILHERME CORREIA DA SILVA"
                },
                {
                    "codigo_aluno": "159(...)90",
                    "nome_aluno": "GUILHERME RAFAEL MONTEIRO PACHECO"
                },
                {
                    "codigo_aluno": "309(...)33",
                    "nome_aluno": "GUSTAVO MASCARENHAS DA COSTA HENRIQUES ROMÃO"
                },
                {
                    "codigo_aluno": "305(...)06",
                    "nome_aluno": "IARA MARQUES PAVOEIRO"
                },
                {
                    "codigo_aluno": "309(...)31",
                    "nome_aluno": "INÊS CAROLINA MARQUES NOGUEIRA"
                },
                {
                    "codigo_aluno": "159(...)95",
                    "nome_aluno": "INÊS MARIA DE CARVALHO CLEMENTE"
                },
                {
                    "codigo_aluno": "306(...)97",
                    "nome_aluno": "IRINA ALEXANDRA LEANDRO AVELAR"
                },
                {
                    "codigo_aluno": "158(...)82",
                    "nome_aluno": "IVO MANUEL PEREIRA DA COSTA"
                },
                {
                    "codigo_aluno": "302(...)61",
                    "nome_aluno": "JOÃO MIGUEL MACEDO DA SILVA"
                },
                {
                    "codigo_aluno": "313(...)03",
                    "nome_aluno": "JOÃO PEDRO PANDO COIMBRA"
                },
                {
                    "codigo_aluno": "148(...)05",
                    "nome_aluno": "JOÃO TOMÁS SANTOS ESPADINHA"
                },
                {
                    "codigo_aluno": "306(...)75",
                    "nome_aluno": "JOSÉ PEDRO BELO BORGES"
                },
                {
                    "codigo_aluno": "306(...)63",
                    "nome_aluno": "JULIANA RODRIGUES ROLDÃO"
                },
                {
                    "codigo_aluno": "307(...)26",
                    "nome_aluno": "JULIANA RODRIGUES SILVA"
                },
                {
                    "codigo_aluno": "309(...)49",
                    "nome_aluno": "LEONOR COELHO PINHEIRO"
                },
                {
                    "codigo_aluno": "155(...)47",
                    "nome_aluno": "LUANA PATRICIA SEQUEIRA CORREIA"
                },
                {
                    "codigo_aluno": "302(...)61",
                    "nome_aluno": "MARIA JOÃO OLIVEIRA DE CARVALHO"
                },
                {
                    "codigo_aluno": "303(...)65",
                    "nome_aluno": "MARIA TUGUI"
                },
                {
                    "codigo_aluno": "159(...)37",
                    "nome_aluno": "MARIANA CARVALHO OLIVEIRA"
                },
                {
                    "codigo_aluno": "155(...)86",
                    "nome_aluno": "MARIANA PINTO ISABELINHA"
                },
                {
                    "codigo_aluno": "321(...)22",
                    "nome_aluno": "MÁRIO JOÃO BRASILEIRO DE SOUZA COSTA"
                },
                {
                    "codigo_aluno": "155(...)38",
                    "nome_aluno": "MARTIM DA SILVEIRA FERREIRA"
                },
                {
                    "codigo_aluno": "306(...)65",
                    "nome_aluno": "MARTIM DIAS RODRIGUES CORREIA PESCA"
                },
                {
                    "codigo_aluno": "309(...)65",
                    "nome_aluno": "MARTIM DOMINGOS BRANCO"
                },
                {
                    "codigo_aluno": "301(...)74",
                    "nome_aluno": "MATILDE BAIESSE REIS PRIETO"
                },
                {
                    "codigo_aluno": "152(...)68",
                    "nome_aluno": "MATILDE HOELTKEN CORTES"
                },
                {
                    "codigo_aluno": "154(...)90",
                    "nome_aluno": "MATILDE LOUREIRO NOGUEIRA"
                },
                {
                    "codigo_aluno": "301(...)66",
                    "nome_aluno": "MATILDE ROXO ELEUTÉRIO"
                },
                {
                    "codigo_aluno": "314(...)04",
                    "nome_aluno": "MIGUEL JOAQUIM ALVES RIBEIRO"
                },
                {
                    "codigo_aluno": "152(...)87",
                    "nome_aluno": "MIGUEL ZIBAIA COELHO"
                },
                {
                    "codigo_aluno": "303(...)36",
                    "nome_aluno": "NATACHA DA COSTA VIEIRA"
                },
                {
                    "codigo_aluno": "152(...)93",
                    "nome_aluno": "PATRÍCIA CARINA PEREIRA REGO CABRAL"
                },
                {
                    "codigo_aluno": "152(...)19",
                    "nome_aluno": "PEDRO MIGUEL LOPES GUERREIRO"
                },
                {
                    "codigo_aluno": "311(...)50",
                    "nome_aluno": "PEDRO MIGUEL PEREIRA DE SOUSA"
                },
                {
                    "codigo_aluno": "156(...)91",
                    "nome_aluno": "PEDRO SERIGADO ALVES"
                },
                {
                    "codigo_aluno": "317(...)65",
                    "nome_aluno": "RAFAEL ALVES GRAÇA"
                },
                {
                    "codigo_aluno": "313(...)04",
                    "nome_aluno": "RAFAEL LUIS SILVA FRUTUOSO"
                },
                {
                    "codigo_aluno": "304(...)36",
                    "nome_aluno": "RAQUEL FILIPA GONÇALVES GRENCHO CASTIÇO"
                },
                {
                    "codigo_aluno": "303(...)65",
                    "nome_aluno": "RICARDO FILIPE BRITO TRINDADE DOS SANTOS"
                },
                {
                    "codigo_aluno": "304(...)53",
                    "nome_aluno": "RICARDO MIGUEL PORTO DE LEMOS"
                },
                {
                    "codigo_aluno": "156(...)90",
                    "nome_aluno": "RITA REBELO SIMÃO"
                },
                {
                    "codigo_aluno": "312(...)69",
                    "nome_aluno": "RODRIGO MANUEL MOREIRA PETRICCIUOLO"
                },
                {
                    "codigo_aluno": "306(...)55",
                    "nome_aluno": "RODRIGO MIGUEL DIAS CUNHA"
                },
                {
                    "codigo_aluno": "154(...)39",
                    "nome_aluno": "RODRIGO NUNES BARRETO"
                },
                {
                    "codigo_aluno": "302(...)29",
                    "nome_aluno": "SALVADOR FERREIRA MENDES PARAMOS"
                },
                {
                    "codigo_aluno": "306(...)96",
                    "nome_aluno": "SÉRGIO ANTÓNIO COSTA DIAS"
                },
                {
                    "codigo_aluno": "312(...)51",
                    "nome_aluno": "SIMÃO VITOR MORGADO VIEIRA"
                },
                {
                    "codigo_aluno": "316(...)33",
                    "nome_aluno": "TAINARA LUKENY POÇAS DE OLIVEIRA"
                },
                {
                    "codigo_aluno": "308(...)05",
                    "nome_aluno": "TIAGO ALEXANDRE MOURÃO CARVALHO"
                },
                {
                    "codigo_aluno": "302(...)51",
                    "nome_aluno": "TIAGO MIGUEL DOS ANJOS LAMPREIA"
                },
                {
                    "codigo_aluno": "307(...)13",
                    "nome_aluno": "TOMÁS ANSELMO ALVES"
                },
                {
                    "codigo_aluno": "156(...)66",
                    "nome_aluno": "TOMÁS DIMAS FILIPE ALVES"
                },
                {
                    "codigo_aluno": "303(...)49",
                    "nome_aluno": "VANESSA SILVA RAMALHO"
                },
                {
                    "codigo_aluno": "154(...)40",
                    "nome_aluno": "VITÓRIA CARNEIRO PENA"
                }
            ]
        },
        {
            "codigo_curso": "9994",
            "nome_curso": "9994 - Gestão de Empresas (regime pós-laboral)",
            "colocados": [
                {
                    "codigo_aluno": "158(...)89",
                    "nome_aluno": "CARLOS ALBERTO MOTA DE SOUSA"
                },
                {
                    "codigo_aluno": "308(...)18",
                    "nome_aluno": "DIOGO LEONG SANTOS"
                },
                {
                    "codigo_aluno": "152(...)63",
                    "nome_aluno": "EVA BATISTA OLIVEIRA"
                },
                {
                    "codigo_aluno": "154(...)73",
                    "nome_aluno": "GIL COSTA BENTO"
                },
                {
                    "codigo_aluno": "303(...)35",
                    "nome_aluno": "JOANA FILIPA RODRIGUES SANTOS"
                },
                {
                    "codigo_aluno": "152(...)01",
                    "nome_aluno": "JOÃO DIOGO DIAS VAZ"
                },
                {
                    "codigo_aluno": "304(...)02",
                    "nome_aluno": "JOÃO LUIS PRAIA CIPRIANO"
                },
                {
                    "codigo_aluno": "309(...)42",
                    "nome_aluno": "JUSSEMARA SALETE SANHÁ GOMES"
                },
                {
                    "codigo_aluno": "306(...)35",
                    "nome_aluno": "NICOLE ISABEL COSTA MORAIS"
                },
                {
                    "codigo_aluno": "300(...)22",
                    "nome_aluno": "PEDRO MIGUEL DE JESUS FREIRE SALVADOR DA COSTA"
                },
                {
                    "codigo_aluno": "303(...)31",
                    "nome_aluno": "TIAGO MIGUEL FERREIRA DE OLIVEIRA"
                },
                {
                    "codigo_aluno": "158(...)54",
                    "nome_aluno": "TOMÁS ALEXANDRE NEVES DO NASCIMENTO"
                },
                {
                    "codigo_aluno": "300(...)33",
                    "nome_aluno": "VASCO ESTEVENS BARBOSA"
                },
                {
                    "codigo_aluno": "328(...)59",
                    "nome_aluno": "YI XIN ZHAO"
                }
            ]
        },
        {
            "codigo_curso": "9156",
            "nome_curso": "9156 - Gestão de Marketing",
            "colocados": [
                {
                    "codigo_aluno": "156(...)53",
                    "nome_aluno": "ADRIANA MIGUEL SOARES FÉLIX"
                },
                {
                    "codigo_aluno": "309(...)99",
                    "nome_aluno": "AFONSO JESUS ALVES"
                },
                {
                    "codigo_aluno": "153(...)73",
                    "nome_aluno": "ANDRÉ DOS SANTOS MACEDO"
                },
                {
                    "codigo_aluno": "309(...)79",
                    "nome_aluno": "ANTÓNIO MARIA DE ALMEIDA DAVID"
                },
                {
                    "codigo_aluno": "147(...)91",
                    "nome_aluno": "BERNARDO MARIA GASCAO SARAIVA MARIANO TEIXEIRA"
                },
                {
                    "codigo_aluno": "306(...)11",
                    "nome_aluno": "CARLOTA DOS SANTOS MACHADO"
                },
                {
                    "codigo_aluno": "310(...)18",
                    "nome_aluno": "CARMO SANTOS OLIVEIRA"
                },
                {
                    "codigo_aluno": "310(...)46",
                    "nome_aluno": "CATARINA SILVA ASSIS DUARTE"
                },
                {
                    "codigo_aluno": "240(...)11",
                    "nome_aluno": "DANIEL GEISÎN RUSNIAC"
                },
                {
                    "codigo_aluno": "147(...)30",
                    "nome_aluno": "DIANA SOARES BARBOSA"
                },
                {
                    "codigo_aluno": "155(...)74",
                    "nome_aluno": "DINIS DE MENEZES AFONSO"
                },
                {
                    "codigo_aluno": "150(...)96",
                    "nome_aluno": "DIOGO MANUEL DA SILVA FERREIRA"
                },
                {
                    "codigo_aluno": "307(...)77",
                    "nome_aluno": "DIOGO MIGUEL SAMPAIO CARDOSO GOUVEIA"
                },
                {
                    "codigo_aluno": "158(...)12",
                    "nome_aluno": "DÓRIS MITRAS FERREIRA"
                },
                {
                    "codigo_aluno": "156(...)74",
                    "nome_aluno": "FRANCISCA ROBERTO RODRIGUES"
                },
                {
                    "codigo_aluno": "153(...)76",
                    "nome_aluno": "FRANCISCO BARBOSA DINIS"
                },
                {
                    "codigo_aluno": "156(...)30",
                    "nome_aluno": "FRANCISCO BERNARDINO SILVA"
                },
                {
                    "codigo_aluno": "309(...)20",
                    "nome_aluno": "FRANCISCO BRITO FERNANDES"
                },
                {
                    "codigo_aluno": "309(...)15",
                    "nome_aluno": "GABRIEL MOREIRA AMARAL MERINO"
                },
                {
                    "codigo_aluno": "313(...)79",
                    "nome_aluno": "GONÇALO FARINHA MATEUS"
                },
                {
                    "codigo_aluno": "306(...)21",
                    "nome_aluno": "GONÇALO FILIPE FRANCISCO MARQUES"
                },
                {
                    "codigo_aluno": "303(...)85",
                    "nome_aluno": "GUILHERME GANHÃO MAXIMINO"
                },
                {
                    "codigo_aluno": "151(...)41",
                    "nome_aluno": "INÊS BOUÇADA DE JESUS DUARTE"
                },
                {
                    "codigo_aluno": "317(...)98",
                    "nome_aluno": "INÊS FILIPA GONÇALVES DA CRUZ"
                },
                {
                    "codigo_aluno": "159(...)02",
                    "nome_aluno": "INÊS SALVADOR DE SOUSA"
                },
                {
                    "codigo_aluno": "327(...)07",
                    "nome_aluno": "JOAN MIGUEL STANCIU"
                },
                {
                    "codigo_aluno": "313(...)34",
                    "nome_aluno": "JOANA MARGARIDA ALVES FERREIRA"
                },
                {
                    "codigo_aluno": "154(...)52",
                    "nome_aluno": "JOAO DUARTE CORREIA ROMAO"
                },
                {
                    "codigo_aluno": "158(...)32",
                    "nome_aluno": "JOÃO FRANCISCO MOURINHO CORREIA DE ALMEIDA"
                },
                {
                    "codigo_aluno": "311(...)22",
                    "nome_aluno": "LARA LOURO GARCIA"
                },
                {
                    "codigo_aluno": "302(...)36",
                    "nome_aluno": "LEONOR DOS SANTOS DUARTE"
                },
                {
                    "codigo_aluno": "313(...)80",
                    "nome_aluno": "LEONOR MARIA PEREIRA FAZENDEIRO"
                },
                {
                    "codigo_aluno": "303(...)15",
                    "nome_aluno": "LEONOR MARQUES DA SILVA JORGE FIALHO"
                },
                {
                    "codigo_aluno": "308(...)10",
                    "nome_aluno": "LUCA BARTHOLOMEW LÁZARO"
                },
                {
                    "codigo_aluno": "159(...)69",
                    "nome_aluno": "MANUEL GONÇALO DE OLIVEIRA VENTURA SARDINHA DE SOUSA"
                },
                {
                    "codigo_aluno": "156(...)37",
                    "nome_aluno": "MARGARIDA ALEXANDRA FARINHA GOUVEIA"
                },
                {
                    "codigo_aluno": "306(...)03",
                    "nome_aluno": "MARIA EDUARDA CAEIRO DOMINGOS"
                },
                {
                    "codigo_aluno": "303(...)93",
                    "nome_aluno": "MARIA EMA SEVERINO FERREIRA"
                },
                {
                    "codigo_aluno": "158(...)76",
                    "nome_aluno": "MARIA RAFAELA ROSADO HENRIQUES"
                },
                {
                    "codigo_aluno": "315(...)72",
                    "nome_aluno": "MARIANA INÁCIO GONÇALVES"
                },
                {
                    "codigo_aluno": "153(...)14",
                    "nome_aluno": "MARTA BEATRIZ DE ALMEIDA PEREIRA"
                },
                {
                    "codigo_aluno": "317(...)22",
                    "nome_aluno": "MATILDE CARDOSO MACEDO"
                },
                {
                    "codigo_aluno": "303(...)41",
                    "nome_aluno": "MIGUEL AGUIAR TAVARES CANTARINO"
                },
                {
                    "codigo_aluno": "154(...)34",
                    "nome_aluno": "MIGUEL CASTRO RIBEIRO"
                },
                {
                    "codigo_aluno": "306(...)75",
                    "nome_aluno": "PEDRO AFONSO REIS MARTINS"
                },
                {
                    "codigo_aluno": "149(...)94",
                    "nome_aluno": "RODRIGO FERREIRA SOARES DA SILVA PINTO"
                },
                {
                    "codigo_aluno": "310(...)08",
                    "nome_aluno": "RODRIGO MARREIROS REGO DE OLIVEIRA SOARES"
                },
                {
                    "codigo_aluno": "156(...)09",
                    "nome_aluno": "RODRIGO MIGUEL SILVA SOUSA"
                },
                {
                    "codigo_aluno": "156(...)03",
                    "nome_aluno": "RODRIGO MORAIS CODINHA"
                },
                {
                    "codigo_aluno": "302(...)90",
                    "nome_aluno": "SALOMÉ INÊS FERREIRA VILAR DE JESUS"
                },
                {
                    "codigo_aluno": "240(...)09",
                    "nome_aluno": "SARA GABRIELA PAGONE"
                },
                {
                    "codigo_aluno": "300(...)19",
                    "nome_aluno": "SIMÃO CRESPO AMENDOEIRA"
                },
                {
                    "codigo_aluno": "310(...)05",
                    "nome_aluno": "SIMAO ESTEVES DOS SANTOS"
                },
                {
                    "codigo_aluno": "159(...)42",
                    "nome_aluno": "TIAGO DOS SANTOS MENDES"
                },
                {
                    "codigo_aluno": "313(...)86",
                    "nome_aluno": "VALENTINO CRISTIANO KARPYUK"
                },
                {
                    "codigo_aluno": "313(...)86",
                    "nome_aluno": "XAVIER QUITÉRIO DUARTE"
                },
                {
                    "codigo_aluno": "240(...)62",
                    "nome_aluno": "YASMIM DE SOUSA GARCIA TORRES"
                }
            ]
        },
        {
            "codigo_curso": "9185",
            "nome_curso": "9185 - Informática",
            "colocados": [
                {
                    "codigo_aluno": "303(...)22",
                    "nome_aluno": "AFONSO JORGE COSTA"
                },
                {
                    "codigo_aluno": "306(...)62",
                    "nome_aluno": "AFONSO MARTINS COELHO"
                },
                {
                    "codigo_aluno": "310(...)88",
                    "nome_aluno": "ANDRÉ GUERRA SATIRO"
                },
                {
                    "codigo_aluno": "307(...)79",
                    "nome_aluno": "ANTONIO MARIA QUITO DOS SANTOS"
                },
                {
                    "codigo_aluno": "314(...)95",
                    "nome_aluno": "ANTÓNIO MIGUEL GONÇALVES ALVES"
                },
                {
                    "codigo_aluno": "152(...)44",
                    "nome_aluno": "DINIS MIGUEL CASTRO NUNES"
                },
                {
                    "codigo_aluno": "154(...)64",
                    "nome_aluno": "DIOGO MIGUEL BAR DA COSTA"
                },
                {
                    "codigo_aluno": "306(...)21",
                    "nome_aluno": "DUARTE CUNHA RIBEIRO"
                },
                {
                    "codigo_aluno": "306(...)80",
                    "nome_aluno": "DUARTE VIDAIS DE BARROS"
                },
                {
                    "codigo_aluno": "154(...)36",
                    "nome_aluno": "FILIPE DANIEL SANTOS COUTO"
                },
                {
                    "codigo_aluno": "154(...)95",
                    "nome_aluno": "GUILHERME MIGUEL CORREIA CAÇADOR"
                },
                {
                    "codigo_aluno": "301(...)75",
                    "nome_aluno": "MIGUEL ALEXANDRE RAPOSO DUARTE"
                },
                {
                    "codigo_aluno": "142(...)71",
                    "nome_aluno": "MIGUEL DUARTE PERALTA"
                },
                {
                    "codigo_aluno": "302(...)52",
                    "nome_aluno": "RODRIGO JOSÉ DOS SANTOS SILVA"
                },
                {
                    "codigo_aluno": "158(...)60",
                    "nome_aluno": "SEBASTIÃO SOUSA CARAPINHA"
                }
            ]
        },
        {
            "codigo_curso": "9785",
            "nome_curso": "9785 - Negócios Internacionais",
            "colocados": [
                {
                    "codigo_aluno": "309(...)32",
                    "nome_aluno": "AFONSO CRUZ CARRASCO"
                },
                {
                    "codigo_aluno": "306(...)66",
                    "nome_aluno": "AFONSO GOMES AMARAL SEVERINO"
                },
                {
                    "codigo_aluno": "159(...)05",
                    "nome_aluno": "ANA MARGARIDA GRÁCIO BAPTISTA"
                },
                {
                    "codigo_aluno": "305(...)27",
                    "nome_aluno": "ANA SOFIA SANT'ANNA REDINHA"
                },
                {
                    "codigo_aluno": "240(...)28",
                    "nome_aluno": "ASHLEY IVANY ALY MAMAD"
                },
                {
                    "codigo_aluno": "158(...)78",
                    "nome_aluno": "BEATRIZ SOFIA LOPES PINHEIRO"
                },
                {
                    "codigo_aluno": "138(...)69",
                    "nome_aluno": "BERNARDO MIGUEL VAZ MOITA"
                },
                {
                    "codigo_aluno": "306(...)12",
                    "nome_aluno": "CAROLINA VARELA VERÍSSIMO"
                },
                {
                    "codigo_aluno": "240(...)36",
                    "nome_aluno": "DANIEL BREDER BESSA"
                },
                {
                    "codigo_aluno": "309(...)94",
                    "nome_aluno": "DANIEL MAKSYM MARTYN"
                },
                {
                    "codigo_aluno": "306(...)84",
                    "nome_aluno": "DINIS PALHA BASTOS"
                },
                {
                    "codigo_aluno": "154(...)92",
                    "nome_aluno": "DIOGO MIGUEL DOS SANTOS RODRIGUES"
                },
                {
                    "codigo_aluno": "152(...)43",
                    "nome_aluno": "DIOGO NUNES BELO"
                },
                {
                    "codigo_aluno": "157(...)43",
                    "nome_aluno": "FABIANA DA ROCHA LUCAS"
                },
                {
                    "codigo_aluno": "305(...)45",
                    "nome_aluno": "FRANCISCO FERNANDES LOPES RAMALHO BAPTISTA"
                },
                {
                    "codigo_aluno": "153(...)42",
                    "nome_aluno": "GUILHERME AFONSO CARDOSO"
                },
                {
                    "codigo_aluno": "314(...)45",
                    "nome_aluno": "HENRIQUE CORTES RUSSO NOBRE VINAGRE"
                },
                {
                    "codigo_aluno": "150(...)37",
                    "nome_aluno": "INÊS DINIZ PONTES CASANOVA"
                },
                {
                    "codigo_aluno": "310(...)72",
                    "nome_aluno": "INÊS NETO ANDRADE"
                },
                {
                    "codigo_aluno": "309(...)16",
                    "nome_aluno": "INÊS SOFIA CARVALHO PARENTE"
                },
                {
                    "codigo_aluno": "319(...)68",
                    "nome_aluno": "JANICE DOS SANTOS VARELA NAZARÉ"
                },
                {
                    "codigo_aluno": "332(...)19",
                    "nome_aluno": "JANINE SALVADOR NOGUEIRA"
                },
                {
                    "codigo_aluno": "310(...)99",
                    "nome_aluno": "JOANA CUSTÓDIO FERREIRA"
                },
                {
                    "codigo_aluno": "159(...)54",
                    "nome_aluno": "JOANA SOFIA DA SILVA PINTO"
                },
                {
                    "codigo_aluno": "318(...)50",
                    "nome_aluno": "JOÂO BENTO GONÇALVES FERREIRA"
                },
                {
                    "codigo_aluno": "306(...)31",
                    "nome_aluno": "JOÃO FRANCISCO VEIGA MENINO PEREIRA"
                },
                {
                    "codigo_aluno": "152(...)83",
                    "nome_aluno": "JOÃO PEDRO CORREIA CALÇADA DE OLIVEIRA"
                },
                {
                    "codigo_aluno": "240(...)11",
                    "nome_aluno": "JULIA SILVA GROSSO FRANÇA"
                },
                {
                    "codigo_aluno": "305(...)18",
                    "nome_aluno": "LEANDRO FILIPE BATISTA PESEIRO"
                },
                {
                    "codigo_aluno": "154(...)85",
                    "nome_aluno": "LETICIA ALEXANDRA ALEIXO PEREIRA"
                },
                {
                    "codigo_aluno": "303(...)91",
                    "nome_aluno": "MARGARIDA ISABELA ROSADO MATIAS"
                },
                {
                    "codigo_aluno": "301(...)98",
                    "nome_aluno": "MARIA RODRIGUES GALHOFAS"
                },
                {
                    "codigo_aluno": "306(...)03",
                    "nome_aluno": "MARIANA COELHO VARELA"
                },
                {
                    "codigo_aluno": "303(...)49",
                    "nome_aluno": "MATILDE ISABEL ANTUNES MONTEIRO"
                },
                {
                    "codigo_aluno": "301(...)77",
                    "nome_aluno": "MIGUEL ANGELO ZAMBUJINHO GONÇALVES"
                },
                {
                    "codigo_aluno": "241(...)05",
                    "nome_aluno": "NILMAR DE FATIMA DOS SANTOS FONSECA"
                },
                {
                    "codigo_aluno": "302(...)24",
                    "nome_aluno": "NUNO HENRIQUE LOBATO MOREIRA"
                },
                {
                    "codigo_aluno": "146(...)41",
                    "nome_aluno": "RAFAELA CANANÓ MIRANDA DE SOUSA SILVA"
                },
                {
                    "codigo_aluno": "312(...)66",
                    "nome_aluno": "ROBERTO TOMÁS MOREIRA PETRICCIUOLO"
                },
                {
                    "codigo_aluno": "307(...)63",
                    "nome_aluno": "RODRIGO MIGUEL MAURICIO DOS SANTOS"
                },
                {
                    "codigo_aluno": "309(...)67",
                    "nome_aluno": "RODRIGO MIGUEL PEREIRA SIMÕES"
                },
                {
                    "codigo_aluno": "305(...)36",
                    "nome_aluno": "RÚBEN FILIPE DOS REIS QUARESMA"
                },
                {
                    "codigo_aluno": "307(...)32",
                    "nome_aluno": "SARA PIEDADE MARTINS"
                },
                {
                    "codigo_aluno": "154(...)14",
                    "nome_aluno": "TIAGO MIGUEL GRALHA NEPOMUCENO"
                },
                {
                    "codigo_aluno": "155(...)71",
                    "nome_aluno": "TOMÁS LEAL FERREIRA"
                }
            ]
        }
    ]
}