{
    "codigo_universidade": "7015",
    "nome_universidade": "7015 - Instituto Politécnico de Bragança - Escola Superior de Saúde de Bragança",
    "cursos": [
        {
            "codigo_curso": "L068",
            "nome_curso": "L068 - Ciências Biomédicas Laboratoriais",
            "colocados": [
                {
                    "codigo_aluno": "155(...)98",
                    "nome_aluno": "BEATRIZ VALENTE FERNANDES"
                },
                {
                    "codigo_aluno": "240(...)46",
                    "nome_aluno": "BIANCA ALCARRIA BORTOLAÇO AVELINO"
                },
                {
                    "codigo_aluno": "154(...)57",
                    "nome_aluno": "CAROLINA ALEXANDRA MONSANTO VENTURA"
                },
                {
                    "codigo_aluno": "306(...)54",
                    "nome_aluno": "CATARINA CORREIA PEREIRA"
                },
                {
                    "codigo_aluno": "317(...)96",
                    "nome_aluno": "DIANA SOFIA LOUREIRO SILVA"
                },
                {
                    "codigo_aluno": "302(...)23",
                    "nome_aluno": "DIOGO MIGUEL SILVA MARTINS SOUSA"
                },
                {
                    "codigo_aluno": "300(...)79",
                    "nome_aluno": "EMA SOFIA IBRAIMO MACHADO SOARES"
                },
                {
                    "codigo_aluno": "305(...)46",
                    "nome_aluno": "ERICA SABRINA DA SILVA RIBEIRO BARBOSA"
                },
                {
                    "codigo_aluno": "153(...)84",
                    "nome_aluno": "EVA ÂNGELA PINTO FERREIRA MAGALHÃES MENDES"
                },
                {
                    "codigo_aluno": "302(...)23",
                    "nome_aluno": "FÁBIO CARDOSO MARQUES"
                },
                {
                    "codigo_aluno": "317(...)94",
                    "nome_aluno": "FILIPA PEREIRA VIEIRA"
                },
                {
                    "codigo_aluno": "306(...)35",
                    "nome_aluno": "INÊS GONÇALVES FERRAGE"
                },
                {
                    "codigo_aluno": "308(...)95",
                    "nome_aluno": "INÊS MARIA MOREIRA SOUSA"
                },
                {
                    "codigo_aluno": "309(...)67",
                    "nome_aluno": "IRENE COUTINHO MESQUITA"
                },
                {
                    "codigo_aluno": "153(...)85",
                    "nome_aluno": "JOANA FILIPA MENDONÇA DE SOUSA"
                },
                {
                    "codigo_aluno": "156(...)09",
                    "nome_aluno": "JOSÉ PEDRO FARIA MARTINS"
                },
                {
                    "codigo_aluno": "309(...)73",
                    "nome_aluno": "JOSÉ PEDRO GANHÃO CRAVEIRO"
                },
                {
                    "codigo_aluno": "240(...)27",
                    "nome_aluno": "LAIS HELENA DE CAMARGO LIMA"
                },
                {
                    "codigo_aluno": "323(...)00",
                    "nome_aluno": "LAURA LOPES VARA"
                },
                {
                    "codigo_aluno": "153(...)18",
                    "nome_aluno": "LEONARDO DA COSTA SILVA"
                },
                {
                    "codigo_aluno": "314(...)95",
                    "nome_aluno": "LEONOR MOREIRA DE SOUSA"
                },
                {
                    "codigo_aluno": "153(...)01",
                    "nome_aluno": "LEONOR SOFIA CARVALHO DA COSTA"
                },
                {
                    "codigo_aluno": "301(...)55",
                    "nome_aluno": "MARIANA ALEXANDRA NUNES CARNEIRO"
                },
                {
                    "codigo_aluno": "309(...)04",
                    "nome_aluno": "MARIANA ISABEL MENDES VICENTE MADEIRA"
                },
                {
                    "codigo_aluno": "309(...)39",
                    "nome_aluno": "MATILDE LOPES COSTA"
                },
                {
                    "codigo_aluno": "312(...)77",
                    "nome_aluno": "PEDRO DANIEL RODRIGUES DIAS"
                },
                {
                    "codigo_aluno": "311(...)95",
                    "nome_aluno": "PILAR CARIMO RODRIGUES"
                },
                {
                    "codigo_aluno": "307(...)18",
                    "nome_aluno": "VANIA SOFIA AFONSO MATOS"
                },
                {
                    "codigo_aluno": "309(...)50",
                    "nome_aluno": "VIVIANA FILIPA MARTINS BISPO"
                }
            ]
        },
        {
            "codigo_curso": "8149",
            "nome_curso": "8149 - Dietética e Nutrição",
            "colocados": [
                {
                    "codigo_aluno": "309(...)73",
                    "nome_aluno": "ANDRÉ VIEIRA LOPES"
                },
                {
                    "codigo_aluno": "158(...)83",
                    "nome_aluno": "CAROLINA MIGUEL TEIXEIRA FERREIRA"
                },
                {
                    "codigo_aluno": "306(...)01",
                    "nome_aluno": "EDUARDO JOSÉ FARIA ROCHA"
                },
                {
                    "codigo_aluno": "304(...)08",
                    "nome_aluno": "FRANCISCA DANIELA BORGES FERREIRA"
                },
                {
                    "codigo_aluno": "309(...)93",
                    "nome_aluno": "GABRIEL JOSÉ MARQUES PATARRA"
                },
                {
                    "codigo_aluno": "240(...)77",
                    "nome_aluno": "GIOVANNA FERREIRA MARTINOVICH"
                },
                {
                    "codigo_aluno": "152(...)67",
                    "nome_aluno": "GONÇALO SOARES MOREIRA"
                },
                {
                    "codigo_aluno": "309(...)35",
                    "nome_aluno": "IARA DANIELA RIBEIRO CARVALHO"
                },
                {
                    "codigo_aluno": "318(...)73",
                    "nome_aluno": "INÊS TEIXEIRA DA COSTA"
                },
                {
                    "codigo_aluno": "300(...)98",
                    "nome_aluno": "JOANA SOFIA DOS SANTOS SOUSA"
                },
                {
                    "codigo_aluno": "155(...)87",
                    "nome_aluno": "JOAO DA SILVA MARTINS"
                },
                {
                    "codigo_aluno": "154(...)68",
                    "nome_aluno": "LARA BEATRIZ MIGUÉIS FERREIRA"
                },
                {
                    "codigo_aluno": "153(...)86",
                    "nome_aluno": "LUISA LANÇA NORTE"
                },
                {
                    "codigo_aluno": "241(...)02",
                    "nome_aluno": "LUIZ FERNANDO PEREIRA PORTELA"
                },
                {
                    "codigo_aluno": "156(...)47",
                    "nome_aluno": "MARCO ANTONIO FERNANDES GONÇALVES"
                },
                {
                    "codigo_aluno": "302(...)81",
                    "nome_aluno": "MARGARIDA TEODORO CANTEIRO"
                },
                {
                    "codigo_aluno": "307(...)77",
                    "nome_aluno": "MARIANA MARREIROS AMARO"
                },
                {
                    "codigo_aluno": "154(...)41",
                    "nome_aluno": "RITA BRANCO DA FONSECA"
                },
                {
                    "codigo_aluno": "309(...)69",
                    "nome_aluno": "SORAIA FILIPA SOARES CARVALHAL"
                },
                {
                    "codigo_aluno": "306(...)31",
                    "nome_aluno": "SORAIA MARIA ABREU PACHECO"
                },
                {
                    "codigo_aluno": "308(...)46",
                    "nome_aluno": "TIAGO LUÍS DOS ANJOS BATISTA"
                }
            ]
        },
        {
            "codigo_curso": "9500",
            "nome_curso": "9500 - Enfermagem",
            "colocados": [
                {
                    "codigo_aluno": "305(...)19",
                    "nome_aluno": "ADRIANA SERQUEIRA MIRANDA"
                },
                {
                    "codigo_aluno": "306(...)23",
                    "nome_aluno": "ALICE DOS SANTOS GOMES"
                },
                {
                    "codigo_aluno": "308(...)28",
                    "nome_aluno": "ANA BEATRIZ ESTEVES SILVA"
                },
                {
                    "codigo_aluno": "311(...)14",
                    "nome_aluno": "ANA BEATRIZ OLIVEIRA MACEDO"
                },
                {
                    "codigo_aluno": "157(...)10",
                    "nome_aluno": "ANA FRANCISCA DA SILVA TURIEL RODRIGUES"
                },
                {
                    "codigo_aluno": "300(...)73",
                    "nome_aluno": "ANA LUÍSA LEMOS GONÇALVES"
                },
                {
                    "codigo_aluno": "312(...)10",
                    "nome_aluno": "ANA RITA GONÇALVES LOPES"
                },
                {
                    "codigo_aluno": "305(...)04",
                    "nome_aluno": "ÂNGELA CRISTINA CASTRO FERNANDES"
                },
                {
                    "codigo_aluno": "305(...)93",
                    "nome_aluno": "ANITA FREITAS ALVES"
                },
                {
                    "codigo_aluno": "159(...)35",
                    "nome_aluno": "BEATRIZ CARDOSO ALVES"
                },
                {
                    "codigo_aluno": "309(...)72",
                    "nome_aluno": "BEATRIZ FRANCISCA SILVA LEITE"
                },
                {
                    "codigo_aluno": "307(...)77",
                    "nome_aluno": "BEATRIZ NETO FERREIRA"
                },
                {
                    "codigo_aluno": "304(...)82",
                    "nome_aluno": "BEATRIZ PACHECO MAGALHÃES"
                },
                {
                    "codigo_aluno": "312(...)92",
                    "nome_aluno": "BEBIANA FILIPA FERREIRA BARBOSA"
                },
                {
                    "codigo_aluno": "307(...)48",
                    "nome_aluno": "CAROLINA DE QUEIRÓS BATISTA"
                },
                {
                    "codigo_aluno": "309(...)33",
                    "nome_aluno": "CAROLINA GOMES ROSMANINHO"
                },
                {
                    "codigo_aluno": "307(...)81",
                    "nome_aluno": "CATARINA FILIPA ROCHA PINTO"
                },
                {
                    "codigo_aluno": "310(...)24",
                    "nome_aluno": "DANIELA FILIPA MIRANDA MENDES"
                },
                {
                    "codigo_aluno": "309(...)30",
                    "nome_aluno": "DARLENE LETÍCIA DA SILVA NETO"
                },
                {
                    "codigo_aluno": "303(...)68",
                    "nome_aluno": "DIANA ANDREIA NOVAIS RUIZ"
                },
                {
                    "codigo_aluno": "311(...)94",
                    "nome_aluno": "DIANA FILIPA LOPES PEDREIRO"
                },
                {
                    "codigo_aluno": "303(...)64",
                    "nome_aluno": "FÁTIMA ALEXANDRA REIS PINTO"
                },
                {
                    "codigo_aluno": "159(...)91",
                    "nome_aluno": "FRANCISCO BARROS PEREIRA"
                },
                {
                    "codigo_aluno": "333(...)26",
                    "nome_aluno": "GABRIELA POPA"
                },
                {
                    "codigo_aluno": "307(...)01",
                    "nome_aluno": "HELENA FRANCISCA BARREIRA FERNANDES"
                },
                {
                    "codigo_aluno": "306(...)63",
                    "nome_aluno": "INÊS ALEXANDRA SILVA DOS SANTOS"
                },
                {
                    "codigo_aluno": "312(...)12",
                    "nome_aluno": "JÉSSICA SILVA MARTINS"
                },
                {
                    "codigo_aluno": "304(...)96",
                    "nome_aluno": "JOANA LUÍSA LOPES COUTINHO"
                },
                {
                    "codigo_aluno": "315(...)63",
                    "nome_aluno": "LARA FABIANA GOMES"
                },
                {
                    "codigo_aluno": "305(...)94",
                    "nome_aluno": "LEONOR BORGES SEQUEIRA"
                },
                {
                    "codigo_aluno": "303(...)64",
                    "nome_aluno": "LETÍCIA RAMOS PARENTE"
                },
                {
                    "codigo_aluno": "300(...)46",
                    "nome_aluno": "LUANA PEIXOTO MAIA"
                },
                {
                    "codigo_aluno": "309(...)32",
                    "nome_aluno": "MARGARIDA MORAIS CARVALHO"
                },
                {
                    "codigo_aluno": "306(...)49",
                    "nome_aluno": "MARIA INÊS COSTA FREITAS"
                },
                {
                    "codigo_aluno": "305(...)79",
                    "nome_aluno": "MARIA INÊS MARTINS HENRIQUES"
                },
                {
                    "codigo_aluno": "310(...)88",
                    "nome_aluno": "MARIA JULIANA CASTO BARBOSA"
                },
                {
                    "codigo_aluno": "310(...)97",
                    "nome_aluno": "MARIA LEONOR CASIMIRO SANTOS"
                },
                {
                    "codigo_aluno": "157(...)36",
                    "nome_aluno": "MARIA NOBRE MENDES"
                },
                {
                    "codigo_aluno": "300(...)41",
                    "nome_aluno": "MARIANA SANTOS OLIVEIRA"
                },
                {
                    "codigo_aluno": "159(...)64",
                    "nome_aluno": "MARTA FILIPA FIGUEIREDO PACHECO"
                },
                {
                    "codigo_aluno": "305(...)60",
                    "nome_aluno": "MATILDE FERREIRA MONTEZINHO"
                },
                {
                    "codigo_aluno": "309(...)71",
                    "nome_aluno": "MATILDE PIRES TRINDADE"
                },
                {
                    "codigo_aluno": "307(...)50",
                    "nome_aluno": "NÁDIA OLIVEIRA SOUSA"
                },
                {
                    "codigo_aluno": "302(...)31",
                    "nome_aluno": "PATRÍCIA DANIELA CARVALHO GONÇALVES"
                },
                {
                    "codigo_aluno": "153(...)32",
                    "nome_aluno": "PEDRO EMANUEL INOCENCIO GALEGO"
                },
                {
                    "codigo_aluno": "309(...)81",
                    "nome_aluno": "RICARDO MANUEL MONTEIRO CORDEIRO"
                },
                {
                    "codigo_aluno": "312(...)17",
                    "nome_aluno": "RITA DE SOUSA TORRES"
                },
                {
                    "codigo_aluno": "307(...)40",
                    "nome_aluno": "RUI PEDRO BARREIRAS JUSTO"
                },
                {
                    "codigo_aluno": "306(...)15",
                    "nome_aluno": "SORAIA SOFIA MORAIS CAPELA"
                },
                {
                    "codigo_aluno": "153(...)94",
                    "nome_aluno": "TIAGO LUÍS BORGES DOS SANTOS"
                }
            ]
        },
        {
            "codigo_curso": "9501",
            "nome_curso": "9501 - Enfermagem (entrada no 2.º semestre)",
            "colocados": [
                {
                    "codigo_aluno": "149(...)50",
                    "nome_aluno": "ANA MARIA CARVALHO LOPES"
                },
                {
                    "codigo_aluno": "155(...)94",
                    "nome_aluno": "ANDRÉ FILIPE PEREIRA LEITE"
                },
                {
                    "codigo_aluno": "152(...)35",
                    "nome_aluno": "ANNE CAROLINE SANTIAGO VILARINHO"
                },
                {
                    "codigo_aluno": "312(...)08",
                    "nome_aluno": "CATARINA OLIVEIRA FREITAS"
                },
                {
                    "codigo_aluno": "153(...)71",
                    "nome_aluno": "CLARA MACEDO FORTES"
                },
                {
                    "codigo_aluno": "319(...)55",
                    "nome_aluno": "CLÁUDIA CAROLINA MIGUEL SERRA"
                },
                {
                    "codigo_aluno": "151(...)94",
                    "nome_aluno": "CRISTELE ALVES NETO"
                },
                {
                    "codigo_aluno": "241(...)23",
                    "nome_aluno": "DARLAN ROBERT MARCELO SILVA"
                },
                {
                    "codigo_aluno": "154(...)63",
                    "nome_aluno": "DIANA MARGARIDA CARVALHO CUNHA"
                },
                {
                    "codigo_aluno": "309(...)62",
                    "nome_aluno": "GABRIELA FREITAS FERREIRA"
                },
                {
                    "codigo_aluno": "159(...)80",
                    "nome_aluno": "INÊS DA SILVA CRUZ GONÇALVES FREI"
                },
                {
                    "codigo_aluno": "154(...)98",
                    "nome_aluno": "INÊS MARIA FERNANDES RIBEIRO"
                },
                {
                    "codigo_aluno": "143(...)38",
                    "nome_aluno": "INÊS SOFIA PEREIRA DOS SANTOS"
                },
                {
                    "codigo_aluno": "158(...)96",
                    "nome_aluno": "JOÃO MANUEL SILVA NETO"
                },
                {
                    "codigo_aluno": "159(...)30",
                    "nome_aluno": "JOÃO PAULO BARBOSA SANTOS FERREIRA"
                },
                {
                    "codigo_aluno": "309(...)85",
                    "nome_aluno": "JOSÉ GUILHERME SOUSA RIBEIRO"
                },
                {
                    "codigo_aluno": "305(...)21",
                    "nome_aluno": "LARA SOFIA DA SILVA BARBOSA"
                },
                {
                    "codigo_aluno": "326(...)82",
                    "nome_aluno": "MARCELLA DE MELO TAVARES"
                },
                {
                    "codigo_aluno": "310(...)88",
                    "nome_aluno": "MARIA BEATRIZ FERREIRA DA SILVA"
                },
                {
                    "codigo_aluno": "300(...)36",
                    "nome_aluno": "MARIA EDUARDA SOARES BANDEIRA"
                },
                {
                    "codigo_aluno": "300(...)09",
                    "nome_aluno": "MARIA TRANCOSO FERREIRA"
                },
                {
                    "codigo_aluno": "158(...)35",
                    "nome_aluno": "MATILDE FERREIRA DOS SANTOS"
                },
                {
                    "codigo_aluno": "307(...)50",
                    "nome_aluno": "VICENTE GARCIA CIMODERA ELAVAI"
                }
            ]
        },
        {
            "codigo_curso": "9549",
            "nome_curso": "9549 - Farmácia",
            "colocados": [
                {
                    "codigo_aluno": "312(...)91",
                    "nome_aluno": "ANA CONSTANÇA MAGALHÂES RODRIGUES"
                },
                {
                    "codigo_aluno": "315(...)70",
                    "nome_aluno": "ANA LUÍSA COSTA PEREIRA"
                },
                {
                    "codigo_aluno": "158(...)10",
                    "nome_aluno": "BEATRIZ MARTINS SIMÕES VÁRZEA"
                },
                {
                    "codigo_aluno": "305(...)18",
                    "nome_aluno": "CLARA RODRIGUES MARQUES"
                },
                {
                    "codigo_aluno": "306(...)13",
                    "nome_aluno": "CRISTIANA COSTA CARVALHO"
                },
                {
                    "codigo_aluno": "313(...)10",
                    "nome_aluno": "INÊS FILIPA FERREIRA DOS SANTOS"
                },
                {
                    "codigo_aluno": "303(...)31",
                    "nome_aluno": "LUÍS ESTEVES AFONSO"
                },
                {
                    "codigo_aluno": "306(...)53",
                    "nome_aluno": "MAFALDA LOPES CARVALHO"
                },
                {
                    "codigo_aluno": "313(...)39",
                    "nome_aluno": "MARA BEATRIZ SILVA MORAIS"
                },
                {
                    "codigo_aluno": "316(...)03",
                    "nome_aluno": "PEDRO FERNANDES MARTINS"
                },
                {
                    "codigo_aluno": "312(...)72",
                    "nome_aluno": "RODRIGO PEREIRA PIMENTA"
                },
                {
                    "codigo_aluno": "153(...)81",
                    "nome_aluno": "SERGIO HENRIQUE PEREIRA RODRIGUES"
                },
                {
                    "codigo_aluno": "154(...)83",
                    "nome_aluno": "TOMÁS DA SILVA MARQUES"
                }
            ]
        },
        {
            "codigo_curso": "9504",
            "nome_curso": "9504 - Fisioterapia",
            "colocados": [
                {
                    "codigo_aluno": "159(...)43",
                    "nome_aluno": "AFONSO DA SILVA RIBEIRO"
                },
                {
                    "codigo_aluno": "306(...)17",
                    "nome_aluno": "ANA FERREIRA SOARES"
                },
                {
                    "codigo_aluno": "159(...)90",
                    "nome_aluno": "ANDRE FILIPE DA COSTA TEIXEIRA"
                },
                {
                    "codigo_aluno": "309(...)76",
                    "nome_aluno": "ANDREIA FILIPA DA SILVA AMORIM"
                },
                {
                    "codigo_aluno": "314(...)06",
                    "nome_aluno": "BÁRBARA DA COSTA MARTINS"
                },
                {
                    "codigo_aluno": "309(...)68",
                    "nome_aluno": "BEATRIZ DOS SANTOS OLIVEIRA"
                },
                {
                    "codigo_aluno": "309(...)67",
                    "nome_aluno": "BIANCA DA SILVA BOTELHO"
                },
                {
                    "codigo_aluno": "313(...)82",
                    "nome_aluno": "BRUNA MARGARIDA COELHO MOREIRA"
                },
                {
                    "codigo_aluno": "309(...)50",
                    "nome_aluno": "CAROLINA BARBOSA FREIRE DE SOUSA MOREIRA"
                },
                {
                    "codigo_aluno": "308(...)75",
                    "nome_aluno": "CÁTIA SOFIA SANTOS SEIXAS"
                },
                {
                    "codigo_aluno": "309(...)88",
                    "nome_aluno": "DANIELA CARVALHO LOURENÇO"
                },
                {
                    "codigo_aluno": "316(...)33",
                    "nome_aluno": "DAVID JOSÉ OLIVEIRA SOARES"
                },
                {
                    "codigo_aluno": "153(...)61",
                    "nome_aluno": "DIOGO ALEXANDRE PIRES FERREIRA"
                },
                {
                    "codigo_aluno": "305(...)28",
                    "nome_aluno": "FABRÍCIA LOURENÇO SILVA"
                },
                {
                    "codigo_aluno": "301(...)25",
                    "nome_aluno": "GONÇALO ANDRÉ MONTEIRO PINTO"
                },
                {
                    "codigo_aluno": "153(...)93",
                    "nome_aluno": "GUSTAVO DE ALMEIDA E SOUSA"
                },
                {
                    "codigo_aluno": "310(...)00",
                    "nome_aluno": "INÊS SILVA RAMOS"
                },
                {
                    "codigo_aluno": "156(...)45",
                    "nome_aluno": "INÊS VIANA E SILVA"
                },
                {
                    "codigo_aluno": "240(...)01",
                    "nome_aluno": "IRENE ALVES SANCHEZ"
                },
                {
                    "codigo_aluno": "306(...)61",
                    "nome_aluno": "JÉSSICA ISABEL CORRIÇA ALVES"
                },
                {
                    "codigo_aluno": "300(...)11",
                    "nome_aluno": "LARA FILIPA PEREIRA DE SOUSA"
                },
                {
                    "codigo_aluno": "309(...)55",
                    "nome_aluno": "MARGARIDA PEREIRA BORGES"
                },
                {
                    "codigo_aluno": "302(...)88",
                    "nome_aluno": "MARIA ALMEIDA DA SILVA"
                },
                {
                    "codigo_aluno": "311(...)93",
                    "nome_aluno": "MARTIM MANUEL GINJO RODRIGUES"
                }
            ]
        },
        {
            "codigo_curso": "9833",
            "nome_curso": "9833 - Gerontologia",
            "colocados": [
                {
                    "codigo_aluno": "303(...)77",
                    "nome_aluno": "ÂNGELA GABRIELA MACHADO GONÇALVES"
                }
            ]
        }
    ]
}