{
    "codigo_universidade": "3021",
    "nome_universidade": "3021 - Instituto Politécnico de Beja - Escola Superior Agrária",
    "cursos": [
        {
            "codigo_curso": "9003",
            "nome_curso": "9003 - Agronomia",
            "colocados": [
                {
                    "codigo_aluno": "306(...)79",
                    "nome_aluno": "AFONSO PRATAS ROSA"
                },
                {
                    "codigo_aluno": "308(...)85",
                    "nome_aluno": "JOANA NOBRE REIS"
                },
                {
                    "codigo_aluno": "309(...)47",
                    "nome_aluno": "JOSE PEDRO MADEIRA CAETANO"
                },
                {
                    "codigo_aluno": "301(...)39",
                    "nome_aluno": "JÚLIA SARA PALMA VEZ"
                },
                {
                    "codigo_aluno": "150(...)05",
                    "nome_aluno": "MANUEL MARIA CONDEÇAS RAPOSO PEDREIRA"
                },
                {
                    "codigo_aluno": "304(...)60",
                    "nome_aluno": "MARIA BATALHA CARLOS"
                },
                {
                    "codigo_aluno": "302(...)77",
                    "nome_aluno": "RAFAEL ASSUNÇÃO VICENTE"
                },
                {
                    "codigo_aluno": "304(...)26",
                    "nome_aluno": "SIMÃO PEDRO GONÇALVES ANDREZ"
                },
                {
                    "codigo_aluno": "318(...)45",
                    "nome_aluno": "TIAGO LOPES COLAÇO DO ROSARIO VENANCIO"
                }
            ]
        },
        {
            "codigo_curso": "9350",
            "nome_curso": "9350 - Ciência e Tecnologia dos Alimentos",
            "colocados": []
        },
        {
            "codigo_curso": "9099",
            "nome_curso": "9099 - Engenharia do Ambiente",
            "colocados": []
        }
    ]
}