{
    "codigo_universidade": "3065",
    "nome_universidade": "3065 - Instituto Politécnico de Coimbra - Escola Superior de Tecnologia e Gestão de Oliveira do Hospital",
    "cursos": [
        {
            "codigo_curso": "9058",
            "nome_curso": "9058 - Contabilidade e Administração",
            "colocados": [
                {
                    "codigo_aluno": "309(...)78",
                    "nome_aluno": "AFONSO EMANUEL CATARINO OLIVEIRA"
                },
                {
                    "codigo_aluno": "303(...)92",
                    "nome_aluno": "ANA CATARINA ESTEVES BARATA"
                },
                {
                    "codigo_aluno": "301(...)59",
                    "nome_aluno": "ARIANA FILIPA FRAGA GARCIA"
                },
                {
                    "codigo_aluno": "309(...)13",
                    "nome_aluno": "BEATRIZ FILIPA ALMEIDA GONÇALVES"
                },
                {
                    "codigo_aluno": "301(...)30",
                    "nome_aluno": "BEATRIZ PEREIRA DA CUNHA"
                },
                {
                    "codigo_aluno": "308(...)01",
                    "nome_aluno": "BEATRIZ SOLANGE CORREIA DA CRUZ"
                },
                {
                    "codigo_aluno": "242(...)02",
                    "nome_aluno": "CAI HONG JI"
                },
                {
                    "codigo_aluno": "152(...)73",
                    "nome_aluno": "CAROLINA CERQUEIRA LIMA"
                },
                {
                    "codigo_aluno": "240(...)09",
                    "nome_aluno": "CLÁUDIA ISABEL DOS SANTOS BARBOSA"
                },
                {
                    "codigo_aluno": "157(...)74",
                    "nome_aluno": "ÉRICA BIANCA DA CUNHA RIBEIRO"
                },
                {
                    "codigo_aluno": "306(...)69",
                    "nome_aluno": "EVA RAPOSO MARTINHO"
                },
                {
                    "codigo_aluno": "315(...)49",
                    "nome_aluno": "FILIPA LIMA SALEIRO"
                },
                {
                    "codigo_aluno": "154(...)12",
                    "nome_aluno": "FRANCISCA MARIA PEREIRA DOS SANTOS"
                },
                {
                    "codigo_aluno": "306(...)30",
                    "nome_aluno": "GABRIELA PEDRO BARREIRA"
                },
                {
                    "codigo_aluno": "155(...)09",
                    "nome_aluno": "GONÇALO RAFAEL MARQUES DOS REIS"
                },
                {
                    "codigo_aluno": "159(...)49",
                    "nome_aluno": "INÊS DOS SANTOS COIMBRA"
                },
                {
                    "codigo_aluno": "305(...)32",
                    "nome_aluno": "INÊS FURTADO SERRA"
                },
                {
                    "codigo_aluno": "303(...)86",
                    "nome_aluno": "IOLANDA DOS SANTOS FELEIJA"
                },
                {
                    "codigo_aluno": "305(...)56",
                    "nome_aluno": "JOANA BERNARDO VARELA"
                },
                {
                    "codigo_aluno": "152(...)32",
                    "nome_aluno": "JOANA FERNANDES MESTRE"
                },
                {
                    "codigo_aluno": "240(...)31",
                    "nome_aluno": "KARYNE SILVA DINIZ"
                },
                {
                    "codigo_aluno": "303(...)47",
                    "nome_aluno": "LARA GUINDEIRA OLAS"
                },
                {
                    "codigo_aluno": "308(...)11",
                    "nome_aluno": "LARA MARGARIDA SARAMAGO COSTA"
                },
                {
                    "codigo_aluno": "314(...)19",
                    "nome_aluno": "LEONOR NEVES HENRIQUES GOMES DINIS"
                },
                {
                    "codigo_aluno": "301(...)04",
                    "nome_aluno": "LÍVIA RODRIGUES BARRETO"
                },
                {
                    "codigo_aluno": "312(...)52",
                    "nome_aluno": "MARGARIDA ISABEL FERREIRA"
                },
                {
                    "codigo_aluno": "310(...)45",
                    "nome_aluno": "MARGARIDA LOPES DA COSTA"
                },
                {
                    "codigo_aluno": "156(...)22",
                    "nome_aluno": "MARIA CLARA MARTINS FERNANDES"
                },
                {
                    "codigo_aluno": "159(...)76",
                    "nome_aluno": "MARIA INÊS GONÇALVES AIRES"
                },
                {
                    "codigo_aluno": "318(...)36",
                    "nome_aluno": "MARIA INÊS OLIVEIRA SOARES"
                },
                {
                    "codigo_aluno": "150(...)00",
                    "nome_aluno": "MARIA JOÃO OLIVEIRA PENACHO"
                },
                {
                    "codigo_aluno": "158(...)53",
                    "nome_aluno": "MARIANA MATOS JARDIM"
                },
                {
                    "codigo_aluno": "157(...)60",
                    "nome_aluno": "NUNO OLIVEIRA GONÇALVES"
                },
                {
                    "codigo_aluno": "307(...)89",
                    "nome_aluno": "PEDRO MIGUEL AZEVEDO FILIPE"
                },
                {
                    "codigo_aluno": "156(...)79",
                    "nome_aluno": "RUBEN ODOSA FERREIRA DA SILVA"
                },
                {
                    "codigo_aluno": "309(...)40",
                    "nome_aluno": "SARA SANTOS SILVA"
                },
                {
                    "codigo_aluno": "310(...)46",
                    "nome_aluno": "SERENA LEAL LOPES"
                },
                {
                    "codigo_aluno": "316(...)69",
                    "nome_aluno": "TATIANA FILIPA FERNANDES JOÃO"
                }
            ]
        },
        {
            "codigo_curso": "9119",
            "nome_curso": "9119 - Engenharia Informática",
            "colocados": [
                {
                    "codigo_aluno": "310(...)57",
                    "nome_aluno": "AFONSO GUILHERME FERREIRA RAMOS"
                },
                {
                    "codigo_aluno": "306(...)78",
                    "nome_aluno": "AFONSO JOSÉ PARENTE SOUSA"
                },
                {
                    "codigo_aluno": "309(...)90",
                    "nome_aluno": "AFONSO MIGUEL PERES SILVA"
                },
                {
                    "codigo_aluno": "302(...)67",
                    "nome_aluno": "AFONSO PERES COSTA"
                },
                {
                    "codigo_aluno": "310(...)15",
                    "nome_aluno": "DAVID JOSÉ FERNANDES PACHECO"
                },
                {
                    "codigo_aluno": "308(...)18",
                    "nome_aluno": "DAVID TOMÁS DOS SANTOS GOMES"
                },
                {
                    "codigo_aluno": "152(...)64",
                    "nome_aluno": "DIOGO DINIS TEIXEIRA SOARES"
                },
                {
                    "codigo_aluno": "310(...)62",
                    "nome_aluno": "DIOGO HENRIQUE SILVA MENDONÇA"
                },
                {
                    "codigo_aluno": "314(...)76",
                    "nome_aluno": "EDGAR FILIPE TEIXEIRA GOMES"
                },
                {
                    "codigo_aluno": "308(...)39",
                    "nome_aluno": "GONÇALO DUARTE FERREIRA"
                },
                {
                    "codigo_aluno": "309(...)92",
                    "nome_aluno": "GONÇALO SANTOS BOIÇA"
                },
                {
                    "codigo_aluno": "306(...)30",
                    "nome_aluno": "ILLIA KOSTEREV"
                },
                {
                    "codigo_aluno": "157(...)12",
                    "nome_aluno": "INÊS SOUSA ALMEIDA"
                },
                {
                    "codigo_aluno": "305(...)31",
                    "nome_aluno": "JOÃO MANUEL GONÇALVES BEZERRA"
                },
                {
                    "codigo_aluno": "310(...)87",
                    "nome_aluno": "JOÂO MIGUEL PIMENTEL CAVALEIRO"
                },
                {
                    "codigo_aluno": "307(...)08",
                    "nome_aluno": "JOSÉ MANUEL MARQUES LOPES"
                },
                {
                    "codigo_aluno": "309(...)66",
                    "nome_aluno": "JOSÉ PAULO FALCÃO DE BRITO VALENTE DE BRITO"
                },
                {
                    "codigo_aluno": "306(...)07",
                    "nome_aluno": "JOSÉ RIBEIRO PEREIRA DA SILVA"
                },
                {
                    "codigo_aluno": "158(...)53",
                    "nome_aluno": "JULIANA DE JESUS LOURO"
                },
                {
                    "codigo_aluno": "301(...)94",
                    "nome_aluno": "LEONOR TEIXEIRA DA FONSECA"
                },
                {
                    "codigo_aluno": "305(...)78",
                    "nome_aluno": "LINDA ALEXANDRA FERREIRA ARAÚJO"
                },
                {
                    "codigo_aluno": "312(...)52",
                    "nome_aluno": "LUÍS MIGUEL CORREIA LOPES"
                },
                {
                    "codigo_aluno": "321(...)43",
                    "nome_aluno": "PEDRO HENRIQUE PEREIRA SANTANA"
                },
                {
                    "codigo_aluno": "306(...)64",
                    "nome_aluno": "QUÉVIN LIBÓRIO FERREIRA"
                },
                {
                    "codigo_aluno": "304(...)19",
                    "nome_aluno": "RAFAEL CRISTOVAO SERRA LOBO"
                },
                {
                    "codigo_aluno": "159(...)04",
                    "nome_aluno": "RODRIGO ABREU LOPES"
                },
                {
                    "codigo_aluno": "157(...)14",
                    "nome_aluno": "RODRIGO FERREIRA PINTO LOPES"
                },
                {
                    "codigo_aluno": "305(...)64",
                    "nome_aluno": "TIAGO CORREIA PINTO"
                },
                {
                    "codigo_aluno": "314(...)49",
                    "nome_aluno": "TIAGO PINHO DA SILVA"
                }
            ]
        },
        {
            "codigo_curso": "9147",
            "nome_curso": "9147 - Gestão",
            "colocados": [
                {
                    "codigo_aluno": "153(...)35",
                    "nome_aluno": "AFONSO DE ABREU ALBINO"
                },
                {
                    "codigo_aluno": "318(...)07",
                    "nome_aluno": "ANA RITA GASPAR PINTO"
                },
                {
                    "codigo_aluno": "302(...)08",
                    "nome_aluno": "ANDREIA VAZ CONDE"
                },
                {
                    "codigo_aluno": "309(...)49",
                    "nome_aluno": "BEATRIZ COSTA GOMES"
                },
                {
                    "codigo_aluno": "157(...)16",
                    "nome_aluno": "BEATRIZ DOS SANTOS FERREIRA"
                },
                {
                    "codigo_aluno": "309(...)68",
                    "nome_aluno": "BEATRIZ MACHADO MAGALHÃES"
                },
                {
                    "codigo_aluno": "306(...)98",
                    "nome_aluno": "CAROLINA COLAÇO NASCIMENTO"
                },
                {
                    "codigo_aluno": "305(...)07",
                    "nome_aluno": "DANIEL MOREIRA PIRES"
                },
                {
                    "codigo_aluno": "306(...)08",
                    "nome_aluno": "DAVID RODRIGUES SIMÕES"
                },
                {
                    "codigo_aluno": "306(...)75",
                    "nome_aluno": "FILIPA DANIELA PATRICIO DA SILVA"
                },
                {
                    "codigo_aluno": "303(...)85",
                    "nome_aluno": "GABRIEL TRAVASSO DE SOUSA"
                },
                {
                    "codigo_aluno": "151(...)84",
                    "nome_aluno": "GONÇALO OLIVEIRA RODRIGUES"
                },
                {
                    "codigo_aluno": "154(...)27",
                    "nome_aluno": "ISABEL MARGARIDA TEIXEIRA MENDONÇA"
                },
                {
                    "codigo_aluno": "305(...)49",
                    "nome_aluno": "JOANA CATARINA PEREIRA BORGES"
                },
                {
                    "codigo_aluno": "155(...)18",
                    "nome_aluno": "JOÃO FILIPE FERREIRA COSTA"
                },
                {
                    "codigo_aluno": "310(...)47",
                    "nome_aluno": "JOAQUINA FERNANDES CORTIÇO ELVAS"
                },
                {
                    "codigo_aluno": "314(...)12",
                    "nome_aluno": "LARA ALEXANDRA GOMES MOURA"
                },
                {
                    "codigo_aluno": "153(...)10",
                    "nome_aluno": "LARA GOMES SOUSA"
                },
                {
                    "codigo_aluno": "325(...)27",
                    "nome_aluno": "LUÍS CARLOS SÁ NOGUEIRA FURTADO BENCHIMOL DE ALMEIDA"
                },
                {
                    "codigo_aluno": "314(...)92",
                    "nome_aluno": "MAFALDA CASTRO FERREIRA"
                },
                {
                    "codigo_aluno": "153(...)06",
                    "nome_aluno": "MARIA BEATRIZ COSTA AGUIAR"
                },
                {
                    "codigo_aluno": "318(...)48",
                    "nome_aluno": "MARIA CORREIA VARELA SILVA"
                },
                {
                    "codigo_aluno": "151(...)61",
                    "nome_aluno": "MARIA LEONOR COSTA ALMEIDA"
                },
                {
                    "codigo_aluno": "314(...)60",
                    "nome_aluno": "MARIANA ISABEL MORGADO ALVARINHAS"
                },
                {
                    "codigo_aluno": "309(...)12",
                    "nome_aluno": "MATILDE NUNES NELSON"
                },
                {
                    "codigo_aluno": "315(...)59",
                    "nome_aluno": "PAULO JORGE CARVALHO TEIXEIRA DA SILVA"
                },
                {
                    "codigo_aluno": "309(...)51",
                    "nome_aluno": "PEDRO MIGUEL NETO DE ABREU"
                },
                {
                    "codigo_aluno": "312(...)03",
                    "nome_aluno": "PEDRO TEIXEIRA SOARES"
                },
                {
                    "codigo_aluno": "301(...)97",
                    "nome_aluno": "SARA ALEXANDRA DOS SANTOS DA SILVA LOURENÇO"
                },
                {
                    "codigo_aluno": "153(...)09",
                    "nome_aluno": "SARA MARTINS MENESES"
                },
                {
                    "codigo_aluno": "318(...)49",
                    "nome_aluno": "SIMÃO JOSÉ DOS SANTOS FERREIRA"
                },
                {
                    "codigo_aluno": "152(...)33",
                    "nome_aluno": "SOFIA ISIS MATOS GOMES"
                },
                {
                    "codigo_aluno": "309(...)58",
                    "nome_aluno": "SOFIA PEREIRA DIAS"
                },
                {
                    "codigo_aluno": "315(...)48",
                    "nome_aluno": "SORAIA FERREIRA MARQUES"
                },
                {
                    "codigo_aluno": "152(...)68",
                    "nome_aluno": "TIAGO ALEXANDRE FILIPE PROA"
                },
                {
                    "codigo_aluno": "307(...)48",
                    "nome_aluno": "TOMÁS SIRGADO ABREU"
                }
            ]
        },
        {
            "codigo_curso": "9895",
            "nome_curso": "9895 - Gestão do Território",
            "colocados": [
                {
                    "codigo_aluno": "150(...)79",
                    "nome_aluno": "LAURA SOFIA PINHEIRO SIMÕES"
                },
                {
                    "codigo_aluno": "306(...)93",
                    "nome_aluno": "LUCIANA ISABEL DANTAS AMORIM"
                },
                {
                    "codigo_aluno": "310(...)80",
                    "nome_aluno": "MICAELA MENDES DA SILVA"
                },
                {
                    "codigo_aluno": "157(...)98",
                    "nome_aluno": "RAMIRO ALVES PEGUEIRO"
                },
                {
                    "codigo_aluno": "312(...)55",
                    "nome_aluno": "RENATO SOBRAL PISSARRA"
                },
                {
                    "codigo_aluno": "310(...)35",
                    "nome_aluno": "SAMARA KELLEY OLIVEIRA VALIATI"
                },
                {
                    "codigo_aluno": "152(...)31",
                    "nome_aluno": "TIAGO ÁGUAS BRITO"
                }
            ]
        },
        {
            "codigo_curso": "L305",
            "nome_curso": "L305 - Gestão e Biociências",
            "colocados": [
                {
                    "codigo_aluno": "240(...)13",
                    "nome_aluno": "ANA CLARA VASQUES SOUZA DE ALMEIDA"
                },
                {
                    "codigo_aluno": "156(...)51",
                    "nome_aluno": "ANDRÉ FILIPE PEREIRA SILVA"
                },
                {
                    "codigo_aluno": "314(...)53",
                    "nome_aluno": "ANDRE RICARDO DIAS ALVES"
                },
                {
                    "codigo_aluno": "309(...)07",
                    "nome_aluno": "BEATRIZ GOMES PINHAO"
                },
                {
                    "codigo_aluno": "153(...)64",
                    "nome_aluno": "BEATRIZ MARTINS FERREIRA"
                },
                {
                    "codigo_aluno": "240(...)03",
                    "nome_aluno": "DAYVISON FERNANDES DE LIMA PEREIRA"
                },
                {
                    "codigo_aluno": "153(...)27",
                    "nome_aluno": "FRANCISCA ESPADA FEIO VIEIRA GONÇALVES"
                },
                {
                    "codigo_aluno": "157(...)32",
                    "nome_aluno": "INES MARIA TEIXEIRA FERNANDES DE MELO"
                },
                {
                    "codigo_aluno": "313(...)57",
                    "nome_aluno": "MARIA DE FÁTIMA DZHYGRYNYUK"
                },
                {
                    "codigo_aluno": "300(...)84",
                    "nome_aluno": "MIGUEL SAIAS ALABAÇA"
                },
                {
                    "codigo_aluno": "309(...)76",
                    "nome_aluno": "RODRIGO LOURENÇO MARQUES"
                },
                {
                    "codigo_aluno": "314(...)38",
                    "nome_aluno": "TIAGO LUÍS MACEDO"
                }
            ]
        },
        {
            "codigo_curso": "9205",
            "nome_curso": "9205 - Marketing",
            "colocados": [
                {
                    "codigo_aluno": "145(...)07",
                    "nome_aluno": "ADRIANA FILIPA SANTOS MOITAS"
                },
                {
                    "codigo_aluno": "312(...)82",
                    "nome_aluno": "ALEXIS RUANO DIAS"
                },
                {
                    "codigo_aluno": "300(...)68",
                    "nome_aluno": "ALICE LEAL DA SILVA"
                },
                {
                    "codigo_aluno": "314(...)66",
                    "nome_aluno": "ANA CAROLINA COSTA NUNES"
                },
                {
                    "codigo_aluno": "300(...)93",
                    "nome_aluno": "ANA MARTA LAPA DA SILVA"
                },
                {
                    "codigo_aluno": "157(...)50",
                    "nome_aluno": "BEATRIZ FILIPA SOARES DELGADO"
                },
                {
                    "codigo_aluno": "309(...)77",
                    "nome_aluno": "BEATRIZ SEQUEIRA DIAS"
                },
                {
                    "codigo_aluno": "317(...)50",
                    "nome_aluno": "BIANCA LEANDRO ROCHA"
                },
                {
                    "codigo_aluno": "307(...)22",
                    "nome_aluno": "BRUNA MICAELA DA COSTA RIBEIRO"
                },
                {
                    "codigo_aluno": "301(...)42",
                    "nome_aluno": "CATARINA BASTOS DIAS DE MATOS"
                },
                {
                    "codigo_aluno": "159(...)40",
                    "nome_aluno": "DANIEL ANGHELUTA"
                },
                {
                    "codigo_aluno": "300(...)76",
                    "nome_aluno": "DIOGO BAPTISTA DIAS"
                },
                {
                    "codigo_aluno": "159(...)87",
                    "nome_aluno": "DIOGO CAPELA GASPAR"
                },
                {
                    "codigo_aluno": "301(...)07",
                    "nome_aluno": "GABRIELA FONTES GUIMARÃES"
                },
                {
                    "codigo_aluno": "302(...)79",
                    "nome_aluno": "GUILHERME JOSÉ VIEIRA FERNANDES"
                },
                {
                    "codigo_aluno": "157(...)66",
                    "nome_aluno": "INÊS PEREIRA CRISÓSTOMO"
                },
                {
                    "codigo_aluno": "154(...)72",
                    "nome_aluno": "JESSIE CAETANO DA SILVA"
                },
                {
                    "codigo_aluno": "159(...)89",
                    "nome_aluno": "JOANA OLIVEIRA PINTO"
                },
                {
                    "codigo_aluno": "152(...)61",
                    "nome_aluno": "JOÃO GONÇALVES CORDEIRO"
                },
                {
                    "codigo_aluno": "156(...)23",
                    "nome_aluno": "LEANDRA CAMPOS GOMES"
                },
                {
                    "codigo_aluno": "307(...)26",
                    "nome_aluno": "LEONOR MARTINS SILVA"
                },
                {
                    "codigo_aluno": "304(...)95",
                    "nome_aluno": "LEONOR VIEIRA FALANCES"
                },
                {
                    "codigo_aluno": "309(...)97",
                    "nome_aluno": "LETÍCIA MARIA CARDOSO VINAGREIRO"
                },
                {
                    "codigo_aluno": "323(...)17",
                    "nome_aluno": "MADALINA MARIA TATAR"
                },
                {
                    "codigo_aluno": "304(...)94",
                    "nome_aluno": "MARA ALEXANDRA DOS SANTOS BASTOS"
                },
                {
                    "codigo_aluno": "151(...)43",
                    "nome_aluno": "MARIA LUÍS MONTEIRO DOS SANTOS"
                },
                {
                    "codigo_aluno": "310(...)58",
                    "nome_aluno": "MARIANA TEIXEIRA DE SOUSA"
                },
                {
                    "codigo_aluno": "306(...)99",
                    "nome_aluno": "MARTA SOARES PINTO"
                },
                {
                    "codigo_aluno": "156(...)23",
                    "nome_aluno": "MATILDE GONÇALVES MOREIRA"
                },
                {
                    "codigo_aluno": "308(...)19",
                    "nome_aluno": "SÍLVIA TATIANA MACHADO ROCHA"
                },
                {
                    "codigo_aluno": "147(...)50",
                    "nome_aluno": "SIMÃO HENRIQUES MOREIRA"
                },
                {
                    "codigo_aluno": "150(...)81",
                    "nome_aluno": "TERESA SARAIVA DE SOUSA E SANTOS"
                },
                {
                    "codigo_aluno": "302(...)89",
                    "nome_aluno": "TOMÁS DOS SANTOS SIMÕES"
                }
            ]
        }
    ]
}