{
    "codigo_universidade": "3152",
    "nome_universidade": "3152 - Instituto Politécnico de Setúbal - Escola Superior de Tecnologia de Setúbal",
    "cursos": [
        {
            "codigo_curso": "9092",
            "nome_curso": "9092 - Engenharia de Automação, Controlo e Instrumentação",
            "colocados": [
                {
                    "codigo_aluno": "301(...)51",
                    "nome_aluno": "GABRIEL MAGALHÃES DA SILVA NEVES"
                },
                {
                    "codigo_aluno": "301(...)38",
                    "nome_aluno": "HENRIQUE MORGANHEIRA CORREIA"
                },
                {
                    "codigo_aluno": "154(...)35",
                    "nome_aluno": "SANTIAGO CALADO DIAS"
                }
            ]
        },
        {
            "codigo_curso": "9112",
            "nome_curso": "9112 - Engenharia Eletrotécnica e de Computadores",
            "colocados": [
                {
                    "codigo_aluno": "311(...)69",
                    "nome_aluno": "DIOGO MIGUEL DA CRUZ FERNANDES"
                },
                {
                    "codigo_aluno": "153(...)02",
                    "nome_aluno": "GABRIEL ALEXANDRE MIRANDA BÔTO"
                }
            ]
        },
        {
            "codigo_curso": "9119",
            "nome_curso": "9119 - Engenharia Informática",
            "colocados": [
                {
                    "codigo_aluno": "300(...)25",
                    "nome_aluno": "AFONSO ABREU VAZ"
                },
                {
                    "codigo_aluno": "152(...)86",
                    "nome_aluno": "AFONSO OLIVEIRA ALVANÉ"
                },
                {
                    "codigo_aluno": "302(...)20",
                    "nome_aluno": "ALEXANDRE JORGE DA SILVA FERNANDES"
                },
                {
                    "codigo_aluno": "303(...)43",
                    "nome_aluno": "ALEXANDRE MARQUES DIAS"
                },
                {
                    "codigo_aluno": "305(...)24",
                    "nome_aluno": "ANDRÉ FILIPE PAULO ROCHA"
                },
                {
                    "codigo_aluno": "154(...)01",
                    "nome_aluno": "ANDRÉ LUÍS SABINO MAIO"
                },
                {
                    "codigo_aluno": "151(...)66",
                    "nome_aluno": "ANDRE SANTOS FERNANDES"
                },
                {
                    "codigo_aluno": "333(...)74",
                    "nome_aluno": "ARLINDO MINO CHICALA"
                },
                {
                    "codigo_aluno": "322(...)83",
                    "nome_aluno": "ARTEM CHERNOUSOV"
                },
                {
                    "codigo_aluno": "303(...)22",
                    "nome_aluno": "BEATRIZ CERQUEIRA VIEIRA"
                },
                {
                    "codigo_aluno": "305(...)71",
                    "nome_aluno": "BRUNO MANUEL DA SILVA PEREIRA"
                },
                {
                    "codigo_aluno": "302(...)23",
                    "nome_aluno": "BRUNO MIGUEL SARAIVA PINHEIRO"
                },
                {
                    "codigo_aluno": "153(...)56",
                    "nome_aluno": "CLÁUDIO TOMÁS BATE DIAS"
                },
                {
                    "codigo_aluno": "150(...)14",
                    "nome_aluno": "DAVID ALEXANDRE DE OLIVEIRA FERREIRA"
                },
                {
                    "codigo_aluno": "302(...)62",
                    "nome_aluno": "DAVID TEOTÓNIO CARVALHO"
                },
                {
                    "codigo_aluno": "155(...)60",
                    "nome_aluno": "DINIS MANUEL VAZQUEZ GOMES TORRES"
                },
                {
                    "codigo_aluno": "157(...)64",
                    "nome_aluno": "DIOGO DOS SANTOS BOTELHO"
                },
                {
                    "codigo_aluno": "313(...)88",
                    "nome_aluno": "DIOGO FILIPE CARVALHO GOMES"
                },
                {
                    "codigo_aluno": "305(...)79",
                    "nome_aluno": "DIOGO FILIPE MARTINS ARAUJO"
                },
                {
                    "codigo_aluno": "154(...)72",
                    "nome_aluno": "DIOGO JOSE NAVARRO RIBEIRO BRITO"
                },
                {
                    "codigo_aluno": "310(...)19",
                    "nome_aluno": "DIOGO MIGUEL NOBRE PÃO MOLE"
                },
                {
                    "codigo_aluno": "306(...)24",
                    "nome_aluno": "DIOGO PINTO FORTUNA PINA"
                },
                {
                    "codigo_aluno": "301(...)17",
                    "nome_aluno": "DUARTE DOS SANTOS PIRES DA SILVA"
                },
                {
                    "codigo_aluno": "315(...)96",
                    "nome_aluno": "ELIOENAI MENDES VITOREIRA"
                },
                {
                    "codigo_aluno": "158(...)40",
                    "nome_aluno": "FILIPE MIGUEL AMARO PASSARINHO"
                },
                {
                    "codigo_aluno": "303(...)82",
                    "nome_aluno": "GABRIEL NAMORADO DOS SANTOS"
                },
                {
                    "codigo_aluno": "304(...)60",
                    "nome_aluno": "GONÇALO CONCEIÇÃO DA SILVA SOARES"
                },
                {
                    "codigo_aluno": "303(...)45",
                    "nome_aluno": "GONÇALO LAGES DOS SANTOS ANASTÁCIO"
                },
                {
                    "codigo_aluno": "308(...)26",
                    "nome_aluno": "HUGO DANIEL BASÍLIO BARRELAS"
                },
                {
                    "codigo_aluno": "307(...)02",
                    "nome_aluno": "INÊS SOFIA PEREIRA PARRULAS"
                },
                {
                    "codigo_aluno": "309(...)23",
                    "nome_aluno": "JAIME JOSÉ DA FONSECA ROSADO"
                },
                {
                    "codigo_aluno": "306(...)39",
                    "nome_aluno": "JOANA CORREIA LOPES LAGARTO"
                },
                {
                    "codigo_aluno": "309(...)17",
                    "nome_aluno": "JOÃO DINIS OLIVEIRA DE CASTRO FREITAS"
                },
                {
                    "codigo_aluno": "240(...)05",
                    "nome_aluno": "JORGE WILLIAM LIMA GONÇALVES DE SOUSA"
                },
                {
                    "codigo_aluno": "154(...)87",
                    "nome_aluno": "LIAM DAVID LOPES"
                },
                {
                    "codigo_aluno": "240(...)04",
                    "nome_aluno": "LÍVIA MASONE BARRETO"
                },
                {
                    "codigo_aluno": "307(...)41",
                    "nome_aluno": "LUIS MIGUEL BALISA MARICATO"
                },
                {
                    "codigo_aluno": "306(...)97",
                    "nome_aluno": "MARTIM GONÇALO VEIGA ROUSSADO DA COSTA"
                },
                {
                    "codigo_aluno": "157(...)74",
                    "nome_aluno": "MICAEL DA SILVA RIBEIRO"
                },
                {
                    "codigo_aluno": "149(...)33",
                    "nome_aluno": "MIGUEL NUNO TERRA PORTELA"
                },
                {
                    "codigo_aluno": "309(...)99",
                    "nome_aluno": "PAULO ALEXANDRE CARTAXO GUERREIRO"
                },
                {
                    "codigo_aluno": "301(...)32",
                    "nome_aluno": "PEDRO SALVADOR SANCHEZ FIDALGO CORREIA DE OLIVEIRA"
                },
                {
                    "codigo_aluno": "159(...)48",
                    "nome_aluno": "PEDRO TELES MARTINS"
                },
                {
                    "codigo_aluno": "307(...)49",
                    "nome_aluno": "RAFAEL AGOSTINHO PEÇAS"
                },
                {
                    "codigo_aluno": "308(...)23",
                    "nome_aluno": "RAFAEL DIAS JUNQUEIRA"
                },
                {
                    "codigo_aluno": "150(...)69",
                    "nome_aluno": "RAFAEL DOS SANTOS PATRONILHO"
                },
                {
                    "codigo_aluno": "151(...)63",
                    "nome_aluno": "RAFAEL JUSTINO ROLAO"
                },
                {
                    "codigo_aluno": "316(...)39",
                    "nome_aluno": "RENATO ALEXANDRE MACHADO JANEIRO"
                },
                {
                    "codigo_aluno": "312(...)43",
                    "nome_aluno": "RENATO DE SOUSA ALMAS MATOS"
                },
                {
                    "codigo_aluno": "303(...)92",
                    "nome_aluno": "RICARDO DOS SANTOS VAZ"
                },
                {
                    "codigo_aluno": "306(...)92",
                    "nome_aluno": "RODRIGO ALEXANDRE VERÍSSIMO ASCENSO"
                },
                {
                    "codigo_aluno": "316(...)11",
                    "nome_aluno": "RODRIGO COSTA CARNEIRO"
                },
                {
                    "codigo_aluno": "309(...)54",
                    "nome_aluno": "RODRIGO DA COSTA NOVAIS DIAS"
                },
                {
                    "codigo_aluno": "156(...)22",
                    "nome_aluno": "RODRIGO FONTES SIMÕES"
                },
                {
                    "codigo_aluno": "300(...)63",
                    "nome_aluno": "RODRIGO MIGUEL CABRITA PITA"
                },
                {
                    "codigo_aluno": "156(...)17",
                    "nome_aluno": "RODRIGO MIGUEL GATO SOBRAL"
                },
                {
                    "codigo_aluno": "152(...)54",
                    "nome_aluno": "RODRIGO MONIZ MENDONÇA"
                },
                {
                    "codigo_aluno": "309(...)48",
                    "nome_aluno": "RODRIGO MOURA RODRIGUES"
                },
                {
                    "codigo_aluno": "316(...)13",
                    "nome_aluno": "RODRIGO OLIVEIRA ANTUNES"
                },
                {
                    "codigo_aluno": "305(...)88",
                    "nome_aluno": "RODRIGO RAPOSO GRALHEIRA"
                },
                {
                    "codigo_aluno": "156(...)60",
                    "nome_aluno": "RODRIGO SOUSA COELHO"
                },
                {
                    "codigo_aluno": "309(...)43",
                    "nome_aluno": "RUI MIGUEL DIAS DA CONCEIÇÃO"
                },
                {
                    "codigo_aluno": "300(...)47",
                    "nome_aluno": "SOFIA CONSTANTE SEGURO DE CARVALHO"
                },
                {
                    "codigo_aluno": "240(...)13",
                    "nome_aluno": "THIAGO FERRARI NABOAS FARIAS"
                },
                {
                    "codigo_aluno": "311(...)35",
                    "nome_aluno": "TIAGO MIGUEL DA SILVA MARQUES"
                },
                {
                    "codigo_aluno": "315(...)30",
                    "nome_aluno": "TIAGO SORATO DA SILVA"
                },
                {
                    "codigo_aluno": "310(...)51",
                    "nome_aluno": "TOMÁS LIMA DE SOUSA MALICIA"
                },
                {
                    "codigo_aluno": "302(...)46",
                    "nome_aluno": "TOMÁS LOUREIRO PATROCÍNIO"
                },
                {
                    "codigo_aluno": "309(...)52",
                    "nome_aluno": "VALERIO ADRIANO SLUSARI"
                },
                {
                    "codigo_aluno": "312(...)93",
                    "nome_aluno": "VASCO FILIPE TELES TEIXEIRA"
                }
            ]
        },
        {
            "codigo_curso": "9123",
            "nome_curso": "9123 - Engenharia Mecânica",
            "colocados": [
                {
                    "codigo_aluno": "309(...)24",
                    "nome_aluno": "DINIS FILIPE SEQUEIRA PEREIRA"
                },
                {
                    "codigo_aluno": "152(...)10",
                    "nome_aluno": "DUARTE AREIAS DA SILVA"
                },
                {
                    "codigo_aluno": "305(...)37",
                    "nome_aluno": "DUARTE LOPES RICO"
                },
                {
                    "codigo_aluno": "303(...)63",
                    "nome_aluno": "FILIPE DA COSTA PERPÉTUO"
                },
                {
                    "codigo_aluno": "307(...)69",
                    "nome_aluno": "GABRIEL ALMEIDA GASPAR"
                },
                {
                    "codigo_aluno": "240(...)07",
                    "nome_aluno": "GABRIEL LEONARDO MAINHERICHE"
                },
                {
                    "codigo_aluno": "150(...)43",
                    "nome_aluno": "GONÇALO MARIA DA CRUZ MARTINS CAIADO"
                },
                {
                    "codigo_aluno": "302(...)34",
                    "nome_aluno": "GONÇALO REIS ALFAIATE"
                },
                {
                    "codigo_aluno": "152(...)89",
                    "nome_aluno": "GUILHERME FILIPE DOS ANJOS MALHEIRO"
                },
                {
                    "codigo_aluno": "156(...)11",
                    "nome_aluno": "JOSÉ DUARTE VELOSO FIDALGO"
                },
                {
                    "codigo_aluno": "155(...)51",
                    "nome_aluno": "MARTIM DANIEL VAZQUEZ GOMES TORRES"
                },
                {
                    "codigo_aluno": "309(...)61",
                    "nome_aluno": "NUNO MIGUEL CARVALHO ROSA"
                },
                {
                    "codigo_aluno": "313(...)51",
                    "nome_aluno": "RAFAEL PAULO TEIXEIRA"
                },
                {
                    "codigo_aluno": "305(...)15",
                    "nome_aluno": "RODRIGO MIGUEL RAMOS SOARES"
                },
                {
                    "codigo_aluno": "159(...)53",
                    "nome_aluno": "RODRIGO MIGUEL RELVAS DIOGO"
                },
                {
                    "codigo_aluno": "306(...)76",
                    "nome_aluno": "SIMÃO BONITO MARTINS"
                },
                {
                    "codigo_aluno": "305(...)77",
                    "nome_aluno": "TIAGO LEITÃO MARMELO"
                }
            ]
        },
        {
            "codigo_curso": "L069",
            "nome_curso": "L069 - Tecnologia Biomédica",
            "colocados": [
                {
                    "codigo_aluno": "310(...)47",
                    "nome_aluno": "AFONSO RODRIGUES ROXO VIOLA"
                },
                {
                    "codigo_aluno": "156(...)35",
                    "nome_aluno": "BEATRIZ ALEXANDRA FIGUEIREDO FREITAS"
                },
                {
                    "codigo_aluno": "151(...)00",
                    "nome_aluno": "BEATRIZ CARVALHO MARTINHO SOARES AÇO"
                },
                {
                    "codigo_aluno": "307(...)06",
                    "nome_aluno": "BEATRIZ TADEU CORREIA"
                },
                {
                    "codigo_aluno": "303(...)27",
                    "nome_aluno": "BRUNA ALEXANDRA BEIRÃO SANTOS"
                },
                {
                    "codigo_aluno": "307(...)14",
                    "nome_aluno": "CAETANO AMARO DA SILVA FIGUEIRA"
                },
                {
                    "codigo_aluno": "157(...)85",
                    "nome_aluno": "CLÁUDIA EPALANGA PIRES"
                },
                {
                    "codigo_aluno": "332(...)87",
                    "nome_aluno": "CRISTINA MATEYCHUK"
                },
                {
                    "codigo_aluno": "152(...)25",
                    "nome_aluno": "DIANA ALEXANDRA DE SOUSA CUNHA RIBEIRO CATARINO"
                },
                {
                    "codigo_aluno": "306(...)76",
                    "nome_aluno": "DIANA TRAOALÉ ALVES"
                },
                {
                    "codigo_aluno": "156(...)09",
                    "nome_aluno": "DINIS MARTINS VENÂNCIO DE LIMA PERRO"
                },
                {
                    "codigo_aluno": "151(...)09",
                    "nome_aluno": "DINIS SALVADOR FERNANDES DE ARAÚJO"
                },
                {
                    "codigo_aluno": "302(...)21",
                    "nome_aluno": "DIOGO FILIPE COSTA LOBATO"
                },
                {
                    "codigo_aluno": "151(...)33",
                    "nome_aluno": "DIOGO MENDES DE ARAÚJO TOMÉ"
                },
                {
                    "codigo_aluno": "306(...)52",
                    "nome_aluno": "EVA RAMIAO MONTEIRO"
                },
                {
                    "codigo_aluno": "314(...)78",
                    "nome_aluno": "FILIPE DA COSTA BORGES"
                },
                {
                    "codigo_aluno": "159(...)09",
                    "nome_aluno": "FILIPE DAVID ARSENIO BRAS"
                },
                {
                    "codigo_aluno": "306(...)11",
                    "nome_aluno": "GONÇALO CALÇADA ESTEVES"
                },
                {
                    "codigo_aluno": "313(...)57",
                    "nome_aluno": "GUILHERME DOS REMÉDIOS CRUZ"
                },
                {
                    "codigo_aluno": "154(...)70",
                    "nome_aluno": "GUILHERME FERNANDES CESARIO"
                },
                {
                    "codigo_aluno": "152(...)86",
                    "nome_aluno": "HENRIQUE ANDRÉ RODRIGUES GOMES"
                },
                {
                    "codigo_aluno": "156(...)53",
                    "nome_aluno": "HENRIQUE CASTILHO PEREIRA"
                },
                {
                    "codigo_aluno": "305(...)64",
                    "nome_aluno": "IARA MARIA FERREIRA FERNANDES"
                },
                {
                    "codigo_aluno": "312(...)72",
                    "nome_aluno": "IGOR TANASCIUC"
                },
                {
                    "codigo_aluno": "157(...)01",
                    "nome_aluno": "INÊS TRINDADE PALHA"
                },
                {
                    "codigo_aluno": "308(...)12",
                    "nome_aluno": "IVO CARDOSO MALTINHA"
                },
                {
                    "codigo_aluno": "154(...)35",
                    "nome_aluno": "JÉSSICA SOFIA CASMARRINHA AGOSTINHO"
                },
                {
                    "codigo_aluno": "309(...)70",
                    "nome_aluno": "JOÃO AIRES RIPADO"
                },
                {
                    "codigo_aluno": "304(...)34",
                    "nome_aluno": "JÚLIO DUARTE MARCOS"
                },
                {
                    "codigo_aluno": "307(...)22",
                    "nome_aluno": "LAURA BATISTA NUNES"
                },
                {
                    "codigo_aluno": "300(...)25",
                    "nome_aluno": "LEONOR RAFAELA DOS SANTOS FERREIRA"
                },
                {
                    "codigo_aluno": "307(...)02",
                    "nome_aluno": "LUCAS ALEXANDRE MARTINS FOQUIM"
                },
                {
                    "codigo_aluno": "240(...)41",
                    "nome_aluno": "LUIS HENRIQUE ROSA DA SILVA"
                },
                {
                    "codigo_aluno": "309(...)81",
                    "nome_aluno": "MARGARIDA MESTRE DO CARMO"
                },
                {
                    "codigo_aluno": "156(...)34",
                    "nome_aluno": "MARGARIDA PERESTRELO DA SILVA PEREIRA"
                },
                {
                    "codigo_aluno": "306(...)63",
                    "nome_aluno": "MARGARIDA RAMALHO CARIA"
                },
                {
                    "codigo_aluno": "307(...)46",
                    "nome_aluno": "MARIA CAROLINA BATISTA VILAR MIRANDA"
                },
                {
                    "codigo_aluno": "304(...)21",
                    "nome_aluno": "MARIA MADALENA VIANA FRADE"
                },
                {
                    "codigo_aluno": "303(...)23",
                    "nome_aluno": "MARIA OLIVAL BRAZINHA"
                },
                {
                    "codigo_aluno": "157(...)69",
                    "nome_aluno": "MARIANA DE FIGUEIREDO DIAS GARRÔA PIRES"
                },
                {
                    "codigo_aluno": "154(...)79",
                    "nome_aluno": "MARTA VAZ LOPES"
                },
                {
                    "codigo_aluno": "159(...)49",
                    "nome_aluno": "MARTIM FILIPE ANTÓNIO MAFRA"
                },
                {
                    "codigo_aluno": "307(...)35",
                    "nome_aluno": "MIGUEL MARUJO GIL MATOSO"
                },
                {
                    "codigo_aluno": "304(...)51",
                    "nome_aluno": "MIRIAM FLORINDO MARTINS"
                },
                {
                    "codigo_aluno": "301(...)20",
                    "nome_aluno": "PEDRO NETO GAMEIRO"
                },
                {
                    "codigo_aluno": "153(...)61",
                    "nome_aluno": "RAFAELA VASCONCELOS REIS"
                },
                {
                    "codigo_aluno": "309(...)66",
                    "nome_aluno": "RICARDO BELCHIOR LEAL BORDADÁGUA"
                },
                {
                    "codigo_aluno": "304(...)50",
                    "nome_aluno": "SAHRA IRFAN JUSSUB SANTOS FERREIRA"
                },
                {
                    "codigo_aluno": "312(...)90",
                    "nome_aluno": "SARA LEITE CAETANO"
                }
            ]
        },
        {
            "codigo_curso": "9862",
            "nome_curso": "9862 - Tecnologia e Gestão Industrial (regime noturno)",
            "colocados": [
                {
                    "codigo_aluno": "306(...)55",
                    "nome_aluno": "ANTÓNIO BASTOS GUERRA DA SILVA FAZENDEIRO"
                },
                {
                    "codigo_aluno": "154(...)50",
                    "nome_aluno": "BEATRIZ DIAS SÃO BENTO"
                },
                {
                    "codigo_aluno": "155(...)40",
                    "nome_aluno": "CARLOS RAFAEL GARCIA DA PALMA"
                },
                {
                    "codigo_aluno": "309(...)52",
                    "nome_aluno": "DAVID DE MATOS MACHADO"
                },
                {
                    "codigo_aluno": "304(...)72",
                    "nome_aluno": "DUARTE DE ALMEIDA DUARTE DE MATOS"
                },
                {
                    "codigo_aluno": "317(...)90",
                    "nome_aluno": "FILIPE FERREIRA BOTINAS"
                },
                {
                    "codigo_aluno": "303(...)31",
                    "nome_aluno": "GUSTAVO LUÍS CUSTÓDIO COSTA"
                },
                {
                    "codigo_aluno": "307(...)97",
                    "nome_aluno": "GUSTAVO POLIDO MORGADO"
                },
                {
                    "codigo_aluno": "309(...)15",
                    "nome_aluno": "HUGO MIGUEL SANTOS BATISTA"
                },
                {
                    "codigo_aluno": "148(...)37",
                    "nome_aluno": "MARCO ANTONIO GOMES"
                },
                {
                    "codigo_aluno": "148(...)10",
                    "nome_aluno": "MARIANA RODRIGUES DE SOUSA"
                },
                {
                    "codigo_aluno": "314(...)61",
                    "nome_aluno": "MIGUEL COELHO PULQUÉRIO"
                },
                {
                    "codigo_aluno": "304(...)58",
                    "nome_aluno": "RODRIGO JOSÉ FERREIRA CARAPINHA"
                },
                {
                    "codigo_aluno": "310(...)94",
                    "nome_aluno": "TOMÁS VALENÇA ROQUE VIEIRA DA SILVA"
                },
                {
                    "codigo_aluno": "151(...)35",
                    "nome_aluno": "VICENTE MENDONCA QUARESMA"
                }
            ]
        },
        {
            "codigo_curso": "8515",
            "nome_curso": "8515 - Tecnologias de Energia",
            "colocados": [
                {
                    "codigo_aluno": "157(...)82",
                    "nome_aluno": "AFONSO DA SILVA CANDEIAS"
                },
                {
                    "codigo_aluno": "301(...)99",
                    "nome_aluno": "ANDRÉ FILIPE VEIGA MARQUEZ"
                },
                {
                    "codigo_aluno": "156(...)28",
                    "nome_aluno": "ANDRE JAIME SEBASTIAN"
                },
                {
                    "codigo_aluno": "303(...)39",
                    "nome_aluno": "ANDRÉ LOURENÇO FERREIRA"
                },
                {
                    "codigo_aluno": "159(...)92",
                    "nome_aluno": "ANTONIO GUILHERME CORREIA MENDES"
                },
                {
                    "codigo_aluno": "303(...)94",
                    "nome_aluno": "BEATRIZ CORDEIRO LEBRE"
                },
                {
                    "codigo_aluno": "306(...)13",
                    "nome_aluno": "BERNARDO SANTOS DE ALMEIDA"
                },
                {
                    "codigo_aluno": "306(...)18",
                    "nome_aluno": "BRUNO MIGUEL ALBINO SOARES"
                },
                {
                    "codigo_aluno": "307(...)02",
                    "nome_aluno": "DANIEL FILIPE NUNES CAEIRO"
                },
                {
                    "codigo_aluno": "158(...)60",
                    "nome_aluno": "DINIS DA SILVA LOURENÇO"
                },
                {
                    "codigo_aluno": "157(...)14",
                    "nome_aluno": "DIOGO FILIPE MARQUES NUNES"
                },
                {
                    "codigo_aluno": "305(...)06",
                    "nome_aluno": "FÁBIO MIGUEL PAULO ROCHA"
                },
                {
                    "codigo_aluno": "304(...)07",
                    "nome_aluno": "GABRIEL FERRÃO DAS NEVES"
                },
                {
                    "codigo_aluno": "305(...)44",
                    "nome_aluno": "GONÇALO ESPADA FERREIRA"
                },
                {
                    "codigo_aluno": "303(...)70",
                    "nome_aluno": "GONÇALO MARIA DUARTE SOARES"
                },
                {
                    "codigo_aluno": "307(...)32",
                    "nome_aluno": "GUILHERME MIGUEL BARBOSA COSTA"
                },
                {
                    "codigo_aluno": "305(...)78",
                    "nome_aluno": "GUILHERME VILAR CUSTÓDIO"
                },
                {
                    "codigo_aluno": "309(...)52",
                    "nome_aluno": "HENRIQUE PIRES CASTANHO"
                },
                {
                    "codigo_aluno": "152(...)50",
                    "nome_aluno": "HUGO ANDRÉ FALANTE BOTÃO"
                },
                {
                    "codigo_aluno": "309(...)88",
                    "nome_aluno": "JOÃO FILIPE COMBA LOURENÇO"
                },
                {
                    "codigo_aluno": "150(...)22",
                    "nome_aluno": "LUCAS VIEIRA MEDEIROS DE MELO"
                },
                {
                    "codigo_aluno": "155(...)43",
                    "nome_aluno": "MARTA FINO PRADA"
                },
                {
                    "codigo_aluno": "306(...)93",
                    "nome_aluno": "PEDRO HENRIQUE BENTO TORRES"
                },
                {
                    "codigo_aluno": "304(...)21",
                    "nome_aluno": "PEDRO LOPES RIBEIRO"
                },
                {
                    "codigo_aluno": "310(...)26",
                    "nome_aluno": "RAFAEL SEIXO MONTEIRO"
                },
                {
                    "codigo_aluno": "156(...)91",
                    "nome_aluno": "RICARDO AFONSO PASSOS DE ALMEIDA CARVALHO"
                },
                {
                    "codigo_aluno": "311(...)91",
                    "nome_aluno": "RODRIGO ALEXANDRE GUERREIRO MARTINS"
                },
                {
                    "codigo_aluno": "153(...)41",
                    "nome_aluno": "RODRIGO ASSUNCAO CAETANO"
                },
                {
                    "codigo_aluno": "309(...)37",
                    "nome_aluno": "RODRIGO DE ALMEIDA SALVADOR"
                },
                {
                    "codigo_aluno": "309(...)10",
                    "nome_aluno": "RODRIGO MANUEL FRAGOSO SARAIVA"
                },
                {
                    "codigo_aluno": "301(...)59",
                    "nome_aluno": "RUI PEDRO ANDRADE PERES"
                },
                {
                    "codigo_aluno": "240(...)26",
                    "nome_aluno": "SWAYAM SUJIT ZEMSE"
                },
                {
                    "codigo_aluno": "153(...)20",
                    "nome_aluno": "TITO EDUARDO GAMA MAIA MARTINS DA SILVA"
                },
                {
                    "codigo_aluno": "156(...)68",
                    "nome_aluno": "TOMÁS MARTINS FAZERES"
                }
            ]
        },
        {
            "codigo_curso": "L124",
            "nome_curso": "L124 - Tecnologias do Ambiente e do Mar",
            "colocados": [
                {
                    "codigo_aluno": "313(...)75",
                    "nome_aluno": "ANA RITA CASTELA DA CONCEIÇÃO RUSSO"
                },
                {
                    "codigo_aluno": "301(...)90",
                    "nome_aluno": "ANGELA POSSOLLO SOARES IGLESIAS"
                },
                {
                    "codigo_aluno": "301(...)60",
                    "nome_aluno": "ARTUR GONÇALVES BOMBAS FERREIRA DA FLORENCIA"
                },
                {
                    "codigo_aluno": "304(...)33",
                    "nome_aluno": "BEATRIZ ALMEIDA SANTOS"
                },
                {
                    "codigo_aluno": "305(...)65",
                    "nome_aluno": "BEATRIZ MENDÃO MIRANDA"
                },
                {
                    "codigo_aluno": "307(...)72",
                    "nome_aluno": "BEATRIZ PIRES LOURENÇO RIBEIRO REBELO"
                },
                {
                    "codigo_aluno": "150(...)69",
                    "nome_aluno": "BRUNA MARTINHO ALVES"
                },
                {
                    "codigo_aluno": "154(...)94",
                    "nome_aluno": "CAROLINA FERRAO DE SOUSA"
                },
                {
                    "codigo_aluno": "302(...)27",
                    "nome_aluno": "CLAUDIA MARIA SOUZA RUSSIANO"
                },
                {
                    "codigo_aluno": "307(...)04",
                    "nome_aluno": "DAVID ALEXANDRE DO NASCIMENTO QUEIROZ"
                },
                {
                    "codigo_aluno": "302(...)97",
                    "nome_aluno": "DAVID DOS SANTOS REBELO GASPAR CARDOSO"
                },
                {
                    "codigo_aluno": "307(...)92",
                    "nome_aluno": "DAVID MANUEL FACOTE FERNANDES"
                },
                {
                    "codigo_aluno": "157(...)86",
                    "nome_aluno": "DINIS BONAPARTE GUERREIRO"
                },
                {
                    "codigo_aluno": "301(...)75",
                    "nome_aluno": "DIOGO SANTOS NUNES"
                },
                {
                    "codigo_aluno": "150(...)10",
                    "nome_aluno": "DUARTE JORGE NARCISO DA COSTA"
                },
                {
                    "codigo_aluno": "157(...)06",
                    "nome_aluno": "GONCALO DINIS LOPES GOMES GEGALOTO"
                },
                {
                    "codigo_aluno": "310(...)95",
                    "nome_aluno": "GUILHERME FERREIRA PINTO E OLIVEIRA DE MOURA"
                },
                {
                    "codigo_aluno": "157(...)48",
                    "nome_aluno": "GUSTAVO RAMOS CRISTOBAL"
                },
                {
                    "codigo_aluno": "310(...)73",
                    "nome_aluno": "IARA FILIPA MAPÃO GARRETE"
                },
                {
                    "codigo_aluno": "159(...)07",
                    "nome_aluno": "INÊS MARIA DOS SANTOS SOARES"
                },
                {
                    "codigo_aluno": "159(...)50",
                    "nome_aluno": "LEONOR DE ALMEIDA PEREIRA"
                },
                {
                    "codigo_aluno": "309(...)76",
                    "nome_aluno": "LEONOR MALAQUIAS MARTINS AUGUSTO"
                },
                {
                    "codigo_aluno": "315(...)45",
                    "nome_aluno": "LUÍS CARDOSO LOPES"
                },
                {
                    "codigo_aluno": "153(...)81",
                    "nome_aluno": "MARGARIDA AFONSO VIDAL PAULA"
                },
                {
                    "codigo_aluno": "309(...)09",
                    "nome_aluno": "MARIANA CRISTÓVÃO DIAS"
                },
                {
                    "codigo_aluno": "313(...)33",
                    "nome_aluno": "MARTIM LARANJINHA QUELHAS DA SILVA"
                },
                {
                    "codigo_aluno": "306(...)27",
                    "nome_aluno": "MATILDE DUARTE BOTELHO"
                },
                {
                    "codigo_aluno": "155(...)30",
                    "nome_aluno": "NUNO ANDRÉ PREZZI JOSÉ"
                },
                {
                    "codigo_aluno": "156(...)03",
                    "nome_aluno": "PEDRO FILIPE VIEGAS MESTRE"
                },
                {
                    "codigo_aluno": "156(...)08",
                    "nome_aluno": "RICARDO DAVID DA CONCEIÇÃO PLÁCIDO"
                },
                {
                    "codigo_aluno": "152(...)18",
                    "nome_aluno": "RODRIGO HILÁRIO COSTA"
                },
                {
                    "codigo_aluno": "306(...)26",
                    "nome_aluno": "VASCO MANUEL DOS SANTOS CARREIRO"
                }
            ]
        }
    ]
}