{
    "codigo_universidade": "3023",
    "nome_universidade": "3023 - Instituto Politécnico de Beja - Escola Superior de Tecnologia e de Gestão",
    "cursos": [
        {
            "codigo_curso": "9119",
            "nome_curso": "9119 - Engenharia Informática",
            "colocados": [
                {
                    "codigo_aluno": "151(...)67",
                    "nome_aluno": "ARTUR JORGE NUNES MARQUES"
                },
                {
                    "codigo_aluno": "156(...)58",
                    "nome_aluno": "DANIEL ALEXANDRE CALDEIRA GOMES"
                },
                {
                    "codigo_aluno": "153(...)75",
                    "nome_aluno": "DIOGO JOSE CAMPANIÇO BENVINDA"
                },
                {
                    "codigo_aluno": "156(...)17",
                    "nome_aluno": "EDUARDO MARTINS MADEIRA"
                },
                {
                    "codigo_aluno": "151(...)72",
                    "nome_aluno": "EMA DOS SANTOS FOURNIGAULT"
                },
                {
                    "codigo_aluno": "303(...)06",
                    "nome_aluno": "GABRIEL ALEXANDRE FERNANDES MOITA"
                },
                {
                    "codigo_aluno": "154(...)35",
                    "nome_aluno": "GIANLUCA DEMONTIS PEPE NUNES"
                },
                {
                    "codigo_aluno": "157(...)59",
                    "nome_aluno": "HENRIQUE JORGE RODRIGUES RIBEIRO"
                },
                {
                    "codigo_aluno": "306(...)82",
                    "nome_aluno": "JOAO DE BRITO CAETANO HORTA"
                },
                {
                    "codigo_aluno": "312(...)92",
                    "nome_aluno": "JOSÉ ALEXANDRE BARRIGÓ CABAÇO"
                },
                {
                    "codigo_aluno": "303(...)62",
                    "nome_aluno": "LEONARDO CARVALHO BRITO"
                },
                {
                    "codigo_aluno": "159(...)66",
                    "nome_aluno": "LUÍS AFONSO BAIÃO PEGAS"
                },
                {
                    "codigo_aluno": "300(...)24",
                    "nome_aluno": "MARCO RAFAEL DA SILVA FRANCISCO"
                },
                {
                    "codigo_aluno": "152(...)98",
                    "nome_aluno": "MIGUEL BERNARDO DA SILVA"
                },
                {
                    "codigo_aluno": "309(...)70",
                    "nome_aluno": "MIGUEL ROSADO SANINA"
                },
                {
                    "codigo_aluno": "145(...)26",
                    "nome_aluno": "PEDRO MIGUEL SOUSA ROCHA"
                },
                {
                    "codigo_aluno": "310(...)70",
                    "nome_aluno": "RICARDO DIAS GUILHERME"
                },
                {
                    "codigo_aluno": "307(...)05",
                    "nome_aluno": "RODRIGO BOLOTINHA GASPAR"
                }
            ]
        },
        {
            "codigo_curso": "9152",
            "nome_curso": "9152 - Gestão de Empresas",
            "colocados": [
                {
                    "codigo_aluno": "312(...)40",
                    "nome_aluno": "CAROLINA DAS NEVES GAMEIRO"
                },
                {
                    "codigo_aluno": "152(...)76",
                    "nome_aluno": "CAROLINA SILVA SANTOS"
                },
                {
                    "codigo_aluno": "315(...)63",
                    "nome_aluno": "CATARINA SOFIA DOS SANTOS CAVACO SEABRA"
                },
                {
                    "codigo_aluno": "306(...)28",
                    "nome_aluno": "DIOGO MANUEL FERREIRA VALENTE"
                },
                {
                    "codigo_aluno": "156(...)39",
                    "nome_aluno": "FRANCISCA GONÇALVES TOSTE JUBILOT RIPPER"
                },
                {
                    "codigo_aluno": "148(...)35",
                    "nome_aluno": "FRANCISCO JOSÉ CAMACHO RATO"
                },
                {
                    "codigo_aluno": "158(...)83",
                    "nome_aluno": "GABRIEL LOURENÇO ALMEIDA PEREIRA"
                },
                {
                    "codigo_aluno": "311(...)39",
                    "nome_aluno": "GUILHERME AMANTE VIANA"
                },
                {
                    "codigo_aluno": "309(...)22",
                    "nome_aluno": "GUILHERME MANUEL SERRANO DOS SANTOS"
                },
                {
                    "codigo_aluno": "317(...)89",
                    "nome_aluno": "HENRIQUE MANUEL SILVESTRE DE BARROS"
                },
                {
                    "codigo_aluno": "156(...)05",
                    "nome_aluno": "HENRIQUE NUNES MESTRE"
                },
                {
                    "codigo_aluno": "304(...)07",
                    "nome_aluno": "INES VARGAS GOMES CANO"
                },
                {
                    "codigo_aluno": "305(...)92",
                    "nome_aluno": "IURIE CAPATINA"
                },
                {
                    "codigo_aluno": "303(...)37",
                    "nome_aluno": "JOÃO FILIPE DEODATO DE MAGALHÃES"
                },
                {
                    "codigo_aluno": "313(...)16",
                    "nome_aluno": "JOÃO FRANCISCO FITAS CAMACHO"
                },
                {
                    "codigo_aluno": "159(...)47",
                    "nome_aluno": "JOÃO MARIA ANDRADE SOARES"
                },
                {
                    "codigo_aluno": "309(...)74",
                    "nome_aluno": "MADALENA CRISTINA BALBINA"
                },
                {
                    "codigo_aluno": "327(...)94",
                    "nome_aluno": "MARCELA GABURICI"
                },
                {
                    "codigo_aluno": "306(...)24",
                    "nome_aluno": "MARIA CONCEIÇÃO DA SILVA"
                },
                {
                    "codigo_aluno": "303(...)86",
                    "nome_aluno": "MARIA GODINHO LOPES"
                },
                {
                    "codigo_aluno": "152(...)98",
                    "nome_aluno": "MARIA INÊS MIRANDA CAVAQUEIRO"
                },
                {
                    "codigo_aluno": "310(...)66",
                    "nome_aluno": "MARIA MANDIM MINISTRO"
                },
                {
                    "codigo_aluno": "152(...)20",
                    "nome_aluno": "MARIANA PINTO DE SOUSA"
                },
                {
                    "codigo_aluno": "152(...)29",
                    "nome_aluno": "MARTIM RODRIGUES LOURENÇO"
                },
                {
                    "codigo_aluno": "159(...)51",
                    "nome_aluno": "MATILDE SOFIA COSTA MENDONÇA BELO"
                },
                {
                    "codigo_aluno": "152(...)65",
                    "nome_aluno": "MATILDE SOFIA PINTO BORGES"
                },
                {
                    "codigo_aluno": "308(...)43",
                    "nome_aluno": "MIGUEL FREITAS SANTANA"
                },
                {
                    "codigo_aluno": "306(...)43",
                    "nome_aluno": "NÚRIA DOS SANTOS ENCHERTO"
                },
                {
                    "codigo_aluno": "301(...)21",
                    "nome_aluno": "RITA ALEXANDRA ARVELA SILVA"
                },
                {
                    "codigo_aluno": "313(...)22",
                    "nome_aluno": "RITA MARTINS BROTAS"
                },
                {
                    "codigo_aluno": "304(...)87",
                    "nome_aluno": "RUI PEDRO CANDEIAS RAPOSO"
                },
                {
                    "codigo_aluno": "159(...)06",
                    "nome_aluno": "SARA MARIA RODRIGUES CARBONE"
                },
                {
                    "codigo_aluno": "314(...)08",
                    "nome_aluno": "SIMÃO FREIRA BECO"
                },
                {
                    "codigo_aluno": "152(...)65",
                    "nome_aluno": "SOFIA VITORIANO PARDAL"
                },
                {
                    "codigo_aluno": "311(...)60",
                    "nome_aluno": "TIAGO GONÇALVES CAVACO"
                },
                {
                    "codigo_aluno": "148(...)87",
                    "nome_aluno": "TIERRI LUÍS MANUEL"
                }
            ]
        },
        {
            "codigo_curso": "9994",
            "nome_curso": "9994 - Gestão de Empresas (regime pós-laboral)",
            "colocados": [
                {
                    "codigo_aluno": "150(...)43",
                    "nome_aluno": "DIOGO BARROS CRUZ"
                },
                {
                    "codigo_aluno": "156(...)39",
                    "nome_aluno": "MIGUEL MARTIM MATOS BRAVO TOSCANO"
                }
            ]
        },
        {
            "codigo_curso": "9242",
            "nome_curso": "9242 - Solicitadoria",
            "colocados": [
                {
                    "codigo_aluno": "157(...)23",
                    "nome_aluno": "AFONSO DANIEL ALEXANDRE BRANQUINHO"
                },
                {
                    "codigo_aluno": "144(...)50",
                    "nome_aluno": "ÁLVARO SILVA GANCHINHO"
                },
                {
                    "codigo_aluno": "314(...)09",
                    "nome_aluno": "ANA CAROLINA FREITAS DIAS"
                },
                {
                    "codigo_aluno": "150(...)54",
                    "nome_aluno": "ANA FILIPA RODRIGUES GOIS"
                },
                {
                    "codigo_aluno": "301(...)31",
                    "nome_aluno": "ANA LUISA FELGUEIRAS TEIXEIRA"
                },
                {
                    "codigo_aluno": "159(...)47",
                    "nome_aluno": "ANA MARGARIDA ALEGRIA FRANCO"
                },
                {
                    "codigo_aluno": "302(...)32",
                    "nome_aluno": "ANA MICAELA PAULO DOMINGUES"
                },
                {
                    "codigo_aluno": "157(...)23",
                    "nome_aluno": "ARIANA DIONE MONTEIRO FREIRE MONTEIRO"
                },
                {
                    "codigo_aluno": "302(...)34",
                    "nome_aluno": "ARIANA SOFIA MARTINS FERNANDES"
                },
                {
                    "codigo_aluno": "304(...)04",
                    "nome_aluno": "BEATRIZ DOS SANTOS MARTINS"
                },
                {
                    "codigo_aluno": "309(...)03",
                    "nome_aluno": "BEATRIZ GRANJO AMARAL BICÓ"
                },
                {
                    "codigo_aluno": "313(...)56",
                    "nome_aluno": "BIANCA IONELA DRAGOMIR"
                },
                {
                    "codigo_aluno": "310(...)42",
                    "nome_aluno": "CAROLINA FILIPA FERNANDES ASSIS"
                },
                {
                    "codigo_aluno": "302(...)49",
                    "nome_aluno": "CAROLINA LOPES LOUREIRO"
                },
                {
                    "codigo_aluno": "306(...)87",
                    "nome_aluno": "CAROLINA MADEIRA BARTOLOMEU"
                },
                {
                    "codigo_aluno": "303(...)11",
                    "nome_aluno": "CAROLINA PATRONILHO COSTA"
                },
                {
                    "codigo_aluno": "300(...)84",
                    "nome_aluno": "CRISTIANA SOFIA CONCEICAO PARREIRA"
                },
                {
                    "codigo_aluno": "113(...)81",
                    "nome_aluno": "CRISTINA ISABEL NUNES LOURENÇO MARTINS"
                },
                {
                    "codigo_aluno": "149(...)88",
                    "nome_aluno": "DIOGO MANUEL GRADE NEVES"
                },
                {
                    "codigo_aluno": "313(...)53",
                    "nome_aluno": "DIOGO TELES ALFAIATE"
                },
                {
                    "codigo_aluno": "304(...)52",
                    "nome_aluno": "EMA FRAGOSO DA CONCEIÇÃO"
                },
                {
                    "codigo_aluno": "302(...)06",
                    "nome_aluno": "FELICIA MARIA MARCELINO RITA"
                },
                {
                    "codigo_aluno": "305(...)25",
                    "nome_aluno": "FLÁVIO MIGUEL GARCIA RODRIGUES"
                },
                {
                    "codigo_aluno": "151(...)52",
                    "nome_aluno": "GABRIEL JOSE DA ENCARNAÇÃO MARTINS"
                },
                {
                    "codigo_aluno": "307(...)84",
                    "nome_aluno": "JOANA FILIPA GOMES ANGÉLICO"
                },
                {
                    "codigo_aluno": "158(...)58",
                    "nome_aluno": "JOANA MARGARIDA MOREIRA EVANGELISTA"
                },
                {
                    "codigo_aluno": "158(...)77",
                    "nome_aluno": "JOANA SOFIA FERREIRA QUARESMA DE OLIVEIRA"
                },
                {
                    "codigo_aluno": "148(...)76",
                    "nome_aluno": "JORGE FRANCISCO BRITO DE JESUS VITORINO"
                },
                {
                    "codigo_aluno": "303(...)33",
                    "nome_aluno": "JOSÉ EDUARDO DE OLIVEIRA PALMA"
                },
                {
                    "codigo_aluno": "303(...)18",
                    "nome_aluno": "LAURA JOÃO RODRIGUES DOS SANTOS"
                },
                {
                    "codigo_aluno": "309(...)54",
                    "nome_aluno": "LEONOR MOREIRA MORAIS"
                },
                {
                    "codigo_aluno": "151(...)61",
                    "nome_aluno": "LUANA ISABEL CAEIRO RITA"
                },
                {
                    "codigo_aluno": "148(...)13",
                    "nome_aluno": "LUANA PEREIRA DE CASTRO FERNANDES"
                },
                {
                    "codigo_aluno": "154(...)17",
                    "nome_aluno": "MARIA FRANCISCA BEJA DE CARVALHO ALMEIDA FARINHA"
                },
                {
                    "codigo_aluno": "157(...)53",
                    "nome_aluno": "MARTA FERREIRA DE ALMEIDA RIBEIRO"
                },
                {
                    "codigo_aluno": "155(...)48",
                    "nome_aluno": "MARTIM DUARTE BOTA"
                },
                {
                    "codigo_aluno": "309(...)28",
                    "nome_aluno": "MATILDE REBOCHO CORREIA"
                },
                {
                    "codigo_aluno": "147(...)47",
                    "nome_aluno": "MIGUEL ANGELO DA SILVA TEIXEIRA"
                },
                {
                    "codigo_aluno": "127(...)37",
                    "nome_aluno": "MÓNICA CATARINA MARQUES"
                },
                {
                    "codigo_aluno": "152(...)91",
                    "nome_aluno": "NURIA CORTE REAL BEN AMI"
                },
                {
                    "codigo_aluno": "309(...)30",
                    "nome_aluno": "OLÍVIA CRISTINA ALVES LAGOA"
                },
                {
                    "codigo_aluno": "306(...)23",
                    "nome_aluno": "PEDRO HENRIQUE SARDINHA MARTINS"
                },
                {
                    "codigo_aluno": "301(...)58",
                    "nome_aluno": "SUSANA ISABEL DA ROSA ALEXANDRE"
                },
                {
                    "codigo_aluno": "312(...)94",
                    "nome_aluno": "TIAGO MIGUEL SALGUEIRO SERRANO ESTRELA CARRILHO"
                },
                {
                    "codigo_aluno": "319(...)40",
                    "nome_aluno": "VIKTORIYA MARTYNYUK"
                }
            ]
        },
        {
            "codigo_curso": "9254",
            "nome_curso": "9254 - Turismo",
            "colocados": [
                {
                    "codigo_aluno": "158(...)15",
                    "nome_aluno": "ALBERTO CASTELEIRO TRINDADE"
                },
                {
                    "codigo_aluno": "149(...)94",
                    "nome_aluno": "ANA GABRIELA PARREIRA PREZADO"
                },
                {
                    "codigo_aluno": "148(...)46",
                    "nome_aluno": "CAROLINA MARIA DELGADO ROMBA"
                },
                {
                    "codigo_aluno": "315(...)10",
                    "nome_aluno": "CRISTIANA SOFIA MARTINS AMADOR"
                },
                {
                    "codigo_aluno": "153(...)30",
                    "nome_aluno": "DAVID RITA PIMENTA"
                },
                {
                    "codigo_aluno": "157(...)90",
                    "nome_aluno": "DUARTE MARIA ORVALHO LOPES"
                },
                {
                    "codigo_aluno": "157(...)84",
                    "nome_aluno": "ÉRICA AFONSO GUERREIRO FERNANDES"
                },
                {
                    "codigo_aluno": "313(...)04",
                    "nome_aluno": "FRANCISCO MARIA ABRANTES DO AMARAL LOURO MARGARIDO"
                },
                {
                    "codigo_aluno": "305(...)47",
                    "nome_aluno": "GABRIEL MATOZEIRO MACHADO NARCISO"
                },
                {
                    "codigo_aluno": "143(...)18",
                    "nome_aluno": "GUILHERME FRANCISCO MOREIRA REIS"
                },
                {
                    "codigo_aluno": "308(...)43",
                    "nome_aluno": "GUILHERME SOARES FERREIRA"
                },
                {
                    "codigo_aluno": "302(...)49",
                    "nome_aluno": "IVANA PHILIPA MARINHO PEREIRA DE MATOS"
                },
                {
                    "codigo_aluno": "306(...)81",
                    "nome_aluno": "JOANA ISABEL ALVES PICA BERGANO"
                },
                {
                    "codigo_aluno": "153(...)95",
                    "nome_aluno": "JOAO MIGUEL MOLNAR GONÇALVES"
                },
                {
                    "codigo_aluno": "312(...)71",
                    "nome_aluno": "MARGARIDA ALEXANDRA DOS SANTOS PIRES"
                },
                {
                    "codigo_aluno": "303(...)00",
                    "nome_aluno": "MARGARIDA CASTILHO GOMES"
                },
                {
                    "codigo_aluno": "303(...)12",
                    "nome_aluno": "MARGARIDA MARIA DOS REIS ROSARIO"
                },
                {
                    "codigo_aluno": "307(...)01",
                    "nome_aluno": "MARIA DE FÁTIMA ROCHA SOUSA MIGUEL"
                },
                {
                    "codigo_aluno": "240(...)02",
                    "nome_aluno": "MARIANA RITA ANDRADE MARTINS"
                },
                {
                    "codigo_aluno": "301(...)05",
                    "nome_aluno": "MIGUEL JORGE DA SILVA GUERREIRO"
                },
                {
                    "codigo_aluno": "310(...)02",
                    "nome_aluno": "RODRIGO MANUEL RAMOS DOS SANTOS"
                }
            ]
        }
    ]
}