{
    "codigo_universidade": "3033",
    "nome_universidade": "3033 - Instituto Politécnico do Cávado e do Ave - Escola Superior de Design",
    "cursos": [
        {
            "codigo_curso": "L260",
            "nome_curso": "L260 - Design Audiovisual",
            "colocados": [
                {
                    "codigo_aluno": "315(...)58",
                    "nome_aluno": "ANA ISABEL ROSA SANTOS"
                },
                {
                    "codigo_aluno": "240(...)13",
                    "nome_aluno": "ANNA CLARA BAPTISTA NEVES CARVALHO DE OLIVEIRA"
                },
                {
                    "codigo_aluno": "156(...)35",
                    "nome_aluno": "BEATRIZ OLIVEIRA MONTEIRO"
                },
                {
                    "codigo_aluno": "309(...)88",
                    "nome_aluno": "CAROLINA BRANDAO PEIXOTO GUIMARAES"
                },
                {
                    "codigo_aluno": "318(...)29",
                    "nome_aluno": "CAROLINA MARTINS DIAS"
                },
                {
                    "codigo_aluno": "159(...)88",
                    "nome_aluno": "CATARINA CABRAL CORREIA E SELAS"
                },
                {
                    "codigo_aluno": "309(...)20",
                    "nome_aluno": "CÁTIA RENATA GONÇALVES FARIA"
                },
                {
                    "codigo_aluno": "304(...)93",
                    "nome_aluno": "CLÁUDIA SOFIA PONTES RESENDE"
                },
                {
                    "codigo_aluno": "309(...)59",
                    "nome_aluno": "DIOGO JOÃO VIEIRA DE FREITAS"
                },
                {
                    "codigo_aluno": "313(...)22",
                    "nome_aluno": "DIOGO MANUEL OLIVEIRA DA SILVA"
                },
                {
                    "codigo_aluno": "154(...)13",
                    "nome_aluno": "DIOGO MIGUEL GUERRA MARTINS"
                },
                {
                    "codigo_aluno": "317(...)84",
                    "nome_aluno": "EDUARDO FILIPE LEITE DA SILVA"
                },
                {
                    "codigo_aluno": "308(...)83",
                    "nome_aluno": "HUGO MIGUEL ALMEIDA ALVES"
                },
                {
                    "codigo_aluno": "309(...)55",
                    "nome_aluno": "IVANA DANIELA RODRIGUES SOARES"
                },
                {
                    "codigo_aluno": "152(...)26",
                    "nome_aluno": "JOANA BOTELHO SOBRAL FERNANDES DE SOUSA"
                },
                {
                    "codigo_aluno": "318(...)05",
                    "nome_aluno": "LARA DIEGUES ALVES TEIXEIRA"
                },
                {
                    "codigo_aluno": "315(...)11",
                    "nome_aluno": "LARA SOFIA ARAÚJO COSTA"
                },
                {
                    "codigo_aluno": "151(...)87",
                    "nome_aluno": "LAURA SENDAS ROCHA"
                },
                {
                    "codigo_aluno": "307(...)54",
                    "nome_aluno": "LEONOR LEAL COELHO DE OLIVEIRA SANTOS"
                },
                {
                    "codigo_aluno": "304(...)14",
                    "nome_aluno": "LUANA MARISA ALVES PEREIRA"
                },
                {
                    "codigo_aluno": "154(...)94",
                    "nome_aluno": "MARGARIDA DA CRUZ PALMEIRA"
                },
                {
                    "codigo_aluno": "152(...)47",
                    "nome_aluno": "MARGARIDA FERREIRA ANDRADE"
                },
                {
                    "codigo_aluno": "148(...)94",
                    "nome_aluno": "MARGARIDA TORRES RODRIGUES SILVA"
                },
                {
                    "codigo_aluno": "303(...)02",
                    "nome_aluno": "MARIA LUÍSA LOUREIRO DA SILVA"
                },
                {
                    "codigo_aluno": "155(...)71",
                    "nome_aluno": "MARIA MATILDE BERENGUER MORAIS"
                },
                {
                    "codigo_aluno": "150(...)36",
                    "nome_aluno": "NUNA MELO MAGALHÃES DE MIRANDA BUESO"
                },
                {
                    "codigo_aluno": "157(...)96",
                    "nome_aluno": "RICARDO JORGE GASPAR E SILVA"
                },
                {
                    "codigo_aluno": "300(...)25",
                    "nome_aluno": "RITA REAL DE ALMEIDA"
                },
                {
                    "codigo_aluno": "159(...)77",
                    "nome_aluno": "SANDRO MOTA COSTA"
                },
                {
                    "codigo_aluno": "154(...)84",
                    "nome_aluno": "SIMONE JOAQUINA MARTINS COELHO"
                },
                {
                    "codigo_aluno": "304(...)72",
                    "nome_aluno": "TERESA ANTÓNIA FARINHA NOBRE MOURÃO"
                }
            ]
        },
        {
            "codigo_curso": "9470",
            "nome_curso": "9470 - Design Gráfico",
            "colocados": [
                {
                    "codigo_aluno": "240(...)39",
                    "nome_aluno": "AGATHA ANTUNES ANDRADE"
                },
                {
                    "codigo_aluno": "312(...)85",
                    "nome_aluno": "ANA CAROLINA BASTOS FERREIRA"
                },
                {
                    "codigo_aluno": "306(...)17",
                    "nome_aluno": "ANA FRANCISCA CARMO SILVA"
                },
                {
                    "codigo_aluno": "152(...)88",
                    "nome_aluno": "ANA MARGARIDA CARVALHO COSTA"
                },
                {
                    "codigo_aluno": "309(...)45",
                    "nome_aluno": "BEATRIZ CARVALHIDO CORREIA"
                },
                {
                    "codigo_aluno": "158(...)21",
                    "nome_aluno": "BEATRIZ DA SILVA PEDROSA"
                },
                {
                    "codigo_aluno": "304(...)77",
                    "nome_aluno": "BEATRIZ PINHEIRO DE SOUSA"
                },
                {
                    "codigo_aluno": "301(...)40",
                    "nome_aluno": "BRUNA DA CUNHA ARAÚJO"
                },
                {
                    "codigo_aluno": "309(...)50",
                    "nome_aluno": "BRUNA LAPA DA SILVA"
                },
                {
                    "codigo_aluno": "303(...)17",
                    "nome_aluno": "CAROLINA RIBEIRO MACHADO"
                },
                {
                    "codigo_aluno": "312(...)62",
                    "nome_aluno": "EDUARDO SILVA OLIVEIRA"
                },
                {
                    "codigo_aluno": "153(...)75",
                    "nome_aluno": "FRANCISCA PENHALVES GRAZIANI GUIMARÃES DE CASTRO"
                },
                {
                    "codigo_aluno": "307(...)24",
                    "nome_aluno": "GABRIEL JESUS CARDOSO"
                },
                {
                    "codigo_aluno": "304(...)32",
                    "nome_aluno": "GUILHERME REI RODRIGUES"
                },
                {
                    "codigo_aluno": "305(...)87",
                    "nome_aluno": "HIBA HACHMI"
                },
                {
                    "codigo_aluno": "314(...)38",
                    "nome_aluno": "INÊS BESSA CAETANO"
                },
                {
                    "codigo_aluno": "306(...)92",
                    "nome_aluno": "INÊS DOS SANTOS MARTINS"
                },
                {
                    "codigo_aluno": "308(...)99",
                    "nome_aluno": "ISAC DOS SANTOS MACHADO"
                },
                {
                    "codigo_aluno": "158(...)10",
                    "nome_aluno": "JOANA MARIA BERNARDO FERREIRA"
                },
                {
                    "codigo_aluno": "309(...)08",
                    "nome_aluno": "JOANA PATRÍCIA FERREIRA MARTINS"
                },
                {
                    "codigo_aluno": "309(...)50",
                    "nome_aluno": "JOSÉ RAFAEL FERREIRA RODRIGUES"
                },
                {
                    "codigo_aluno": "154(...)33",
                    "nome_aluno": "JÚLIA ISABEL DUARTE PINTO"
                },
                {
                    "codigo_aluno": "153(...)39",
                    "nome_aluno": "JULIANA PATRÍCIA OLIVEIRA ARAÚJO"
                },
                {
                    "codigo_aluno": "310(...)25",
                    "nome_aluno": "LICÍNIA CRISTINA RIBEIRO DA MOTA"
                },
                {
                    "codigo_aluno": "308(...)81",
                    "nome_aluno": "LUANA MARTINS VIANA"
                },
                {
                    "codigo_aluno": "309(...)96",
                    "nome_aluno": "LUCAS MATEUS FONSECA CUNHA TEIXEIRA"
                },
                {
                    "codigo_aluno": "156(...)83",
                    "nome_aluno": "LUKA ÍCARO COUTINHO SIMÕES RIBEIRO"
                },
                {
                    "codigo_aluno": "153(...)12",
                    "nome_aluno": "MARGARIDA NOGUEIRA FERNANDES"
                },
                {
                    "codigo_aluno": "151(...)90",
                    "nome_aluno": "MARIA JOÃO OLIVEIRA FERNANDES"
                },
                {
                    "codigo_aluno": "303(...)57",
                    "nome_aluno": "MARIA LETÍCIA FERNANDES BARBOSA"
                },
                {
                    "codigo_aluno": "304(...)68",
                    "nome_aluno": "MARIANA MONTALVO NUNO AMARAL FIGUEIREDO"
                },
                {
                    "codigo_aluno": "304(...)29",
                    "nome_aluno": "MARIANA PINTO VAZ"
                },
                {
                    "codigo_aluno": "316(...)23",
                    "nome_aluno": "MATILDE SOARES ARAÚJO"
                },
                {
                    "codigo_aluno": "308(...)91",
                    "nome_aluno": "MATILDE TORRES TAVARES"
                },
                {
                    "codigo_aluno": "180(...)08",
                    "nome_aluno": "MELISSA TAQUES FARIAS"
                },
                {
                    "codigo_aluno": "309(...)51",
                    "nome_aluno": "RAFAEL FERREIRA DA COSTA LIMA"
                },
                {
                    "codigo_aluno": "304(...)80",
                    "nome_aluno": "SARA CORREIA PEREIRA BASTOS"
                },
                {
                    "codigo_aluno": "315(...)34",
                    "nome_aluno": "SARA VITÓRIA GOMES FERREIRA"
                },
                {
                    "codigo_aluno": "306(...)13",
                    "nome_aluno": "SIMONE COUTINHO OLIVEIRA"
                },
                {
                    "codigo_aluno": "153(...)91",
                    "nome_aluno": "SOFIA DE AZEVEDO BARROS"
                },
                {
                    "codigo_aluno": "332(...)62",
                    "nome_aluno": "SOFIIA NIKITENKOVA"
                },
                {
                    "codigo_aluno": "308(...)57",
                    "nome_aluno": "TATIANA OLIVEIRA E SOUSA"
                },
                {
                    "codigo_aluno": "150(...)04",
                    "nome_aluno": "VÂNIA DA COSTA OLIVEIRA"
                },
                {
                    "codigo_aluno": "329(...)45",
                    "nome_aluno": "YURI MIGUEL NOGUEIRA CARDOSO"
                }
            ]
        },
        {
            "codigo_curso": "9873",
            "nome_curso": "9873 - Design Gráfico (regime pós-laboral)",
            "colocados": [
                {
                    "codigo_aluno": "155(...)69",
                    "nome_aluno": "AALIYAH MICHELLE RODRIGUES DE SÁ"
                },
                {
                    "codigo_aluno": "154(...)63",
                    "nome_aluno": "ANA CLÁUDIA FERREIRA MARTINS"
                },
                {
                    "codigo_aluno": "157(...)61",
                    "nome_aluno": "ANA LUÍSA PEREIRA DA MOTA"
                },
                {
                    "codigo_aluno": "302(...)71",
                    "nome_aluno": "ANA MANUEL RODRIGUES DOS SANTOS"
                },
                {
                    "codigo_aluno": "153(...)95",
                    "nome_aluno": "ANA MOREIRA MARTINS"
                },
                {
                    "codigo_aluno": "300(...)68",
                    "nome_aluno": "BRUNA RAMOS VILHENA"
                },
                {
                    "codigo_aluno": "308(...)89",
                    "nome_aluno": "CATARINA FARIA DOS SANTOS SILVA"
                },
                {
                    "codigo_aluno": "309(...)25",
                    "nome_aluno": "DAVID JOÃO FERNANDES LEMOS"
                },
                {
                    "codigo_aluno": "153(...)02",
                    "nome_aluno": "DIANA MACIEL GONÇALVES"
                },
                {
                    "codigo_aluno": "301(...)81",
                    "nome_aluno": "DINIS COSTA SALGUEIRO"
                },
                {
                    "codigo_aluno": "304(...)78",
                    "nome_aluno": "GONÇALO ANDRÉ CERQUEIRA VIDIGAL"
                },
                {
                    "codigo_aluno": "316(...)36",
                    "nome_aluno": "INÊS RIBEIRO FERNANDES"
                },
                {
                    "codigo_aluno": "304(...)22",
                    "nome_aluno": "ISABEL SILVA DIAS"
                },
                {
                    "codigo_aluno": "303(...)64",
                    "nome_aluno": "IVO RICARDO NOGUEIRA ASCENSAO"
                },
                {
                    "codigo_aluno": "304(...)30",
                    "nome_aluno": "JÉSSICA EUGÉNIA BONDAR POPIL"
                },
                {
                    "codigo_aluno": "305(...)67",
                    "nome_aluno": "JORGE RODRIGUES MAIA"
                },
                {
                    "codigo_aluno": "240(...)29",
                    "nome_aluno": "LARISSA SILVA GONÇALVES LAURO"
                },
                {
                    "codigo_aluno": "316(...)23",
                    "nome_aluno": "LEONOR LIMA PEREIRA"
                },
                {
                    "codigo_aluno": "322(...)18",
                    "nome_aluno": "MANUEL ALEJANDRO RODRIGUES MATAS"
                },
                {
                    "codigo_aluno": "154(...)60",
                    "nome_aluno": "MARIA INÊS ALVES COSTA"
                },
                {
                    "codigo_aluno": "304(...)39",
                    "nome_aluno": "MARIANA GONÇALVES DE SOUSA"
                },
                {
                    "codigo_aluno": "151(...)39",
                    "nome_aluno": "MARIANA MORAIS DA ROCHA AREIAS"
                },
                {
                    "codigo_aluno": "304(...)40",
                    "nome_aluno": "MARTA ALEXANDRA DA SILVA QUEIRÓS"
                },
                {
                    "codigo_aluno": "309(...)49",
                    "nome_aluno": "MATILDE COSTA CASTRO"
                },
                {
                    "codigo_aluno": "306(...)54",
                    "nome_aluno": "PEDRO DOS REIS LOPES"
                },
                {
                    "codigo_aluno": "153(...)63",
                    "nome_aluno": "PEDRO MIGUEL ALVES RODRIGUES"
                },
                {
                    "codigo_aluno": "240(...)30",
                    "nome_aluno": "RICARDO NASCIMENTO DE MATOS JUNIOR"
                },
                {
                    "codigo_aluno": "153(...)37",
                    "nome_aluno": "SARA BAEZA DA SILVA"
                }
            ]
        },
        {
            "codigo_curso": "9074",
            "nome_curso": "9074 - Design Industrial",
            "colocados": [
                {
                    "codigo_aluno": "301(...)12",
                    "nome_aluno": "ANDRE BRITES ALVES"
                },
                {
                    "codigo_aluno": "306(...)16",
                    "nome_aluno": "ANDREIA CATARINA MENDES SILVA"
                },
                {
                    "codigo_aluno": "301(...)95",
                    "nome_aluno": "BÁRBARA DE SOUSA AMARAL"
                },
                {
                    "codigo_aluno": "155(...)82",
                    "nome_aluno": "BÁRBARA FERREIRA MARTINS"
                },
                {
                    "codigo_aluno": "306(...)44",
                    "nome_aluno": "BEATRIZ DIAS GOMES"
                },
                {
                    "codigo_aluno": "152(...)62",
                    "nome_aluno": "BRUNA FILIPA SANTOS SILVA"
                },
                {
                    "codigo_aluno": "312(...)11",
                    "nome_aluno": "BRUNO GUILHERME MOURÃO DIONÍSIO"
                },
                {
                    "codigo_aluno": "309(...)48",
                    "nome_aluno": "CAROLINA XAVIER FERNANDES FRAGA"
                },
                {
                    "codigo_aluno": "303(...)35",
                    "nome_aluno": "CATARINA GONÇALVES FERREIRA"
                },
                {
                    "codigo_aluno": "152(...)08",
                    "nome_aluno": "DAVID ADEYEMI AYOOLA OKIKIOLUWA RABUMBA SALAWU"
                },
                {
                    "codigo_aluno": "309(...)59",
                    "nome_aluno": "DIOGO TEIXEIRA BARBOSA"
                },
                {
                    "codigo_aluno": "153(...)37",
                    "nome_aluno": "EDUARDO NUNO FERREIRA FARIA"
                },
                {
                    "codigo_aluno": "313(...)72",
                    "nome_aluno": "HUGO MIGUEL NETO BARROS"
                },
                {
                    "codigo_aluno": "316(...)83",
                    "nome_aluno": "ISABEL ALEXANDRA DOS SANTOS RIBEIRO"
                },
                {
                    "codigo_aluno": "240(...)02",
                    "nome_aluno": "ISADORA TEIXEIRA HEEP"
                },
                {
                    "codigo_aluno": "306(...)99",
                    "nome_aluno": "JOANA DE SOUSA RODRIGUES"
                },
                {
                    "codigo_aluno": "153(...)89",
                    "nome_aluno": "JOANA PEIXOTO CARNEIRO"
                },
                {
                    "codigo_aluno": "154(...)37",
                    "nome_aluno": "JOÃO DE MATOS MIRANDA"
                },
                {
                    "codigo_aluno": "308(...)46",
                    "nome_aluno": "JOAO DUARTE RIBEIRO FONTES"
                },
                {
                    "codigo_aluno": "154(...)43",
                    "nome_aluno": "KÁRITA DE SOUSA FERREIRA"
                },
                {
                    "codigo_aluno": "154(...)75",
                    "nome_aluno": "LARA BOTELHO BARROS"
                },
                {
                    "codigo_aluno": "309(...)03",
                    "nome_aluno": "LARA MIGUEL COSTA DE OLIVEIRA"
                },
                {
                    "codigo_aluno": "318(...)97",
                    "nome_aluno": "LEONOR MONTEIRO Y GALVÃO"
                },
                {
                    "codigo_aluno": "157(...)18",
                    "nome_aluno": "LETÍCIA E SOUSA PINHEIRO"
                },
                {
                    "codigo_aluno": "300(...)52",
                    "nome_aluno": "LIA DE SÁ HIPÓLITO"
                },
                {
                    "codigo_aluno": "303(...)58",
                    "nome_aluno": "MARA SILVA CAMPOS"
                },
                {
                    "codigo_aluno": "302(...)81",
                    "nome_aluno": "MARIA BEATRIZ GOMES MOREIRA"
                },
                {
                    "codigo_aluno": "305(...)04",
                    "nome_aluno": "MARIA JOÃO GOUVEIA LOPES"
                },
                {
                    "codigo_aluno": "315(...)46",
                    "nome_aluno": "MARIA JOÃO SANTOS FARIA"
                },
                {
                    "codigo_aluno": "310(...)13",
                    "nome_aluno": "MARIANA ALVES MARTINS"
                },
                {
                    "codigo_aluno": "309(...)33",
                    "nome_aluno": "MARIANA BRÁS DUARTE"
                },
                {
                    "codigo_aluno": "315(...)91",
                    "nome_aluno": "MATILDE DE ABREU PEREIRA RIOS DE CASTRO"
                },
                {
                    "codigo_aluno": "151(...)83",
                    "nome_aluno": "RAFAEL FRANCISCO SALAS TEIXEIRA"
                },
                {
                    "codigo_aluno": "154(...)29",
                    "nome_aluno": "RICARDO MANUEL DA SILVA CAMPOS"
                },
                {
                    "codigo_aluno": "315(...)37",
                    "nome_aluno": "RODRIGO AZEVEDO SILVA"
                },
                {
                    "codigo_aluno": "302(...)95",
                    "nome_aluno": "RODRIGO FERREIRA PEREIRA"
                },
                {
                    "codigo_aluno": "320(...)17",
                    "nome_aluno": "RÚBEN DIOGO MAGALHÃES AMORIM"
                },
                {
                    "codigo_aluno": "301(...)14",
                    "nome_aluno": "SARA MARIA COUTO SILVA"
                },
                {
                    "codigo_aluno": "302(...)81",
                    "nome_aluno": "TOMÁS BARREIRA FARIA"
                }
            ]
        }
    ]
}