{
    "codigo_universidade": "7045",
    "nome_universidade": "7045 - Instituto Politécnico de Leiria - Escola Superior de Saúde",
    "cursos": [
        {
            "codigo_curso": "8149",
            "nome_curso": "8149 - Dietética e Nutrição",
            "colocados": [
                {
                    "codigo_aluno": "318(...)66",
                    "nome_aluno": "AFONSO JOSÉ SANTOS PIMENTA"
                },
                {
                    "codigo_aluno": "312(...)08",
                    "nome_aluno": "BEATRIZ CONCEIÇÃO NETO"
                },
                {
                    "codigo_aluno": "150(...)60",
                    "nome_aluno": "BEATRIZ CORTEZ PEREIRA"
                },
                {
                    "codigo_aluno": "308(...)80",
                    "nome_aluno": "BEATRIZ NEIVA DIMAS"
                },
                {
                    "codigo_aluno": "313(...)25",
                    "nome_aluno": "CÁRMEN CANTARILHO MARTINS"
                },
                {
                    "codigo_aluno": "154(...)53",
                    "nome_aluno": "CAROLINA RODRIGUES DAS NEVES"
                },
                {
                    "codigo_aluno": "315(...)82",
                    "nome_aluno": "CATARINA ALEXANDRA MOREIRA SANTOS"
                },
                {
                    "codigo_aluno": "306(...)65",
                    "nome_aluno": "DAVID GASPAR SILVA"
                },
                {
                    "codigo_aluno": "157(...)46",
                    "nome_aluno": "DIANA MARTINS SILVA"
                },
                {
                    "codigo_aluno": "307(...)87",
                    "nome_aluno": "EVA MARTINS ANDRADE"
                },
                {
                    "codigo_aluno": "151(...)85",
                    "nome_aluno": "EVA PEREIRA HENRIQUES DOS REIS"
                },
                {
                    "codigo_aluno": "154(...)71",
                    "nome_aluno": "INÊS DOS SANTOS COLAÇO"
                },
                {
                    "codigo_aluno": "308(...)27",
                    "nome_aluno": "INÊS SANTOS FERREIRA"
                },
                {
                    "codigo_aluno": "316(...)77",
                    "nome_aluno": "JOANA CATARINA PECEGO BARROS"
                },
                {
                    "codigo_aluno": "312(...)72",
                    "nome_aluno": "JOÃO MIGUEL COSTA"
                },
                {
                    "codigo_aluno": "309(...)61",
                    "nome_aluno": "JOÃO PAULO PALHAIS PEREIRA"
                },
                {
                    "codigo_aluno": "152(...)70",
                    "nome_aluno": "JORGE MIGUEL VEMBA DA COSTA"
                },
                {
                    "codigo_aluno": "315(...)95",
                    "nome_aluno": "LARA COSTA RIBEIRO"
                },
                {
                    "codigo_aluno": "240(...)95",
                    "nome_aluno": "LUCAS RODRIGUES MAIA LOPES"
                },
                {
                    "codigo_aluno": "153(...)82",
                    "nome_aluno": "LUCIANA ARGENTIERI PUGLISI"
                },
                {
                    "codigo_aluno": "315(...)07",
                    "nome_aluno": "LUIS MIGUEL LOPES PIEDADE"
                },
                {
                    "codigo_aluno": "159(...)33",
                    "nome_aluno": "MARA FILIPA BARREIRINHAS FERREIRA"
                },
                {
                    "codigo_aluno": "300(...)81",
                    "nome_aluno": "MARGARIDA FREITAS SANTOS"
                },
                {
                    "codigo_aluno": "303(...)47",
                    "nome_aluno": "MARTIM DA SILVA MOTA"
                },
                {
                    "codigo_aluno": "308(...)50",
                    "nome_aluno": "MATILDE MIRANTE CARREIRA"
                },
                {
                    "codigo_aluno": "309(...)56",
                    "nome_aluno": "MATILDE PAULINO BENTO"
                },
                {
                    "codigo_aluno": "305(...)13",
                    "nome_aluno": "MIGUEL MORGADO COSTA"
                },
                {
                    "codigo_aluno": "242(...)09",
                    "nome_aluno": "MOA ALEXANDRA DEL RIO MERCHAN"
                },
                {
                    "codigo_aluno": "308(...)41",
                    "nome_aluno": "SAMUEL MADEIRA BERNARDINO"
                },
                {
                    "codigo_aluno": "155(...)64",
                    "nome_aluno": "TELMA ALVES GREGÓRIO"
                }
            ]
        },
        {
            "codigo_curso": "9500",
            "nome_curso": "9500 - Enfermagem",
            "colocados": [
                {
                    "codigo_aluno": "301(...)12",
                    "nome_aluno": "AFONSO HENRIQUES COUTEIRO BENTO"
                },
                {
                    "codigo_aluno": "156(...)01",
                    "nome_aluno": "ALICE VENTURA PINTO"
                },
                {
                    "codigo_aluno": "154(...)46",
                    "nome_aluno": "AMÁLIA GODINHO DOS SANTOS"
                },
                {
                    "codigo_aluno": "305(...)08",
                    "nome_aluno": "ANA FRANCISCA RAMOS CAMPOS SOUSA"
                },
                {
                    "codigo_aluno": "154(...)79",
                    "nome_aluno": "ANA FRANCISCA SOUSA BENO"
                },
                {
                    "codigo_aluno": "309(...)17",
                    "nome_aluno": "ANA RITA DOS SANTOS BATISTA"
                },
                {
                    "codigo_aluno": "316(...)76",
                    "nome_aluno": "ANA RITA VIEIRA MENDES"
                },
                {
                    "codigo_aluno": "159(...)53",
                    "nome_aluno": "ANASTÁCIA GRUSHETS'KA"
                },
                {
                    "codigo_aluno": "154(...)52",
                    "nome_aluno": "ANDRÉ GONÇALO FERNANDES MARTINS"
                },
                {
                    "codigo_aluno": "305(...)98",
                    "nome_aluno": "BÁRBARA NETO GOMES"
                },
                {
                    "codigo_aluno": "159(...)25",
                    "nome_aluno": "BÁRBARA PIRES GONÇALVES"
                },
                {
                    "codigo_aluno": "308(...)32",
                    "nome_aluno": "BÁRBARA SOFIA FELIZARDO CRUZ"
                },
                {
                    "codigo_aluno": "309(...)92",
                    "nome_aluno": "BEATRIZ ALMEIDA PEDROSO"
                },
                {
                    "codigo_aluno": "309(...)97",
                    "nome_aluno": "BEATRIZ BERNARDES SILVA"
                },
                {
                    "codigo_aluno": "154(...)08",
                    "nome_aluno": "BEATRIZ SOFIA ANTUNES BOURA"
                },
                {
                    "codigo_aluno": "309(...)66",
                    "nome_aluno": "CARINA SALGUEIRO FERREIRA"
                },
                {
                    "codigo_aluno": "314(...)40",
                    "nome_aluno": "CAROLINA FERREIRA ESTRADA MARQUES"
                },
                {
                    "codigo_aluno": "153(...)03",
                    "nome_aluno": "DANIELA SOFIA CAMACHO ABREU"
                },
                {
                    "codigo_aluno": "158(...)65",
                    "nome_aluno": "DANIELA TARALUNGA"
                },
                {
                    "codigo_aluno": "158(...)71",
                    "nome_aluno": "DIANA FERREIRA RELVAS"
                },
                {
                    "codigo_aluno": "309(...)98",
                    "nome_aluno": "DIOGO BRANCO INACIO"
                },
                {
                    "codigo_aluno": "304(...)06",
                    "nome_aluno": "DUARTE FILIPE OLIVEIRA PEREIRA"
                },
                {
                    "codigo_aluno": "309(...)05",
                    "nome_aluno": "DUARTE SANTOS OLIVEIRA"
                },
                {
                    "codigo_aluno": "306(...)16",
                    "nome_aluno": "EDNA GOMES FRANCISCO"
                },
                {
                    "codigo_aluno": "152(...)74",
                    "nome_aluno": "EMA CLARA MARTINS LEITE HENRIQUES"
                },
                {
                    "codigo_aluno": "309(...)40",
                    "nome_aluno": "EMA ISABEL CORDEIRO LAUREANO"
                },
                {
                    "codigo_aluno": "153(...)45",
                    "nome_aluno": "ÉRICA MARTINHO GUARDA"
                },
                {
                    "codigo_aluno": "158(...)70",
                    "nome_aluno": "FRANCISCA CARRIÇO SILVA"
                },
                {
                    "codigo_aluno": "159(...)22",
                    "nome_aluno": "GONÇALO JORGE ROSA"
                },
                {
                    "codigo_aluno": "153(...)80",
                    "nome_aluno": "IARA MARIA PEIRUZA ACHEGA"
                },
                {
                    "codigo_aluno": "312(...)70",
                    "nome_aluno": "INÊS FERREIRA FALAGUEIRA"
                },
                {
                    "codigo_aluno": "308(...)45",
                    "nome_aluno": "INÊS FLORIPES EDRA"
                },
                {
                    "codigo_aluno": "305(...)81",
                    "nome_aluno": "INÊS GOMES CORREIA"
                },
                {
                    "codigo_aluno": "310(...)56",
                    "nome_aluno": "INÊS SOUSA MOITA"
                },
                {
                    "codigo_aluno": "315(...)39",
                    "nome_aluno": "JOANA MARIA OLIVEIRA LOPES"
                },
                {
                    "codigo_aluno": "157(...)63",
                    "nome_aluno": "JOANA OLIVEIRA SANTOS"
                },
                {
                    "codigo_aluno": "305(...)78",
                    "nome_aluno": "JOÃO FILIPE PEREIRA LUDOVICO"
                },
                {
                    "codigo_aluno": "310(...)66",
                    "nome_aluno": "JOÃO GABRIEL BARROS MONTEIRO"
                },
                {
                    "codigo_aluno": "156(...)54",
                    "nome_aluno": "LARA DINIS PEREIRA"
                },
                {
                    "codigo_aluno": "302(...)60",
                    "nome_aluno": "LARA MARIA NETO DIONISIO"
                },
                {
                    "codigo_aluno": "155(...)38",
                    "nome_aluno": "LAURA FERREIRA RUIVO"
                },
                {
                    "codigo_aluno": "307(...)78",
                    "nome_aluno": "LEONARDO FERNANDES MARTINHO"
                },
                {
                    "codigo_aluno": "151(...)33",
                    "nome_aluno": "LEONOR FRANCISCO ANASTÁCIO"
                },
                {
                    "codigo_aluno": "309(...)19",
                    "nome_aluno": "LEONOR INÁCIO SANTOS"
                },
                {
                    "codigo_aluno": "306(...)69",
                    "nome_aluno": "LEONOR NEVES FERREIRA"
                },
                {
                    "codigo_aluno": "302(...)77",
                    "nome_aluno": "LÚCIA SANTOS FONSECA"
                },
                {
                    "codigo_aluno": "307(...)72",
                    "nome_aluno": "LUCIANA JOÃO DA CONCEIÇÃO DE CARVALHO"
                },
                {
                    "codigo_aluno": "309(...)84",
                    "nome_aluno": "LUÍS CARLOS FONSECA CORGOZINHO"
                },
                {
                    "codigo_aluno": "157(...)58",
                    "nome_aluno": "LUÍSA ALEXANDRA CARREIRA SOARES"
                },
                {
                    "codigo_aluno": "315(...)81",
                    "nome_aluno": "MADALENA ANDRADE GOVERNO"
                },
                {
                    "codigo_aluno": "158(...)82",
                    "nome_aluno": "MARGARIDA FERREIRA DOS SANTOS"
                },
                {
                    "codigo_aluno": "310(...)29",
                    "nome_aluno": "MARGARIDA GOMES CARVALHO"
                },
                {
                    "codigo_aluno": "157(...)95",
                    "nome_aluno": "MARGARIDA RIBEIRO GOMES"
                },
                {
                    "codigo_aluno": "309(...)43",
                    "nome_aluno": "MARIA LEONOR FERNANDES HENRIQUES"
                },
                {
                    "codigo_aluno": "153(...)64",
                    "nome_aluno": "MARIA LEONOR PESSOA FONSECA"
                },
                {
                    "codigo_aluno": "306(...)89",
                    "nome_aluno": "MARIA MONTEIRO CARVALHO"
                },
                {
                    "codigo_aluno": "312(...)76",
                    "nome_aluno": "MARIANA CAROLINA OLIVEIRA JULIÃO"
                },
                {
                    "codigo_aluno": "309(...)85",
                    "nome_aluno": "MARIANA DE AZEVEDO E CASTRO MARQUES SIMÕES"
                },
                {
                    "codigo_aluno": "305(...)83",
                    "nome_aluno": "MARIANA DE AZEVEDO E MOREIRA"
                },
                {
                    "codigo_aluno": "306(...)22",
                    "nome_aluno": "MARIANA GOMES RODRIGUES"
                },
                {
                    "codigo_aluno": "158(...)61",
                    "nome_aluno": "MARIANA ISABEL COSTA LEITAO"
                },
                {
                    "codigo_aluno": "312(...)92",
                    "nome_aluno": "MARIANA ISABEL MATOS GOMES"
                },
                {
                    "codigo_aluno": "310(...)39",
                    "nome_aluno": "MARIANA NOGUEIRA DO CARMO"
                },
                {
                    "codigo_aluno": "310(...)13",
                    "nome_aluno": "MARIANA QUINTAS OLIVEIRA"
                },
                {
                    "codigo_aluno": "310(...)29",
                    "nome_aluno": "MARTA CLÉRIGO RIBEIRO"
                },
                {
                    "codigo_aluno": "310(...)44",
                    "nome_aluno": "MATILDE FRANCISCO DOS SANTOS VICENTE"
                },
                {
                    "codigo_aluno": "315(...)88",
                    "nome_aluno": "MATILDE MARIA MARQUES MENDES"
                },
                {
                    "codigo_aluno": "301(...)47",
                    "nome_aluno": "MATILDE RODRIGUES NETO"
                },
                {
                    "codigo_aluno": "312(...)47",
                    "nome_aluno": "MÓNICA SILVA ANTUNES"
                },
                {
                    "codigo_aluno": "159(...)92",
                    "nome_aluno": "PEDRO ANTONIO GAMEIRO NOBRE"
                },
                {
                    "codigo_aluno": "307(...)11",
                    "nome_aluno": "RAFAEL BALÃO SANTOS"
                },
                {
                    "codigo_aluno": "159(...)75",
                    "nome_aluno": "RAFAELA GOMES PEREIRA"
                },
                {
                    "codigo_aluno": "153(...)79",
                    "nome_aluno": "RITA MARTINS SILVA"
                },
                {
                    "codigo_aluno": "307(...)09",
                    "nome_aluno": "RITA SOFIA ALMEIDA ALFAIATE"
                },
                {
                    "codigo_aluno": "309(...)42",
                    "nome_aluno": "RUTE DUARTE ARROTEIA"
                },
                {
                    "codigo_aluno": "309(...)70",
                    "nome_aluno": "SARA FILIPA SOUSA SIMÕES"
                },
                {
                    "codigo_aluno": "151(...)99",
                    "nome_aluno": "SOFIA ISABEL GONÇALVES BALTAZAR"
                },
                {
                    "codigo_aluno": "300(...)85",
                    "nome_aluno": "SOFIA ISABEL PEREIRA SANTOS"
                },
                {
                    "codigo_aluno": "306(...)13",
                    "nome_aluno": "SOFIA MARTINS LOURO NUNES ABREU"
                },
                {
                    "codigo_aluno": "304(...)55",
                    "nome_aluno": "SOFIA PEDROSA LOPES"
                },
                {
                    "codigo_aluno": "156(...)01",
                    "nome_aluno": "SOFIA PEREIRA CARDOSO BARBOSA"
                },
                {
                    "codigo_aluno": "310(...)62",
                    "nome_aluno": "SORAIA PINTO JORGE"
                },
                {
                    "codigo_aluno": "157(...)27",
                    "nome_aluno": "TELMA VIEIRA BRANCO"
                },
                {
                    "codigo_aluno": "319(...)80",
                    "nome_aluno": "VICTÓRIA ISABEL DE MAGALHÃES FIGUEIRA"
                },
                {
                    "codigo_aluno": "154(...)00",
                    "nome_aluno": "VITÓRIA DA SILVA MENDES"
                }
            ]
        },
        {
            "codigo_curso": "9504",
            "nome_curso": "9504 - Fisioterapia",
            "colocados": [
                {
                    "codigo_aluno": "156(...)99",
                    "nome_aluno": "ALEXANDRA NARCISO PIRES"
                },
                {
                    "codigo_aluno": "147(...)86",
                    "nome_aluno": "ANA MARIE SIMÕES WELCH"
                },
                {
                    "codigo_aluno": "159(...)54",
                    "nome_aluno": "CARLOS RODRIGO LIVRAMENTO FERNANDES"
                },
                {
                    "codigo_aluno": "301(...)13",
                    "nome_aluno": "CONSTANÇA FERNANDES SANTOS"
                },
                {
                    "codigo_aluno": "301(...)21",
                    "nome_aluno": "DÉBORA COSTA DE SOUSA"
                },
                {
                    "codigo_aluno": "301(...)56",
                    "nome_aluno": "DIOGO JOSÉ AMARAL E SOUSA"
                },
                {
                    "codigo_aluno": "307(...)61",
                    "nome_aluno": "DIOGO VENÂNCIO NUNES"
                },
                {
                    "codigo_aluno": "156(...)49",
                    "nome_aluno": "DIOGO VICENTE EUSÉBIO"
                },
                {
                    "codigo_aluno": "308(...)15",
                    "nome_aluno": "EDUARDO JORGE AMARO"
                },
                {
                    "codigo_aluno": "309(...)95",
                    "nome_aluno": "FRANCISCA ANTUNES NOGUEIRA"
                },
                {
                    "codigo_aluno": "159(...)29",
                    "nome_aluno": "GABRIELA DA SILVA PINHO"
                },
                {
                    "codigo_aluno": "153(...)53",
                    "nome_aluno": "GUSTAVO SOARES ALBERTO"
                },
                {
                    "codigo_aluno": "159(...)61",
                    "nome_aluno": "IARA LISBOA GÓIS"
                },
                {
                    "codigo_aluno": "150(...)62",
                    "nome_aluno": "JESSICA LILA PAULINO LUZIO"
                },
                {
                    "codigo_aluno": "317(...)57",
                    "nome_aluno": "JOÃO RAFAEL OLIVEIRA GARCIA"
                },
                {
                    "codigo_aluno": "156(...)25",
                    "nome_aluno": "JOSÉ PEDRO GONÇALVES GARCIA"
                },
                {
                    "codigo_aluno": "309(...)21",
                    "nome_aluno": "LEONOR SANTOS FERREIRA"
                },
                {
                    "codigo_aluno": "300(...)13",
                    "nome_aluno": "LUISA COELHO ESPIGA CARNEIRO"
                },
                {
                    "codigo_aluno": "300(...)70",
                    "nome_aluno": "LUNA PATRÍCIA VASCONCELOS MARQUES"
                },
                {
                    "codigo_aluno": "309(...)49",
                    "nome_aluno": "MANUEL MARIA HORTET FLORA MENDES RAIMUNDO"
                },
                {
                    "codigo_aluno": "158(...)79",
                    "nome_aluno": "MARIANA COSTA ALMEIDA"
                },
                {
                    "codigo_aluno": "309(...)52",
                    "nome_aluno": "MARTA DOS SANTOS VILHENA"
                },
                {
                    "codigo_aluno": "159(...)64",
                    "nome_aluno": "MARTIM DUARTE GONÇALVES"
                },
                {
                    "codigo_aluno": "308(...)33",
                    "nome_aluno": "MIGUEL DELGADO SIMÕES"
                },
                {
                    "codigo_aluno": "309(...)05",
                    "nome_aluno": "MIGUEL FERREIRA STOFFEL"
                },
                {
                    "codigo_aluno": "156(...)98",
                    "nome_aluno": "RAFAEL DE JESUS MARQUES"
                },
                {
                    "codigo_aluno": "309(...)26",
                    "nome_aluno": "RAFAELA OLIVEIRA VICENTE"
                },
                {
                    "codigo_aluno": "311(...)10",
                    "nome_aluno": "RAUL CAMPILHO ALMEIDA"
                },
                {
                    "codigo_aluno": "304(...)67",
                    "nome_aluno": "RITA ROMÃO BARROS"
                },
                {
                    "codigo_aluno": "304(...)70",
                    "nome_aluno": "RODRIGO COSTA ALVES"
                },
                {
                    "codigo_aluno": "154(...)59",
                    "nome_aluno": "RODRIGO DIAS DA MOTA"
                },
                {
                    "codigo_aluno": "159(...)40",
                    "nome_aluno": "SIMÃO ROQUE NUNES DOS SANTOS"
                },
                {
                    "codigo_aluno": "153(...)95",
                    "nome_aluno": "TOMÁS MILHEIRO GUILHERME"
                },
                {
                    "codigo_aluno": "155(...)87",
                    "nome_aluno": "VASCO ESTRELA DA SILVA"
                }
            ]
        },
        {
            "codigo_curso": "9890",
            "nome_curso": "9890 - Terapia da Fala",
            "colocados": [
                {
                    "codigo_aluno": "300(...)82",
                    "nome_aluno": "ALEXANDRA MEIRELES NUNES ROCHA"
                },
                {
                    "codigo_aluno": "306(...)76",
                    "nome_aluno": "ANA CRISTINA PINHO DA COSTA"
                },
                {
                    "codigo_aluno": "309(...)22",
                    "nome_aluno": "BEATRIZ CEBOLO DE JESUS NEVES AMARO"
                },
                {
                    "codigo_aluno": "310(...)39",
                    "nome_aluno": "BEATRIZ RAMOS PASSOS"
                },
                {
                    "codigo_aluno": "150(...)86",
                    "nome_aluno": "CAROLINA RIBEIRO DE SOUSA PINTO"
                },
                {
                    "codigo_aluno": "310(...)22",
                    "nome_aluno": "DÂNIA COUTINHO DA SILVA"
                },
                {
                    "codigo_aluno": "307(...)33",
                    "nome_aluno": "DUARTE OLIVEIRA MADEIRA"
                },
                {
                    "codigo_aluno": "152(...)77",
                    "nome_aluno": "FILIPA MEDEIROS TRAVASSOS"
                },
                {
                    "codigo_aluno": "307(...)58",
                    "nome_aluno": "FILIPE FRANCO PEREIRA"
                },
                {
                    "codigo_aluno": "155(...)85",
                    "nome_aluno": "GABRIELA AGUIAR FONSECA"
                },
                {
                    "codigo_aluno": "300(...)32",
                    "nome_aluno": "IARA JOSÉ VIDEIRA"
                },
                {
                    "codigo_aluno": "310(...)23",
                    "nome_aluno": "IARA PACHECO FERREIRA"
                },
                {
                    "codigo_aluno": "151(...)33",
                    "nome_aluno": "JOANA FILIPA CARVALHO ESTRELA"
                },
                {
                    "codigo_aluno": "303(...)16",
                    "nome_aluno": "JULIANA REGO SÁ"
                },
                {
                    "codigo_aluno": "151(...)30",
                    "nome_aluno": "LARA ALEXANDRA BOTELHO GONÇALVES"
                },
                {
                    "codigo_aluno": "306(...)91",
                    "nome_aluno": "LARA FERREIRA GONCALVES"
                },
                {
                    "codigo_aluno": "316(...)59",
                    "nome_aluno": "LAURA SANTOS MARQUES"
                },
                {
                    "codigo_aluno": "301(...)74",
                    "nome_aluno": "LEONOR MOTA FERNANDES"
                },
                {
                    "codigo_aluno": "303(...)15",
                    "nome_aluno": "MARGARIDA FIALHO FRAGATA DA SILVA SANTOS"
                },
                {
                    "codigo_aluno": "308(...)50",
                    "nome_aluno": "MARIA JOÃO MARTINS DIREITO"
                },
                {
                    "codigo_aluno": "159(...)60",
                    "nome_aluno": "MARIANA ISABEL FRANCISCO PEDROSA"
                },
                {
                    "codigo_aluno": "306(...)34",
                    "nome_aluno": "MARISA PEREIRA MEDEIROS"
                },
                {
                    "codigo_aluno": "148(...)81",
                    "nome_aluno": "RAFAELA DOMINGOS MARTINS"
                },
                {
                    "codigo_aluno": "304(...)23",
                    "nome_aluno": "SALVADOR DE SOUSA NAZÁRIO"
                },
                {
                    "codigo_aluno": "153(...)85",
                    "nome_aluno": "TIAGO MANUEL CAROLA TEMUDO"
                },
                {
                    "codigo_aluno": "153(...)09",
                    "nome_aluno": "VITÓRIA ALEXANDRA FERREIRA CORDEIRO"
                }
            ]
        },
        {
            "codigo_curso": "8138",
            "nome_curso": "8138 - Terapia Ocupacional",
            "colocados": [
                {
                    "codigo_aluno": "315(...)83",
                    "nome_aluno": "ANA SOFIA MACHADO QUEIRÓS DOS SANTOS FERREIRA"
                },
                {
                    "codigo_aluno": "306(...)56",
                    "nome_aluno": "BEATRIZ DOS SANTOS PARREIRAS"
                },
                {
                    "codigo_aluno": "309(...)12",
                    "nome_aluno": "BEATRIZ GONÇALVES CORREIA"
                },
                {
                    "codigo_aluno": "154(...)27",
                    "nome_aluno": "BEATRIZ LINO CASQUEIRO CARONA"
                },
                {
                    "codigo_aluno": "307(...)35",
                    "nome_aluno": "BEATRIZ MARIA DE SOUSA NETO"
                },
                {
                    "codigo_aluno": "310(...)70",
                    "nome_aluno": "BRUNA GONÇALVES MAROUVO"
                },
                {
                    "codigo_aluno": "304(...)43",
                    "nome_aluno": "CAROLINA LIMA PEREIRA"
                },
                {
                    "codigo_aluno": "303(...)45",
                    "nome_aluno": "CATARINA CRUZ RUIVO"
                },
                {
                    "codigo_aluno": "306(...)05",
                    "nome_aluno": "CINTIA FERNANDES FÉ"
                },
                {
                    "codigo_aluno": "309(...)92",
                    "nome_aluno": "DANIELA CAMPOS DE SOUSA"
                },
                {
                    "codigo_aluno": "154(...)38",
                    "nome_aluno": "DAVID MIGUEL NORTE JOAQUIM"
                },
                {
                    "codigo_aluno": "311(...)45",
                    "nome_aluno": "DIANA TATIANA FERREIRA RODRIGUES"
                },
                {
                    "codigo_aluno": "305(...)81",
                    "nome_aluno": "EMA CARREIRA CAETANO"
                },
                {
                    "codigo_aluno": "309(...)50",
                    "nome_aluno": "EMA SORAIA SIMÕES OLIVEIRA"
                },
                {
                    "codigo_aluno": "301(...)53",
                    "nome_aluno": "JOANA FILIPA ALVES QUINTAS"
                },
                {
                    "codigo_aluno": "309(...)92",
                    "nome_aluno": "LARA PATRÍCIA SOUSA TOMÉ"
                },
                {
                    "codigo_aluno": "157(...)74",
                    "nome_aluno": "LEANDRO ARAÚJO QUINTAS"
                },
                {
                    "codigo_aluno": "305(...)66",
                    "nome_aluno": "LEONOR ISABEL LÚCIO COELHO"
                },
                {
                    "codigo_aluno": "157(...)15",
                    "nome_aluno": "LUANA ESTRELA AMARAL"
                },
                {
                    "codigo_aluno": "309(...)01",
                    "nome_aluno": "LUNA CAVACO AMARAL"
                },
                {
                    "codigo_aluno": "154(...)73",
                    "nome_aluno": "MAFALDA SOFIA MOREIRA ROMERO DA SILVA"
                },
                {
                    "codigo_aluno": "304(...)54",
                    "nome_aluno": "MARGARIDA FERREIRA DA SILVA"
                },
                {
                    "codigo_aluno": "157(...)38",
                    "nome_aluno": "MARGARIDA SOFIA DE PAULA CATELA"
                },
                {
                    "codigo_aluno": "306(...)93",
                    "nome_aluno": "MARIA ABRANTES TAVARES"
                },
                {
                    "codigo_aluno": "306(...)14",
                    "nome_aluno": "MARIA CLARA CASQUEIRO DOS SANTOS AMORIM BRANCO"
                },
                {
                    "codigo_aluno": "309(...)94",
                    "nome_aluno": "MARIA LEONOR DOS REIS FERREIRA"
                },
                {
                    "codigo_aluno": "306(...)45",
                    "nome_aluno": "MARIA MARQUES CARREIRA"
                },
                {
                    "codigo_aluno": "304(...)72",
                    "nome_aluno": "MARIANA SOFIA DE CARVALHO GOMES"
                },
                {
                    "codigo_aluno": "304(...)47",
                    "nome_aluno": "MÓNICA FILIPA DA COSTA ARAÚJO"
                },
                {
                    "codigo_aluno": "309(...)57",
                    "nome_aluno": "RAQUEL JOÃO COELHO CARVALHO"
                },
                {
                    "codigo_aluno": "300(...)23",
                    "nome_aluno": "RITA CAROLINA COSTA SANTOS"
                },
                {
                    "codigo_aluno": "158(...)40",
                    "nome_aluno": "RITA PEREIRA MIRANDA"
                },
                {
                    "codigo_aluno": "312(...)63",
                    "nome_aluno": "SERENA RAQUEL PEDRO ARAÚJO"
                },
                {
                    "codigo_aluno": "301(...)26",
                    "nome_aluno": "SIMÃO DIAS REBELO"
                },
                {
                    "codigo_aluno": "310(...)21",
                    "nome_aluno": "SIMONE DOMINGOS MARTINS"
                }
            ]
        }
    ]
}