{
    "codigo_universidade": "7093",
    "nome_universidade": "7093 - Universidade dos Açores - Escola Superior de Saúde - Ponta Delgada",
    "cursos": [
        {
            "codigo_curso": "9500",
            "nome_curso": "9500 - Enfermagem",
            "colocados": [
                {
                    "codigo_aluno": "155(...)43",
                    "nome_aluno": "ALEXANDRA FILIPA ALMEIDA MOTA"
                },
                {
                    "codigo_aluno": "152(...)02",
                    "nome_aluno": "ALEXANDRE DE ALMEIDA PIRES"
                },
                {
                    "codigo_aluno": "152(...)91",
                    "nome_aluno": "ANA BEATRIZ FERREIRA DE BORBA"
                },
                {
                    "codigo_aluno": "150(...)81",
                    "nome_aluno": "ANDRÉ FILIPE BRUM MEDEIROS"
                },
                {
                    "codigo_aluno": "153(...)86",
                    "nome_aluno": "BEATRIZ MEDEIROS SOARES"
                },
                {
                    "codigo_aluno": "306(...)91",
                    "nome_aluno": "BEATRIZ PEREIRA FURTADO"
                },
                {
                    "codigo_aluno": "159(...)01",
                    "nome_aluno": "CAROLINA ALEXANDRE RAPOSO GOUVEIA"
                },
                {
                    "codigo_aluno": "309(...)43",
                    "nome_aluno": "CLÁUDIA PATRÍCIA FEITOR MARTINS"
                },
                {
                    "codigo_aluno": "159(...)68",
                    "nome_aluno": "CRISTINA MARIA SOUSA CORREIA"
                },
                {
                    "codigo_aluno": "149(...)25",
                    "nome_aluno": "DANIELA MARQUES DE ALMEIDA"
                },
                {
                    "codigo_aluno": "304(...)66",
                    "nome_aluno": "ÉRICA BEATRIZ PIRES FARIA"
                },
                {
                    "codigo_aluno": "307(...)60",
                    "nome_aluno": "ÉRICA PAULA CARVALHO MENDONÇA"
                },
                {
                    "codigo_aluno": "159(...)68",
                    "nome_aluno": "FRANCISCO XAVIER GARCIA DA PONTE"
                },
                {
                    "codigo_aluno": "241(...)01",
                    "nome_aluno": "GUILHERME DA SILVA BRITO"
                },
                {
                    "codigo_aluno": "148(...)44",
                    "nome_aluno": "GUILHERME RIBEIRO AZEVEDO"
                },
                {
                    "codigo_aluno": "154(...)38",
                    "nome_aluno": "HELENA MARIA GONÇALVES SÁ"
                },
                {
                    "codigo_aluno": "152(...)77",
                    "nome_aluno": "INÊS COSTA MEDEIROS"
                },
                {
                    "codigo_aluno": "300(...)61",
                    "nome_aluno": "INÊS DOS REIS FRANCO"
                },
                {
                    "codigo_aluno": "304(...)56",
                    "nome_aluno": "INÊS FERREIRA HERDADE"
                },
                {
                    "codigo_aluno": "154(...)78",
                    "nome_aluno": "IRIS MARIA VIEIRA DE SOUSA"
                },
                {
                    "codigo_aluno": "153(...)89",
                    "nome_aluno": "ISABEL MARIA SPÍNOLA SOARES"
                },
                {
                    "codigo_aluno": "154(...)21",
                    "nome_aluno": "ISABEL SILVA PEREIRA"
                },
                {
                    "codigo_aluno": "309(...)51",
                    "nome_aluno": "JOANA CATARINA PIMENTEL FURTADO"
                },
                {
                    "codigo_aluno": "151(...)88",
                    "nome_aluno": "JOANA RODRIGUES PEREIRA"
                },
                {
                    "codigo_aluno": "159(...)30",
                    "nome_aluno": "JÚLIA CAVACO COSTA"
                },
                {
                    "codigo_aluno": "304(...)57",
                    "nome_aluno": "JULIA TAVARES VIEIRA"
                },
                {
                    "codigo_aluno": "310(...)14",
                    "nome_aluno": "JULIANA BARBOSA CASADOURO"
                },
                {
                    "codigo_aluno": "305(...)62",
                    "nome_aluno": "JULIANA LEDO NUNES"
                },
                {
                    "codigo_aluno": "152(...)78",
                    "nome_aluno": "LAURA HELENA CHAVES GAGO DA CÂMARA"
                },
                {
                    "codigo_aluno": "152(...)71",
                    "nome_aluno": "LUANA VENTURA PIRES"
                },
                {
                    "codigo_aluno": "150(...)98",
                    "nome_aluno": "LUISA MAIARA BRASIL REIS"
                },
                {
                    "codigo_aluno": "309(...)56",
                    "nome_aluno": "MARIA MATILDE PACHECO"
                },
                {
                    "codigo_aluno": "310(...)94",
                    "nome_aluno": "MARIANA DE JESUS MELO PONTE"
                },
                {
                    "codigo_aluno": "303(...)34",
                    "nome_aluno": "MARISA COELHO SOUSA"
                },
                {
                    "codigo_aluno": "304(...)86",
                    "nome_aluno": "MARTIM VITORINO FREITAS"
                },
                {
                    "codigo_aluno": "306(...)31",
                    "nome_aluno": "MICAELA FILIPA PEREIRA SOUSA"
                },
                {
                    "codigo_aluno": "305(...)31",
                    "nome_aluno": "MICAELA MACHADO AGUIAR"
                },
                {
                    "codigo_aluno": "150(...)72",
                    "nome_aluno": "NICOLE MARIA MEDEIROS PIMENTEL"
                },
                {
                    "codigo_aluno": "307(...)62",
                    "nome_aluno": "RAQUEL ARRUDA ALBERTO"
                },
                {
                    "codigo_aluno": "303(...)77",
                    "nome_aluno": "RITA DO COUTO LIMA"
                }
            ]
        }
    ]
}