{
    "codigo_universidade": "7085",
    "nome_universidade": "7085 - Instituto Politécnico de Viseu - Escola Superior de Saúde de Viseu",
    "cursos": [
        {
            "codigo_curso": "9500",
            "nome_curso": "9500 - Enfermagem",
            "colocados": [
                {
                    "codigo_aluno": "309(...)10",
                    "nome_aluno": "ALEXANDRA CRISTINA FIGUEIREDO MONTEIRO"
                },
                {
                    "codigo_aluno": "150(...)34",
                    "nome_aluno": "ALICE MARIA MOREIRA GOMES"
                },
                {
                    "codigo_aluno": "305(...)70",
                    "nome_aluno": "ANA CAROLINA AGUIAR RIBEIRO"
                },
                {
                    "codigo_aluno": "310(...)68",
                    "nome_aluno": "ANA CAROLINA SILVA MARQUES"
                },
                {
                    "codigo_aluno": "309(...)74",
                    "nome_aluno": "ANA MARGARIDA SANTOS ALBUQUERQUE"
                },
                {
                    "codigo_aluno": "154(...)82",
                    "nome_aluno": "ANA RAQUEL GONÇALVES BERNARDO"
                },
                {
                    "codigo_aluno": "156(...)73",
                    "nome_aluno": "ANA RITA MARTINHO OLIVEIRA"
                },
                {
                    "codigo_aluno": "151(...)50",
                    "nome_aluno": "ANA RITA PACHECO TAVARES DOS SANTOS"
                },
                {
                    "codigo_aluno": "303(...)42",
                    "nome_aluno": "ANA RITA RODRIGUES LOPES"
                },
                {
                    "codigo_aluno": "306(...)77",
                    "nome_aluno": "ANA RITA VIDEIRA NOGUEIRA"
                },
                {
                    "codigo_aluno": "159(...)05",
                    "nome_aluno": "ANA SOFIA CARDOSO SOARES"
                },
                {
                    "codigo_aluno": "153(...)33",
                    "nome_aluno": "ANAIS TAVARES DA SILVA"
                },
                {
                    "codigo_aluno": "304(...)27",
                    "nome_aluno": "ANAMAR FIGUEIREDO DO PRADO"
                },
                {
                    "codigo_aluno": "302(...)21",
                    "nome_aluno": "ANDRÉ DE DEUS OLIVEIRA"
                },
                {
                    "codigo_aluno": "304(...)26",
                    "nome_aluno": "BÁRBARA DANIELA GONÇALVES FERNANDES"
                },
                {
                    "codigo_aluno": "314(...)54",
                    "nome_aluno": "BEATRIZ BARBOSA ANTUNES"
                },
                {
                    "codigo_aluno": "153(...)92",
                    "nome_aluno": "BEATRIZ DE CASTRO FERNANDES"
                },
                {
                    "codigo_aluno": "313(...)93",
                    "nome_aluno": "BEATRIZ SILVA MORAIS"
                },
                {
                    "codigo_aluno": "300(...)57",
                    "nome_aluno": "BERNARDO MARTINS CORREIA"
                },
                {
                    "codigo_aluno": "305(...)66",
                    "nome_aluno": "CAROLINA DA SILVA VIDAL"
                },
                {
                    "codigo_aluno": "155(...)61",
                    "nome_aluno": "CAROLINA GONÇALVES"
                },
                {
                    "codigo_aluno": "153(...)28",
                    "nome_aluno": "CLARA INÊS SILVA SANTOS"
                },
                {
                    "codigo_aluno": "309(...)53",
                    "nome_aluno": "CLÁUDIA RODRIGUES FERREIRA"
                },
                {
                    "codigo_aluno": "153(...)26",
                    "nome_aluno": "CRISTIANA NUNES DOS SANTOS"
                },
                {
                    "codigo_aluno": "306(...)04",
                    "nome_aluno": "DANIEL ALMEIDA SÁ"
                },
                {
                    "codigo_aluno": "311(...)74",
                    "nome_aluno": "DANIEL SANTOS DE FARIA"
                },
                {
                    "codigo_aluno": "307(...)05",
                    "nome_aluno": "DANIELA DIAS RODRIGUES"
                },
                {
                    "codigo_aluno": "309(...)01",
                    "nome_aluno": "DANIELA PEREIRA ANTÓNIO"
                },
                {
                    "codigo_aluno": "157(...)87",
                    "nome_aluno": "DIANA DA SILVA COELHO"
                },
                {
                    "codigo_aluno": "303(...)21",
                    "nome_aluno": "DIANA FERNANDES BARBOSA"
                },
                {
                    "codigo_aluno": "153(...)79",
                    "nome_aluno": "DIOGO ALEXANDRE DA SILVA ALMEIDA SOARES"
                },
                {
                    "codigo_aluno": "309(...)14",
                    "nome_aluno": "DIOGO FARELEIRA FERNANDES"
                },
                {
                    "codigo_aluno": "316(...)13",
                    "nome_aluno": "DUARTE FONSECA LEITAO"
                },
                {
                    "codigo_aluno": "305(...)22",
                    "nome_aluno": "FILIPA DOMINGOS MARQUES"
                },
                {
                    "codigo_aluno": "145(...)74",
                    "nome_aluno": "FILIPA FIGUEIREDO COSTA"
                },
                {
                    "codigo_aluno": "309(...)01",
                    "nome_aluno": "FRANCISCA ISABEL ALMEIDA OLIVEIRA"
                },
                {
                    "codigo_aluno": "300(...)07",
                    "nome_aluno": "FRANCISCO MACHADO CAMPOS"
                },
                {
                    "codigo_aluno": "159(...)96",
                    "nome_aluno": "FRANCISCO SANTOS AFONSO"
                },
                {
                    "codigo_aluno": "309(...)98",
                    "nome_aluno": "GABRIEL RODRIGUES COSTA"
                },
                {
                    "codigo_aluno": "307(...)50",
                    "nome_aluno": "GABRIELA MENDES DO VALE"
                },
                {
                    "codigo_aluno": "309(...)53",
                    "nome_aluno": "GUILHERME MARTINS AGUIAR"
                },
                {
                    "codigo_aluno": "155(...)12",
                    "nome_aluno": "INÊS CHAVES CARDOSO"
                },
                {
                    "codigo_aluno": "304(...)26",
                    "nome_aluno": "INÊS DA SILVA PEREIRA"
                },
                {
                    "codigo_aluno": "309(...)60",
                    "nome_aluno": "INÊS SANTOS FERREIRA"
                },
                {
                    "codigo_aluno": "301(...)86",
                    "nome_aluno": "JOANA CARMO VELOSA"
                },
                {
                    "codigo_aluno": "300(...)34",
                    "nome_aluno": "JOANA MARGARIDA TEIXEIRA LUÍS"
                },
                {
                    "codigo_aluno": "303(...)30",
                    "nome_aluno": "JOÃO PEDRO FOLECHO CASTANHEIRA"
                },
                {
                    "codigo_aluno": "153(...)25",
                    "nome_aluno": "JULIANA RODRIGUES CONTI DE PAULA"
                },
                {
                    "codigo_aluno": "240(...)44",
                    "nome_aluno": "KAILANY DA LAPA NUNES"
                },
                {
                    "codigo_aluno": "158(...)00",
                    "nome_aluno": "LARA DE LEÃO SOARES"
                },
                {
                    "codigo_aluno": "303(...)62",
                    "nome_aluno": "LARA DOS SANTOS ALMEIDA"
                },
                {
                    "codigo_aluno": "307(...)79",
                    "nome_aluno": "LARA GUEDES SANTOS"
                },
                {
                    "codigo_aluno": "316(...)35",
                    "nome_aluno": "LARA SOFIA OSÓRIO MENDONÇA"
                },
                {
                    "codigo_aluno": "303(...)31",
                    "nome_aluno": "LARA TEIXEIRA ROCHA"
                },
                {
                    "codigo_aluno": "159(...)26",
                    "nome_aluno": "LEONOR CARVALHO PEDRINHO"
                },
                {
                    "codigo_aluno": "309(...)81",
                    "nome_aluno": "LEONOR FERREIRA GONÇALVES"
                },
                {
                    "codigo_aluno": "306(...)66",
                    "nome_aluno": "LEONOR MARTINS FERREIRA"
                },
                {
                    "codigo_aluno": "301(...)24",
                    "nome_aluno": "LEONOR SANTOS SILVA"
                },
                {
                    "codigo_aluno": "152(...)17",
                    "nome_aluno": "LETÍCIA DAMAS FERRO"
                },
                {
                    "codigo_aluno": "308(...)36",
                    "nome_aluno": "LUANA FILIPA RODRIGUES MARTINS"
                },
                {
                    "codigo_aluno": "309(...)90",
                    "nome_aluno": "LUCIANA ARAÚJO DA SILVA"
                },
                {
                    "codigo_aluno": "155(...)47",
                    "nome_aluno": "LUNA CAPELA MADANÇOS"
                },
                {
                    "codigo_aluno": "152(...)69",
                    "nome_aluno": "MARGARIDA SANTOS DO VALE"
                },
                {
                    "codigo_aluno": "310(...)52",
                    "nome_aluno": "MARIA INÊS MADEIRA LEAL"
                },
                {
                    "codigo_aluno": "305(...)25",
                    "nome_aluno": "MARIA LEONOR DA CUNHA MOREIRA"
                },
                {
                    "codigo_aluno": "306(...)60",
                    "nome_aluno": "MARIA MONTEIRO BARROS"
                },
                {
                    "codigo_aluno": "308(...)76",
                    "nome_aluno": "MARIANA CÉU DIONÍSIO JACKSON"
                },
                {
                    "codigo_aluno": "318(...)20",
                    "nome_aluno": "MARIANA DE ALMEIDA SANTOS"
                },
                {
                    "codigo_aluno": "310(...)29",
                    "nome_aluno": "MARIANA DE FÁTIMA FERREIRA ALMEIDA"
                },
                {
                    "codigo_aluno": "153(...)34",
                    "nome_aluno": "MARIANA FILIPA PEREIRA TEIXEIRA"
                },
                {
                    "codigo_aluno": "301(...)15",
                    "nome_aluno": "MARIANA PINTO FIGUEIREDO"
                },
                {
                    "codigo_aluno": "306(...)09",
                    "nome_aluno": "MARIANA RAMOS DO NASCIMENTO"
                },
                {
                    "codigo_aluno": "149(...)00",
                    "nome_aluno": "MARIANA SEIXAS ALVES"
                },
                {
                    "codigo_aluno": "306(...)49",
                    "nome_aluno": "MARIANA SOFIA MARQUES LOPES"
                },
                {
                    "codigo_aluno": "158(...)32",
                    "nome_aluno": "MARTIM ALVES COSTA"
                },
                {
                    "codigo_aluno": "309(...)88",
                    "nome_aluno": "MARTIM SANTIAGO DOS SANTOS LOPES"
                },
                {
                    "codigo_aluno": "314(...)32",
                    "nome_aluno": "MIGUEL SIMÕES ROCHA"
                },
                {
                    "codigo_aluno": "309(...)43",
                    "nome_aluno": "RAFAEL ALEXANDRE FERNANDES BALTAZAR"
                },
                {
                    "codigo_aluno": "302(...)66",
                    "nome_aluno": "RAFAEL DIAS DA SILVA"
                },
                {
                    "codigo_aluno": "155(...)14",
                    "nome_aluno": "RAFAEL MARTINS SANTOS"
                },
                {
                    "codigo_aluno": "307(...)73",
                    "nome_aluno": "RAFAELA ISABEL MARANHÃO CARDOSO"
                },
                {
                    "codigo_aluno": "303(...)63",
                    "nome_aluno": "RAFAELA LEITÃO BARBOSA"
                },
                {
                    "codigo_aluno": "303(...)99",
                    "nome_aluno": "RAFAELA SEBASTIÃO MACHORRO"
                },
                {
                    "codigo_aluno": "303(...)46",
                    "nome_aluno": "RICARDO FILIPE SILVA PINHO"
                },
                {
                    "codigo_aluno": "155(...)15",
                    "nome_aluno": "RUBEN MARTINS SANTOS"
                },
                {
                    "codigo_aluno": "154(...)01",
                    "nome_aluno": "RÚBEN MIGUEL FERREIRA NOVO DA COSTA"
                },
                {
                    "codigo_aluno": "150(...)72",
                    "nome_aluno": "SAMUEL PEDRO CORREIA COIMBRA"
                },
                {
                    "codigo_aluno": "309(...)13",
                    "nome_aluno": "SIMÃO SANTOS FERREIRA"
                },
                {
                    "codigo_aluno": "306(...)44",
                    "nome_aluno": "SOFIA LOURENÇO BAPTISTA"
                },
                {
                    "codigo_aluno": "307(...)94",
                    "nome_aluno": "SUSANA FERREIRA OLIVEIRA"
                }
            ]
        }
    ]
}