{
    "codigo_universidade": "3182",
    "nome_universidade": "3182 - Instituto Politécnico de Viseu - Escola Superior de Tecnologia e Gestão de Viseu",
    "cursos": [
        {
            "codigo_curso": "9709",
            "nome_curso": "9709 - Ciências e Tecnologia do Ambiente",
            "colocados": [
                {
                    "codigo_aluno": "149(...)86",
                    "nome_aluno": "LARA MIRANDA CALHEIROS"
                }
            ]
        },
        {
            "codigo_curso": "9056",
            "nome_curso": "9056 - Contabilidade",
            "colocados": [
                {
                    "codigo_aluno": "159(...)07",
                    "nome_aluno": "ANA CAROLINA PINHO BRANDÃO"
                },
                {
                    "codigo_aluno": "157(...)09",
                    "nome_aluno": "ANA RAQUEL DA SILVA AREOSA E COUTINHO FILIPE"
                },
                {
                    "codigo_aluno": "159(...)43",
                    "nome_aluno": "ANA RITA FONSECA CASTELO"
                },
                {
                    "codigo_aluno": "306(...)38",
                    "nome_aluno": "ANDREIA ESTEVES PEREIRA"
                },
                {
                    "codigo_aluno": "312(...)10",
                    "nome_aluno": "BEATRIZ COVÊLO DE SÁ"
                },
                {
                    "codigo_aluno": "309(...)60",
                    "nome_aluno": "BEATRIZ SOFIA XAVIER MATOS"
                },
                {
                    "codigo_aluno": "305(...)30",
                    "nome_aluno": "BERNARDO AMBRÓSIO BIDARRA"
                },
                {
                    "codigo_aluno": "307(...)99",
                    "nome_aluno": "CAMILA DE FIGUEIREDO E SILVA"
                },
                {
                    "codigo_aluno": "314(...)91",
                    "nome_aluno": "CAMILA MORAIS GONÇALVES"
                },
                {
                    "codigo_aluno": "307(...)47",
                    "nome_aluno": "DANIELA COIMBRA ALMEIDA"
                },
                {
                    "codigo_aluno": "300(...)85",
                    "nome_aluno": "DIOGO LOUREIRO LOPES"
                },
                {
                    "codigo_aluno": "303(...)88",
                    "nome_aluno": "DIOGO RAFAEL QUELHAS PEREIRA"
                },
                {
                    "codigo_aluno": "311(...)26",
                    "nome_aluno": "FILIPE MENDES SERRA"
                },
                {
                    "codigo_aluno": "305(...)89",
                    "nome_aluno": "FRANCISCO GUILHERME RODRIGUES PAIS"
                },
                {
                    "codigo_aluno": "309(...)19",
                    "nome_aluno": "GABRIEL GOMES COSTA"
                },
                {
                    "codigo_aluno": "306(...)68",
                    "nome_aluno": "GONÇALO MANUEL DE SOUSA SILVA"
                },
                {
                    "codigo_aluno": "302(...)10",
                    "nome_aluno": "JOANA PATRÍCIA FERREIRA OLIVEIRA"
                },
                {
                    "codigo_aluno": "156(...)21",
                    "nome_aluno": "JOÃO PEDRO DIAS DA COSTA"
                },
                {
                    "codigo_aluno": "304(...)57",
                    "nome_aluno": "JOÃO PEDRO ROSA DE CAMPOS"
                },
                {
                    "codigo_aluno": "307(...)16",
                    "nome_aluno": "LEONARDO MARTINS CASTELÃO RAVARA"
                },
                {
                    "codigo_aluno": "303(...)82",
                    "nome_aluno": "MARCO DOS SANTOS BARRANHA"
                },
                {
                    "codigo_aluno": "316(...)53",
                    "nome_aluno": "MARIA INÊS DIAS DA SILVA"
                },
                {
                    "codigo_aluno": "303(...)90",
                    "nome_aluno": "MARIA JOAO AMORIM FERREIRA"
                },
                {
                    "codigo_aluno": "157(...)69",
                    "nome_aluno": "MARIA MIGUEL JESUS VALVERDE"
                },
                {
                    "codigo_aluno": "159(...)69",
                    "nome_aluno": "MARIANA DA SILVA TEIXEIRA"
                },
                {
                    "codigo_aluno": "314(...)08",
                    "nome_aluno": "MARIANA FILIPA PEREIRA ALMEIDA"
                },
                {
                    "codigo_aluno": "308(...)88",
                    "nome_aluno": "MARTIM COSTA ALBUQUERQUE"
                },
                {
                    "codigo_aluno": "307(...)22",
                    "nome_aluno": "MATILDE SORAIA DA COSTA MONTEIRO"
                },
                {
                    "codigo_aluno": "307(...)31",
                    "nome_aluno": "MICAELA ALEXANDRA LOPES GARCIA"
                },
                {
                    "codigo_aluno": "310(...)14",
                    "nome_aluno": "MIGUEL ANTONIO ABREU PINTO"
                },
                {
                    "codigo_aluno": "156(...)83",
                    "nome_aluno": "MIGUEL FERNANDES SOUSA"
                },
                {
                    "codigo_aluno": "306(...)55",
                    "nome_aluno": "PEDRO CHAVES GOMES"
                },
                {
                    "codigo_aluno": "301(...)28",
                    "nome_aluno": "PEDRO MIGUEL OLIVEIRA PEREIRA"
                },
                {
                    "codigo_aluno": "304(...)82",
                    "nome_aluno": "RODRIGO MIGUEL FREITAS VIEIRA"
                },
                {
                    "codigo_aluno": "156(...)41",
                    "nome_aluno": "RODRIGO VITALI FERNANDES"
                },
                {
                    "codigo_aluno": "156(...)57",
                    "nome_aluno": "SALVADOR DOS SANTOS LOURENÇO"
                },
                {
                    "codigo_aluno": "157(...)44",
                    "nome_aluno": "SALVADOR FRANCISCO SILVA BALULA"
                },
                {
                    "codigo_aluno": "312(...)75",
                    "nome_aluno": "SIMONE DE ALMEIDA PROENÇA"
                },
                {
                    "codigo_aluno": "301(...)44",
                    "nome_aluno": "TIAGO SANTIAGO PEREIRA"
                },
                {
                    "codigo_aluno": "154(...)97",
                    "nome_aluno": "TOMAS LAGES MARTINS"
                }
            ]
        },
        {
            "codigo_curso": "9089",
            "nome_curso": "9089 - Engenharia Civil",
            "colocados": [
                {
                    "codigo_aluno": "312(...)75",
                    "nome_aluno": "DAVID SAMUEL ROSA COUTO"
                }
            ]
        },
        {
            "codigo_curso": "9109",
            "nome_curso": "9109 - Engenharia Eletrotécnica",
            "colocados": [
                {
                    "codigo_aluno": "301(...)04",
                    "nome_aluno": "DAVY LOPES JESUS"
                },
                {
                    "codigo_aluno": "308(...)47",
                    "nome_aluno": "JOÃO PEDRO VEIGA DA COSTA"
                },
                {
                    "codigo_aluno": "307(...)70",
                    "nome_aluno": "MARIANA RODRIGUES MENESES CRUZ"
                },
                {
                    "codigo_aluno": "304(...)37",
                    "nome_aluno": "PAUL ROCHA CORDEIRO"
                },
                {
                    "codigo_aluno": "306(...)31",
                    "nome_aluno": "PEDRO DE ALMEIDA POMBO"
                }
            ]
        },
        {
            "codigo_curso": "9119",
            "nome_curso": "9119 - Engenharia Informática",
            "colocados": [
                {
                    "codigo_aluno": "153(...)23",
                    "nome_aluno": "ABÍLIO DANIEL DUARTE PÁSCOA"
                },
                {
                    "codigo_aluno": "300(...)72",
                    "nome_aluno": "AFONSO PEREIRA DE ALMEIDA"
                },
                {
                    "codigo_aluno": "240(...)11",
                    "nome_aluno": "AFRÂNIO HENRIQUE MOTA MEIRELLES"
                },
                {
                    "codigo_aluno": "157(...)48",
                    "nome_aluno": "ALEXANDRE ANTONESI"
                },
                {
                    "codigo_aluno": "304(...)96",
                    "nome_aluno": "ANA RITA ANTUNES CHAVES"
                },
                {
                    "codigo_aluno": "154(...)05",
                    "nome_aluno": "ANDRÉ ANATOLIY BORYSENKO CORREIA"
                },
                {
                    "codigo_aluno": "156(...)91",
                    "nome_aluno": "BERNARDO MIGUEL PEREIRA VIEGAS"
                },
                {
                    "codigo_aluno": "157(...)15",
                    "nome_aluno": "BRUNO FERNANDES COSTA"
                },
                {
                    "codigo_aluno": "154(...)51",
                    "nome_aluno": "CAROLINA DA COSTA ROCHA"
                },
                {
                    "codigo_aluno": "153(...)42",
                    "nome_aluno": "DAVID JESUS SILVA SILVA"
                },
                {
                    "codigo_aluno": "153(...)76",
                    "nome_aluno": "DINIS PEREIRA CAPRICHOSO"
                },
                {
                    "codigo_aluno": "158(...)41",
                    "nome_aluno": "DIOGO MARQUES PEREIRA"
                },
                {
                    "codigo_aluno": "310(...)14",
                    "nome_aluno": "DIOGO MIGUEL SILVA MARTINS"
                },
                {
                    "codigo_aluno": "307(...)23",
                    "nome_aluno": "DIOGO RODRIGUES PERES"
                },
                {
                    "codigo_aluno": "305(...)65",
                    "nome_aluno": "EDUARDO FILIPE ALMEIDA NEVES"
                },
                {
                    "codigo_aluno": "306(...)62",
                    "nome_aluno": "FERNANDO MICAEL PEDRO DIAS"
                },
                {
                    "codigo_aluno": "154(...)77",
                    "nome_aluno": "FILIPE RAFAEL CABAÇAS DE MATOS SIMÕES"
                },
                {
                    "codigo_aluno": "309(...)44",
                    "nome_aluno": "FILIPE SÁ FERREIRA"
                },
                {
                    "codigo_aluno": "158(...)19",
                    "nome_aluno": "FRANCISCO DE ALMEIDA VIDEIRA"
                },
                {
                    "codigo_aluno": "308(...)11",
                    "nome_aluno": "FRANCISCO LOPES ALMEIDA"
                },
                {
                    "codigo_aluno": "304(...)70",
                    "nome_aluno": "GABRIEL ALVES RAMALHO"
                },
                {
                    "codigo_aluno": "159(...)05",
                    "nome_aluno": "GABRIEL CABRAL SOARES"
                },
                {
                    "codigo_aluno": "152(...)23",
                    "nome_aluno": "GONÇALO MEDEIROS SEIXAS"
                },
                {
                    "codigo_aluno": "158(...)01",
                    "nome_aluno": "GONÇALO MIGUEL LUCAS DOS SANTOS FERNANDES"
                },
                {
                    "codigo_aluno": "304(...)81",
                    "nome_aluno": "GUILHERME CARVALHO FIGUEIREDO"
                },
                {
                    "codigo_aluno": "308(...)38",
                    "nome_aluno": "GUILHERME JOSÉ MARQUES DA COSTA"
                },
                {
                    "codigo_aluno": "159(...)13",
                    "nome_aluno": "GUILHERME LOPES PEREIRA"
                },
                {
                    "codigo_aluno": "302(...)70",
                    "nome_aluno": "GUILHERME LUÍS DE ASSUNÇÃO GOUVEIA"
                },
                {
                    "codigo_aluno": "303(...)68",
                    "nome_aluno": "GUILHERME RODRIGUES PAIS"
                },
                {
                    "codigo_aluno": "306(...)38",
                    "nome_aluno": "GUILHERME SIMÕES FIGUEIRA"
                },
                {
                    "codigo_aluno": "240(...)29",
                    "nome_aluno": "HENRIQUE FELISBERTO"
                },
                {
                    "codigo_aluno": "305(...)29",
                    "nome_aluno": "HUGO ALEXANDRE PEREIRA AFONSO"
                },
                {
                    "codigo_aluno": "150(...)29",
                    "nome_aluno": "INÊS BERNARDO CORREIA"
                },
                {
                    "codigo_aluno": "313(...)38",
                    "nome_aluno": "JOÃO FRANCISCO DE JESUS TAVARES"
                },
                {
                    "codigo_aluno": "315(...)72",
                    "nome_aluno": "JOÃO GUILHERME SOARES COUTINHO"
                },
                {
                    "codigo_aluno": "154(...)45",
                    "nome_aluno": "JOÃO MIGUEL MATOS LOPES"
                },
                {
                    "codigo_aluno": "300(...)28",
                    "nome_aluno": "LEANDRO ANTUNES FERREIRA"
                },
                {
                    "codigo_aluno": "151(...)47",
                    "nome_aluno": "LUÍS FILIPE DA COSTA PINTO"
                },
                {
                    "codigo_aluno": "153(...)80",
                    "nome_aluno": "LUÍS MIGUEL DE ALBUQUERQUE PAIVA"
                },
                {
                    "codigo_aluno": "303(...)76",
                    "nome_aluno": "LUÍS PAULO AZEVEDO TEIXEIRA"
                },
                {
                    "codigo_aluno": "307(...)70",
                    "nome_aluno": "MARTIM MAGALHÃES LOUREIRO"
                },
                {
                    "codigo_aluno": "153(...)42",
                    "nome_aluno": "MARTIM MARIA DA SILVA"
                },
                {
                    "codigo_aluno": "312(...)41",
                    "nome_aluno": "MATEUS VALENTE FRIAS SILVA"
                },
                {
                    "codigo_aluno": "303(...)24",
                    "nome_aluno": "MIGUEL REBELO BARBOSA"
                },
                {
                    "codigo_aluno": "301(...)01",
                    "nome_aluno": "MIGUEL REBELO FERREIRA"
                },
                {
                    "codigo_aluno": "305(...)04",
                    "nome_aluno": "PAULO MIGUEL SOUSA COSTA"
                },
                {
                    "codigo_aluno": "307(...)62",
                    "nome_aluno": "PEDRO AFONSO MONTEIRO ABREU"
                },
                {
                    "codigo_aluno": "154(...)32",
                    "nome_aluno": "PEDRO MORGADO DA SILVEIRA RODRIGUES"
                },
                {
                    "codigo_aluno": "153(...)65",
                    "nome_aluno": "PEDRO NUNO FIGUEIREDO MARQUES"
                },
                {
                    "codigo_aluno": "153(...)33",
                    "nome_aluno": "PORFÍRIO CASTRO ROCHA"
                },
                {
                    "codigo_aluno": "314(...)11",
                    "nome_aluno": "RAFAEL DE ASCENÇÃO FERNANDES"
                },
                {
                    "codigo_aluno": "309(...)23",
                    "nome_aluno": "RAFAEL FILIPE PEREIRA CARVALHO"
                },
                {
                    "codigo_aluno": "312(...)28",
                    "nome_aluno": "RAFAEL PEREIRA DA SILVA"
                },
                {
                    "codigo_aluno": "156(...)75",
                    "nome_aluno": "RAQUEL MARGARIDO LOPES"
                },
                {
                    "codigo_aluno": "306(...)37",
                    "nome_aluno": "RENATO RAFAEL LOPES GONÇALVES"
                },
                {
                    "codigo_aluno": "309(...)43",
                    "nome_aluno": "RODRIGO FERNANDES LOPES"
                },
                {
                    "codigo_aluno": "153(...)73",
                    "nome_aluno": "RODRIGO FERREIRA DE ALMEIDA"
                },
                {
                    "codigo_aluno": "155(...)58",
                    "nome_aluno": "RODRIGO FILIPE TEIXEIRA LOPES"
                },
                {
                    "codigo_aluno": "309(...)29",
                    "nome_aluno": "RUBEN ROCHA SÁ"
                },
                {
                    "codigo_aluno": "304(...)36",
                    "nome_aluno": "SIMÃO DINIS VARANDA COSTA"
                },
                {
                    "codigo_aluno": "305(...)76",
                    "nome_aluno": "TIAGO LOPES LOURENÇO"
                },
                {
                    "codigo_aluno": "309(...)86",
                    "nome_aluno": "TIAGO MENDES POLÓNIO"
                },
                {
                    "codigo_aluno": "154(...)27",
                    "nome_aluno": "TOMÁS ALEXANDRE PEREIRA SANTOS"
                },
                {
                    "codigo_aluno": "155(...)00",
                    "nome_aluno": "TOMÁS PEREIRA COIMBRA"
                },
                {
                    "codigo_aluno": "308(...)95",
                    "nome_aluno": "VASCO MANUEL CARRELO FERREIRA"
                },
                {
                    "codigo_aluno": "326(...)40",
                    "nome_aluno": "VICTOR DE ANDRADE DEMENCIANO"
                }
            ]
        },
        {
            "codigo_curso": "9123",
            "nome_curso": "9123 - Engenharia Mecânica",
            "colocados": [
                {
                    "codigo_aluno": "308(...)48",
                    "nome_aluno": "ANA CAROLINA MONTEIRO JACINTO"
                },
                {
                    "codigo_aluno": "306(...)57",
                    "nome_aluno": "ANDRÉ LUÍS SÁ ALMEIDA"
                },
                {
                    "codigo_aluno": "313(...)54",
                    "nome_aluno": "DIANA LUISA PAIS RODRIGUES"
                },
                {
                    "codigo_aluno": "303(...)52",
                    "nome_aluno": "JOÃO PAULO PRAÇA DE CASTRO"
                },
                {
                    "codigo_aluno": "310(...)32",
                    "nome_aluno": "JOSÉ GUILHERME ALMEIDA FERREIRA"
                },
                {
                    "codigo_aluno": "303(...)90",
                    "nome_aluno": "RICARDO MIGUEL CORREIA RODRIGUES"
                },
                {
                    "codigo_aluno": "300(...)07",
                    "nome_aluno": "RODRIGO BATISTA PINA"
                },
                {
                    "codigo_aluno": "308(...)64",
                    "nome_aluno": "RUBEN COSTA MAURICIO"
                },
                {
                    "codigo_aluno": "309(...)11",
                    "nome_aluno": "TIAGO MIGUEL E SILVA"
                }
            ]
        },
        {
            "codigo_curso": "9152",
            "nome_curso": "9152 - Gestão de Empresas",
            "colocados": [
                {
                    "codigo_aluno": "317(...)69",
                    "nome_aluno": "ANA BEATRIZ FREITAS DIAS"
                },
                {
                    "codigo_aluno": "315(...)48",
                    "nome_aluno": "ANA FRANCISCA NOGUEIRA FERNANDES"
                },
                {
                    "codigo_aluno": "151(...)23",
                    "nome_aluno": "ANA RITA DE ALMEIDA FERREIRA"
                },
                {
                    "codigo_aluno": "309(...)10",
                    "nome_aluno": "ANA SOFIA GONÇALVES PINTO"
                },
                {
                    "codigo_aluno": "311(...)92",
                    "nome_aluno": "ANDRÉ JOSÉ SOARES MARQUES"
                },
                {
                    "codigo_aluno": "150(...)45",
                    "nome_aluno": "ANTÓNIO CARLOS ANTUNES CARDOSO"
                },
                {
                    "codigo_aluno": "152(...)61",
                    "nome_aluno": "BÁRBARA PAIS RAMOS"
                },
                {
                    "codigo_aluno": "302(...)68",
                    "nome_aluno": "BÁRBARA SAMPAIO TAVARES"
                },
                {
                    "codigo_aluno": "302(...)28",
                    "nome_aluno": "BEATRIZ CAMPOS GASPAR"
                },
                {
                    "codigo_aluno": "300(...)90",
                    "nome_aluno": "BEATRIZ MARTINS RAMOS"
                },
                {
                    "codigo_aluno": "309(...)66",
                    "nome_aluno": "BERNARDO DOS SANTOS PEREIRA"
                },
                {
                    "codigo_aluno": "309(...)74",
                    "nome_aluno": "CAROLINA BRITO GONÇALVES"
                },
                {
                    "codigo_aluno": "302(...)31",
                    "nome_aluno": "CAROLINA GONÇALVES OLIVA"
                },
                {
                    "codigo_aluno": "314(...)31",
                    "nome_aluno": "CÍNTIA DIAS DA SILVA"
                },
                {
                    "codigo_aluno": "312(...)43",
                    "nome_aluno": "CLÁUDIA FILIPA DE ALMEIDA SILVA"
                },
                {
                    "codigo_aluno": "151(...)63",
                    "nome_aluno": "DANIEL NUNO RODRIGUES FERRÃO"
                },
                {
                    "codigo_aluno": "316(...)06",
                    "nome_aluno": "DANIELA PEREIRA ALVES"
                },
                {
                    "codigo_aluno": "309(...)01",
                    "nome_aluno": "DIANA PATRÍCIA DOS SANTOS MOREIRA"
                },
                {
                    "codigo_aluno": "309(...)12",
                    "nome_aluno": "DIANA VIEGAS CORREIA"
                },
                {
                    "codigo_aluno": "306(...)29",
                    "nome_aluno": "DIOGO MACHADO CUNHA"
                },
                {
                    "codigo_aluno": "309(...)15",
                    "nome_aluno": "DUARTE VITORINO PAIS"
                },
                {
                    "codigo_aluno": "304(...)41",
                    "nome_aluno": "ERICA COSTA AFONSO"
                },
                {
                    "codigo_aluno": "323(...)15",
                    "nome_aluno": "FELIPE ALVES MARTINS"
                },
                {
                    "codigo_aluno": "308(...)73",
                    "nome_aluno": "FRANCISCA LUCAS MORAIS BRANCO TAVARES"
                },
                {
                    "codigo_aluno": "300(...)30",
                    "nome_aluno": "FRANCISCO JOSÉ DA SILVA ARANTES"
                },
                {
                    "codigo_aluno": "303(...)26",
                    "nome_aluno": "GUILHERME ALEXANDRE LIMA MARQUES"
                },
                {
                    "codigo_aluno": "154(...)83",
                    "nome_aluno": "GUILHERME FIGUEIREDO ALMEIDA"
                },
                {
                    "codigo_aluno": "307(...)36",
                    "nome_aluno": "GUSTAVO RAFAEL CORDEIRO COSTA"
                },
                {
                    "codigo_aluno": "308(...)38",
                    "nome_aluno": "HELENA ISABEL LOPES DE ALBUQUERQUE"
                },
                {
                    "codigo_aluno": "152(...)19",
                    "nome_aluno": "HUGO MIGUEL MARGARIDO MARQUES"
                },
                {
                    "codigo_aluno": "306(...)91",
                    "nome_aluno": "INES MARGARIDA GONCALVES ALMEIDA"
                },
                {
                    "codigo_aluno": "304(...)91",
                    "nome_aluno": "INES RAQUEL SILVA VALENTE"
                },
                {
                    "codigo_aluno": "309(...)74",
                    "nome_aluno": "INÊS SOFIA RODRIGUES OLIVEIRA"
                },
                {
                    "codigo_aluno": "309(...)00",
                    "nome_aluno": "JOÃO CARLOS DE PINHO RIBEIRO"
                },
                {
                    "codigo_aluno": "158(...)25",
                    "nome_aluno": "JOÃO FRANCISCO TEIXEIRA DE AZEVEDO"
                },
                {
                    "codigo_aluno": "306(...)14",
                    "nome_aluno": "JOÃO MARTIM MARQUES DE AZEVEDO"
                },
                {
                    "codigo_aluno": "317(...)94",
                    "nome_aluno": "JOÃO PAULO PEREIRA ALMEIDA"
                },
                {
                    "codigo_aluno": "309(...)69",
                    "nome_aluno": "JOAO PEDRO DE ALMEIDA SILVA"
                },
                {
                    "codigo_aluno": "310(...)98",
                    "nome_aluno": "JOÃO PEDRO MADUREIRA CARDOSO"
                },
                {
                    "codigo_aluno": "151(...)65",
                    "nome_aluno": "JOÃO PEDRO VIDEIRA ROCHA"
                },
                {
                    "codigo_aluno": "313(...)80",
                    "nome_aluno": "JORGE MIGUEL PINTO SILVA"
                },
                {
                    "codigo_aluno": "306(...)93",
                    "nome_aluno": "LARA ALEXANDRA PREIZAL SANCHES"
                },
                {
                    "codigo_aluno": "153(...)77",
                    "nome_aluno": "LARA CARRAGOSO LOPES"
                },
                {
                    "codigo_aluno": "151(...)99",
                    "nome_aluno": "LARA CRISTINA MOREIRA CARDOSO"
                },
                {
                    "codigo_aluno": "149(...)06",
                    "nome_aluno": "LARA FERNANDES DE SOUSA"
                },
                {
                    "codigo_aluno": "159(...)03",
                    "nome_aluno": "LARA FILIPA JESUS FERREIRA"
                },
                {
                    "codigo_aluno": "311(...)54",
                    "nome_aluno": "LEONARDO ARTUR AZEVEDO SILVA"
                },
                {
                    "codigo_aluno": "306(...)55",
                    "nome_aluno": "LEONOR RIBEIRO DOS SANTOS"
                },
                {
                    "codigo_aluno": "303(...)18",
                    "nome_aluno": "LEONOR SOFIA FARIA ANASTÁCIO"
                },
                {
                    "codigo_aluno": "308(...)17",
                    "nome_aluno": "LETÍCIA FERREIRA DA SILVA"
                },
                {
                    "codigo_aluno": "300(...)71",
                    "nome_aluno": "MARIANA SILVA MARQUES"
                },
                {
                    "codigo_aluno": "315(...)45",
                    "nome_aluno": "MARISA MARTINS COIMBRA"
                },
                {
                    "codigo_aluno": "303(...)97",
                    "nome_aluno": "MARTA CAROLINA PIRES BASTOS"
                },
                {
                    "codigo_aluno": "305(...)43",
                    "nome_aluno": "MARTA SOFIA ALMEIDA FERREIRA"
                },
                {
                    "codigo_aluno": "307(...)49",
                    "nome_aluno": "MATILDE FILIPA LEITE TEIXEIRA"
                },
                {
                    "codigo_aluno": "312(...)80",
                    "nome_aluno": "MIGUEL FRAGOSO LARANJEIRA"
                },
                {
                    "codigo_aluno": "157(...)45",
                    "nome_aluno": "PEDRO DANIEL ALMEIDA PEREIRA"
                },
                {
                    "codigo_aluno": "308(...)74",
                    "nome_aluno": "RAFAELA COSTA MAURICIO"
                },
                {
                    "codigo_aluno": "310(...)75",
                    "nome_aluno": "RICARDO LOPES TEIXEIRA"
                },
                {
                    "codigo_aluno": "159(...)37",
                    "nome_aluno": "RICARDO SANTOS FONTES"
                },
                {
                    "codigo_aluno": "306(...)07",
                    "nome_aluno": "RODRIGO BRITO DE SÁ DE OLIVEIRA BRAGA"
                },
                {
                    "codigo_aluno": "308(...)27",
                    "nome_aluno": "RODRIGO MORAIS PEREIRA"
                },
                {
                    "codigo_aluno": "311(...)80",
                    "nome_aluno": "RODRIGO SALGUEIRO PEREIRA"
                },
                {
                    "codigo_aluno": "156(...)78",
                    "nome_aluno": "RODRIGO SOUSA LEMOS"
                },
                {
                    "codigo_aluno": "301(...)65",
                    "nome_aluno": "ROSA MARIA DUARTE FERREIRA"
                },
                {
                    "codigo_aluno": "304(...)38",
                    "nome_aluno": "SANDRO LOPES MARQUES"
                },
                {
                    "codigo_aluno": "300(...)22",
                    "nome_aluno": "SIMAO JOSE MOREIRA MARTINS"
                },
                {
                    "codigo_aluno": "304(...)72",
                    "nome_aluno": "SUSANA PEREIRA DE MATOS"
                },
                {
                    "codigo_aluno": "308(...)76",
                    "nome_aluno": "TIAGO MIGUEL SANTOS DA SILVA"
                },
                {
                    "codigo_aluno": "152(...)92",
                    "nome_aluno": "TOMÁS DE OLIVEIRA HENRIQUES VALENTE"
                }
            ]
        },
        {
            "codigo_curso": "9994",
            "nome_curso": "9994 - Gestão de Empresas (regime pós-laboral)",
            "colocados": [
                {
                    "codigo_aluno": "309(...)01",
                    "nome_aluno": "AFONSO GONÇALVES TAVARES"
                },
                {
                    "codigo_aluno": "314(...)77",
                    "nome_aluno": "CÁTIA MARIA DOS SANTOS LAMEIRA"
                },
                {
                    "codigo_aluno": "310(...)76",
                    "nome_aluno": "GUILHERME FERREIRA TAMBORINO"
                },
                {
                    "codigo_aluno": "303(...)13",
                    "nome_aluno": "HUGO COUTINHO COELHO"
                },
                {
                    "codigo_aluno": "301(...)70",
                    "nome_aluno": "INÊS RODRIGUES COELHO"
                },
                {
                    "codigo_aluno": "300(...)64",
                    "nome_aluno": "JOÃO BERNARDO CORRENTE DIOGO"
                },
                {
                    "codigo_aluno": "114(...)78",
                    "nome_aluno": "MARIA DE FÁTIMA PARREIRA SOUSA AMARAL"
                },
                {
                    "codigo_aluno": "156(...)44",
                    "nome_aluno": "RAFAEL AFONSO FERREIRA"
                },
                {
                    "codigo_aluno": "305(...)38",
                    "nome_aluno": "RODRIGO OTÁVIO DUARTE FIGUEIREDO"
                },
                {
                    "codigo_aluno": "301(...)27",
                    "nome_aluno": "SANDRO PEREIRA ALBUQUERQUE"
                }
            ]
        },
        {
            "codigo_curso": "8296",
            "nome_curso": "8296 - Gestão Industrial",
            "colocados": [
                {
                    "codigo_aluno": "310(...)59",
                    "nome_aluno": "DIOGO ALEXANDRE MOITA BATISTA"
                },
                {
                    "codigo_aluno": "156(...)82",
                    "nome_aluno": "DIOGO MIRAGAIA RODRIGUES"
                },
                {
                    "codigo_aluno": "147(...)87",
                    "nome_aluno": "ELODIE HENRIQUES SERRA"
                },
                {
                    "codigo_aluno": "309(...)72",
                    "nome_aluno": "FILIPE ALEXANDRE ALMEIDA PEREIRA"
                },
                {
                    "codigo_aluno": "159(...)92",
                    "nome_aluno": "GUILHERME RODRIGUES PINTO"
                },
                {
                    "codigo_aluno": "303(...)13",
                    "nome_aluno": "JOÃO MARCOS REIS SANTOS"
                },
                {
                    "codigo_aluno": "153(...)09",
                    "nome_aluno": "LUÍS HENRIQUE ROCHA SANTOS"
                },
                {
                    "codigo_aluno": "150(...)59",
                    "nome_aluno": "MARTIM LAGES PAIVA COELHO FERNANDES"
                },
                {
                    "codigo_aluno": "157(...)08",
                    "nome_aluno": "PEDRO FERREIRA FRANCISCO"
                }
            ]
        },
        {
            "codigo_curso": "9205",
            "nome_curso": "9205 - Marketing",
            "colocados": [
                {
                    "codigo_aluno": "154(...)98",
                    "nome_aluno": "AFONSO MARIA GOMES ALVES PINHEIRO SOUSA"
                },
                {
                    "codigo_aluno": "154(...)51",
                    "nome_aluno": "ALEXANDRA FERREIRA ALVES"
                },
                {
                    "codigo_aluno": "304(...)41",
                    "nome_aluno": "ALINE ROSSANA FERNANDES DA SILVA"
                },
                {
                    "codigo_aluno": "154(...)68",
                    "nome_aluno": "ANA LUÍSA SILVA QUINTAS"
                },
                {
                    "codigo_aluno": "313(...)59",
                    "nome_aluno": "ANA MARGARIDA SARAIVA FERREIRA"
                },
                {
                    "codigo_aluno": "155(...)69",
                    "nome_aluno": "ANA MIGUEL MARTINS MARQUES"
                },
                {
                    "codigo_aluno": "302(...)04",
                    "nome_aluno": "ANDRÉ FERREIRA SOARES E SILVA"
                },
                {
                    "codigo_aluno": "154(...)61",
                    "nome_aluno": "ANGEL CHINAMSKI AMÉRICO MONTEIRO PEREIRA ARAÚJO"
                },
                {
                    "codigo_aluno": "155(...)75",
                    "nome_aluno": "ARIANA ISABEL FIGUEIREDO ESTEVES"
                },
                {
                    "codigo_aluno": "303(...)66",
                    "nome_aluno": "BEATRIZ DA CUNHA ANACLETO"
                },
                {
                    "codigo_aluno": "310(...)75",
                    "nome_aluno": "BRUNA ALEXANDRA LEAL OLIVEIRA"
                },
                {
                    "codigo_aluno": "306(...)73",
                    "nome_aluno": "DIANA CRISTINA CORREIA DE ALMEIDA"
                },
                {
                    "codigo_aluno": "154(...)53",
                    "nome_aluno": "EVA PINTO VILAR"
                },
                {
                    "codigo_aluno": "309(...)23",
                    "nome_aluno": "GUILHERME CONSTANTINO LOPES"
                },
                {
                    "codigo_aluno": "156(...)51",
                    "nome_aluno": "GUILHERME NUNO MARANHÃO DOS SANTOS PEDRO"
                },
                {
                    "codigo_aluno": "158(...)59",
                    "nome_aluno": "HENRIQUE OLIVEIRA FREITAS"
                },
                {
                    "codigo_aluno": "303(...)20",
                    "nome_aluno": "HUGO FILIPE REBORDONDO LOPES"
                },
                {
                    "codigo_aluno": "314(...)95",
                    "nome_aluno": "INÊS FILIPA PINA FERREIRA"
                },
                {
                    "codigo_aluno": "302(...)22",
                    "nome_aluno": "INÊS FILIPA RODRIGUES BERNARDO"
                },
                {
                    "codigo_aluno": "305(...)84",
                    "nome_aluno": "JOANA MARGARIDA COELHO CUNHA"
                },
                {
                    "codigo_aluno": "152(...)04",
                    "nome_aluno": "JOANA RITA FERREIRA GOMES"
                },
                {
                    "codigo_aluno": "313(...)30",
                    "nome_aluno": "JOÃO PEDRO MOURA ALMEIDA"
                },
                {
                    "codigo_aluno": "307(...)99",
                    "nome_aluno": "JOÃO PEDRO VENTURA TEJO ALMEIDA"
                },
                {
                    "codigo_aluno": "300(...)30",
                    "nome_aluno": "JOÃO RODRIGO FREITAS ANDRADE"
                },
                {
                    "codigo_aluno": "316(...)86",
                    "nome_aluno": "LARA INÊS RODRIGUES PEREIRA"
                },
                {
                    "codigo_aluno": "315(...)17",
                    "nome_aluno": "LARA SOFIA VIEGAS SOARES"
                },
                {
                    "codigo_aluno": "314(...)85",
                    "nome_aluno": "LEONOR PAIS FONSECA"
                },
                {
                    "codigo_aluno": "309(...)47",
                    "nome_aluno": "LEONOR SANTOS BERNARDO"
                },
                {
                    "codigo_aluno": "314(...)34",
                    "nome_aluno": "MARA BARBOSA ANTUNES"
                },
                {
                    "codigo_aluno": "309(...)61",
                    "nome_aluno": "MARGARIDA MOREIRA RIANÇO"
                },
                {
                    "codigo_aluno": "313(...)60",
                    "nome_aluno": "MARIA EDUARDA NOGUEIRA RIBEIRO"
                },
                {
                    "codigo_aluno": "307(...)73",
                    "nome_aluno": "MARIA GOMES ROCHA"
                },
                {
                    "codigo_aluno": "302(...)19",
                    "nome_aluno": "MARIA ISABEL DA SILVA BERNARDO"
                },
                {
                    "codigo_aluno": "301(...)64",
                    "nome_aluno": "MARIANA BRITO COSTA"
                },
                {
                    "codigo_aluno": "159(...)72",
                    "nome_aluno": "MARTA PAIXÃO MAGALHÃES"
                },
                {
                    "codigo_aluno": "310(...)66",
                    "nome_aluno": "MARTIM DE FAUSTO BANDEJA CODINHA"
                },
                {
                    "codigo_aluno": "300(...)92",
                    "nome_aluno": "MÓNICA NUNES RODRIGUES"
                },
                {
                    "codigo_aluno": "305(...)23",
                    "nome_aluno": "ORIANA SANTOS DUARTE"
                },
                {
                    "codigo_aluno": "304(...)34",
                    "nome_aluno": "RAFAELA MATOS ALMEIDA DOS SANTOS CARVALHO"
                },
                {
                    "codigo_aluno": "306(...)73",
                    "nome_aluno": "RITA DA SILVA PAIXÃO"
                },
                {
                    "codigo_aluno": "157(...)88",
                    "nome_aluno": "RODRIGO MIGUEL GOMES DE OLIVEIRA"
                },
                {
                    "codigo_aluno": "312(...)54",
                    "nome_aluno": "SAMUEL ANTÓNIO GASPAR FIGUEIREDO ALVES"
                },
                {
                    "codigo_aluno": "324(...)66",
                    "nome_aluno": "SAMUEL MOYSES ASEM"
                },
                {
                    "codigo_aluno": "304(...)61",
                    "nome_aluno": "SARA FERREIRA DA SILVA"
                },
                {
                    "codigo_aluno": "300(...)50",
                    "nome_aluno": "TIAGO MARTINS ALEXANDRE"
                },
                {
                    "codigo_aluno": "302(...)94",
                    "nome_aluno": "VANESSA JANELA VICENTE"
                }
            ]
        },
        {
            "codigo_curso": "8517",
            "nome_curso": "8517 - Tecnologia e Design de Mobiliário",
            "colocados": [
                {
                    "codigo_aluno": "152(...)28",
                    "nome_aluno": "ÂNGELO GABRIEL MATIAS FERREIRA"
                },
                {
                    "codigo_aluno": "315(...)71",
                    "nome_aluno": "ANTÓNIO PAULIUKEVICH"
                },
                {
                    "codigo_aluno": "309(...)30",
                    "nome_aluno": "CATARINA OLIVEIRA MARTINS"
                },
                {
                    "codigo_aluno": "306(...)42",
                    "nome_aluno": "CLÁUDIA ISABEL RAMOS BRITO"
                },
                {
                    "codigo_aluno": "306(...)83",
                    "nome_aluno": "DANIELA ANASTÁCIA MARQUES GOMES"
                },
                {
                    "codigo_aluno": "307(...)49",
                    "nome_aluno": "LARA FERREIRA DOS SANTOS"
                },
                {
                    "codigo_aluno": "306(...)48",
                    "nome_aluno": "MARIANA MARQUES FERNANDES"
                },
                {
                    "codigo_aluno": "240(...)20",
                    "nome_aluno": "OSCAR RAMOS ARVELLOS"
                },
                {
                    "codigo_aluno": "151(...)70",
                    "nome_aluno": "PEDRO ANTÓNIO CORREIA PINA LOUREIRO GOMES"
                },
                {
                    "codigo_aluno": "309(...)77",
                    "nome_aluno": "RITA FERREIRA DE CASTRO"
                },
                {
                    "codigo_aluno": "310(...)65",
                    "nome_aluno": "TIAGO JOSÉ LIMA FONTÃO RIBEIRO"
                }
            ]
        },
        {
            "codigo_curso": "9491",
            "nome_curso": "9491 - Tecnologias e Design de Multimédia",
            "colocados": [
                {
                    "codigo_aluno": "153(...)10",
                    "nome_aluno": "ADRIANA MATOS CAPELA"
                },
                {
                    "codigo_aluno": "158(...)03",
                    "nome_aluno": "ALEXANDRE FILIPE PINTO NOGUEIRA"
                },
                {
                    "codigo_aluno": "309(...)33",
                    "nome_aluno": "ALEXANDRE REBELO GOMES COIMBRA"
                },
                {
                    "codigo_aluno": "314(...)11",
                    "nome_aluno": "ANA CATARINA BARROS CALÓ"
                },
                {
                    "codigo_aluno": "313(...)17",
                    "nome_aluno": "ANA FILIPA LEMOS DA COSTA"
                },
                {
                    "codigo_aluno": "300(...)53",
                    "nome_aluno": "ÂNGELA SOFIA RODRIGUES FERREIRA"
                },
                {
                    "codigo_aluno": "309(...)22",
                    "nome_aluno": "BEATRIZ CRISTINA GOMES BARBOSA"
                },
                {
                    "codigo_aluno": "308(...)48",
                    "nome_aluno": "BRUNO MIGUEL DA SILVA SEABRA"
                },
                {
                    "codigo_aluno": "302(...)32",
                    "nome_aluno": "BRUNO MIGUEL MARTINS LIMA"
                },
                {
                    "codigo_aluno": "150(...)65",
                    "nome_aluno": "BRUNO RODRIGO SANTOS COSTA"
                },
                {
                    "codigo_aluno": "240(...)11",
                    "nome_aluno": "CAIO LUIS GOMES DO NASCIMENTO"
                },
                {
                    "codigo_aluno": "310(...)02",
                    "nome_aluno": "DANIEL FILIPE SIMÕES PEREIRA"
                },
                {
                    "codigo_aluno": "310(...)96",
                    "nome_aluno": "DAVID HENRIQUES AUGUSTO SILVA"
                },
                {
                    "codigo_aluno": "314(...)46",
                    "nome_aluno": "DIANA OLIVEIRA SANTOS"
                },
                {
                    "codigo_aluno": "240(...)25",
                    "nome_aluno": "EMANUELA TCHISSOLENE FERREIRA SANTOS"
                },
                {
                    "codigo_aluno": "317(...)15",
                    "nome_aluno": "ÉRICA LILIANA CASTANHEIRA OLIVEIRA"
                },
                {
                    "codigo_aluno": "240(...)36",
                    "nome_aluno": "FLÁVIO PFEIFFER PIMENTEL"
                },
                {
                    "codigo_aluno": "314(...)43",
                    "nome_aluno": "FRANCISCA BORGES BATALHA"
                },
                {
                    "codigo_aluno": "158(...)18",
                    "nome_aluno": "FRANCISCO JOSE MONTEIRO DE ALMEIDA"
                },
                {
                    "codigo_aluno": "151(...)38",
                    "nome_aluno": "GABRIELA CAMARGO FERREIRA"
                },
                {
                    "codigo_aluno": "180(...)48",
                    "nome_aluno": "HUMBERTO HENRIQUE PEREIRA DE OLIVEIRA"
                },
                {
                    "codigo_aluno": "149(...)81",
                    "nome_aluno": "JOANA SOFIA BERNARDO FERREIRA"
                },
                {
                    "codigo_aluno": "151(...)30",
                    "nome_aluno": "JOÃO GUILHERME FERNANDES PEREIRA"
                },
                {
                    "codigo_aluno": "149(...)04",
                    "nome_aluno": "JOÃO RODRIGO DA SILVA LUCAS"
                },
                {
                    "codigo_aluno": "151(...)86",
                    "nome_aluno": "LEONARDO RIBEIRO DIAS DA SILVA"
                },
                {
                    "codigo_aluno": "145(...)28",
                    "nome_aluno": "LUA ÍRIS MADRUGA BOGAERTS"
                },
                {
                    "codigo_aluno": "309(...)21",
                    "nome_aluno": "LUCAS MIGUEL TEIXEIRA DOS SANTOS"
                },
                {
                    "codigo_aluno": "305(...)98",
                    "nome_aluno": "MARIANA MAGALHÃES PINTO"
                },
                {
                    "codigo_aluno": "314(...)69",
                    "nome_aluno": "MARIANA PEREIRA FERNANDES"
                },
                {
                    "codigo_aluno": "314(...)44",
                    "nome_aluno": "MATILDE FILIPA PAIS AMARAL"
                },
                {
                    "codigo_aluno": "309(...)93",
                    "nome_aluno": "MATILDE MARIA LOPES CALADO MOITA DOS SANTOS"
                },
                {
                    "codigo_aluno": "152(...)53",
                    "nome_aluno": "MATILDE MENDES ÂNGELO"
                },
                {
                    "codigo_aluno": "309(...)78",
                    "nome_aluno": "MICAEL VIEIRA MARQUES"
                },
                {
                    "codigo_aluno": "315(...)41",
                    "nome_aluno": "MIGUEL DINIS MARQUES TEIXEIRA NEVES DA CRUZ"
                },
                {
                    "codigo_aluno": "309(...)09",
                    "nome_aluno": "MÓNICA SANTOS RODRIGUES"
                },
                {
                    "codigo_aluno": "305(...)17",
                    "nome_aluno": "NUNO FERREIRA OLIVEIRA"
                },
                {
                    "codigo_aluno": "317(...)17",
                    "nome_aluno": "PEDRO ELYSEU GARRIDO FERREIRA MESQUITA"
                },
                {
                    "codigo_aluno": "300(...)53",
                    "nome_aluno": "RODRIGO BERNARDINO ALBUQUERQUE"
                },
                {
                    "codigo_aluno": "312(...)87",
                    "nome_aluno": "RODRIGO CÉSAR LOUREIRO ALVES"
                },
                {
                    "codigo_aluno": "306(...)05",
                    "nome_aluno": "RODRIGO JOSÉ NEVES MORAIS"
                },
                {
                    "codigo_aluno": "154(...)55",
                    "nome_aluno": "RODRIGO PINTO LOPES"
                },
                {
                    "codigo_aluno": "308(...)81",
                    "nome_aluno": "RUI GABRIEL OLIVEIRA CARVALHO"
                },
                {
                    "codigo_aluno": "307(...)96",
                    "nome_aluno": "SARA ARAÚJO FERREIRA"
                },
                {
                    "codigo_aluno": "157(...)29",
                    "nome_aluno": "SARA LIMA BARROS"
                },
                {
                    "codigo_aluno": "240(...)08",
                    "nome_aluno": "SIMBELL EDUARDA SOUZA DE QUADROS"
                },
                {
                    "codigo_aluno": "307(...)85",
                    "nome_aluno": "SOFIA ALEXANDRA PEIXOTO NUNES"
                },
                {
                    "codigo_aluno": "315(...)36",
                    "nome_aluno": "TIAGO JOSÉ SANTOS ALEXANDRE"
                },
                {
                    "codigo_aluno": "240(...)19",
                    "nome_aluno": "WALTER KAYK RODRIGUES ARAUJO"
                }
            ]
        },
        {
            "codigo_curso": "9254",
            "nome_curso": "9254 - Turismo",
            "colocados": [
                {
                    "codigo_aluno": "156(...)85",
                    "nome_aluno": "AFONSO DIOGO FESTAS ABRANTES"
                },
                {
                    "codigo_aluno": "310(...)37",
                    "nome_aluno": "ANA FILIPA RUA BONDOSO"
                },
                {
                    "codigo_aluno": "304(...)15",
                    "nome_aluno": "ANA MARIA GONÇALVES DA NATIVIDADE"
                },
                {
                    "codigo_aluno": "309(...)85",
                    "nome_aluno": "ANA PORTAS MATIAS DE BARROS"
                },
                {
                    "codigo_aluno": "307(...)38",
                    "nome_aluno": "ANA RITA RODRIGUES VALENTE DE OLIVEIRA"
                },
                {
                    "codigo_aluno": "309(...)33",
                    "nome_aluno": "ARIANA PEREIRA ROCHA"
                },
                {
                    "codigo_aluno": "304(...)54",
                    "nome_aluno": "CRISTIANO GONÇALVES DA ROCHA SOARES"
                },
                {
                    "codigo_aluno": "312(...)61",
                    "nome_aluno": "DANIEL DA CRUZ NASCIMENTO"
                },
                {
                    "codigo_aluno": "159(...)51",
                    "nome_aluno": "DANIEL MORENO MARQUES"
                },
                {
                    "codigo_aluno": "310(...)97",
                    "nome_aluno": "DANIELA SOFIA MARGATO TIMÓTEO"
                },
                {
                    "codigo_aluno": "303(...)66",
                    "nome_aluno": "DIANA SOFIA MARQUES RODRIGUES"
                },
                {
                    "codigo_aluno": "307(...)76",
                    "nome_aluno": "DINIS FERNANDES DOS SANTOS"
                },
                {
                    "codigo_aluno": "158(...)45",
                    "nome_aluno": "ÉRICA MARTA CHERINDA MIGUEL"
                },
                {
                    "codigo_aluno": "302(...)91",
                    "nome_aluno": "GABRIEL LUCAS MARTINS DA COSTA"
                },
                {
                    "codigo_aluno": "151(...)78",
                    "nome_aluno": "GONÇALO DINIS FIDALGO"
                },
                {
                    "codigo_aluno": "159(...)90",
                    "nome_aluno": "GUSTAVO LEONEL DE CASTRO FREITAS"
                },
                {
                    "codigo_aluno": "313(...)28",
                    "nome_aluno": "INÊS MARQUES DE ASSUNÇÃO"
                },
                {
                    "codigo_aluno": "152(...)62",
                    "nome_aluno": "JÉSSICA SILVA ALVES"
                },
                {
                    "codigo_aluno": "303(...)90",
                    "nome_aluno": "JOÃO HENRIQUE AMARAL VENÂNCIO"
                },
                {
                    "codigo_aluno": "148(...)08",
                    "nome_aluno": "JOÃO ROCHA FREIRE MERCEREAU"
                },
                {
                    "codigo_aluno": "306(...)01",
                    "nome_aluno": "JOSÉ VASCO SANTOS CRUZ DA COSTA BESSA"
                },
                {
                    "codigo_aluno": "158(...)95",
                    "nome_aluno": "LARA MARGARIDA PAIS DE ANDRADE E SILVA"
                },
                {
                    "codigo_aluno": "300(...)75",
                    "nome_aluno": "LARA TOMÁS MARQUES"
                },
                {
                    "codigo_aluno": "157(...)67",
                    "nome_aluno": "LEONOR TAVARES COSTA"
                },
                {
                    "codigo_aluno": "318(...)37",
                    "nome_aluno": "LUÍS MIGUEL GARCIA CRUZ"
                },
                {
                    "codigo_aluno": "317(...)26",
                    "nome_aluno": "MARGARIDA FÉLIX DA ROCHA GONÇALVES"
                },
                {
                    "codigo_aluno": "152(...)84",
                    "nome_aluno": "MARIANA DE SOUSA GONCALVES"
                },
                {
                    "codigo_aluno": "307(...)75",
                    "nome_aluno": "MARIANA RUAS DINIS"
                },
                {
                    "codigo_aluno": "315(...)25",
                    "nome_aluno": "MARIANA SANTOS SILVA"
                },
                {
                    "codigo_aluno": "305(...)75",
                    "nome_aluno": "MARTA RODRIGUES CARDOSO"
                },
                {
                    "codigo_aluno": "301(...)06",
                    "nome_aluno": "MATILDE MUGEIRO DE CARVALHO"
                },
                {
                    "codigo_aluno": "156(...)35",
                    "nome_aluno": "MIGUEL LOPES SIMÕES"
                },
                {
                    "codigo_aluno": "308(...)28",
                    "nome_aluno": "PEDRO AMARAL DA SILVA PEREIRA"
                },
                {
                    "codigo_aluno": "314(...)78",
                    "nome_aluno": "RAFAEL DOS SANTOS REBELO"
                },
                {
                    "codigo_aluno": "305(...)71",
                    "nome_aluno": "RODRIGO JESUS GOMES"
                },
                {
                    "codigo_aluno": "155(...)12",
                    "nome_aluno": "SORAYA CARVALHEIRA MARQUES"
                },
                {
                    "codigo_aluno": "149(...)21",
                    "nome_aluno": "TIAGO GOMES VIEIRA"
                },
                {
                    "codigo_aluno": "303(...)91",
                    "nome_aluno": "TIAGO GONÇALVES FERNANDES"
                },
                {
                    "codigo_aluno": "315(...)23",
                    "nome_aluno": "TIAGO JOSÉ AMARAL MARQUES"
                },
                {
                    "codigo_aluno": "152(...)78",
                    "nome_aluno": "TOMÁS HENRIQUE BAPTISTA NELAS PINTO"
                }
            ]
        }
    ]
}