{
    "codigo_universidade": "7035",
    "nome_universidade": "7035 - Universidade do Algarve - Escola Superior de Saúde",
    "cursos": [
        {
            "codigo_curso": "L068",
            "nome_curso": "L068 - Ciências Biomédicas Laboratoriais",
            "colocados": [
                {
                    "codigo_aluno": "304(...)89",
                    "nome_aluno": "AFONSO RODRIGO CALEIRO MOTA"
                },
                {
                    "codigo_aluno": "310(...)88",
                    "nome_aluno": "BARBARA DA SILVA CARRILHO"
                },
                {
                    "codigo_aluno": "312(...)09",
                    "nome_aluno": "BEATRIZ LOURENÇO MARQUES SILVA"
                },
                {
                    "codigo_aluno": "157(...)83",
                    "nome_aluno": "BRUNO MIGUEL RUSSO COSTA"
                },
                {
                    "codigo_aluno": "309(...)81",
                    "nome_aluno": "DANIELA CAEIRO ARAÚJO"
                },
                {
                    "codigo_aluno": "301(...)77",
                    "nome_aluno": "DIOGO FILIPE CONCEIÇÃO TERESA"
                },
                {
                    "codigo_aluno": "305(...)05",
                    "nome_aluno": "EDUARDA LUIS DA FONSECA"
                },
                {
                    "codigo_aluno": "155(...)67",
                    "nome_aluno": "EVA ENES GRAMACHO"
                },
                {
                    "codigo_aluno": "300(...)97",
                    "nome_aluno": "EVA MARGARIDA NUNES AGUIAR"
                },
                {
                    "codigo_aluno": "156(...)05",
                    "nome_aluno": "FILIPA SIMÃO MATEUS"
                },
                {
                    "codigo_aluno": "309(...)31",
                    "nome_aluno": "INÊS PIEGAS DOS SANTOS"
                },
                {
                    "codigo_aluno": "155(...)59",
                    "nome_aluno": "ISABELA FERREIRA SANTOS FRANÇA DE AZEVEDO"
                },
                {
                    "codigo_aluno": "309(...)45",
                    "nome_aluno": "JÚLIO FILIPE DA CUNHA CALAÇA"
                },
                {
                    "codigo_aluno": "309(...)49",
                    "nome_aluno": "LEONOR MANUEL GUERREIRO"
                },
                {
                    "codigo_aluno": "156(...)11",
                    "nome_aluno": "LIA JUSTA BORRAGEIRO CARDOSO"
                },
                {
                    "codigo_aluno": "159(...)75",
                    "nome_aluno": "LOURENÇO MARTINS SIMÕES"
                },
                {
                    "codigo_aluno": "302(...)41",
                    "nome_aluno": "MADALENA PINTO MARQUES"
                },
                {
                    "codigo_aluno": "316(...)89",
                    "nome_aluno": "MADALENA PINTO PASCOAL"
                },
                {
                    "codigo_aluno": "309(...)08",
                    "nome_aluno": "MAFALDA CEREJO RELEGO"
                },
                {
                    "codigo_aluno": "240(...)34",
                    "nome_aluno": "MARA JULIE DECKER"
                },
                {
                    "codigo_aluno": "152(...)71",
                    "nome_aluno": "MÁRCIA JACINTO CHARRUA"
                },
                {
                    "codigo_aluno": "156(...)13",
                    "nome_aluno": "MARGARIDA MARIA SOARES GOMES"
                },
                {
                    "codigo_aluno": "151(...)91",
                    "nome_aluno": "MARIA FERREIRA AMORIM VIEGAS DE JESUS"
                },
                {
                    "codigo_aluno": "307(...)77",
                    "nome_aluno": "MARTIM FILIPE CERA"
                },
                {
                    "codigo_aluno": "308(...)26",
                    "nome_aluno": "MATILDE INÊS PEDRO DINIS JOÃO"
                },
                {
                    "codigo_aluno": "309(...)67",
                    "nome_aluno": "MATILDE SILVA CRUZ"
                },
                {
                    "codigo_aluno": "300(...)69",
                    "nome_aluno": "SAMUEL ALVAREZ VILLAR DA COSTA BENTO"
                }
            ]
        },
        {
            "codigo_curso": "8149",
            "nome_curso": "8149 - Dietética e Nutrição",
            "colocados": [
                {
                    "codigo_aluno": "314(...)06",
                    "nome_aluno": "ALINA MARTA SOLTYSYAK"
                },
                {
                    "codigo_aluno": "240(...)13",
                    "nome_aluno": "ANA LUISA FALEIRO LEMES"
                },
                {
                    "codigo_aluno": "312(...)26",
                    "nome_aluno": "ANAISA DELFINO DOS SANTOS"
                },
                {
                    "codigo_aluno": "307(...)84",
                    "nome_aluno": "ANDRÉ FERREIRA DE CARVALHO"
                },
                {
                    "codigo_aluno": "314(...)56",
                    "nome_aluno": "BEATRIZ HORTA PINTO"
                },
                {
                    "codigo_aluno": "309(...)71",
                    "nome_aluno": "BIANCA CRISTINA RODRIGUES DA SILVA"
                },
                {
                    "codigo_aluno": "156(...)38",
                    "nome_aluno": "CATARINA SILVA FAUSTINO"
                },
                {
                    "codigo_aluno": "312(...)29",
                    "nome_aluno": "CATARINA SILVA PEREIRA"
                },
                {
                    "codigo_aluno": "150(...)45",
                    "nome_aluno": "DANIELA CABRITA ALEXANDRE"
                },
                {
                    "codigo_aluno": "149(...)82",
                    "nome_aluno": "DENIS RAFAEL PEIXOTO MARTINS"
                },
                {
                    "codigo_aluno": "300(...)46",
                    "nome_aluno": "DIANA CAROLINA BESSA OLIVEIRA"
                },
                {
                    "codigo_aluno": "240(...)16",
                    "nome_aluno": "EDUARDA FRANCISCO BARBOSA"
                },
                {
                    "codigo_aluno": "240(...)18",
                    "nome_aluno": "FILIPPO ZAPPA"
                },
                {
                    "codigo_aluno": "309(...)33",
                    "nome_aluno": "FRANCISCO CRUZ DE OLIVEIRA"
                },
                {
                    "codigo_aluno": "159(...)73",
                    "nome_aluno": "IARA DEMÉTRIO INÁCIO"
                },
                {
                    "codigo_aluno": "156(...)80",
                    "nome_aluno": "JOANA FILIPA DA SILVA MENDES"
                },
                {
                    "codigo_aluno": "159(...)90",
                    "nome_aluno": "LARA RAQUEL RODRIGUES CARRASCALÃO"
                },
                {
                    "codigo_aluno": "158(...)65",
                    "nome_aluno": "LEANDRO PATROCÍNIO PUNJÁ"
                },
                {
                    "codigo_aluno": "303(...)27",
                    "nome_aluno": "LUANA VALENTINA GOMES NEWTON"
                },
                {
                    "codigo_aluno": "242(...)01",
                    "nome_aluno": "LUIZA LIMA DAMACENO"
                },
                {
                    "codigo_aluno": "155(...)32",
                    "nome_aluno": "MARGARIDA SACRAMENTO TEIXEIRA"
                },
                {
                    "codigo_aluno": "309(...)66",
                    "nome_aluno": "MARIA PEREIRA FREIRE"
                },
                {
                    "codigo_aluno": "300(...)81",
                    "nome_aluno": "MARIANA DE MIRA GALVÃO"
                },
                {
                    "codigo_aluno": "153(...)38",
                    "nome_aluno": "MARIANA RITA MASCARENHAS RODRIGUES"
                },
                {
                    "codigo_aluno": "308(...)38",
                    "nome_aluno": "MARTIM GOMES GUERREIRO"
                },
                {
                    "codigo_aluno": "153(...)07",
                    "nome_aluno": "RITA MARIA ROLAO LARANJO"
                },
                {
                    "codigo_aluno": "300(...)41",
                    "nome_aluno": "SALOMÉ MODESTO FAÍSCA"
                },
                {
                    "codigo_aluno": "309(...)62",
                    "nome_aluno": "SOFIA GOMES CACHAPA"
                }
            ]
        },
        {
            "codigo_curso": "9500",
            "nome_curso": "9500 - Enfermagem",
            "colocados": [
                {
                    "codigo_aluno": "151(...)30",
                    "nome_aluno": "ALÍCIA PONCIANO COLAÇO"
                },
                {
                    "codigo_aluno": "303(...)88",
                    "nome_aluno": "ALINA MARGARIDA DE SOUSA MIGUEL"
                },
                {
                    "codigo_aluno": "151(...)62",
                    "nome_aluno": "ANA RITA CALVINHO VIZINHO"
                },
                {
                    "codigo_aluno": "315(...)79",
                    "nome_aluno": "ANDREIA COSTIN"
                },
                {
                    "codigo_aluno": "303(...)54",
                    "nome_aluno": "ARIANA CANHÃO EUSÉBIO"
                },
                {
                    "codigo_aluno": "159(...)03",
                    "nome_aluno": "ARIANA SCURTU"
                },
                {
                    "codigo_aluno": "300(...)71",
                    "nome_aluno": "BEATRIZ FERNANDES ESTEVES"
                },
                {
                    "codigo_aluno": "306(...)32",
                    "nome_aluno": "BEATRIZ ISABEL MARQUES DA SILVA"
                },
                {
                    "codigo_aluno": "301(...)82",
                    "nome_aluno": "BEATRIZ MESTRE MENDES DA SILVA"
                },
                {
                    "codigo_aluno": "152(...)98",
                    "nome_aluno": "BEATRIZ PENEDO MARTINS"
                },
                {
                    "codigo_aluno": "323(...)19",
                    "nome_aluno": "CAROLINA KUKHAR"
                },
                {
                    "codigo_aluno": "309(...)45",
                    "nome_aluno": "CAROLINA SOFIA MENDES DIAS"
                },
                {
                    "codigo_aluno": "141(...)85",
                    "nome_aluno": "CÁTIA SOFIA BATISTA PEREIRA SOBREIRA"
                },
                {
                    "codigo_aluno": "318(...)41",
                    "nome_aluno": "DANIELA SOFIA BARRIGUINHA CARVALHO"
                },
                {
                    "codigo_aluno": "152(...)80",
                    "nome_aluno": "FILIPA YOUNES PIRES CANTO E CASTRO"
                },
                {
                    "codigo_aluno": "151(...)25",
                    "nome_aluno": "FRANCISCO MARTINS COELHO"
                },
                {
                    "codigo_aluno": "315(...)35",
                    "nome_aluno": "GABRIELA GOMES RAMOS"
                },
                {
                    "codigo_aluno": "152(...)76",
                    "nome_aluno": "JOANA BORGES BAIÃO"
                },
                {
                    "codigo_aluno": "305(...)90",
                    "nome_aluno": "JOANA FILIPA SILVESTRE GUERREIRO"
                },
                {
                    "codigo_aluno": "309(...)82",
                    "nome_aluno": "JOANA MARREIROS ROLÃO"
                },
                {
                    "codigo_aluno": "158(...)41",
                    "nome_aluno": "JORGE BAKURADZE"
                },
                {
                    "codigo_aluno": "156(...)64",
                    "nome_aluno": "LARA FILIPA CARDOSO LOURENÇO"
                },
                {
                    "codigo_aluno": "152(...)11",
                    "nome_aluno": "LEONOR MARIA SOUSA"
                },
                {
                    "codigo_aluno": "309(...)77",
                    "nome_aluno": "LORENA PIEDADE LOISAS"
                },
                {
                    "codigo_aluno": "303(...)89",
                    "nome_aluno": "MARGARIDA MARTINS SILVA"
                },
                {
                    "codigo_aluno": "301(...)47",
                    "nome_aluno": "MARIA JOÃO MORENO VIDAL"
                },
                {
                    "codigo_aluno": "315(...)02",
                    "nome_aluno": "MARIA PEREGINETS"
                },
                {
                    "codigo_aluno": "154(...)10",
                    "nome_aluno": "MARIANA MATEUS CAETANO"
                },
                {
                    "codigo_aluno": "304(...)34",
                    "nome_aluno": "MARIANA SOFIA ARANHA GOMES"
                },
                {
                    "codigo_aluno": "307(...)96",
                    "nome_aluno": "MATILDE CARDOSO VAZ ROSA RIBEIRO"
                },
                {
                    "codigo_aluno": "301(...)94",
                    "nome_aluno": "MATILDE SOARES MALVEIRO"
                },
                {
                    "codigo_aluno": "302(...)29",
                    "nome_aluno": "MIGUEL DE JESUS RAPOSO VICTORIANO"
                },
                {
                    "codigo_aluno": "306(...)08",
                    "nome_aluno": "PAULO ALEXANDRE BOGUINHA KRASNONOZHENKO"
                },
                {
                    "codigo_aluno": "151(...)77",
                    "nome_aluno": "PEDRO ALEXANDRE LOPES BRITO FIGUEIRA"
                },
                {
                    "codigo_aluno": "149(...)23",
                    "nome_aluno": "RAFAEL COELHO NETO"
                },
                {
                    "codigo_aluno": "309(...)86",
                    "nome_aluno": "RITA RIBEIRO FAIANCO"
                },
                {
                    "codigo_aluno": "152(...)53",
                    "nome_aluno": "RODRIGO MIGUEL CLEMENTE DA SILVA"
                },
                {
                    "codigo_aluno": "155(...)30",
                    "nome_aluno": "SARA ISABEL NEVES FERREIRA"
                },
                {
                    "codigo_aluno": "306(...)83",
                    "nome_aluno": "SARA NOGUEIRA PAULO"
                },
                {
                    "codigo_aluno": "301(...)70",
                    "nome_aluno": "TOMÉ DANIEL OLIVEIRA SILVA"
                }
            ]
        },
        {
            "codigo_curso": "9549",
            "nome_curso": "9549 - Farmácia",
            "colocados": [
                {
                    "codigo_aluno": "303(...)33",
                    "nome_aluno": "ALEXANDRA NUNES REMUDAS"
                },
                {
                    "codigo_aluno": "150(...)42",
                    "nome_aluno": "ANA BEATRIZ FRAGOSO REVÉS"
                },
                {
                    "codigo_aluno": "302(...)37",
                    "nome_aluno": "ANA SOFIA SOUSA MEDEIROS"
                },
                {
                    "codigo_aluno": "309(...)35",
                    "nome_aluno": "ANA TERESA BRÁZIO RUFINO"
                },
                {
                    "codigo_aluno": "153(...)71",
                    "nome_aluno": "BRUNA GRANJA PEREIRA"
                },
                {
                    "codigo_aluno": "305(...)83",
                    "nome_aluno": "CARLOTA DA SILVA LOPES"
                },
                {
                    "codigo_aluno": "154(...)05",
                    "nome_aluno": "CLÁUDIA ANTUNES DUARTE"
                },
                {
                    "codigo_aluno": "306(...)44",
                    "nome_aluno": "EDUARDO MATOS REIS"
                },
                {
                    "codigo_aluno": "305(...)23",
                    "nome_aluno": "FRANCISCA INÊS FERREIRA BRANCO VEIGA SANTARÉM"
                },
                {
                    "codigo_aluno": "240(...)40",
                    "nome_aluno": "GEOVANNA HELENA TRAVASSOS COSTA"
                },
                {
                    "codigo_aluno": "240(...)29",
                    "nome_aluno": "GUILHERME JUNIOR DA SILVA PEREIRA"
                },
                {
                    "codigo_aluno": "155(...)18",
                    "nome_aluno": "JENIFER LARA DE CASTRO MURCA"
                },
                {
                    "codigo_aluno": "153(...)23",
                    "nome_aluno": "JOÃO FRANCISCO MATIAS TORRADO"
                },
                {
                    "codigo_aluno": "157(...)32",
                    "nome_aluno": "LAURA MARTINS DE SOUSA"
                },
                {
                    "codigo_aluno": "307(...)77",
                    "nome_aluno": "LETÍCIA ROSA DE MIRANDA FELGUEIRAS"
                },
                {
                    "codigo_aluno": "154(...)70",
                    "nome_aluno": "MANUEL JOÃO AFONSO DIAS"
                },
                {
                    "codigo_aluno": "309(...)13",
                    "nome_aluno": "MARIA TERESA COSTA ZACARIAS"
                },
                {
                    "codigo_aluno": "307(...)39",
                    "nome_aluno": "MARIANA FRAZÃO ADANJO"
                },
                {
                    "codigo_aluno": "300(...)55",
                    "nome_aluno": "MELISSA DAMÁSIO VARELA"
                },
                {
                    "codigo_aluno": "306(...)51",
                    "nome_aluno": "MIGUEL ALMEIDA MARTINS"
                },
                {
                    "codigo_aluno": "240(...)68",
                    "nome_aluno": "RAFAELA BULBARELLI MAZZONI"
                },
                {
                    "codigo_aluno": "308(...)52",
                    "nome_aluno": "RODRIGO MOREIRA FERNANDES"
                },
                {
                    "codigo_aluno": "154(...)99",
                    "nome_aluno": "TOMÁS ADELINO CASTRO TEIXEIRA"
                },
                {
                    "codigo_aluno": "306(...)94",
                    "nome_aluno": "TOMAS MIGUEL DA SILVA ALMEIDA"
                },
                {
                    "codigo_aluno": "241(...)38",
                    "nome_aluno": "YEVA SAIENKO"
                }
            ]
        },
        {
            "codigo_curso": "9504",
            "nome_curso": "9504 - Fisioterapia",
            "colocados": [
                {
                    "codigo_aluno": "151(...)49",
                    "nome_aluno": "ANTÓNIO FRANCISCO VIEIRA LOURENÇO"
                },
                {
                    "codigo_aluno": "159(...)97",
                    "nome_aluno": "BEATRIZ ALMEIDA DA LUZ MARTINS"
                },
                {
                    "codigo_aluno": "309(...)33",
                    "nome_aluno": "BEATRIZ MARTINS GONÇALVES"
                },
                {
                    "codigo_aluno": "305(...)46",
                    "nome_aluno": "CAROLINA ISABEL REIS DOMINGUES"
                },
                {
                    "codigo_aluno": "150(...)96",
                    "nome_aluno": "CATARINA COLAÇO ROMÃO MARTINS"
                },
                {
                    "codigo_aluno": "153(...)18",
                    "nome_aluno": "CATARINA EUGENIO GODINHO"
                },
                {
                    "codigo_aluno": "314(...)38",
                    "nome_aluno": "CATARINA VIDIGUEIRA PINTO"
                },
                {
                    "codigo_aluno": "154(...)69",
                    "nome_aluno": "FILIPE MIGUEL MATEUS SILVA"
                },
                {
                    "codigo_aluno": "156(...)19",
                    "nome_aluno": "GUILHERME CUSTÓDIO VERÍSSIMO"
                },
                {
                    "codigo_aluno": "309(...)36",
                    "nome_aluno": "GUILHERME FREITAS DOS SANTOS"
                },
                {
                    "codigo_aluno": "306(...)29",
                    "nome_aluno": "INÊS MARQUES RODRIGUES"
                },
                {
                    "codigo_aluno": "309(...)58",
                    "nome_aluno": "JOÃO MIGUEL MARQUES BARROS"
                },
                {
                    "codigo_aluno": "240(...)31",
                    "nome_aluno": "LARA DEML"
                },
                {
                    "codigo_aluno": "303(...)86",
                    "nome_aluno": "LARA ZAMBUJEIRA ROQUE"
                },
                {
                    "codigo_aluno": "306(...)61",
                    "nome_aluno": "LEONOR RODRIGUES BRAGA"
                },
                {
                    "codigo_aluno": "155(...)15",
                    "nome_aluno": "MARIA INÊS BAPTISTA GODINHO"
                },
                {
                    "codigo_aluno": "306(...)47",
                    "nome_aluno": "MARIA INÊS DE CARVALHO GOMES MARTINS CAIXAS"
                },
                {
                    "codigo_aluno": "307(...)68",
                    "nome_aluno": "MARIA MARGARIDA CALADO ESPANHOL"
                },
                {
                    "codigo_aluno": "307(...)84",
                    "nome_aluno": "PEDRO NUNES"
                },
                {
                    "codigo_aluno": "302(...)38",
                    "nome_aluno": "RAFAEL ALEXANDRE GARCIA CAMPOS"
                },
                {
                    "codigo_aluno": "310(...)13",
                    "nome_aluno": "RAQUEL RAPOSO SOARES"
                },
                {
                    "codigo_aluno": "304(...)70",
                    "nome_aluno": "RODRIGO CORREIA DE BRITO"
                },
                {
                    "codigo_aluno": "301(...)61",
                    "nome_aluno": "SIMÃO CARRUSCA CUSTODINHO"
                },
                {
                    "codigo_aluno": "151(...)34",
                    "nome_aluno": "SOL ADRIANA PINTO SOUSA"
                },
                {
                    "codigo_aluno": "153(...)54",
                    "nome_aluno": "TIAGO ANTÓNIO CAVALARIA COLAÇO"
                },
                {
                    "codigo_aluno": "151(...)76",
                    "nome_aluno": "VICENTE DE OLIVEIRA MARQUES VICTORINO"
                }
            ]
        },
        {
            "codigo_curso": "L066",
            "nome_curso": "L066 - Imagem Médica e Radioterapia",
            "colocados": [
                {
                    "codigo_aluno": "310(...)04",
                    "nome_aluno": "ALEXANDRE MANSO SANTOS"
                },
                {
                    "codigo_aluno": "241(...)09",
                    "nome_aluno": "ANA BEATRIZ ALVES PEREIRA"
                },
                {
                    "codigo_aluno": "152(...)30",
                    "nome_aluno": "ANDRÉ FILIPE MACHADO SOUSA"
                },
                {
                    "codigo_aluno": "311(...)05",
                    "nome_aluno": "BEATRIZ BARROS MARTINS"
                },
                {
                    "codigo_aluno": "306(...)77",
                    "nome_aluno": "BEATRIZ ISABEL ALEIXO OLHO AZUL"
                },
                {
                    "codigo_aluno": "151(...)55",
                    "nome_aluno": "BEATRIZ ROMANA COSTA"
                },
                {
                    "codigo_aluno": "301(...)82",
                    "nome_aluno": "CATARINA BASÍLIO SILVA"
                },
                {
                    "codigo_aluno": "306(...)18",
                    "nome_aluno": "CATARINA MENDONÇA HENRIQUES"
                },
                {
                    "codigo_aluno": "311(...)26",
                    "nome_aluno": "CÁTIA MITALI"
                },
                {
                    "codigo_aluno": "304(...)90",
                    "nome_aluno": "DAVID MIGUEL BARROS BAPTISTA"
                },
                {
                    "codigo_aluno": "307(...)34",
                    "nome_aluno": "ELISABETE NÁDIA STOLYARCHYK"
                },
                {
                    "codigo_aluno": "306(...)75",
                    "nome_aluno": "FERNANDO HORTA PALHINHA"
                },
                {
                    "codigo_aluno": "300(...)15",
                    "nome_aluno": "GONÇALO FILIPE MONTEIRO CASIMIRO"
                },
                {
                    "codigo_aluno": "241(...)63",
                    "nome_aluno": "ICARO COSTA AMARO VIEIRA"
                },
                {
                    "codigo_aluno": "156(...)68",
                    "nome_aluno": "INÊS SOARES DIAS"
                },
                {
                    "codigo_aluno": "301(...)01",
                    "nome_aluno": "IOLANDA SILVA MARTINS"
                },
                {
                    "codigo_aluno": "154(...)69",
                    "nome_aluno": "ÍSIS DE FÁTIMA GUERREIRO BARÔA"
                },
                {
                    "codigo_aluno": "309(...)22",
                    "nome_aluno": "LARA BEATRIZ BRITO DA SILVA"
                },
                {
                    "codigo_aluno": "305(...)24",
                    "nome_aluno": "MARGARIDA FERNANDES BRAVO"
                },
                {
                    "codigo_aluno": "151(...)47",
                    "nome_aluno": "MARIANA DOMINGUES MARTINS"
                },
                {
                    "codigo_aluno": "302(...)98",
                    "nome_aluno": "MATILDE LEONOR CARVALHO NAIA"
                },
                {
                    "codigo_aluno": "240(...)16",
                    "nome_aluno": "MONIK SOARES FERREIRA"
                },
                {
                    "codigo_aluno": "310(...)80",
                    "nome_aluno": "NICOLETA BULAI"
                },
                {
                    "codigo_aluno": "313(...)33",
                    "nome_aluno": "PATRICIA NICOLETA CIONCA"
                },
                {
                    "codigo_aluno": "308(...)87",
                    "nome_aluno": "PATRÍCIA SANTOS PINTO"
                },
                {
                    "codigo_aluno": "300(...)95",
                    "nome_aluno": "REGINA MARQUES CORREIA"
                },
                {
                    "codigo_aluno": "307(...)06",
                    "nome_aluno": "RITA EMÍDIO FERNANDES"
                },
                {
                    "codigo_aluno": "155(...)96",
                    "nome_aluno": "RODRIGO FILIPE DA ENCARNAÇÃO BOAVISTA"
                },
                {
                    "codigo_aluno": "300(...)84",
                    "nome_aluno": "SARA ISABEL DOS SANTOS OLIVEIRA"
                },
                {
                    "codigo_aluno": "300(...)11",
                    "nome_aluno": "SIMÃO GONÇALVES RAPOSO"
                }
            ]
        }
    ]
}