{
    "codigo_universidade": "3163",
    "nome_universidade": "3163 - Instituto Politécnico de Viana do Castelo - Escola Superior de Tecnologia e Gestão",
    "cursos": [
        {
            "codigo_curso": "9723",
            "nome_curso": "9723 - Design de Ambientes",
            "colocados": [
                {
                    "codigo_aluno": "316(...)71",
                    "nome_aluno": "ANA BEATRIZ ALVES PEREIRA"
                },
                {
                    "codigo_aluno": "158(...)68",
                    "nome_aluno": "ANA BEATRIZ GOMES SOUSA"
                },
                {
                    "codigo_aluno": "300(...)02",
                    "nome_aluno": "ANA BEATRIZ SOUSA BERNARDINO"
                },
                {
                    "codigo_aluno": "306(...)81",
                    "nome_aluno": "BEATRIZ BARBOSA ARAÚJO"
                },
                {
                    "codigo_aluno": "313(...)54",
                    "nome_aluno": "BEATRIZ SANTOS AMARAL"
                },
                {
                    "codigo_aluno": "149(...)12",
                    "nome_aluno": "BRUNA SOFIA PINTO GOMES"
                },
                {
                    "codigo_aluno": "309(...)05",
                    "nome_aluno": "CAROLINA MAIA LEITE"
                },
                {
                    "codigo_aluno": "313(...)03",
                    "nome_aluno": "CAROLINA PEREIRA MACHADO"
                },
                {
                    "codigo_aluno": "153(...)78",
                    "nome_aluno": "DINIS ANTÓNIO HELENO CASEIRO"
                },
                {
                    "codigo_aluno": "306(...)11",
                    "nome_aluno": "EDUARDA LIMA ALMEIDA"
                },
                {
                    "codigo_aluno": "302(...)87",
                    "nome_aluno": "ELSA LOPES MACIEL"
                },
                {
                    "codigo_aluno": "240(...)05",
                    "nome_aluno": "FRANCELIN LUISANNY ARENAS YEPEZ"
                },
                {
                    "codigo_aluno": "152(...)48",
                    "nome_aluno": "JOANA FILIPA DA SILVA RUFINO"
                },
                {
                    "codigo_aluno": "309(...)66",
                    "nome_aluno": "JOANA MARGARIDA DANTAS FERNANDES"
                },
                {
                    "codigo_aluno": "159(...)91",
                    "nome_aluno": "JULIANA RODRIGUES COSTA"
                },
                {
                    "codigo_aluno": "304(...)41",
                    "nome_aluno": "LEITICIA FELICIANO DOS REIS"
                },
                {
                    "codigo_aluno": "301(...)63",
                    "nome_aluno": "LEONOR PINTO DE FREITAS"
                },
                {
                    "codigo_aluno": "313(...)30",
                    "nome_aluno": "LETÍCIA CAVALIÉ DA ROCHA"
                },
                {
                    "codigo_aluno": "301(...)32",
                    "nome_aluno": "LUANA FILIPA DE SOUSA VIEIRA"
                },
                {
                    "codigo_aluno": "159(...)43",
                    "nome_aluno": "MARIA CLARA ILLA MENDONÇA"
                },
                {
                    "codigo_aluno": "152(...)26",
                    "nome_aluno": "MARIANA BASTOS DA RIBA"
                },
                {
                    "codigo_aluno": "315(...)95",
                    "nome_aluno": "MARIANA OLIVEIRA RIBEIRO"
                },
                {
                    "codigo_aluno": "152(...)18",
                    "nome_aluno": "MATHILDE DA SILVA AZEVEDO"
                },
                {
                    "codigo_aluno": "312(...)84",
                    "nome_aluno": "MATILDE GUIMARÃES RIBEIRO"
                },
                {
                    "codigo_aluno": "312(...)81",
                    "nome_aluno": "MIRIAM DA SILVA CARVALHO"
                },
                {
                    "codigo_aluno": "308(...)11",
                    "nome_aluno": "RAQUEL VIEIRA DA CUNHA"
                },
                {
                    "codigo_aluno": "304(...)82",
                    "nome_aluno": "SOFIA MOTA LEAL"
                },
                {
                    "codigo_aluno": "151(...)23",
                    "nome_aluno": "VERÓNICA SOFIA GREGÓRIO SOBRAL"
                }
            ]
        },
        {
            "codigo_curso": "9727",
            "nome_curso": "9727 - Design do Produto",
            "colocados": [
                {
                    "codigo_aluno": "301(...)51",
                    "nome_aluno": "ABIGAIL DA COSTA FERNANDES"
                },
                {
                    "codigo_aluno": "309(...)22",
                    "nome_aluno": "AFONSO CUNHA MADUREIRA"
                },
                {
                    "codigo_aluno": "300(...)51",
                    "nome_aluno": "ANA BEATRIZ PRATA DOS SANTOS"
                },
                {
                    "codigo_aluno": "155(...)38",
                    "nome_aluno": "ANA CAROLINA GARCÊS MENDES"
                },
                {
                    "codigo_aluno": "148(...)92",
                    "nome_aluno": "ANA ISABEL COSTA DA SILVA"
                },
                {
                    "codigo_aluno": "304(...)05",
                    "nome_aluno": "ANA LETÍCIA CÂNDIDO TEIXEIRA"
                },
                {
                    "codigo_aluno": "304(...)14",
                    "nome_aluno": "ANA RITA BARATA PONCE"
                },
                {
                    "codigo_aluno": "153(...)36",
                    "nome_aluno": "ANA SALOMÉ MATOS PEREIRA"
                },
                {
                    "codigo_aluno": "312(...)29",
                    "nome_aluno": "ANITA DA SILVA CARIDADE"
                },
                {
                    "codigo_aluno": "300(...)18",
                    "nome_aluno": "BEATRIZ FERREIRA FERNANDES"
                },
                {
                    "codigo_aluno": "315(...)69",
                    "nome_aluno": "CAROLINA TRAILA MINA"
                },
                {
                    "codigo_aluno": "306(...)10",
                    "nome_aluno": "CATARINA DE JESUS PIRES MAGALHÃES"
                },
                {
                    "codigo_aluno": "156(...)88",
                    "nome_aluno": "CRISTIANA MARIA MOREIRA DOS SANTOS"
                },
                {
                    "codigo_aluno": "315(...)88",
                    "nome_aluno": "DIOGO TEIXEIRA GONÇALVES"
                },
                {
                    "codigo_aluno": "153(...)59",
                    "nome_aluno": "EDUARDO PEDRO DE JESUS PEREIRA"
                },
                {
                    "codigo_aluno": "151(...)54",
                    "nome_aluno": "EMA DE ABREU FERNANDES"
                },
                {
                    "codigo_aluno": "156(...)65",
                    "nome_aluno": "EMA MARGARIDA DA SILVA OLIVEIRA"
                },
                {
                    "codigo_aluno": "240(...)42",
                    "nome_aluno": "GABRIEL PEREIRA DE OLIVEIRA"
                },
                {
                    "codigo_aluno": "307(...)87",
                    "nome_aluno": "GABRIELA ARAÚJO FERREIRA"
                },
                {
                    "codigo_aluno": "309(...)67",
                    "nome_aluno": "GABRIELA PATRÍCIA ASSUNÇÃO TEIXEIRA"
                },
                {
                    "codigo_aluno": "308(...)37",
                    "nome_aluno": "INES FILIPA DE CARVALHO VILAR"
                },
                {
                    "codigo_aluno": "314(...)76",
                    "nome_aluno": "ÍRIS OLIVEIRA RIBEIRO"
                },
                {
                    "codigo_aluno": "314(...)18",
                    "nome_aluno": "ISA OLIVEIRA RIBEIRO"
                },
                {
                    "codigo_aluno": "313(...)56",
                    "nome_aluno": "JOAO PEDRO PEREIRA BERNARDINO"
                },
                {
                    "codigo_aluno": "308(...)35",
                    "nome_aluno": "LARA PATRÍCIA GOMES VIEIRA"
                },
                {
                    "codigo_aluno": "310(...)31",
                    "nome_aluno": "LEONOR MEIRELES RIBEIRO"
                },
                {
                    "codigo_aluno": "309(...)87",
                    "nome_aluno": "LEONOR PEREIRA MARIZ DE FIGUEIREDO"
                },
                {
                    "codigo_aluno": "306(...)25",
                    "nome_aluno": "LUANA VALE FERNANDES"
                },
                {
                    "codigo_aluno": "325(...)74",
                    "nome_aluno": "MANUELLA MOREIRA PINTO"
                },
                {
                    "codigo_aluno": "304(...)80",
                    "nome_aluno": "MARCO ANTÓNIO VAZ DA SILVA"
                },
                {
                    "codigo_aluno": "316(...)90",
                    "nome_aluno": "MARGARIDA DA SILVA CUNHA"
                },
                {
                    "codigo_aluno": "304(...)51",
                    "nome_aluno": "MARIANA CORGO SANTOS"
                },
                {
                    "codigo_aluno": "306(...)41",
                    "nome_aluno": "MARTA AZEVEDO FERNANDES"
                },
                {
                    "codigo_aluno": "301(...)66",
                    "nome_aluno": "MATILDE COSTA MOREIRA"
                },
                {
                    "codigo_aluno": "314(...)62",
                    "nome_aluno": "NATACHA SOFIA FERREIRA DE ALMEIDA"
                },
                {
                    "codigo_aluno": "309(...)03",
                    "nome_aluno": "NUNO ALEXANDRE MARQUES MARTINS"
                },
                {
                    "codigo_aluno": "315(...)78",
                    "nome_aluno": "RAFAELA ALEXANDRA MARTINS VILARINHO"
                },
                {
                    "codigo_aluno": "317(...)61",
                    "nome_aluno": "RITA FERNANDES PATROCÍNIO"
                },
                {
                    "codigo_aluno": "308(...)14",
                    "nome_aluno": "RITA MARGARIDA PEREIRA ALVES"
                },
                {
                    "codigo_aluno": "309(...)64",
                    "nome_aluno": "SÍLVIA MANUEL SOARES TEIXEIRA"
                },
                {
                    "codigo_aluno": "300(...)79",
                    "nome_aluno": "SOFIA FREITAS LOPES"
                }
            ]
        },
        {
            "codigo_curso": "9087",
            "nome_curso": "9087 - Engenharia Alimentar",
            "colocados": [
                {
                    "codigo_aluno": "301(...)38",
                    "nome_aluno": "INÊS FERREIRA MENDANHA"
                }
            ]
        },
        {
            "codigo_curso": "9743",
            "nome_curso": "9743 - Engenharia Civil e do Ambiente",
            "colocados": [
                {
                    "codigo_aluno": "147(...)26",
                    "nome_aluno": "AFONSO GIL CARDOSO MORAIS"
                },
                {
                    "codigo_aluno": "308(...)56",
                    "nome_aluno": "HUGO OLIVEIRA BATISTA"
                },
                {
                    "codigo_aluno": "322(...)81",
                    "nome_aluno": "MARCIO LOPES DE CARVALHO"
                },
                {
                    "codigo_aluno": "314(...)71",
                    "nome_aluno": "TIAGO ANDRE SILVA AZEVEDO"
                }
            ]
        },
        {
            "codigo_curso": "8407",
            "nome_curso": "8407 - Engenharia da Computação Gráfica e Multimédia",
            "colocados": [
                {
                    "codigo_aluno": "304(...)88",
                    "nome_aluno": "AFONSO DINIS ALMEIDA GOMES"
                },
                {
                    "codigo_aluno": "157(...)78",
                    "nome_aluno": "AFONSO VIEIRA NEIVA"
                },
                {
                    "codigo_aluno": "303(...)90",
                    "nome_aluno": "ANA PATRÍCIA ARANTES MATOS"
                },
                {
                    "codigo_aluno": "159(...)36",
                    "nome_aluno": "ANDRÉ ALVES FLORES"
                },
                {
                    "codigo_aluno": "309(...)49",
                    "nome_aluno": "DUARTE FILIPE VIEIRA GONÇALVES"
                },
                {
                    "codigo_aluno": "154(...)87",
                    "nome_aluno": "EDUARDO PARDELINHA DOS ANJOS HENRIQUES"
                },
                {
                    "codigo_aluno": "154(...)58",
                    "nome_aluno": "EDUARDO VIEIRA OLIVEIRA"
                },
                {
                    "codigo_aluno": "147(...)98",
                    "nome_aluno": "JOÃO PEDRO FERREIRA FARIA"
                },
                {
                    "codigo_aluno": "305(...)66",
                    "nome_aluno": "PEDRO MIGUEL TERROSO FERNANDES"
                },
                {
                    "codigo_aluno": "307(...)60",
                    "nome_aluno": "RODRIGO FERNANDES MALHEIRO"
                },
                {
                    "codigo_aluno": "148(...)27",
                    "nome_aluno": "RUI PEDRO PORTELA DE PASSOS"
                },
                {
                    "codigo_aluno": "158(...)38",
                    "nome_aluno": "ULYSSE ERIC MARROCOS CANCELA"
                }
            ]
        },
        {
            "codigo_curso": "L153",
            "nome_curso": "L153 - Engenharia de Redes e Sistemas de Computadores",
            "colocados": [
                {
                    "codigo_aluno": "306(...)72",
                    "nome_aluno": "AFONSO DA SANTA DIAS"
                },
                {
                    "codigo_aluno": "310(...)01",
                    "nome_aluno": "AFONSO MANUEL RIBEIRO FREITAS"
                },
                {
                    "codigo_aluno": "305(...)86",
                    "nome_aluno": "DIOGO HENRIQUE ROCHA GONÇALVES"
                },
                {
                    "codigo_aluno": "307(...)37",
                    "nome_aluno": "FRANCISCO JOSÉ ESTEVES CARNEIRO AREIAS"
                },
                {
                    "codigo_aluno": "301(...)75",
                    "nome_aluno": "GONÇALO GIL BRANCO LOPES ROMÃO GOMES"
                },
                {
                    "codigo_aluno": "305(...)95",
                    "nome_aluno": "GONÇALO GOMES VILAS BOAS"
                },
                {
                    "codigo_aluno": "301(...)98",
                    "nome_aluno": "IVO DIOGO SILVA SANTOS"
                },
                {
                    "codigo_aluno": "155(...)62",
                    "nome_aluno": "JOÃO PEDRO PEREIRA GONÇALVES"
                },
                {
                    "codigo_aluno": "240(...)02",
                    "nome_aluno": "JUAN CARLO RODRIGUES GUEDES"
                },
                {
                    "codigo_aluno": "304(...)84",
                    "nome_aluno": "LUÍS MIGUEL SIMÕES EIRINHA"
                },
                {
                    "codigo_aluno": "310(...)44",
                    "nome_aluno": "MARCO FILIPE DA SILVA MACHADO"
                },
                {
                    "codigo_aluno": "240(...)03",
                    "nome_aluno": "PEDRO HENRIQUE BENEVIDES FERREIRA"
                },
                {
                    "codigo_aluno": "156(...)04",
                    "nome_aluno": "PEDRO MIGUEL DA VEIGA SOBRAL"
                },
                {
                    "codigo_aluno": "157(...)05",
                    "nome_aluno": "TIAGO FILIPE BRITO PINTO"
                }
            ]
        },
        {
            "codigo_curso": "9119",
            "nome_curso": "9119 - Engenharia Informática",
            "colocados": [
                {
                    "codigo_aluno": "304(...)09",
                    "nome_aluno": "AFONSO DINIS FONSECA FARIA"
                },
                {
                    "codigo_aluno": "304(...)12",
                    "nome_aluno": "AFONSO FREITAS BARBOSA"
                },
                {
                    "codigo_aluno": "303(...)27",
                    "nome_aluno": "AFONSO LIMA SILVA"
                },
                {
                    "codigo_aluno": "312(...)03",
                    "nome_aluno": "ALEXANDRE CHAVARRIA FRANCO"
                },
                {
                    "codigo_aluno": "307(...)64",
                    "nome_aluno": "ALEXANDRE FRANCHYSHYN"
                },
                {
                    "codigo_aluno": "306(...)38",
                    "nome_aluno": "ANDRÉ FILIPE ESTEVES BACELO"
                },
                {
                    "codigo_aluno": "303(...)77",
                    "nome_aluno": "ANDRÉ MEIRA RIBEIRO"
                },
                {
                    "codigo_aluno": "310(...)73",
                    "nome_aluno": "ANDRÉ MIGUEL MOREIRA AZEVEDO"
                },
                {
                    "codigo_aluno": "154(...)15",
                    "nome_aluno": "ARTUR MIGUEL ARAÚJO SALGADO"
                },
                {
                    "codigo_aluno": "309(...)73",
                    "nome_aluno": "BERNARDO JORGE DA SILVA BRITO"
                },
                {
                    "codigo_aluno": "152(...)51",
                    "nome_aluno": "BRUNA SOFIA FERNANDES MARTINS"
                },
                {
                    "codigo_aluno": "306(...)88",
                    "nome_aluno": "CÉSAR MIGUEL MIRANDA DUARTE"
                },
                {
                    "codigo_aluno": "310(...)93",
                    "nome_aluno": "DANIEL CARVALHO FERREIRA"
                },
                {
                    "codigo_aluno": "316(...)74",
                    "nome_aluno": "DANIEL TROCADO SOUSA"
                },
                {
                    "codigo_aluno": "309(...)61",
                    "nome_aluno": "DAVID MANUEL MENDES MARQUES"
                },
                {
                    "codigo_aluno": "316(...)65",
                    "nome_aluno": "DIOGO CANOSSA PINHEIRO"
                },
                {
                    "codigo_aluno": "154(...)66",
                    "nome_aluno": "DIOGO CUNHA GOMES"
                },
                {
                    "codigo_aluno": "155(...)37",
                    "nome_aluno": "DIOGO DUARTE MOREIRA"
                },
                {
                    "codigo_aluno": "156(...)97",
                    "nome_aluno": "EDUARDO DE SOUSA BAPTISTA"
                },
                {
                    "codigo_aluno": "157(...)96",
                    "nome_aluno": "ELISA MARIA QUEIRÓS RIBEIRO"
                },
                {
                    "codigo_aluno": "151(...)68",
                    "nome_aluno": "ELUISIO DIAS"
                },
                {
                    "codigo_aluno": "302(...)35",
                    "nome_aluno": "FÁBIO DE BRITO ESTEVES"
                },
                {
                    "codigo_aluno": "159(...)65",
                    "nome_aluno": "FÁBIO DO PAÇO ESTEVES"
                },
                {
                    "codigo_aluno": "159(...)30",
                    "nome_aluno": "FLÁVIO MIGUEL RODRIGUES FERNANDES"
                },
                {
                    "codigo_aluno": "306(...)08",
                    "nome_aluno": "FRANCISCA CORREIA MORAIS DA CUNHA"
                },
                {
                    "codigo_aluno": "306(...)37",
                    "nome_aluno": "FRANCISCO HENRIQUE AMORIM DA SILVA"
                },
                {
                    "codigo_aluno": "309(...)74",
                    "nome_aluno": "FRANCISCO JOSÉ ALVES DA SILVA E CABRITA DE LIMA"
                },
                {
                    "codigo_aluno": "304(...)86",
                    "nome_aluno": "FRANCISCO MIGUEL LOPES GOMES"
                },
                {
                    "codigo_aluno": "309(...)99",
                    "nome_aluno": "GABRIEL ARAÚJO CERQUEIRA"
                },
                {
                    "codigo_aluno": "307(...)68",
                    "nome_aluno": "GABRIEL GREGÓRIO DE BARROS"
                },
                {
                    "codigo_aluno": "240(...)53",
                    "nome_aluno": "GABRIEL MONTENEGRO CHAVES"
                },
                {
                    "codigo_aluno": "310(...)06",
                    "nome_aluno": "GONÇALO BRITO RODRIGUES"
                },
                {
                    "codigo_aluno": "312(...)72",
                    "nome_aluno": "GUILHERME ANTÓNIO CARVALHO MACIEL"
                },
                {
                    "codigo_aluno": "152(...)89",
                    "nome_aluno": "GUILHERME DE ALBUQUERQUE TEIXEIRA"
                },
                {
                    "codigo_aluno": "309(...)31",
                    "nome_aluno": "GUILHERME GONÇALVES AZEVEDO"
                },
                {
                    "codigo_aluno": "303(...)61",
                    "nome_aluno": "GUILHERME MIRANDA DA SILVA"
                },
                {
                    "codigo_aluno": "149(...)33",
                    "nome_aluno": "GUILHERME PEDRO COSTA BARRETO"
                },
                {
                    "codigo_aluno": "153(...)44",
                    "nome_aluno": "HENRIQUE SIANO FERNANDES"
                },
                {
                    "codigo_aluno": "316(...)95",
                    "nome_aluno": "HUGO SIMÃO MARQUES"
                },
                {
                    "codigo_aluno": "309(...)44",
                    "nome_aluno": "INÊS MARIA PEREIRA MARINHO"
                },
                {
                    "codigo_aluno": "303(...)37",
                    "nome_aluno": "INÊS SILVA ROCHA"
                },
                {
                    "codigo_aluno": "309(...)67",
                    "nome_aluno": "JOÃO MARIA VIANA DE SÁ OLIVEIRA"
                },
                {
                    "codigo_aluno": "309(...)20",
                    "nome_aluno": "JOÃO MIGUEL CRUZ MATOS"
                },
                {
                    "codigo_aluno": "148(...)03",
                    "nome_aluno": "JOÃO PEDRO MARTINS VIEIRA"
                },
                {
                    "codigo_aluno": "309(...)73",
                    "nome_aluno": "JOÃO RODRIGUES PEREIRA"
                },
                {
                    "codigo_aluno": "314(...)20",
                    "nome_aluno": "JORGE PEDRO NOVERSA GONÇALVES"
                },
                {
                    "codigo_aluno": "148(...)24",
                    "nome_aluno": "JOSÉ RODRIGO VIEITES DE SOUSA"
                },
                {
                    "codigo_aluno": "309(...)93",
                    "nome_aluno": "JULIANA SOUSA FERNANDES"
                },
                {
                    "codigo_aluno": "240(...)35",
                    "nome_aluno": "LUCAS RIBEIRO LEAL SENCIANI FONSECA"
                },
                {
                    "codigo_aluno": "154(...)21",
                    "nome_aluno": "MAFALDA BRITO RODRIGUES"
                },
                {
                    "codigo_aluno": "313(...)65",
                    "nome_aluno": "MANUEL DE PINHO GRANJA AZEREDO FERREIRA"
                },
                {
                    "codigo_aluno": "149(...)56",
                    "nome_aluno": "MÁTIO ANTÓNIO LIMA MACEDO"
                },
                {
                    "codigo_aluno": "153(...)00",
                    "nome_aluno": "MIGUEL FABIÃO FERNANDES"
                },
                {
                    "codigo_aluno": "314(...)23",
                    "nome_aluno": "NUNO BARREIRO NOGUEIRA"
                },
                {
                    "codigo_aluno": "309(...)60",
                    "nome_aluno": "NUNO DA CUNHA BRANDÃO"
                },
                {
                    "codigo_aluno": "300(...)22",
                    "nome_aluno": "NUNO DUARTE OLIVEIRA ESTEVES"
                },
                {
                    "codigo_aluno": "315(...)00",
                    "nome_aluno": "PEDRO ALEXANDRE CAMPINHO BARROS"
                },
                {
                    "codigo_aluno": "154(...)76",
                    "nome_aluno": "PEDRO ARAÚJO ESTEVES"
                },
                {
                    "codigo_aluno": "313(...)57",
                    "nome_aluno": "PEDRO GOMES SANCHEZ ÁRIAS"
                },
                {
                    "codigo_aluno": "154(...)08",
                    "nome_aluno": "PEDRO MIGUEL COIMBRA LOPES"
                },
                {
                    "codigo_aluno": "306(...)32",
                    "nome_aluno": "PEDRO MIGUEL TEIXEIRA ARAÚJO"
                },
                {
                    "codigo_aluno": "157(...)39",
                    "nome_aluno": "PEDRO SOUSA ESTEVES"
                },
                {
                    "codigo_aluno": "309(...)70",
                    "nome_aluno": "RAFAEL CORREIA SAMPAIO"
                },
                {
                    "codigo_aluno": "305(...)72",
                    "nome_aluno": "RAFAEL SANTOS SILVA RIBEIRO"
                },
                {
                    "codigo_aluno": "307(...)05",
                    "nome_aluno": "RICARDO ALEXANDRE MACHADO DA SILVA"
                },
                {
                    "codigo_aluno": "300(...)67",
                    "nome_aluno": "RICARDO MIGUEL BARBOSA DE LIMA"
                },
                {
                    "codigo_aluno": "309(...)01",
                    "nome_aluno": "RICARDO VEIGA MONTEIRO"
                },
                {
                    "codigo_aluno": "310(...)06",
                    "nome_aluno": "RODRIGO SANTOS PIRES"
                },
                {
                    "codigo_aluno": "240(...)30",
                    "nome_aluno": "SARAH MELYSSA DOS SANTOS RAMOS"
                },
                {
                    "codigo_aluno": "301(...)77",
                    "nome_aluno": "SIMAO JOSE BOUCINHA FIGUEIREDO"
                },
                {
                    "codigo_aluno": "300(...)30",
                    "nome_aluno": "SIMÃO NUNES MARQUES"
                },
                {
                    "codigo_aluno": "305(...)57",
                    "nome_aluno": "SIMÃO PEREIRA GIGANTE"
                },
                {
                    "codigo_aluno": "156(...)98",
                    "nome_aluno": "TIAGO AMORIM JÁCOME"
                },
                {
                    "codigo_aluno": "311(...)76",
                    "nome_aluno": "TIAGO AUGUSTO GONÇALVES LEITE COSTA"
                },
                {
                    "codigo_aluno": "310(...)67",
                    "nome_aluno": "TIAGO DO ROSÁRIO EIRAS FERNANDES"
                },
                {
                    "codigo_aluno": "304(...)60",
                    "nome_aluno": "TIAGO MIGUEL GONÇALVES SALVADOR"
                },
                {
                    "codigo_aluno": "154(...)97",
                    "nome_aluno": "TIAGO RAMOS DA COSTA"
                },
                {
                    "codigo_aluno": "152(...)18",
                    "nome_aluno": "TOMÁS GABRIEL FIGUEIREDO AZEVEDO"
                },
                {
                    "codigo_aluno": "304(...)50",
                    "nome_aluno": "TOMÁS IGREJA FERREIRA"
                },
                {
                    "codigo_aluno": "154(...)96",
                    "nome_aluno": "VASCO DA NOVA MIRANDA"
                },
                {
                    "codigo_aluno": "304(...)10",
                    "nome_aluno": "VASCO DA SILVA VASCONCELOS"
                }
            ]
        },
        {
            "codigo_curso": "9123",
            "nome_curso": "9123 - Engenharia Mecânica",
            "colocados": [
                {
                    "codigo_aluno": "314(...)33",
                    "nome_aluno": "ANA FRANCISCA DA SILVA MARQUES"
                },
                {
                    "codigo_aluno": "154(...)08",
                    "nome_aluno": "DINIS MACHADO AZEVEDO"
                },
                {
                    "codigo_aluno": "152(...)51",
                    "nome_aluno": "GUSTAVO MONTEIRO DE SOUSA"
                },
                {
                    "codigo_aluno": "307(...)34",
                    "nome_aluno": "HUGO GOMES PENTEADO"
                },
                {
                    "codigo_aluno": "306(...)41",
                    "nome_aluno": "JOÃO COSTA CUNHA FERREIRA"
                },
                {
                    "codigo_aluno": "302(...)58",
                    "nome_aluno": "MANUEL SILVA VILAÇA"
                },
                {
                    "codigo_aluno": "307(...)82",
                    "nome_aluno": "MARIANA DURÃES AFONSO"
                },
                {
                    "codigo_aluno": "308(...)46",
                    "nome_aluno": "MICAEL AMORIM ROCHA"
                },
                {
                    "codigo_aluno": "306(...)61",
                    "nome_aluno": "MIGUEL SILVA MOREIRA"
                },
                {
                    "codigo_aluno": "302(...)36",
                    "nome_aluno": "RAFAEL BARBOSA FERNANDES"
                },
                {
                    "codigo_aluno": "307(...)32",
                    "nome_aluno": "RAFAEL DA SILVA FERREIRA REBELO"
                },
                {
                    "codigo_aluno": "309(...)23",
                    "nome_aluno": "RICARDO FERNANDES PEREIRA"
                },
                {
                    "codigo_aluno": "304(...)94",
                    "nome_aluno": "RICARDO MONTEIRO ROCHA"
                },
                {
                    "codigo_aluno": "300(...)33",
                    "nome_aluno": "RODRIGO COUTO ARAÚJO"
                },
                {
                    "codigo_aluno": "313(...)79",
                    "nome_aluno": "SIMÃO AZEVEDO RIBEIRO"
                },
                {
                    "codigo_aluno": "157(...)02",
                    "nome_aluno": "SIMÃO FERREIRA LIMA"
                },
                {
                    "codigo_aluno": "152(...)03",
                    "nome_aluno": "TIAGO GONCALVES VILARINHO ESTEVES"
                },
                {
                    "codigo_aluno": "304(...)55",
                    "nome_aluno": "TIAGO MIGUEL MACIEL FERREIRA"
                },
                {
                    "codigo_aluno": "306(...)01",
                    "nome_aluno": "TOMÁS BARROS SOARES"
                }
            ]
        },
        {
            "codigo_curso": "9751",
            "nome_curso": "9751 - Engenharia Mecatrónica",
            "colocados": [
                {
                    "codigo_aluno": "317(...)25",
                    "nome_aluno": "MARIA EDUARDA LABRUJO RAMOS"
                }
            ]
        },
        {
            "codigo_curso": "L261",
            "nome_curso": "L261 - Gastronomia e Artes Culinárias",
            "colocados": [
                {
                    "codigo_aluno": "325(...)54",
                    "nome_aluno": "BEATRIZ GONÇALVES TORRES"
                },
                {
                    "codigo_aluno": "309(...)51",
                    "nome_aluno": "DINIS CARVALHO DA SILVA"
                },
                {
                    "codigo_aluno": "304(...)98",
                    "nome_aluno": "GONÇALO MIGUEL MARTINS COELHO"
                },
                {
                    "codigo_aluno": "158(...)19",
                    "nome_aluno": "JOÃO FRANCISCO COIMBRA CAMPOS DA SILVA"
                },
                {
                    "codigo_aluno": "159(...)34",
                    "nome_aluno": "JUAN PABLO NAVARRO RIBEIRO"
                },
                {
                    "codigo_aluno": "152(...)76",
                    "nome_aluno": "MÁRCIA FILIPA FAUSTINO REIS"
                },
                {
                    "codigo_aluno": "240(...)08",
                    "nome_aluno": "MARIA LUIZA MARINHO MANTOVANI"
                },
                {
                    "codigo_aluno": "158(...)92",
                    "nome_aluno": "MARIA PAULA SANTOS ANDRADE E SILVA"
                },
                {
                    "codigo_aluno": "303(...)30",
                    "nome_aluno": "TOMÁS ALEXANDRE DANTAS ESTEVES ZNACHONAK"
                },
                {
                    "codigo_aluno": "300(...)73",
                    "nome_aluno": "TOMÁS FRUTUOSO AZEVEDO SILVA"
                },
                {
                    "codigo_aluno": "150(...)45",
                    "nome_aluno": "VÂNIA SOFIA LOPES CAETANO"
                }
            ]
        },
        {
            "codigo_curso": "9147",
            "nome_curso": "9147 - Gestão",
            "colocados": [
                {
                    "codigo_aluno": "310(...)82",
                    "nome_aluno": "AFONSO DE CASTRO COUTINHO"
                },
                {
                    "codigo_aluno": "157(...)01",
                    "nome_aluno": "ALEX SOUSA DIAS"
                },
                {
                    "codigo_aluno": "155(...)61",
                    "nome_aluno": "ALEX VIEIRA"
                },
                {
                    "codigo_aluno": "307(...)56",
                    "nome_aluno": "ANA DANIELA ALMEIDA BENTO"
                },
                {
                    "codigo_aluno": "301(...)09",
                    "nome_aluno": "ANA RITA RAMOS AGUIAR"
                },
                {
                    "codigo_aluno": "304(...)56",
                    "nome_aluno": "ANDRÉ BAPTISTA SILVA"
                },
                {
                    "codigo_aluno": "151(...)03",
                    "nome_aluno": "ANDRE MIGUEL ANTUNES ARAUJO"
                },
                {
                    "codigo_aluno": "303(...)47",
                    "nome_aluno": "ANDREIA RODRIGUES FERNANDES"
                },
                {
                    "codigo_aluno": "305(...)67",
                    "nome_aluno": "BEATRIZ ARAÚJO DA SILVA"
                },
                {
                    "codigo_aluno": "154(...)60",
                    "nome_aluno": "BEATRIZ FARIA LOURENÇO"
                },
                {
                    "codigo_aluno": "308(...)38",
                    "nome_aluno": "BRUNA COUTINHO DINIS"
                },
                {
                    "codigo_aluno": "306(...)12",
                    "nome_aluno": "CAROLINA FERNANDES SILVA"
                },
                {
                    "codigo_aluno": "311(...)64",
                    "nome_aluno": "DIOGO DA ROCHA BAPTISTA PEDRA"
                },
                {
                    "codigo_aluno": "159(...)54",
                    "nome_aluno": "DIOGO GONÇALVES SILVA"
                },
                {
                    "codigo_aluno": "308(...)72",
                    "nome_aluno": "FILIPA FONTE DA SILVA"
                },
                {
                    "codigo_aluno": "305(...)97",
                    "nome_aluno": "FILIPA RIBEIRO EIRAS"
                },
                {
                    "codigo_aluno": "305(...)68",
                    "nome_aluno": "FRANCISCA GOMES CARVALHO"
                },
                {
                    "codigo_aluno": "309(...)61",
                    "nome_aluno": "FRANCISCA MACEDO FERNANDES"
                },
                {
                    "codigo_aluno": "301(...)02",
                    "nome_aluno": "FRANCISCO BARROS NETO"
                },
                {
                    "codigo_aluno": "300(...)69",
                    "nome_aluno": "FRANCISCO MATOS FONTAINHA"
                },
                {
                    "codigo_aluno": "159(...)32",
                    "nome_aluno": "FRANCISCO MESQUITA COSTA GOMES BRAS"
                },
                {
                    "codigo_aluno": "313(...)17",
                    "nome_aluno": "GABRIEL DA SILVA VIEIRA"
                },
                {
                    "codigo_aluno": "308(...)73",
                    "nome_aluno": "HUGO VIANA DOMINGUES"
                },
                {
                    "codigo_aluno": "158(...)52",
                    "nome_aluno": "IARA FILIPA SOUSA RIBEIRO"
                },
                {
                    "codigo_aluno": "310(...)93",
                    "nome_aluno": "ÍRIS MIGUEL SILVA MARQUES VIEIRA"
                },
                {
                    "codigo_aluno": "159(...)25",
                    "nome_aluno": "JOÃO HENRIQUE LIMA SOBRAL"
                },
                {
                    "codigo_aluno": "310(...)13",
                    "nome_aluno": "JOÃO MIGUEL FARIA DA SILVA"
                },
                {
                    "codigo_aluno": "302(...)36",
                    "nome_aluno": "JOÃO PEDRO DA SILVA BARROS"
                },
                {
                    "codigo_aluno": "313(...)80",
                    "nome_aluno": "LARA ESTEVES PIRES"
                },
                {
                    "codigo_aluno": "302(...)13",
                    "nome_aluno": "LEONOR DE CARVALHO MAGALHÃES GOMES"
                },
                {
                    "codigo_aluno": "304(...)31",
                    "nome_aluno": "LUANA ARAÚJO DOS SANTOS"
                },
                {
                    "codigo_aluno": "158(...)90",
                    "nome_aluno": "LUCIANA FERREIRA ROCHA"
                },
                {
                    "codigo_aluno": "307(...)20",
                    "nome_aluno": "MARIA INÊS PEREIRA GONÇALVES"
                },
                {
                    "codigo_aluno": "309(...)75",
                    "nome_aluno": "MARIA MIRANDA CORREIA"
                },
                {
                    "codigo_aluno": "304(...)25",
                    "nome_aluno": "MARIANA AZEVEDO DA SILVA"
                },
                {
                    "codigo_aluno": "308(...)05",
                    "nome_aluno": "MARTA BEATRIZ MARTINS"
                },
                {
                    "codigo_aluno": "155(...)15",
                    "nome_aluno": "MATILDE CATARINO CRUZ"
                },
                {
                    "codigo_aluno": "154(...)39",
                    "nome_aluno": "MIGUEL ÂNGELO GONÇALVES DA COSTA"
                },
                {
                    "codigo_aluno": "309(...)88",
                    "nome_aluno": "MÓNICA SOFIA ARAÚJO"
                },
                {
                    "codigo_aluno": "149(...)74",
                    "nome_aluno": "NEUZA FRANCISCA SILVA ROCHA"
                },
                {
                    "codigo_aluno": "314(...)17",
                    "nome_aluno": "RENATO BRAGA VIEGAS"
                },
                {
                    "codigo_aluno": "153(...)62",
                    "nome_aluno": "RODRIGO JÁCOME BRANCO"
                },
                {
                    "codigo_aluno": "151(...)88",
                    "nome_aluno": "RODRIGO SANTOS CONCEICAO"
                },
                {
                    "codigo_aluno": "306(...)44",
                    "nome_aluno": "RUBIM AZEVEDO CASTRO DINIZ"
                },
                {
                    "codigo_aluno": "309(...)63",
                    "nome_aluno": "RUI PEDRO FARIA GONÇALVES"
                },
                {
                    "codigo_aluno": "309(...)68",
                    "nome_aluno": "SANDRA APARECIDA FREITAS VIEIRA"
                },
                {
                    "codigo_aluno": "155(...)83",
                    "nome_aluno": "SARA SOFIA CARVALHO RIBEIRO"
                },
                {
                    "codigo_aluno": "307(...)52",
                    "nome_aluno": "SERGIO MIGUEL MACEDO BAPTISTA"
                },
                {
                    "codigo_aluno": "304(...)62",
                    "nome_aluno": "SOFIA ISABEL MARQUES DE AMORIM"
                },
                {
                    "codigo_aluno": "305(...)51",
                    "nome_aluno": "TIAGO OLIVEIRA MOURA"
                },
                {
                    "codigo_aluno": "311(...)90",
                    "nome_aluno": "TIAGO RAINHO ROCHA FERREIRA"
                },
                {
                    "codigo_aluno": "158(...)59",
                    "nome_aluno": "TIAGO RITES QUEIRÓS"
                },
                {
                    "codigo_aluno": "309(...)64",
                    "nome_aluno": "TOMÁS XAVIER DOS SANTOS MOREIRA"
                },
                {
                    "codigo_aluno": "309(...)52",
                    "nome_aluno": "VASCO DANIEL RIBEIRO CARVALHO"
                }
            ]
        },
        {
            "codigo_curso": "9148",
            "nome_curso": "9148 - Gestão (regime noturno)",
            "colocados": [
                {
                    "codigo_aluno": "152(...)58",
                    "nome_aluno": "ADRIANA DO VALE PAREDES"
                },
                {
                    "codigo_aluno": "309(...)75",
                    "nome_aluno": "BRUNO MIGUEL DUARTE GOMES"
                },
                {
                    "codigo_aluno": "301(...)30",
                    "nome_aluno": "CAMILA ALEXANDRA PINTO RAMOS FERREIRA"
                },
                {
                    "codigo_aluno": "304(...)76",
                    "nome_aluno": "CÁTIA CONCEIÇÃO AZEVEDO CUNHA"
                },
                {
                    "codigo_aluno": "305(...)52",
                    "nome_aluno": "DANIEL CHITA FOZ"
                },
                {
                    "codigo_aluno": "309(...)11",
                    "nome_aluno": "DAVID MARQUES GONÇALVES"
                },
                {
                    "codigo_aluno": "314(...)87",
                    "nome_aluno": "DIOGO LISBOA VERISSIMO"
                },
                {
                    "codigo_aluno": "301(...)81",
                    "nome_aluno": "DUARTE VIANA DOS REIS LINO"
                },
                {
                    "codigo_aluno": "153(...)78",
                    "nome_aluno": "FRANCISCA GOMES GARCIA"
                },
                {
                    "codigo_aluno": "302(...)33",
                    "nome_aluno": "FRANCISCO JOSÉ FERREIRA RODRIGUES"
                },
                {
                    "codigo_aluno": "147(...)89",
                    "nome_aluno": "GUILHERME CAÇADOR ANTUNES"
                },
                {
                    "codigo_aluno": "304(...)98",
                    "nome_aluno": "JOAO MIGUEL CAMPOS LOPES"
                },
                {
                    "codigo_aluno": "152(...)95",
                    "nome_aluno": "JOÃO PEDRO TORRES LIMA GUARDÃO CAVALHEIRO"
                },
                {
                    "codigo_aluno": "304(...)50",
                    "nome_aluno": "LARA FABIANA PEREIRA PINHEIRO"
                },
                {
                    "codigo_aluno": "142(...)41",
                    "nome_aluno": "LILIANA MARQUES REIS"
                },
                {
                    "codigo_aluno": "310(...)88",
                    "nome_aluno": "MARIA JOAO FERREIRA GONÇALVES"
                },
                {
                    "codigo_aluno": "301(...)92",
                    "nome_aluno": "MARIA MADALENA CAMPOS CRUZ"
                },
                {
                    "codigo_aluno": "313(...)82",
                    "nome_aluno": "MARISA FREITAS GONÇALVES"
                },
                {
                    "codigo_aluno": "156(...)04",
                    "nome_aluno": "NEIDE RAFAELA DINIS GOMES"
                },
                {
                    "codigo_aluno": "153(...)56",
                    "nome_aluno": "RODRIGO DA SILVA BAPTISTA"
                },
                {
                    "codigo_aluno": "303(...)25",
                    "nome_aluno": "SIMÃO SILVA FRANCO"
                },
                {
                    "codigo_aluno": "309(...)28",
                    "nome_aluno": "SIMONE TORRE DA SILVA"
                },
                {
                    "codigo_aluno": "301(...)41",
                    "nome_aluno": "SORAIA SOFIA RODRIGUES DOS SANTOS"
                },
                {
                    "codigo_aluno": "304(...)12",
                    "nome_aluno": "VITÓRIA SILVA SOUSA"
                }
            ]
        },
        {
            "codigo_curso": "9254",
            "nome_curso": "9254 - Turismo",
            "colocados": [
                {
                    "codigo_aluno": "157(...)09",
                    "nome_aluno": "AFONSO GONÇALVES FERREIRA DO AMARAL"
                },
                {
                    "codigo_aluno": "307(...)81",
                    "nome_aluno": "AFONSO TOMÁS BARROSO DA COSTA"
                },
                {
                    "codigo_aluno": "153(...)62",
                    "nome_aluno": "ALICIA GONÇALVES RODRIGUES"
                },
                {
                    "codigo_aluno": "313(...)27",
                    "nome_aluno": "ANA SOFIA SOARES FARIA"
                },
                {
                    "codigo_aluno": "303(...)89",
                    "nome_aluno": "BEATRIZ ALEXANDRA DE JESUS VARAJÃO"
                },
                {
                    "codigo_aluno": "314(...)19",
                    "nome_aluno": "BEATRIZ ALVES GOMES"
                },
                {
                    "codigo_aluno": "328(...)91",
                    "nome_aluno": "BEATRIZ ANASTÂNCIA ABEL RIBEIRO"
                },
                {
                    "codigo_aluno": "152(...)01",
                    "nome_aluno": "BEATRIZ ARAUJO BARBOSA"
                },
                {
                    "codigo_aluno": "309(...)00",
                    "nome_aluno": "BEATRIZ BARBOSA VIEIRA"
                },
                {
                    "codigo_aluno": "240(...)06",
                    "nome_aluno": "BEATRIZ SBRANA MENDONÇA"
                },
                {
                    "codigo_aluno": "303(...)19",
                    "nome_aluno": "BRUNA ALEXANDRA PEREIRA DOS SANTOS"
                },
                {
                    "codigo_aluno": "310(...)83",
                    "nome_aluno": "BRUNA RAFAELA MARTINS ANTUNES"
                },
                {
                    "codigo_aluno": "303(...)68",
                    "nome_aluno": "BRUNO MIGUEL BRAGA DE AZEVEDO"
                },
                {
                    "codigo_aluno": "300(...)87",
                    "nome_aluno": "CAROLINA PINTO DA COSTA"
                },
                {
                    "codigo_aluno": "156(...)49",
                    "nome_aluno": "CAROLINA RODRIGUES RAMOS"
                },
                {
                    "codigo_aluno": "306(...)72",
                    "nome_aluno": "CATARINA PIRES FERNANDES"
                },
                {
                    "codigo_aluno": "306(...)63",
                    "nome_aluno": "CATARINA SEQUEIRA OLIVEIRA"
                },
                {
                    "codigo_aluno": "152(...)04",
                    "nome_aluno": "CLÁUDIA RIBEIRO MOURA"
                },
                {
                    "codigo_aluno": "302(...)83",
                    "nome_aluno": "DÉBORA CAMILA DE CASTRO DIAS"
                },
                {
                    "codigo_aluno": "311(...)95",
                    "nome_aluno": "DIANA AURORA RAMALHO SILVA"
                },
                {
                    "codigo_aluno": "309(...)11",
                    "nome_aluno": "DIANA RAQUEL ALMEIDA SANTOS"
                },
                {
                    "codigo_aluno": "304(...)15",
                    "nome_aluno": "DUARTE NUNO PEIXOTO PENHA"
                },
                {
                    "codigo_aluno": "305(...)31",
                    "nome_aluno": "EDUARDO PAULO SOUSA MOREIRA"
                },
                {
                    "codigo_aluno": "154(...)02",
                    "nome_aluno": "ÉRICA LUNA SOUSA PEREIRA"
                },
                {
                    "codigo_aluno": "303(...)85",
                    "nome_aluno": "ÉRICA VIOLETA MOURA DIAS FERREIRA"
                },
                {
                    "codigo_aluno": "154(...)30",
                    "nome_aluno": "FRANCISCO JORGE AFONSO NANDE"
                },
                {
                    "codigo_aluno": "301(...)48",
                    "nome_aluno": "GONÇALO ANDRÉ DA SILVA FORTUNA"
                },
                {
                    "codigo_aluno": "309(...)08",
                    "nome_aluno": "GONÇALO DINIS SPINOLA RODRIGUES"
                },
                {
                    "codigo_aluno": "309(...)29",
                    "nome_aluno": "GONÇALO OLIVEIRA MESQUITA"
                },
                {
                    "codigo_aluno": "309(...)31",
                    "nome_aluno": "IANIS MARCOS PEREIRA DA SILVA"
                },
                {
                    "codigo_aluno": "153(...)71",
                    "nome_aluno": "INÊS COSTA FERREIRA"
                },
                {
                    "codigo_aluno": "159(...)80",
                    "nome_aluno": "ÍRIA DA COSTA FREITAS"
                },
                {
                    "codigo_aluno": "154(...)54",
                    "nome_aluno": "JOANA ALVES ARAÚJO"
                },
                {
                    "codigo_aluno": "305(...)73",
                    "nome_aluno": "JOÃO PEDRO RIBEIRO LIMA"
                },
                {
                    "codigo_aluno": "156(...)43",
                    "nome_aluno": "JOÃO RAFAEL DE AZEVEDO RIBEIRO"
                },
                {
                    "codigo_aluno": "310(...)30",
                    "nome_aluno": "JOÃO TOMÁS DA SILVA AZEVEDO"
                },
                {
                    "codigo_aluno": "316(...)11",
                    "nome_aluno": "JOSÉ DANIEL RODRIGUES MONTEIRO"
                },
                {
                    "codigo_aluno": "307(...)02",
                    "nome_aluno": "JOSÉ PEDRO FERREIRA TEIXEIRA"
                },
                {
                    "codigo_aluno": "152(...)09",
                    "nome_aluno": "LAURA MARIA DO SEIXO ROSELLI"
                },
                {
                    "codigo_aluno": "159(...)53",
                    "nome_aluno": "LETÍCIA DANIELA DURÃES DA ROCHA"
                },
                {
                    "codigo_aluno": "304(...)53",
                    "nome_aluno": "LUIS BARBOSA DORES"
                },
                {
                    "codigo_aluno": "307(...)45",
                    "nome_aluno": "LUÍS FILIPE SILVA COSTA"
                },
                {
                    "codigo_aluno": "154(...)24",
                    "nome_aluno": "LUÍS MANUEL DA COSTA LOUREIRO"
                },
                {
                    "codigo_aluno": "159(...)55",
                    "nome_aluno": "MARIA PEREIRA ARAÚJO"
                },
                {
                    "codigo_aluno": "309(...)87",
                    "nome_aluno": "MARIANA MOREIRA RAMOS"
                },
                {
                    "codigo_aluno": "316(...)60",
                    "nome_aluno": "MARIANA QUINTÃO ARAÚJO"
                },
                {
                    "codigo_aluno": "153(...)87",
                    "nome_aluno": "MIGUEL ANTÓNIO CARVALHO GONÇALVES"
                },
                {
                    "codigo_aluno": "301(...)77",
                    "nome_aluno": "RODRIGO COSTA OLIVEIRA"
                },
                {
                    "codigo_aluno": "313(...)71",
                    "nome_aluno": "SALVADOR DE SILVA E NOGUEIRA SOBRAL"
                },
                {
                    "codigo_aluno": "154(...)05",
                    "nome_aluno": "SARA PEREIRA TORRES"
                },
                {
                    "codigo_aluno": "152(...)91",
                    "nome_aluno": "SIMAO PEDRO GONÇALVES LOPES"
                },
                {
                    "codigo_aluno": "305(...)55",
                    "nome_aluno": "TOMÁS BARREIROS PARENTE"
                },
                {
                    "codigo_aluno": "304(...)13",
                    "nome_aluno": "TOMÁS MIGUEL CLARO GUIMARÃES SOUSA"
                },
                {
                    "codigo_aluno": "158(...)75",
                    "nome_aluno": "VERÓNICA MARTINS JAQUES"
                },
                {
                    "codigo_aluno": "310(...)20",
                    "nome_aluno": "VITOR ALEXANDRE DA CRUZ ESTEVES ARAÚJO"
                }
            ]
        }
    ]
}